"Run","p","OR","a","b","c","d","tissue"
"Run_Up4_Locus",0.325744179867789,1.44127311222673,7,27,22,104,"Adipose_Subcutaneous"
"Run_Up4_Locus",0.659360849224154,0.923929479643414,4,21,17,85,"Adipose_Visceral_Omentum"
"Run_Up4_Locus",0.768579712130032,0.748989051400162,1,12,6,58,"Adrenal_Gland"
"Run_Up4_Locus",0.603863739169841,1.03296830152829,3,21,13,93,"Artery_Aorta"
"Run_Up4_Locus",0.552248604880184,1.64261244251463,1,7,4,40,"Artery_Coronary"
"Run_Up4_Locus",0.287533521449215,1.46431735399546,9,37,23,115,"Artery_Tibial"
"Run_Up4_Locus",NA,NA,NA,NA,NA,NA,"Brain_Amygdala"
"Run_Up4_Locus",0.498124029670519,1.69852202315733,2,13,4,34,"Brain_Anterior_cingulate_cortex_BA24"
"Run_Up4_Locus",0.778466386554622,0.733341923814643,1,13,5,52,"Brain_Caudate_basal_ganglia"
"Run_Up4_Locus",0.337542546887592,1.84254268622552,3,14,9,61,"Brain_Cerebellar_Hemisphere"
"Run_Up4_Locus",0.337082822369481,1.66585480603688,4,20,11,74,"Brain_Cerebellum"
"Run_Up4_Locus",0.392591520543477,1.65623311010541,3,17,8,61,"Brain_Cortex"
"Run_Up4_Locus",0.320098317262242,2.06208659950371,3,13,7,45,"Brain_Frontal_Cortex_BA9"
"Run_Up4_Locus",0.407179487179487,2.21074527246764,2,9,4,27,"Brain_Hippocampus"
"Run_Up4_Locus",0.83680687128963,0.602658313615463,1,10,4,29,"Brain_Hypothalamus"
"Run_Up4_Locus",0.634414366121683,1.24302789835005,1,9,4,42,"Brain_Nucleus_accumbens_basal_ganglia"
"Run_Up4_Locus",0.843545351415459,0.569171204228226,1,13,5,44,"Brain_Putamen_basal_ganglia"
"Run_Up4_Locus",NA,NA,NA,NA,NA,NA,"Brain_Spinal_cord_cervical_c-1"
"Run_Up4_Locus",NA,NA,NA,NA,NA,NA,"Brain_Substantia_nigra"
"Run_Up4_Locus",0.496767710340511,1.4033613346727,2,15,8,76,"Breast_Mammary_Tissue"
"Run_Up4_Locus",0.622705518747434,0.954051290644408,10,41,33,132,"Cells_Cultured_fibroblasts"
"Run_Up4_Locus",NA,NA,NA,NA,NA,NA,"Cells_EBV-transformed_lymphocytes"
"Run_Up4_Locus",0.267035941954457,1.92424454169234,4,19,11,77,"Colon_Sigmoid"
"Run_Up4_Locus",0.20468333450146,2.07486780658665,5,19,13,74,"Colon_Transverse"
"Run_Up4_Locus",0.0526429876420786,4.45167711037159,4,12,10,73,"Esophagus_Gastroesophageal_Junction"
"Run_Up4_Locus",0.955167046370779,0.372743203455892,2,24,17,100,"Esophagus_Mucosa"
"Run_Up4_Locus",0.745577917733028,0.791002400939554,4,25,18,97,"Esophagus_Muscularis"
"Run_Up4_Locus",0.363209413256984,1.72766654902673,3,23,8,86,"Heart_Atrial_Appendage"
"Run_Up4_Locus",0.619219149478904,1.06569016271922,2,17,8,71,"Heart_Left_Ventricle"
"Run_Up4_Locus",NA,NA,NA,NA,NA,NA,"Kidney_Cortex"
"Run_Up4_Locus",NA,NA,NA,NA,NA,NA,"Liver"
"Run_Up4_Locus",0.845275335944987,0.592332113241147,2,25,11,95,"Lung"
"Run_Up4_Locus",0.783602150537634,0.747181841914588,1,10,4,33,"Minor_Salivary_Gland"
"Run_Up4_Locus",0.431404746811793,1.26236266723074,6,27,20,103,"Muscle_Skeletal"
"Run_Up4_Locus",0.182036610220874,1.74569882522558,9,26,28,108,"Nerve_Tibial"
"Run_Up4_Locus",0.740113798008535,0.869695153013161,1,11,4,40,"Ovary"
"Run_Up4_Locus",0.846092828377334,0.554384030941623,1,17,6,66,"Pancreas"
"Run_Up4_Locus",0.0831539031723944,4.20194752561017,4,16,7,58,"Pituitary"
"Run_Up4_Locus",NA,NA,NA,NA,NA,NA,"Prostate"
"Run_Up4_Locus",0.152448179451638,1.93126797314965,8,25,23,102,"Skin_Not_Sun_Exposed_Suprapubic"
"Run_Up4_Locus",0.0864631638940089,2.16251079755468,10,27,27,107,"Skin_Sun_Exposed_Lower_leg"
"Run_Up4_Locus",0.38701401936696,2.03657810345865,2,8,6,37,"Small_Intestine_Terminal_Ileum"
"Run_Up4_Locus",0.187560322452378,2.2275560571724,5,22,11,74,"Spleen"
"Run_Up4_Locus",0.348222087786516,2.24032605522044,2,14,5,58,"Stomach"
"Run_Up4_Locus",0.9832704776776,0.213011405633384,1,29,10,91,"Testis"
"Run_Up4_Locus",0.0220835313204819,2.98989927761216,11,31,23,109,"Thyroid"
"Run_Up4_Locus",NA,NA,NA,NA,NA,NA,"Uterus"
"Run_Up4_Locus",0.526877470355731,1.93621150713023,1,4,4,25,"Vagina"
"Run_Up4_Locus",0.205025238709352,1.73915615243122,8,24,24,96,"Whole_Blood"
"Run_Up8_Locus",0.226890756302521,4.84405697398523,2,11,3,35,"Adipose_Subcutaneous"
"Run_Up8_Locus",0.287023411371237,3.21416627750599,2,7,4,26,"Adipose_Visceral_Omentum"
"Run_Up8_Locus",0.0877192982456141,Inf,2,6,2,19,"Adrenal_Gland"
"Run_Up8_Locus",0.091304347826087,6.14704971103544,3,7,5,27,"Artery_Aorta"
"Run_Up8_Locus",0.595588235294118,1.91491355935851,1,6,2,17,"Artery_Coronary"
"Run_Up8_Locus",0.329925407315318,2.05145172014024,3,9,8,35,"Artery_Tibial"
"Run_Up8_Locus",NA,NA,NA,NA,NA,NA,"Brain_Amygdala"
"Run_Up8_Locus",0.375,Inf,1,3,1,8,"Brain_Anterior_cingulate_cortex_BA24"
"Run_Up8_Locus",0.285714285714286,Inf,1,6,1,21,"Brain_Caudate_basal_ganglia"
"Run_Up8_Locus",0.318181818181818,Inf,1,7,1,22,"Brain_Cerebellar_Hemisphere"
"Run_Up8_Locus",0.645217391304348,1.31736139646916,1,7,3,25,"Brain_Cerebellum"
"Run_Up8_Locus",0.545454545454545,2.2360961705551,1,7,2,22,"Brain_Cortex"
"Run_Up8_Locus",0.411255411255411,3.68790454779276,1,5,2,22,"Brain_Frontal_Cortex_BA9"
"Run_Up8_Locus",0.230769230769231,Inf,1,3,1,13,"Brain_Hippocampus"
"Run_Up8_Locus",0.0329670329670329,Inf,2,3,2,14,"Brain_Hypothalamus"
"Run_Up8_Locus",0.166666666666667,Inf,1,4,1,24,"Brain_Nucleus_accumbens_basal_ganglia"
"Run_Up8_Locus",0.176470588235294,Inf,1,3,1,17,"Brain_Putamen_basal_ganglia"
"Run_Up8_Locus",NA,NA,NA,NA,NA,NA,"Brain_Spinal_cord_cervical_c-1"
"Run_Up8_Locus",0.428571428571428,Inf,1,3,1,7,"Brain_Substantia_nigra"
"Run_Up8_Locus",0.130434782608696,Inf,2,9,2,24,"Breast_Mammary_Tissue"
"Run_Up8_Locus",0.477812857787184,1.42704600841466,3,13,8,42,"Cells_Cultured_fibroblasts"
"Run_Up8_Locus",0.625,1.73196728148012,1,6,2,16,"Cells_EBV-transformed_lymphocytes"
"Run_Up8_Locus",0.295161290322581,3.01654118927173,2,9,4,33,"Colon_Sigmoid"
"Run_Up8_Locus",0.298029556650246,3.80586987755622,2,11,3,30,"Colon_Transverse"
"Run_Up8_Locus",0.143280632411067,7.53277490801283,2,6,3,24,"Esophagus_Gastroesophageal_Junction"
"Run_Up8_Locus",0.571105824975794,1.26931763651116,2,11,6,38,"Esophagus_Mucosa"
"Run_Up8_Locus",0.118601986249045,4.86057010395345,3,10,5,36,"Esophagus_Muscularis"
"Run_Up8_Locus",0.187625418060201,4.9173643862661,3,11,4,26,"Heart_Atrial_Appendage"
"Run_Up8_Locus",0.490706395054221,1.47782825296016,3,10,7,28,"Heart_Left_Ventricle"
"Run_Up8_Locus",NA,NA,NA,NA,NA,NA,"Kidney_Cortex"
"Run_Up8_Locus",0.133333333333333,Inf,2,4,2,10,"Liver"
"Run_Up8_Locus",0.0170559881349648,14.8564041396938,4,9,5,31,"Lung"
"Run_Up8_Locus",0.272727272727273,Inf,1,3,1,11,"Minor_Salivary_Gland"
"Run_Up8_Locus",0.187708565072302,3.3453433037805,3,9,6,33,"Muscle_Skeletal"
"Run_Up8_Locus",0.308981657179001,2.27424072245363,3,12,6,36,"Nerve_Tibial"
"Run_Up8_Locus",NA,NA,NA,NA,NA,NA,"Ovary"
"Run_Up8_Locus",0.375,Inf,1,9,1,24,"Pancreas"
"Run_Up8_Locus",NA,NA,NA,NA,NA,NA,"Pituitary"
"Run_Up8_Locus",0.333333333333333,Inf,1,6,1,18,"Prostate"
"Run_Up8_Locus",0.310511679644049,2.88223820335747,2,9,4,32,"Skin_Not_Sun_Exposed_Suprapubic"
"Run_Up8_Locus",0.694000502050037,0.921889479286231,2,12,7,40,"Skin_Sun_Exposed_Lower_leg"
"Run_Up8_Locus",0.25,Inf,1,4,1,16,"Small_Intestine_Terminal_Ileum"
"Run_Up8_Locus",0.307692307692308,Inf,1,8,1,26,"Spleen"
"Run_Up8_Locus",0.27046866177301,3.49733924383218,2,6,4,23,"Stomach"
"Run_Up8_Locus",0.550009269558769,1.39239326626836,2,11,5,33,"Testis"
"Run_Up8_Locus",0.555448899748389,1.28133088396624,2,11,7,45,"Thyroid"
"Run_Up8_Locus",NA,NA,NA,NA,NA,NA,"Uterus"
"Run_Up8_Locus",NA,NA,NA,NA,NA,NA,"Vagina"
"Run_Up8_Locus",0.0803740851179181,5.20382341021059,4,12,6,36,"Whole_Blood"
"Run_Up24_Locus",0.689984101748808,1.04051071937986,1,9,4,37,"Adipose_Subcutaneous"
"Run_Up24_Locus",NA,NA,NA,NA,NA,NA,"Adipose_Visceral_Omentum"
"Run_Up24_Locus",NA,NA,NA,NA,NA,NA,"Adrenal_Gland"
"Run_Up24_Locus",0.222222222222222,Inf,1,8,1,36,"Artery_Aorta"
"Run_Up24_Locus",NA,NA,NA,NA,NA,NA,"Artery_Coronary"
"Run_Up24_Locus",0.231435539483643,3.31492854538899,2,9,5,48,"Artery_Tibial"
"Run_Up24_Locus",NA,NA,NA,NA,NA,NA,"Brain_Amygdala"
"Run_Up24_Locus",NA,NA,NA,NA,NA,NA,"Brain_Anterior_cingulate_cortex_BA24"
"Run_Up24_Locus",0.214285714285715,Inf,1,6,1,28,"Brain_Caudate_basal_ganglia"
"Run_Up24_Locus",NA,NA,NA,NA,NA,NA,"Brain_Cerebellar_Hemisphere"
"Run_Up24_Locus",NA,NA,NA,NA,NA,NA,"Brain_Cerebellum"
"Run_Up24_Locus",NA,NA,NA,NA,NA,NA,"Brain_Cortex"
"Run_Up24_Locus",NA,NA,NA,NA,NA,NA,"Brain_Frontal_Cortex_BA9"
"Run_Up24_Locus",NA,NA,NA,NA,NA,NA,"Brain_Hippocampus"
"Run_Up24_Locus",NA,NA,NA,NA,NA,NA,"Brain_Hypothalamus"
"Run_Up24_Locus",NA,NA,NA,NA,NA,NA,"Brain_Nucleus_accumbens_basal_ganglia"
"Run_Up24_Locus",0.176470588235294,Inf,1,3,1,17,"Brain_Putamen_basal_ganglia"
"Run_Up24_Locus",NA,NA,NA,NA,NA,NA,"Brain_Spinal_cord_cervical_c-1"
"Run_Up24_Locus",NA,NA,NA,NA,NA,NA,"Brain_Substantia_nigra"
"Run_Up24_Locus",NA,NA,NA,NA,NA,NA,"Breast_Mammary_Tissue"
"Run_Up24_Locus",NA,NA,NA,NA,NA,NA,"Cells_Cultured_fibroblasts"
"Run_Up24_Locus",NA,NA,NA,NA,NA,NA,"Cells_EBV-transformed_lymphocytes"
"Run_Up24_Locus",NA,NA,NA,NA,NA,NA,"Colon_Sigmoid"
"Run_Up24_Locus",NA,NA,NA,NA,NA,NA,"Colon_Transverse"
"Run_Up24_Locus",NA,NA,NA,NA,NA,NA,"Esophagus_Gastroesophageal_Junction"
"Run_Up24_Locus",0.615717769741821,1.27854142880774,1,8,5,48,"Esophagus_Mucosa"
"Run_Up24_Locus",NA,NA,NA,NA,NA,NA,"Esophagus_Muscularis"
"Run_Up24_Locus",NA,NA,NA,NA,NA,NA,"Heart_Atrial_Appendage"
"Run_Up24_Locus",NA,NA,NA,NA,NA,NA,"Heart_Left_Ventricle"
"Run_Up24_Locus",NA,NA,NA,NA,NA,NA,"Kidney_Cortex"
"Run_Up24_Locus",NA,NA,NA,NA,NA,NA,"Liver"
"Run_Up24_Locus",0.523460410557185,1.9517122037807,1,7,3,33,"Lung"
"Run_Up24_Locus",NA,NA,NA,NA,NA,NA,"Minor_Salivary_Gland"
"Run_Up24_Locus",0.763273098318028,0.782219728252933,1,10,5,42,"Muscle_Skeletal"
"Run_Up24_Locus",NA,NA,NA,NA,NA,NA,"Nerve_Tibial"
"Run_Up24_Locus",NA,NA,NA,NA,NA,NA,"Ovary"
"Run_Up24_Locus",NA,NA,NA,NA,NA,NA,"Pancreas"
"Run_Up24_Locus",NA,NA,NA,NA,NA,NA,"Pituitary"
"Run_Up24_Locus",NA,NA,NA,NA,NA,NA,"Prostate"
"Run_Up24_Locus",0.46965399886557,2.29969916316068,1,8,3,43,"Skin_Not_Sun_Exposed_Suprapubic"
"Run_Up24_Locus",NA,NA,NA,NA,NA,NA,"Skin_Sun_Exposed_Lower_leg"
"Run_Up24_Locus",NA,NA,NA,NA,NA,NA,"Small_Intestine_Terminal_Ileum"
"Run_Up24_Locus",0.473504273504273,2.3973983949989,1,5,3,27,"Spleen"
"Run_Up24_Locus",NA,NA,NA,NA,NA,NA,"Stomach"
"Run_Up24_Locus",0.52972972972973,1.88947780247726,1,8,3,37,"Testis"
"Run_Up24_Locus",NA,NA,NA,NA,NA,NA,"Thyroid"
"Run_Up24_Locus",NA,NA,NA,NA,NA,NA,"Uterus"
"Run_Up24_Locus",NA,NA,NA,NA,NA,NA,"Vagina"
"Run_Up24_Locus",0.1875,Inf,1,6,1,32,"Whole_Blood"
"Run_Down4_Locus",0.941780197911089,0.463069905810515,4,20,22,71,"Adipose_Subcutaneous"
"Run_Down4_Locus",0.993403436526638,0.157664363694789,1,13,13,47,"Adipose_Visceral_Omentum"
"Run_Down4_Locus",0.537915850861608,1.27596472135277,3,10,9,34,"Adrenal_Gland"
"Run_Down4_Locus",0.618574865636885,1.03266996521983,3,13,12,53,"Artery_Aorta"
"Run_Down4_Locus",NA,NA,NA,NA,NA,NA,"Artery_Coronary"
"Run_Down4_Locus",0.814002600166822,0.687582175779235,4,23,16,74,"Artery_Tibial"
"Run_Down4_Locus",NA,NA,NA,NA,NA,NA,"Brain_Amygdala"
"Run_Down4_Locus",0.751196172248804,0.87218391117594,1,6,4,22,"Brain_Anterior_cingulate_cortex_BA24"
"Run_Down4_Locus",0.723931623931624,0.94642362694646,1,4,7,27,"Brain_Caudate_basal_ganglia"
"Run_Down4_Locus",NA,NA,NA,NA,NA,NA,"Brain_Cerebellar_Hemisphere"
"Run_Down4_Locus",NA,NA,NA,NA,NA,NA,"Brain_Cerebellum"
"Run_Down4_Locus",0.366796440489433,2.2635107413184,2,8,5,32,"Brain_Cortex"
"Run_Down4_Locus",NA,NA,NA,NA,NA,NA,"Brain_Frontal_Cortex_BA9"
"Run_Down4_Locus",0.147869674185464,6.52396456559277,2,4,4,21,"Brain_Hippocampus"
"Run_Down4_Locus",0.937062937062937,0.338541120150954,1,5,5,14,"Brain_Hypothalamus"
"Run_Down4_Locus",0.61699604743083,1.39562315682422,1,5,4,25,"Brain_Nucleus_accumbens_basal_ganglia"
"Run_Down4_Locus",0.577262960744607,1.25706723382486,2,8,7,32,"Brain_Putamen_basal_ganglia"
"Run_Down4_Locus",NA,NA,NA,NA,NA,NA,"Brain_Spinal_cord_cervical_c-1"
"Run_Down4_Locus",0.641025641025641,1.67324694351039,1,5,2,13,"Brain_Substantia_nigra"
"Run_Down4_Locus",0.964250241737778,0.268067936239825,1,12,9,43,"Breast_Mammary_Tissue"
"Run_Down4_Locus",0.720023369139425,0.835331118937012,5,23,18,75,"Cells_Cultured_fibroblasts"
"Run_Down4_Locus",NA,NA,NA,NA,NA,NA,"Cells_EBV-transformed_lymphocytes"
"Run_Down4_Locus",0.876768894515165,0.556605851885917,3,18,11,48,"Colon_Sigmoid"
"Run_Down4_Locus",0.959108860074805,0.284478303821491,1,14,9,51,"Colon_Transverse"
"Run_Down4_Locus",0.682415631832305,0.918535025957459,3,11,12,42,"Esophagus_Gastroesophageal_Junction"
"Run_Down4_Locus",0.867169214785512,0.550372108821162,2,13,14,61,"Esophagus_Mucosa"
"Run_Down4_Locus",0.526952866114562,1.15075834897063,6,16,19,54,"Esophagus_Muscularis"
"Run_Down4_Locus",0.701589960078924,0.900455142092241,2,9,9,38,"Heart_Atrial_Appendage"
"Run_Down4_Locus",0.715303386784771,0.860683178323572,3,10,12,37,"Heart_Left_Ventricle"
"Run_Down4_Locus",NA,NA,NA,NA,NA,NA,"Kidney_Cortex"
"Run_Down4_Locus",NA,NA,NA,NA,NA,NA,"Liver"
"Run_Down4_Locus",0.744002269883866,0.794324026314134,3,14,13,53,"Lung"
"Run_Down4_Locus",0.298245614035088,6.32455709522216,1,2,3,19,"Minor_Salivary_Gland"
"Run_Down4_Locus",0.906437292991455,0.530023499054314,4,21,17,63,"Muscle_Skeletal"
"Run_Down4_Locus",0.868107119220383,0.626961011599933,6,23,23,70,"Nerve_Tibial"
"Run_Down4_Locus",NA,NA,NA,NA,NA,NA,"Ovary"
"Run_Down4_Locus",0.653585474018911,1.02166219454701,2,7,11,39,"Pancreas"
"Run_Down4_Locus",NA,NA,NA,NA,NA,NA,"Pituitary"
"Run_Down4_Locus",NA,NA,NA,NA,NA,NA,"Prostate"
"Run_Down4_Locus",0.578384284155947,1.05056691388659,5,20,18,74,"Skin_Not_Sun_Exposed_Suprapubic"
"Run_Down4_Locus",0.401002113834977,1.34844011261336,6,21,19,78,"Skin_Sun_Exposed_Lower_leg"
"Run_Down4_Locus",NA,NA,NA,NA,NA,NA,"Small_Intestine_Terminal_Ileum"
"Run_Down4_Locus",0.429501051636791,1.5380800683994,3,11,10,47,"Spleen"
"Run_Down4_Locus",0.858159392789374,0.532209456817837,1,7,8,36,"Stomach"
"Run_Down4_Locus",0.379723986864724,1.56606972682495,4,13,13,54,"Testis"
"Run_Down4_Locus",0.551282107542724,1.09744224585796,5,19,18,72,"Thyroid"
"Run_Down4_Locus",NA,NA,NA,NA,NA,NA,"Uterus"
"Run_Down4_Locus",NA,NA,NA,NA,NA,NA,"Vagina"
"Run_Down4_Locus",0.933596408621521,0.452993350120078,3,16,20,66,"Whole_Blood"
"Run_Down8_Locus",0.978811214740025,0.216870917937794,1,10,9,33,"Adipose_Subcutaneous"
"Run_Down8_Locus",NA,NA,NA,NA,NA,NA,"Adipose_Visceral_Omentum"
"Run_Down8_Locus",NA,NA,NA,NA,NA,NA,"Adrenal_Gland"
"Run_Down8_Locus",0.791937114149692,0.722594953464479,4,12,11,29,"Artery_Aorta"
"Run_Down8_Locus",0.874125874125874,0.524234308921816,1,5,4,14,"Artery_Coronary"
"Run_Down8_Locus",0.324719663133174,1.75885425649898,5,13,12,40,"Artery_Tibial"
"Run_Down8_Locus",NA,NA,NA,NA,NA,NA,"Brain_Amygdala"
"Run_Down8_Locus",0.583333333333333,2.23608603290613,1,2,3,9,"Brain_Anterior_cingulate_cortex_BA24"
"Run_Down8_Locus",0.93006993006993,0.359728743114861,1,4,6,14,"Brain_Caudate_basal_ganglia"
"Run_Down8_Locus",NA,NA,NA,NA,NA,NA,"Brain_Cerebellar_Hemisphere"
"Run_Down8_Locus",0.951620553359684,0.298038480347211,1,7,8,26,"Brain_Cerebellum"
"Run_Down8_Locus",NA,NA,NA,NA,NA,NA,"Brain_Cortex"
"Run_Down8_Locus",0.948717948717949,0.302142618461739,1,7,4,15,"Brain_Frontal_Cortex_BA9"
"Run_Down8_Locus",NA,NA,NA,NA,NA,NA,"Brain_Hippocampus"
"Run_Down8_Locus",NA,NA,NA,NA,NA,NA,"Brain_Hypothalamus"
"Run_Down8_Locus",NA,NA,NA,NA,NA,NA,"Brain_Nucleus_accumbens_basal_ganglia"
"Run_Down8_Locus",NA,NA,NA,NA,NA,NA,"Brain_Putamen_basal_ganglia"
"Run_Down8_Locus",NA,NA,NA,NA,NA,NA,"Brain_Spinal_cord_cervical_c-1"
"Run_Down8_Locus",NA,NA,NA,NA,NA,NA,"Brain_Substantia_nigra"
"Run_Down8_Locus",0.815531475748194,0.680365942752371,1,4,6,19,"Breast_Mammary_Tissue"
"Run_Down8_Locus",0.439664014600218,1.41522683506842,5,12,14,39,"Cells_Cultured_fibroblasts"
"Run_Down8_Locus",NA,NA,NA,NA,NA,NA,"Cells_EBV-transformed_lymphocytes"
"Run_Down8_Locus",0.781954887218045,0.759800286038795,2,5,10,22,"Colon_Sigmoid"
"Run_Down8_Locus",NA,NA,NA,NA,NA,NA,"Colon_Transverse"
"Run_Down8_Locus",0.395510835913313,2.15829738569496,3,5,9,20,"Esophagus_Gastroesophageal_Junction"
"Run_Down8_Locus",0.559695958472377,1.17937971195266,4,10,13,35,"Esophagus_Mucosa"
"Run_Down8_Locus",0.868261030774935,0.545717066933681,2,10,9,32,"Esophagus_Muscularis"
"Run_Down8_Locus",0.523125996810207,1.56456049379518,2,5,7,22,"Heart_Atrial_Appendage"
"Run_Down8_Locus",0.723297213622291,0.904747243030058,2,7,6,20,"Heart_Left_Ventricle"
"Run_Down8_Locus",NA,NA,NA,NA,NA,NA,"Kidney_Cortex"
"Run_Down8_Locus",NA,NA,NA,NA,NA,NA,"Liver"
"Run_Down8_Locus",0.983000980712651,0.190773064593146,1,6,10,23,"Lung"
"Run_Down8_Locus",NA,NA,NA,NA,NA,NA,"Minor_Salivary_Gland"
"Run_Down8_Locus",NA,NA,NA,NA,NA,NA,"Muscle_Skeletal"
"Run_Down8_Locus",0.913582993449512,0.476366384229186,3,12,13,36,"Nerve_Tibial"
"Run_Down8_Locus",NA,NA,NA,NA,NA,NA,"Ovary"
"Run_Down8_Locus",NA,NA,NA,NA,NA,NA,"Pancreas"
"Run_Down8_Locus",0.823776223776224,0.687103219345878,1,4,4,13,"Pituitary"
"Run_Down8_Locus",NA,NA,NA,NA,NA,NA,"Prostate"
"Run_Down8_Locus",0.546849652097028,1.30000427292612,3,7,11,29,"Skin_Not_Sun_Exposed_Suprapubic"
"Run_Down8_Locus",0.397668997668998,1.83087848569064,3,7,9,28,"Skin_Sun_Exposed_Lower_leg"
"Run_Down8_Locus",0.972027972027972,0.224612665455543,1,5,6,14,"Small_Intestine_Terminal_Ileum"
"Run_Down8_Locus",NA,NA,NA,NA,NA,NA,"Spleen"
"Run_Down8_Locus",0.948717948717949,0.302142618461739,1,4,7,15,"Stomach"
"Run_Down8_Locus",NA,NA,NA,NA,NA,NA,"Testis"
"Run_Down8_Locus",0.791204083473272,0.714806507677621,3,12,11,37,"Thyroid"
"Run_Down8_Locus",NA,NA,NA,NA,NA,NA,"Uterus"
"Run_Down8_Locus",NA,NA,NA,NA,NA,NA,"Vagina"
"Run_Down8_Locus",0.23399209486166,3.94973299717462,2,4,6,25,"Whole_Blood"
"Run_Down24_Locus",0.0722120707492531,3.85435359360427,5,10,12,45,"Adipose_Subcutaneous"
"Run_Down24_Locus",0.428953399541635,1.87892747054273,2,10,5,36,"Adipose_Visceral_Omentum"
"Run_Down24_Locus",0.539243365330322,1.93195871915584,1,5,3,23,"Adrenal_Gland"
"Run_Down24_Locus",0.0263713989994825,11.8694925365008,3,5,6,35,"Artery_Aorta"
"Run_Down24_Locus",0.166666666666667,Inf,1,1,2,12,"Artery_Coronary"
"Run_Down24_Locus",0.100519593263401,4.77800972163535,3,7,7,38,"Artery_Tibial"
"Run_Down24_Locus",0.25,Inf,1,2,1,8,"Brain_Amygdala"
"Run_Down24_Locus",0.0571428571428572,Inf,2,4,2,15,"Brain_Anterior_cingulate_cortex_BA24"
"Run_Down24_Locus",NA,NA,NA,NA,NA,NA,"Brain_Caudate_basal_ganglia"
"Run_Down24_Locus",0.193548387096774,Inf,1,6,1,31,"Brain_Cerebellar_Hemisphere"
"Run_Down24_Locus",0.446086480569239,2.63002470184508,1,5,3,29,"Brain_Cerebellum"
"Run_Down24_Locus",0.0824786324786325,6.48136382362602,3,7,5,28,"Brain_Cortex"
"Run_Down24_Locus",0.230769230769231,Inf,1,3,1,13,"Brain_Frontal_Cortex_BA9"
"Run_Down24_Locus",NA,NA,NA,NA,NA,NA,"Brain_Hippocampus"
"Run_Down24_Locus",NA,NA,NA,NA,NA,NA,"Brain_Hypothalamus"
"Run_Down24_Locus",0.324110671936759,5.33861737210693,1,4,2,23,"Brain_Nucleus_accumbens_basal_ganglia"
"Run_Down24_Locus",NA,NA,NA,NA,NA,NA,"Brain_Putamen_basal_ganglia"
"Run_Down24_Locus",NA,NA,NA,NA,NA,NA,"Brain_Spinal_cord_cervical_c-1"
"Run_Down24_Locus",NA,NA,NA,NA,NA,NA,"Brain_Substantia_nigra"
"Run_Down24_Locus",0.224521072796935,3.95059887618953,2,7,4,30,"Breast_Mammary_Tissue"
"Run_Down24_Locus",0.519459204020183,1.27850751129146,3,10,12,46,"Cells_Cultured_fibroblasts"
"Run_Down24_Locus",0.467836257309941,3.01640804465977,1,5,2,19,"Cells_EBV-transformed_lymphocytes"
"Run_Down24_Locus",0.690650653694132,1.0600010712317,1,5,5,26,"Colon_Sigmoid"
"Run_Down24_Locus",0.150444938820912,5.53334512046371,2,6,4,32,"Colon_Transverse"
"Run_Down24_Locus",0.254347185381668,3.31975186220765,2,6,5,30,"Esophagus_Gastroesophageal_Junction"
"Run_Down24_Locus",0.106497241546677,3.82705982796689,4,10,8,38,"Esophagus_Mucosa"
"Run_Down24_Locus",0.643481717011129,1.04629285199894,2,8,9,37,"Esophagus_Muscularis"
"Run_Down24_Locus",0.0239079760818891,10.4894056784137,4,7,6,27,"Heart_Atrial_Appendage"
"Run_Down24_Locus",0.778249336870026,0.7570714724179,1,7,5,29,"Heart_Left_Ventricle"
"Run_Down24_Locus",NA,NA,NA,NA,NA,NA,"Kidney_Cortex"
"Run_Down24_Locus",0.706293706293706,1.15266621974303,1,4,3,13,"Liver"
"Run_Down24_Locus",0.0256814508538544,7.69127630735666,4,9,7,43,"Lung"
"Run_Down24_Locus",0.666666666666667,1.58108226280311,1,4,2,10,"Minor_Salivary_Gland"
"Run_Down24_Locus",0.117637168531981,3.46956556370973,4,9,10,42,"Muscle_Skeletal"
"Run_Down24_Locus",0.140953634908318,3.10164897367487,4,9,11,44,"Nerve_Tibial"
"Run_Down24_Locus",0.0545454545454545,Inf,2,3,2,11,"Ovary"
"Run_Down24_Locus",0.452540106951872,2.50893775046789,1,6,3,34,"Pancreas"
"Run_Down24_Locus",0.377990430622009,2.47749818521383,2,7,4,22,"Pituitary"
"Run_Down24_Locus",NA,NA,NA,NA,NA,NA,"Prostate"
"Run_Down24_Locus",0.0183445022982892,9.1675339041956,4,8,7,41,"Skin_Not_Sun_Exposed_Suprapubic"
"Run_Down24_Locus",0.139514208657767,3.62177557902294,3,10,7,49,"Skin_Sun_Exposed_Lower_leg"
"Run_Down24_Locus",0.0980392156862746,Inf,2,6,2,18,"Small_Intestine_Terminal_Ileum"
"Run_Down24_Locus",0.701738874152667,1,1,6,5,30,"Spleen"
"Run_Down24_Locus",0.159383441919593,5.30718102446056,2,6,4,31,"Stomach"
"Run_Down24_Locus",0.776140155728587,0.756183266355678,1,8,5,33,"Testis"
"Run_Down24_Locus",0.0537773477999724,5.03359996923977,4,9,9,47,"Thyroid"
"Run_Down24_Locus",NA,NA,NA,NA,NA,NA,"Uterus"
"Run_Down24_Locus",NA,NA,NA,NA,NA,NA,"Vagina"
"Run_Down24_Locus",0.120271649154833,4.14936762356248,3,7,8,41,"Whole_Blood"
"Run_Up4Del_Locus",0.21265921329721,1.61238959636344,10,40,24,122,"Adipose_Subcutaneous"
"Run_Up4Del_Locus",0.447723400497088,1.24698723922565,6,30,17,96,"Adipose_Visceral_Omentum"
"Run_Up4Del_Locus",0.820217477525119,0.621873244305905,1,18,5,64,"Adrenal_Gland"
"Run_Up4Del_Locus",0.0343504537281625,2.94686429317415,10,36,18,106,"Artery_Aorta"
"Run_Up4Del_Locus",0.759288537549407,0.846836197609218,1,17,3,46,"Artery_Coronary"
"Run_Up4Del_Locus",0.36532164988123,1.28761032020127,10,41,27,126,"Artery_Tibial"
"Run_Up4Del_Locus",NA,NA,NA,NA,NA,NA,"Brain_Amygdala"
"Run_Up4Del_Locus",NA,NA,NA,NA,NA,NA,"Brain_Anterior_cingulate_cortex_BA24"
"Run_Up4Del_Locus",0.857010089009399,0.532713390470026,1,19,5,61,"Brain_Caudate_basal_ganglia"
"Run_Up4Del_Locus",0.70053059446725,0.901217190648613,2,27,6,76,"Brain_Cerebellar_Hemisphere"
"Run_Up4Del_Locus",0.597052872344681,1.04698603920985,4,28,11,79,"Brain_Cerebellum"
"Run_Up4Del_Locus",0.317285326613685,2.34347849707523,3,27,5,67,"Brain_Cortex"
"Run_Up4Del_Locus",0.701289433442202,0.907965653600673,2,18,6,51,"Brain_Frontal_Cortex_BA9"
"Run_Up4Del_Locus",NA,NA,NA,NA,NA,NA,"Brain_Hippocampus"
"Run_Up4Del_Locus",0.633333333333334,1.5931976536985,1,14,2,36,"Brain_Hypothalamus"
"Run_Up4Del_Locus",0.425210084033613,2.52477107105969,2,23,3,51,"Brain_Nucleus_accumbens_basal_ganglia"
"Run_Up4Del_Locus",0.463053679162585,1.82982504597552,2,16,4,44,"Brain_Putamen_basal_ganglia"
"Run_Up4Del_Locus",0.666666666666667,1.41418821377068,1,15,2,36,"Brain_Spinal_cord_cervical_c-1"
"Run_Up4Del_Locus",NA,NA,NA,NA,NA,NA,"Brain_Substantia_nigra"
"Run_Up4Del_Locus",0.564670029817235,1.15522501415859,3,31,8,90,"Breast_Mammary_Tissue"
"Run_Up4Del_Locus",0.336583737985083,1.27056521742798,14,47,39,147,"Cells_Cultured_fibroblasts"
"Run_Up4Del_Locus",0.13109243697479,Inf,2,13,2,35,"Cells_EBV-transformed_lymphocytes"
"Run_Up4Del_Locus",0.0803948273309345,3.04014603520765,6,27,11,86,"Colon_Sigmoid"
"Run_Up4Del_Locus",0.803153641315428,0.690618960577577,3,27,11,79,"Colon_Transverse"
"Run_Up4Del_Locus",0.364441010985004,1.53044580756328,5,31,11,85,"Esophagus_Gastroesophageal_Junction"
"Run_Up4Del_Locus",0.348564168572067,1.36995965715422,8,41,20,121,"Esophagus_Mucosa"
"Run_Up4Del_Locus",0.273021828973879,1.53424861878644,8,37,20,116,"Esophagus_Muscularis"
"Run_Up4Del_Locus",0.16600226210393,2.2596777482509,6,36,11,98,"Heart_Atrial_Appendage"
"Run_Up4Del_Locus",0.124617760861937,2.58443024362633,6,28,11,81,"Heart_Left_Ventricle"
"Run_Up4Del_Locus",NA,NA,NA,NA,NA,NA,"Kidney_Cortex"
"Run_Up4Del_Locus",0.663414634146341,1.42454741997941,1,17,2,41,"Liver"
"Run_Up4Del_Locus",0.398109807874208,1.35212790602816,6,35,15,103,"Lung"
"Run_Up4Del_Locus",0.356451612903226,3.15020343614549,2,13,3,32,"Minor_Salivary_Gland"
"Run_Up4Del_Locus",0.0575434101013372,2.38726138875579,11,38,22,114,"Muscle_Skeletal"
"Run_Up4Del_Locus",0.241621781164495,1.47470757128782,12,44,30,133,"Nerve_Tibial"
"Run_Up4Del_Locus",NA,NA,NA,NA,NA,NA,"Ovary"
"Run_Up4Del_Locus",0.368163159742107,2.29024381538609,2,24,4,77,"Pancreas"
"Run_Up4Del_Locus",0.438503874670414,1.43163043603598,4,24,9,65,"Pituitary"
"Run_Up4Del_Locus",0.309291716686675,3.55085354304001,2,19,3,51,"Prostate"
"Run_Up4Del_Locus",0.297369667809193,1.41520249948515,10,41,25,122,"Skin_Not_Sun_Exposed_Suprapubic"
"Run_Up4Del_Locus",0.339463932859808,1.30936229477364,11,45,29,136,"Skin_Sun_Exposed_Lower_leg"
"Run_Up4Del_Locus",0.87624466571835,0.487781796331007,1,11,6,40,"Small_Intestine_Terminal_Ileum"
"Run_Up4Del_Locus",0.471721503887173,1.29442546015118,4,26,11,83,"Spleen"
"Run_Up4Del_Locus",0.466944891857539,1.77615338354643,2,26,4,71,"Stomach"
"Run_Up4Del_Locus",0.0135798313851196,5.66833314569851,7,32,10,97,"Testis"
"Run_Up4Del_Locus",0.761121957466955,0.791367473578843,7,36,29,130,"Thyroid"
"Run_Up4Del_Locus",NA,NA,NA,NA,NA,NA,"Uterus"
"Run_Up4Del_Locus",0.682539682539683,1.34838315298966,1,12,2,28,"Vagina"
"Run_Up4Del_Locus",0.923385740472821,0.574175935746781,8,43,28,113,"Whole_Blood"
"Run_Down4Del_Locus",0.915749446479254,0.560487979112632,7,22,33,79,"Adipose_Subcutaneous"
"Run_Down4Del_Locus",0.855672406089975,0.63204216110973,5,16,26,66,"Adipose_Visceral_Omentum"
"Run_Down4Del_Locus",0.9308981657179,0.354373406207459,1,6,12,36,"Adrenal_Gland"
"Run_Down4Del_Locus",0.929021616964357,0.459936216880371,3,14,21,62,"Artery_Aorta"
"Run_Down4Del_Locus",NA,NA,NA,NA,NA,NA,"Artery_Coronary"
"Run_Down4Del_Locus",0.913543060461664,0.524561244704697,4,19,25,81,"Artery_Tibial"
"Run_Down4Del_Locus",NA,NA,NA,NA,NA,NA,"Brain_Amygdala"
"Run_Down4Del_Locus",0.756521739130435,0.879590438246337,1,3,9,25,"Brain_Anterior_cingulate_cortex_BA24"
"Run_Down4Del_Locus",0.868317738663875,0.509132966400287,1,6,9,34,"Brain_Caudate_basal_ganglia"
"Run_Down4Del_Locus",0.940820936705611,0.390383309252713,2,10,17,48,"Brain_Cerebellar_Hemisphere"
"Run_Down4Del_Locus",0.971494233993264,0.351732808206291,3,16,21,61,"Brain_Cerebellum"
"Run_Down4Del_Locus",0.438573361551539,1.5434095769908,3,8,13,44,"Brain_Cortex"
"Run_Down4Del_Locus",NA,NA,NA,NA,NA,NA,"Brain_Frontal_Cortex_BA9"
"Run_Down4Del_Locus",NA,NA,NA,NA,NA,NA,"Brain_Hippocampus"
"Run_Down4Del_Locus",NA,NA,NA,NA,NA,NA,"Brain_Hypothalamus"
"Run_Down4Del_Locus",0.779902506052477,0.739612068054665,1,6,7,34,"Brain_Nucleus_accumbens_basal_ganglia"
"Run_Down4Del_Locus",NA,NA,NA,NA,NA,NA,"Brain_Putamen_basal_ganglia"
"Run_Down4Del_Locus",0.870189307260245,0.514007400466697,1,5,7,23,"Brain_Spinal_cord_cervical_c-1"
"Run_Down4Del_Locus",NA,NA,NA,NA,NA,NA,"Brain_Substantia_nigra"
"Run_Down4Del_Locus",0.97042647636318,0.350581708223764,3,14,22,57,"Breast_Mammary_Tissue"
"Run_Down4Del_Locus",0.684003775309728,0.886545153352982,7,24,27,87,"Cells_Cultured_fibroblasts"
"Run_Down4Del_Locus",NA,NA,NA,NA,NA,NA,"Cells_EBV-transformed_lymphocytes"
"Run_Down4Del_Locus",NA,NA,NA,NA,NA,NA,"Colon_Sigmoid"
"Run_Down4Del_Locus",NA,NA,NA,NA,NA,NA,"Colon_Transverse"
"Run_Down4Del_Locus",0.875177860375251,0.561554209613301,3,12,18,52,"Esophagus_Gastroesophageal_Junction"
"Run_Down4Del_Locus",0.809993444089101,0.715447497034654,6,22,26,80,"Esophagus_Mucosa"
"Run_Down4Del_Locus",0.974457122404403,0.366505431430434,4,16,28,66,"Esophagus_Muscularis"
"Run_Down4Del_Locus",0.990136822784269,0.175435331430987,1,10,16,48,"Heart_Atrial_Appendage"
"Run_Down4Del_Locus",0.931383528496703,0.411558468548205,2,10,15,44,"Heart_Left_Ventricle"
"Run_Down4Del_Locus",NA,NA,NA,NA,NA,NA,"Kidney_Cortex"
"Run_Down4Del_Locus",0.953384672428054,0.295393644696674,1,9,8,32,"Liver"
"Run_Down4Del_Locus",0.986677407391558,0.260613890661605,2,15,23,71,"Lung"
"Run_Down4Del_Locus",NA,NA,NA,NA,NA,NA,"Minor_Salivary_Gland"
"Run_Down4Del_Locus",0.942951299241557,0.433206763723425,3,15,24,72,"Muscle_Skeletal"
"Run_Down4Del_Locus",0.846087472751562,0.671563969332992,7,20,36,85,"Nerve_Tibial"
"Run_Down4Del_Locus",NA,NA,NA,NA,NA,NA,"Ovary"
"Run_Down4Del_Locus",0.994818812621777,0.148216659732775,1,11,17,50,"Pancreas"
"Run_Down4Del_Locus",0.99779913666617,0.116993594328641,1,14,12,41,"Pituitary"
"Run_Down4Del_Locus",NA,NA,NA,NA,NA,NA,"Prostate"
"Run_Down4Del_Locus",0.996525992282834,0.14473235045363,1,16,23,85,"Skin_Not_Sun_Exposed_Suprapubic"
"Run_Down4Del_Locus",0.995857508859719,0.247584382261416,3,25,27,92,"Skin_Sun_Exposed_Lower_leg"
"Run_Down4Del_Locus",NA,NA,NA,NA,NA,NA,"Small_Intestine_Terminal_Ileum"
"Run_Down4Del_Locus",0.940869033281719,0.332068128293964,1,8,15,54,"Spleen"
"Run_Down4Del_Locus",NA,NA,NA,NA,NA,NA,"Stomach"
"Run_Down4Del_Locus",0.3763645949207,1.41296372274018,6,19,19,72,"Testis"
"Run_Down4Del_Locus",0.806608615056962,0.712690540728963,5,20,28,92,"Thyroid"
"Run_Down4Del_Locus",NA,NA,NA,NA,NA,NA,"Uterus"
"Run_Down4Del_Locus",NA,NA,NA,NA,NA,NA,"Vagina"
"Run_Down4Del_Locus",0.876043575588829,0.601920619746271,5,17,28,73,"Whole_Blood"
"Run_All-same_Promoter|Exon|Intron|Splice|TTS",0.833848987968714,0.792698001404677,20,87,127,478,"Adipose_Subcutaneous"
"Run_All-same_Promoter|Exon|Intron|Splice|TTS",0.969659729446272,0.535532210007589,9,63,81,366,"Adipose_Visceral_Omentum"
"Run_All-same_Promoter|Exon|Intron|Splice|TTS",0.715974715860481,0.845226932620994,7,41,46,240,"Adrenal_Gland"
"Run_All-same_Promoter|Exon|Intron|Splice|TTS",0.327233593634204,1.20177849294034,17,66,90,392,"Artery_Aorta"
"Run_All-same_Promoter|Exon|Intron|Splice|TTS",0.797752557102624,0.71725657224118,4,30,30,177,"Artery_Coronary"
"Run_All-same_Promoter|Exon|Intron|Splice|TTS",0.32404140706289,1.1597889466606,26,98,120,494,"Artery_Tibial"
"Run_All-same_Promoter|Exon|Intron|Splice|TTS",0.937335051650935,0.344486605987653,1,18,11,86,"Brain_Amygdala"
"Run_All-same_Promoter|Exon|Intron|Splice|TTS",0.199962864775203,1.74208701159997,7,30,23,138,"Brain_Anterior_cingulate_cortex_BA24"
"Run_All-same_Promoter|Exon|Intron|Splice|TTS",0.82767041292532,0.69432353120905,5,38,38,222,"Brain_Caudate_basal_ganglia"
"Run_All-same_Promoter|Exon|Intron|Splice|TTS",0.927407067283304,0.552538392086161,5,46,49,289,"Brain_Cerebellar_Hemisphere"
"Run_All-same_Promoter|Exon|Intron|Splice|TTS",0.97648097758406,0.484672131504222,7,58,68,334,"Brain_Cerebellum"
"Run_All-same_Promoter|Exon|Intron|Splice|TTS",0.454833661507627,1.12835059684309,9,46,48,266,"Brain_Cortex"
"Run_All-same_Promoter|Exon|Intron|Splice|TTS",0.400830771172744,1.26570347753026,6,35,30,206,"Brain_Frontal_Cortex_BA9"
"Run_All-same_Promoter|Exon|Intron|Splice|TTS",0.226580309223021,1.81415939974248,5,24,19,135,"Brain_Hippocampus"
"Run_All-same_Promoter|Exon|Intron|Splice|TTS",0.552112205566294,1.07963497685612,4,26,21,144,"Brain_Hypothalamus"
"Run_All-same_Promoter|Exon|Intron|Splice|TTS",0.55374569521059,1.061453149046,4,31,28,227,"Brain_Nucleus_accumbens_basal_ganglia"
"Run_All-same_Promoter|Exon|Intron|Splice|TTS",0.611524074777136,0.969964231013393,5,34,29,193,"Brain_Putamen_basal_ganglia"
"Run_All-same_Promoter|Exon|Intron|Splice|TTS",NA,NA,NA,NA,NA,NA,"Brain_Spinal_cord_cervical_c-1"
"Run_All-same_Promoter|Exon|Intron|Splice|TTS",0.651167359772979,0.970883687338603,2,19,10,93,"Brain_Substantia_nigra"
"Run_All-same_Promoter|Exon|Intron|Splice|TTS",0.852192067439867,0.705325733133213,8,53,63,326,"Breast_Mammary_Tissue"
"Run_All-same_Promoter|Exon|Intron|Splice|TTS",0.881869284682369,0.768776946594894,26,106,155,540,"Cells_Cultured_fibroblasts"
"Run_All-same_Promoter|Exon|Intron|Splice|TTS",0.959314336704793,0.370552890069089,2,25,27,156,"Cells_EBV-transformed_lymphocytes"
"Run_All-same_Promoter|Exon|Intron|Splice|TTS",0.732554400689684,0.849864078610166,12,63,71,335,"Colon_Sigmoid"
"Run_All-same_Promoter|Exon|Intron|Splice|TTS",0.695743202793877,0.877126449326266,10,61,63,351,"Colon_Transverse"
"Run_All-same_Promoter|Exon|Intron|Splice|TTS",0.132127120186676,1.58152875776685,14,46,72,314,"Esophagus_Gastroesophageal_Junction"
"Run_All-same_Promoter|Exon|Intron|Splice|TTS",0.873821731061117,0.735649323855113,15,76,113,467,"Esophagus_Mucosa"
"Run_All-same_Promoter|Exon|Intron|Splice|TTS",0.797089611089325,0.812991287459639,17,77,108,429,"Esophagus_Muscularis"
"Run_All-same_Promoter|Exon|Intron|Splice|TTS",0.342596377411888,1.21001103884372,14,62,67,335,"Heart_Atrial_Appendage"
"Run_All-same_Promoter|Exon|Intron|Splice|TTS",0.816137820085807,0.765884165444332,11,59,67,302,"Heart_Left_Ventricle"
"Run_All-same_Promoter|Exon|Intron|Splice|TTS",NA,NA,NA,NA,NA,NA,"Kidney_Cortex"
"Run_All-same_Promoter|Exon|Intron|Splice|TTS",0.806408719905862,0.685823165879932,3,22,27,150,"Liver"
"Run_All-same_Promoter|Exon|Intron|Splice|TTS",0.60077132040449,0.963972262820349,15,70,88,401,"Lung"
"Run_All-same_Promoter|Exon|Intron|Splice|TTS",0.420753447172015,1.33965409826132,4,24,18,132,"Minor_Salivary_Gland"
"Run_All-same_Promoter|Exon|Intron|Splice|TTS",0.913493781455802,0.704170673827913,18,84,118,442,"Muscle_Skeletal"
"Run_All-same_Promoter|Exon|Intron|Splice|TTS",0.460640268322369,1.05766580353406,25,92,134,510,"Nerve_Tibial"
"Run_All-same_Promoter|Exon|Intron|Splice|TTS",0.891004244924174,0.552286831803399,3,25,30,161,"Ovary"
"Run_All-same_Promoter|Exon|Intron|Splice|TTS",0.95415543371299,0.500745200884903,5,48,52,297,"Pancreas"
"Run_All-same_Promoter|Exon|Intron|Splice|TTS",0.694253754725249,0.868910764625981,7,42,45,245,"Pituitary"
"Run_All-same_Promoter|Exon|Intron|Splice|TTS",0.998435322643827,0.134707955574042,1,34,32,202,"Prostate"
"Run_All-same_Promoter|Exon|Intron|Splice|TTS",0.0862229558365628,1.52111278814,23,77,110,475,"Skin_Not_Sun_Exposed_Suprapubic"
"Run_All-same_Promoter|Exon|Intron|Splice|TTS",0.190683031647866,1.30710125041997,24,87,121,517,"Skin_Sun_Exposed_Lower_leg"
"Run_All-same_Promoter|Exon|Intron|Splice|TTS",0.673879320765396,0.890181745546415,6,36,35,194,"Small_Intestine_Terminal_Ileum"
"Run_All-same_Promoter|Exon|Intron|Splice|TTS",0.592597391805157,0.973228961939108,11,56,64,320,"Spleen"
"Run_All-same_Promoter|Exon|Intron|Splice|TTS",0.47191956163647,1.11777637719604,8,39,50,263,"Stomach"
"Run_All-same_Promoter|Exon|Intron|Splice|TTS",0.98286769353111,0.49754745974253,9,78,77,405,"Testis"
"Run_All-same_Promoter|Exon|Intron|Splice|TTS",0.325717828490537,1.16067425092456,25,90,132,520,"Thyroid"
"Run_All-same_Promoter|Exon|Intron|Splice|TTS",NA,NA,NA,NA,NA,NA,"Uterus"
"Run_All-same_Promoter|Exon|Intron|Splice|TTS",0.880773116828649,0.470500909928029,1,15,12,98,"Vagina"
"Run_All-same_Promoter|Exon|Intron|Splice|TTS",0.306995832206678,1.20254315092158,21,69,113,414,"Whole_Blood"
"Run_All-delayed_Promoter|Exon|Intron|Splice|TTS",NA,NA,NA,NA,NA,NA,"Adipose_Subcutaneous"
"Run_All-delayed_Promoter|Exon|Intron|Splice|TTS",NA,NA,NA,NA,NA,NA,"Adipose_Visceral_Omentum"
"Run_All-delayed_Promoter|Exon|Intron|Splice|TTS",NA,NA,NA,NA,NA,NA,"Adrenal_Gland"
"Run_All-delayed_Promoter|Exon|Intron|Splice|TTS",NA,NA,NA,NA,NA,NA,"Artery_Aorta"
"Run_All-delayed_Promoter|Exon|Intron|Splice|TTS",NA,NA,NA,NA,NA,NA,"Artery_Coronary"
"Run_All-delayed_Promoter|Exon|Intron|Splice|TTS",NA,NA,NA,NA,NA,NA,"Artery_Tibial"
"Run_All-delayed_Promoter|Exon|Intron|Splice|TTS",NA,NA,NA,NA,NA,NA,"Brain_Amygdala"
"Run_All-delayed_Promoter|Exon|Intron|Splice|TTS",NA,NA,NA,NA,NA,NA,"Brain_Anterior_cingulate_cortex_BA24"
"Run_All-delayed_Promoter|Exon|Intron|Splice|TTS",NA,NA,NA,NA,NA,NA,"Brain_Caudate_basal_ganglia"
"Run_All-delayed_Promoter|Exon|Intron|Splice|TTS",NA,NA,NA,NA,NA,NA,"Brain_Cerebellar_Hemisphere"
"Run_All-delayed_Promoter|Exon|Intron|Splice|TTS",NA,NA,NA,NA,NA,NA,"Brain_Cerebellum"
"Run_All-delayed_Promoter|Exon|Intron|Splice|TTS",NA,NA,NA,NA,NA,NA,"Brain_Cortex"
"Run_All-delayed_Promoter|Exon|Intron|Splice|TTS",NA,NA,NA,NA,NA,NA,"Brain_Frontal_Cortex_BA9"
"Run_All-delayed_Promoter|Exon|Intron|Splice|TTS",NA,NA,NA,NA,NA,NA,"Brain_Hippocampus"
"Run_All-delayed_Promoter|Exon|Intron|Splice|TTS",NA,NA,NA,NA,NA,NA,"Brain_Hypothalamus"
"Run_All-delayed_Promoter|Exon|Intron|Splice|TTS",NA,NA,NA,NA,NA,NA,"Brain_Nucleus_accumbens_basal_ganglia"
"Run_All-delayed_Promoter|Exon|Intron|Splice|TTS",NA,NA,NA,NA,NA,NA,"Brain_Putamen_basal_ganglia"
"Run_All-delayed_Promoter|Exon|Intron|Splice|TTS",NA,NA,NA,NA,NA,NA,"Brain_Spinal_cord_cervical_c-1"
"Run_All-delayed_Promoter|Exon|Intron|Splice|TTS",NA,NA,NA,NA,NA,NA,"Brain_Substantia_nigra"
"Run_All-delayed_Promoter|Exon|Intron|Splice|TTS",NA,NA,NA,NA,NA,NA,"Breast_Mammary_Tissue"
"Run_All-delayed_Promoter|Exon|Intron|Splice|TTS",NA,NA,NA,NA,NA,NA,"Cells_Cultured_fibroblasts"
"Run_All-delayed_Promoter|Exon|Intron|Splice|TTS",NA,NA,NA,NA,NA,NA,"Cells_EBV-transformed_lymphocytes"
"Run_All-delayed_Promoter|Exon|Intron|Splice|TTS",NA,NA,NA,NA,NA,NA,"Colon_Sigmoid"
"Run_All-delayed_Promoter|Exon|Intron|Splice|TTS",NA,NA,NA,NA,NA,NA,"Colon_Transverse"
"Run_All-delayed_Promoter|Exon|Intron|Splice|TTS",NA,NA,NA,NA,NA,NA,"Esophagus_Gastroesophageal_Junction"
"Run_All-delayed_Promoter|Exon|Intron|Splice|TTS",NA,NA,NA,NA,NA,NA,"Esophagus_Mucosa"
"Run_All-delayed_Promoter|Exon|Intron|Splice|TTS",NA,NA,NA,NA,NA,NA,"Esophagus_Muscularis"
"Run_All-delayed_Promoter|Exon|Intron|Splice|TTS",NA,NA,NA,NA,NA,NA,"Heart_Atrial_Appendage"
"Run_All-delayed_Promoter|Exon|Intron|Splice|TTS",NA,NA,NA,NA,NA,NA,"Heart_Left_Ventricle"
"Run_All-delayed_Promoter|Exon|Intron|Splice|TTS",NA,NA,NA,NA,NA,NA,"Kidney_Cortex"
"Run_All-delayed_Promoter|Exon|Intron|Splice|TTS",NA,NA,NA,NA,NA,NA,"Liver"
"Run_All-delayed_Promoter|Exon|Intron|Splice|TTS",NA,NA,NA,NA,NA,NA,"Lung"
"Run_All-delayed_Promoter|Exon|Intron|Splice|TTS",NA,NA,NA,NA,NA,NA,"Minor_Salivary_Gland"
"Run_All-delayed_Promoter|Exon|Intron|Splice|TTS",NA,NA,NA,NA,NA,NA,"Muscle_Skeletal"
"Run_All-delayed_Promoter|Exon|Intron|Splice|TTS",NA,NA,NA,NA,NA,NA,"Nerve_Tibial"
"Run_All-delayed_Promoter|Exon|Intron|Splice|TTS",NA,NA,NA,NA,NA,NA,"Ovary"
"Run_All-delayed_Promoter|Exon|Intron|Splice|TTS",NA,NA,NA,NA,NA,NA,"Pancreas"
"Run_All-delayed_Promoter|Exon|Intron|Splice|TTS",NA,NA,NA,NA,NA,NA,"Pituitary"
"Run_All-delayed_Promoter|Exon|Intron|Splice|TTS",NA,NA,NA,NA,NA,NA,"Prostate"
"Run_All-delayed_Promoter|Exon|Intron|Splice|TTS",NA,NA,NA,NA,NA,NA,"Skin_Not_Sun_Exposed_Suprapubic"
"Run_All-delayed_Promoter|Exon|Intron|Splice|TTS",NA,NA,NA,NA,NA,NA,"Skin_Sun_Exposed_Lower_leg"
"Run_All-delayed_Promoter|Exon|Intron|Splice|TTS",NA,NA,NA,NA,NA,NA,"Small_Intestine_Terminal_Ileum"
"Run_All-delayed_Promoter|Exon|Intron|Splice|TTS",NA,NA,NA,NA,NA,NA,"Spleen"
"Run_All-delayed_Promoter|Exon|Intron|Splice|TTS",NA,NA,NA,NA,NA,NA,"Stomach"
"Run_All-delayed_Promoter|Exon|Intron|Splice|TTS",NA,NA,NA,NA,NA,NA,"Testis"
"Run_All-delayed_Promoter|Exon|Intron|Splice|TTS",NA,NA,NA,NA,NA,NA,"Thyroid"
"Run_All-delayed_Promoter|Exon|Intron|Splice|TTS",NA,NA,NA,NA,NA,NA,"Uterus"
"Run_All-delayed_Promoter|Exon|Intron|Splice|TTS",NA,NA,NA,NA,NA,NA,"Vagina"
"Run_All-delayed_Promoter|Exon|Intron|Splice|TTS",NA,NA,NA,NA,NA,NA,"Whole_Blood"
"Run_Up4_Promoter",0.508123181568129,1.24723876681299,3,27,10,104,"Adipose_Subcutaneous"
"Run_Up4_Promoter",0.230765217429781,2.46839333431318,3,21,7,85,"Adipose_Visceral_Omentum"
"Run_Up4_Promoter",0.700846944948578,0.955275073665172,1,12,5,58,"Adrenal_Gland"
"Run_Up4_Promoter",0.578714523354112,1.15597944427998,2,21,8,93,"Artery_Aorta"
"Run_Up4_Promoter",0.552248604880184,1.64261244251463,1,7,4,40,"Artery_Coronary"
"Run_Up4_Promoter",0.683105642701603,0.895796212221453,3,37,10,115,"Artery_Tibial"
"Run_Up4_Promoter",NA,NA,NA,NA,NA,NA,"Brain_Amygdala"
"Run_Up4_Promoter",NA,NA,NA,NA,NA,NA,"Brain_Anterior_cingulate_cortex_BA24"
"Run_Up4_Promoter",0.586470588235294,1.52769478871634,1,13,3,52,"Brain_Caudate_basal_ganglia"
"Run_Up4_Promoter",0.223203763497523,3.64791948667592,2,14,4,61,"Brain_Cerebellar_Hemisphere"
"Run_Up4_Promoter",0.411033025252589,1.87094207895219,2,20,5,74,"Brain_Cerebellum"
"Run_Up4_Promoter",0.429535864553355,1.80245813899855,2,17,5,61,"Brain_Cortex"
"Run_Up4_Promoter",0.65045806906272,1.2436152568158,1,13,3,45,"Brain_Frontal_Cortex_BA9"
"Run_Up4_Promoter",NA,NA,NA,NA,NA,NA,"Brain_Hippocampus"
"Run_Up4_Promoter",0.734811165845649,0.946289503415347,1,10,3,29,"Brain_Hypothalamus"
"Run_Up4_Promoter",0.524738675958188,1.90247355175539,1,9,3,42,"Brain_Nucleus_accumbens_basal_ganglia"
"Run_Up4_Promoter",0.76821533543031,0.782064140544553,1,13,4,44,"Brain_Putamen_basal_ganglia"
"Run_Up4_Promoter",NA,NA,NA,NA,NA,NA,"Brain_Spinal_cord_cervical_c-1"
"Run_Up4_Promoter",NA,NA,NA,NA,NA,NA,"Brain_Substantia_nigra"
"Run_Up4_Promoter",0.337831493465296,2.16528776820589,2,15,6,76,"Breast_Mammary_Tissue"
"Run_Up4_Promoter",0.660566071400615,0.914955128483227,5,41,17,132,"Cells_Cultured_fibroblasts"
"Run_Up4_Promoter",NA,NA,NA,NA,NA,NA,"Cells_EBV-transformed_lymphocytes"
"Run_Up4_Promoter",0.360088855979267,2.1320957189163,2,19,5,77,"Colon_Sigmoid"
"Run_Up4_Promoter",0.334476036644547,1.85739762190676,3,19,8,74,"Colon_Transverse"
"Run_Up4_Promoter",0.603927116401007,1.29051535220539,1,12,5,73,"Esophagus_Gastroesophageal_Junction"
"Run_Up4_Promoter",0.925105512760913,0.37246848219004,1,24,9,100,"Esophagus_Mucosa"
"Run_Up4_Promoter",0.578142732807541,1.08990996223635,3,25,11,97,"Esophagus_Muscularis"
"Run_Up4_Promoter",0.798174178814621,0.673289649245338,1,23,5,86,"Heart_Atrial_Appendage"
"Run_Up4_Promoter",NA,NA,NA,NA,NA,NA,"Heart_Left_Ventricle"
"Run_Up4_Promoter",NA,NA,NA,NA,NA,NA,"Kidney_Cortex"
"Run_Up4_Promoter",NA,NA,NA,NA,NA,NA,"Liver"
"Run_Up4_Promoter",0.891514431509975,0.447600598837476,1,25,7,95,"Lung"
"Run_Up4_Promoter",0.783602150537634,0.747181841914588,1,10,4,33,"Minor_Salivary_Gland"
"Run_Up4_Promoter",0.719679254111759,0.826503743159244,3,27,13,103,"Muscle_Skeletal"
"Run_Up4_Promoter",0.688159841491804,0.893773083170414,2,26,9,108,"Nerve_Tibial"
"Run_Up4_Promoter",0.740113798008535,0.869695153013161,1,11,4,40,"Ovary"
"Run_Up4_Promoter",NA,NA,NA,NA,NA,NA,"Pancreas"
"Run_Up4_Promoter",0.423509138572659,1.83521150455285,2,16,5,58,"Pituitary"
"Run_Up4_Promoter",NA,NA,NA,NA,NA,NA,"Prostate"
"Run_Up4_Promoter",0.904046757010449,0.419566371050202,1,25,8,102,"Skin_Not_Sun_Exposed_Suprapubic"
"Run_Up4_Promoter",0.628421267780957,0.98623453423261,3,27,12,107,"Skin_Sun_Exposed_Lower_leg"
"Run_Up4_Promoter",0.640381558028617,1.23063438408398,1,8,4,37,"Small_Intestine_Terminal_Ileum"
"Run_Up4_Promoter",0.343162085153042,1.87696642868165,3,22,7,74,"Spleen"
"Run_Up4_Promoter",0.570780399274047,1.60064407995158,1,14,3,58,"Stomach"
"Run_Up4_Promoter",NA,NA,NA,NA,NA,NA,"Testis"
"Run_Up4_Promoter",0.314658709640812,1.96839290680416,3,31,7,109,"Thyroid"
"Run_Up4_Promoter",NA,NA,NA,NA,NA,NA,"Uterus"
"Run_Up4_Promoter",NA,NA,NA,NA,NA,NA,"Vagina"
"Run_Up4_Promoter",0.067002672038702,3.4695579092361,5,24,10,96,"Whole_Blood"
"Run_Up8_Promoter",NA,NA,NA,NA,NA,NA,"Adipose_Subcutaneous"
"Run_Up8_Promoter",NA,NA,NA,NA,NA,NA,"Adipose_Visceral_Omentum"
"Run_Up8_Promoter",NA,NA,NA,NA,NA,NA,"Adrenal_Gland"
"Run_Up8_Promoter",NA,NA,NA,NA,NA,NA,"Artery_Aorta"
"Run_Up8_Promoter",NA,NA,NA,NA,NA,NA,"Artery_Coronary"
"Run_Up8_Promoter",0.453781512605042,3.00457875872077,1,9,2,35,"Artery_Tibial"
"Run_Up8_Promoter",NA,NA,NA,NA,NA,NA,"Brain_Amygdala"
"Run_Up8_Promoter",NA,NA,NA,NA,NA,NA,"Brain_Anterior_cingulate_cortex_BA24"
"Run_Up8_Promoter",NA,NA,NA,NA,NA,NA,"Brain_Caudate_basal_ganglia"
"Run_Up8_Promoter",NA,NA,NA,NA,NA,NA,"Brain_Cerebellar_Hemisphere"
"Run_Up8_Promoter",NA,NA,NA,NA,NA,NA,"Brain_Cerebellum"
"Run_Up8_Promoter",NA,NA,NA,NA,NA,NA,"Brain_Cortex"
"Run_Up8_Promoter",NA,NA,NA,NA,NA,NA,"Brain_Frontal_Cortex_BA9"
"Run_Up8_Promoter",NA,NA,NA,NA,NA,NA,"Brain_Hippocampus"
"Run_Up8_Promoter",NA,NA,NA,NA,NA,NA,"Brain_Hypothalamus"
"Run_Up8_Promoter",NA,NA,NA,NA,NA,NA,"Brain_Nucleus_accumbens_basal_ganglia"
"Run_Up8_Promoter",NA,NA,NA,NA,NA,NA,"Brain_Putamen_basal_ganglia"
"Run_Up8_Promoter",NA,NA,NA,NA,NA,NA,"Brain_Spinal_cord_cervical_c-1"
"Run_Up8_Promoter",NA,NA,NA,NA,NA,NA,"Brain_Substantia_nigra"
"Run_Up8_Promoter",NA,NA,NA,NA,NA,NA,"Breast_Mammary_Tissue"
"Run_Up8_Promoter",NA,NA,NA,NA,NA,NA,"Cells_Cultured_fibroblasts"
"Run_Up8_Promoter",NA,NA,NA,NA,NA,NA,"Cells_EBV-transformed_lymphocytes"
"Run_Up8_Promoter",NA,NA,NA,NA,NA,NA,"Colon_Sigmoid"
"Run_Up8_Promoter",NA,NA,NA,NA,NA,NA,"Colon_Transverse"
"Run_Up8_Promoter",NA,NA,NA,NA,NA,NA,"Esophagus_Gastroesophageal_Junction"
"Run_Up8_Promoter",NA,NA,NA,NA,NA,NA,"Esophagus_Mucosa"
"Run_Up8_Promoter",0.277777777777778,Inf,1,10,1,36,"Esophagus_Muscularis"
"Run_Up8_Promoter",0.423076923076923,Inf,1,11,1,26,"Heart_Atrial_Appendage"
"Run_Up8_Promoter",NA,NA,NA,NA,NA,NA,"Heart_Left_Ventricle"
"Run_Up8_Promoter",NA,NA,NA,NA,NA,NA,"Kidney_Cortex"
"Run_Up8_Promoter",NA,NA,NA,NA,NA,NA,"Liver"
"Run_Up8_Promoter",0.0774193548387096,Inf,2,9,2,31,"Lung"
"Run_Up8_Promoter",NA,NA,NA,NA,NA,NA,"Minor_Salivary_Gland"
"Run_Up8_Promoter",0.272727272727273,Inf,1,9,1,33,"Muscle_Skeletal"
"Run_Up8_Promoter",0.333333333333333,Inf,1,12,1,36,"Nerve_Tibial"
"Run_Up8_Promoter",NA,NA,NA,NA,NA,NA,"Ovary"
"Run_Up8_Promoter",NA,NA,NA,NA,NA,NA,"Pancreas"
"Run_Up8_Promoter",NA,NA,NA,NA,NA,NA,"Pituitary"
"Run_Up8_Promoter",NA,NA,NA,NA,NA,NA,"Prostate"
"Run_Up8_Promoter",NA,NA,NA,NA,NA,NA,"Skin_Not_Sun_Exposed_Suprapubic"
"Run_Up8_Promoter",NA,NA,NA,NA,NA,NA,"Skin_Sun_Exposed_Lower_leg"
"Run_Up8_Promoter",NA,NA,NA,NA,NA,NA,"Small_Intestine_Terminal_Ileum"
"Run_Up8_Promoter",NA,NA,NA,NA,NA,NA,"Spleen"
"Run_Up8_Promoter",NA,NA,NA,NA,NA,NA,"Stomach"
"Run_Up8_Promoter",NA,NA,NA,NA,NA,NA,"Testis"
"Run_Up8_Promoter",NA,NA,NA,NA,NA,NA,"Thyroid"
"Run_Up8_Promoter",NA,NA,NA,NA,NA,NA,"Uterus"
"Run_Up8_Promoter",NA,NA,NA,NA,NA,NA,"Vagina"
"Run_Up8_Promoter",NA,NA,NA,NA,NA,NA,"Whole_Blood"
"Run_Up24_Promoter",NA,NA,NA,NA,NA,NA,"Adipose_Subcutaneous"
"Run_Up24_Promoter",NA,NA,NA,NA,NA,NA,"Adipose_Visceral_Omentum"
"Run_Up24_Promoter",NA,NA,NA,NA,NA,NA,"Adrenal_Gland"
"Run_Up24_Promoter",NA,NA,NA,NA,NA,NA,"Artery_Aorta"
"Run_Up24_Promoter",NA,NA,NA,NA,NA,NA,"Artery_Coronary"
"Run_Up24_Promoter",NA,NA,NA,NA,NA,NA,"Artery_Tibial"
"Run_Up24_Promoter",NA,NA,NA,NA,NA,NA,"Brain_Amygdala"
"Run_Up24_Promoter",NA,NA,NA,NA,NA,NA,"Brain_Anterior_cingulate_cortex_BA24"
"Run_Up24_Promoter",NA,NA,NA,NA,NA,NA,"Brain_Caudate_basal_ganglia"
"Run_Up24_Promoter",NA,NA,NA,NA,NA,NA,"Brain_Cerebellar_Hemisphere"
"Run_Up24_Promoter",NA,NA,NA,NA,NA,NA,"Brain_Cerebellum"
"Run_Up24_Promoter",NA,NA,NA,NA,NA,NA,"Brain_Cortex"
"Run_Up24_Promoter",NA,NA,NA,NA,NA,NA,"Brain_Frontal_Cortex_BA9"
"Run_Up24_Promoter",NA,NA,NA,NA,NA,NA,"Brain_Hippocampus"
"Run_Up24_Promoter",NA,NA,NA,NA,NA,NA,"Brain_Hypothalamus"
"Run_Up24_Promoter",NA,NA,NA,NA,NA,NA,"Brain_Nucleus_accumbens_basal_ganglia"
"Run_Up24_Promoter",NA,NA,NA,NA,NA,NA,"Brain_Putamen_basal_ganglia"
"Run_Up24_Promoter",NA,NA,NA,NA,NA,NA,"Brain_Spinal_cord_cervical_c-1"
"Run_Up24_Promoter",NA,NA,NA,NA,NA,NA,"Brain_Substantia_nigra"
"Run_Up24_Promoter",NA,NA,NA,NA,NA,NA,"Breast_Mammary_Tissue"
"Run_Up24_Promoter",NA,NA,NA,NA,NA,NA,"Cells_Cultured_fibroblasts"
"Run_Up24_Promoter",NA,NA,NA,NA,NA,NA,"Cells_EBV-transformed_lymphocytes"
"Run_Up24_Promoter",NA,NA,NA,NA,NA,NA,"Colon_Sigmoid"
"Run_Up24_Promoter",NA,NA,NA,NA,NA,NA,"Colon_Transverse"
"Run_Up24_Promoter",NA,NA,NA,NA,NA,NA,"Esophagus_Gastroesophageal_Junction"
"Run_Up24_Promoter",NA,NA,NA,NA,NA,NA,"Esophagus_Mucosa"
"Run_Up24_Promoter",NA,NA,NA,NA,NA,NA,"Esophagus_Muscularis"
"Run_Up24_Promoter",NA,NA,NA,NA,NA,NA,"Heart_Atrial_Appendage"
"Run_Up24_Promoter",NA,NA,NA,NA,NA,NA,"Heart_Left_Ventricle"
"Run_Up24_Promoter",NA,NA,NA,NA,NA,NA,"Kidney_Cortex"
"Run_Up24_Promoter",NA,NA,NA,NA,NA,NA,"Liver"
"Run_Up24_Promoter",NA,NA,NA,NA,NA,NA,"Lung"
"Run_Up24_Promoter",NA,NA,NA,NA,NA,NA,"Minor_Salivary_Gland"
"Run_Up24_Promoter",NA,NA,NA,NA,NA,NA,"Muscle_Skeletal"
"Run_Up24_Promoter",NA,NA,NA,NA,NA,NA,"Nerve_Tibial"
"Run_Up24_Promoter",NA,NA,NA,NA,NA,NA,"Ovary"
"Run_Up24_Promoter",NA,NA,NA,NA,NA,NA,"Pancreas"
"Run_Up24_Promoter",NA,NA,NA,NA,NA,NA,"Pituitary"
"Run_Up24_Promoter",NA,NA,NA,NA,NA,NA,"Prostate"
"Run_Up24_Promoter",NA,NA,NA,NA,NA,NA,"Skin_Not_Sun_Exposed_Suprapubic"
"Run_Up24_Promoter",NA,NA,NA,NA,NA,NA,"Skin_Sun_Exposed_Lower_leg"
"Run_Up24_Promoter",NA,NA,NA,NA,NA,NA,"Small_Intestine_Terminal_Ileum"
"Run_Up24_Promoter",NA,NA,NA,NA,NA,NA,"Spleen"
"Run_Up24_Promoter",NA,NA,NA,NA,NA,NA,"Stomach"
"Run_Up24_Promoter",NA,NA,NA,NA,NA,NA,"Testis"
"Run_Up24_Promoter",NA,NA,NA,NA,NA,NA,"Thyroid"
"Run_Up24_Promoter",NA,NA,NA,NA,NA,NA,"Uterus"
"Run_Up24_Promoter",NA,NA,NA,NA,NA,NA,"Vagina"
"Run_Up24_Promoter",0.1875,Inf,1,6,1,32,"Whole_Blood"
"Run_Down4_Promoter",0.912943898649175,0.399022384095525,1,20,7,71,"Adipose_Subcutaneous"
"Run_Down4_Promoter",0.481036077705828,2.68184949456331,1,13,2,47,"Adipose_Visceral_Omentum"
"Run_Down4_Promoter",0.661764705882353,1.21475250889253,1,10,3,34,"Adrenal_Gland"
"Run_Down4_Promoter",NA,NA,NA,NA,NA,NA,"Artery_Aorta"
"Run_Down4_Promoter",NA,NA,NA,NA,NA,NA,"Artery_Coronary"
"Run_Down4_Promoter",NA,NA,NA,NA,NA,NA,"Artery_Tibial"
"Run_Down4_Promoter",NA,NA,NA,NA,NA,NA,"Brain_Amygdala"
"Run_Down4_Promoter",NA,NA,NA,NA,NA,NA,"Brain_Anterior_cingulate_cortex_BA24"
"Run_Down4_Promoter",NA,NA,NA,NA,NA,NA,"Brain_Caudate_basal_ganglia"
"Run_Down4_Promoter",NA,NA,NA,NA,NA,NA,"Brain_Cerebellar_Hemisphere"
"Run_Down4_Promoter",NA,NA,NA,NA,NA,NA,"Brain_Cerebellum"
"Run_Down4_Promoter",NA,NA,NA,NA,NA,NA,"Brain_Cortex"
"Run_Down4_Promoter",NA,NA,NA,NA,NA,NA,"Brain_Frontal_Cortex_BA9"
"Run_Down4_Promoter",NA,NA,NA,NA,NA,NA,"Brain_Hippocampus"
"Run_Down4_Promoter",NA,NA,NA,NA,NA,NA,"Brain_Hypothalamus"
"Run_Down4_Promoter",NA,NA,NA,NA,NA,NA,"Brain_Nucleus_accumbens_basal_ganglia"
"Run_Down4_Promoter",NA,NA,NA,NA,NA,NA,"Brain_Putamen_basal_ganglia"
"Run_Down4_Promoter",NA,NA,NA,NA,NA,NA,"Brain_Spinal_cord_cervical_c-1"
"Run_Down4_Promoter",NA,NA,NA,NA,NA,NA,"Brain_Substantia_nigra"
"Run_Down4_Promoter",NA,NA,NA,NA,NA,NA,"Breast_Mammary_Tissue"
"Run_Down4_Promoter",0.898894688630363,0.431391539989164,1,23,6,75,"Cells_Cultured_fibroblasts"
"Run_Down4_Promoter",NA,NA,NA,NA,NA,NA,"Cells_EBV-transformed_lymphocytes"
"Run_Down4_Promoter",0.765263644773358,0.826810359972573,1,18,3,48,"Colon_Sigmoid"
"Run_Down4_Promoter",NA,NA,NA,NA,NA,NA,"Colon_Transverse"
"Run_Down4_Promoter",NA,NA,NA,NA,NA,NA,"Esophagus_Gastroesophageal_Junction"
"Run_Down4_Promoter",0.778992709855235,0.720301441451524,1,13,6,61,"Esophagus_Mucosa"
"Run_Down4_Promoter",NA,NA,NA,NA,NA,NA,"Esophagus_Muscularis"
"Run_Down4_Promoter",NA,NA,NA,NA,NA,NA,"Heart_Atrial_Appendage"
"Run_Down4_Promoter",NA,NA,NA,NA,NA,NA,"Heart_Left_Ventricle"
"Run_Down4_Promoter",NA,NA,NA,NA,NA,NA,"Kidney_Cortex"
"Run_Down4_Promoter",NA,NA,NA,NA,NA,NA,"Liver"
"Run_Down4_Promoter",NA,NA,NA,NA,NA,NA,"Lung"
"Run_Down4_Promoter",NA,NA,NA,NA,NA,NA,"Minor_Salivary_Gland"
"Run_Down4_Promoter",NA,NA,NA,NA,NA,NA,"Muscle_Skeletal"
"Run_Down4_Promoter",NA,NA,NA,NA,NA,NA,"Nerve_Tibial"
"Run_Down4_Promoter",NA,NA,NA,NA,NA,NA,"Ovary"
"Run_Down4_Promoter",NA,NA,NA,NA,NA,NA,"Pancreas"
"Run_Down4_Promoter",NA,NA,NA,NA,NA,NA,"Pituitary"
"Run_Down4_Promoter",NA,NA,NA,NA,NA,NA,"Prostate"
"Run_Down4_Promoter",0.803677675084197,0.66129074886551,1,20,5,74,"Skin_Not_Sun_Exposed_Suprapubic"
"Run_Down4_Promoter",0.899925953350611,0.428882599556896,1,21,7,78,"Skin_Sun_Exposed_Lower_leg"
"Run_Down4_Promoter",NA,NA,NA,NA,NA,NA,"Small_Intestine_Terminal_Ileum"
"Run_Down4_Promoter",NA,NA,NA,NA,NA,NA,"Spleen"
"Run_Down4_Promoter",NA,NA,NA,NA,NA,NA,"Stomach"
"Run_Down4_Promoter",NA,NA,NA,NA,NA,NA,"Testis"
"Run_Down4_Promoter",NA,NA,NA,NA,NA,NA,"Thyroid"
"Run_Down4_Promoter",NA,NA,NA,NA,NA,NA,"Uterus"
"Run_Down4_Promoter",NA,NA,NA,NA,NA,NA,"Vagina"
"Run_Down4_Promoter",0.965222663522568,0.27078013579433,1,16,11,66,"Whole_Blood"
"Run_Down8_Promoter",NA,NA,NA,NA,NA,NA,"Adipose_Subcutaneous"
"Run_Down8_Promoter",NA,NA,NA,NA,NA,NA,"Adipose_Visceral_Omentum"
"Run_Down8_Promoter",NA,NA,NA,NA,NA,NA,"Adrenal_Gland"
"Run_Down8_Promoter",NA,NA,NA,NA,NA,NA,"Artery_Aorta"
"Run_Down8_Promoter",NA,NA,NA,NA,NA,NA,"Artery_Coronary"
"Run_Down8_Promoter",0.80796586059744,0.673033530849243,1,13,4,40,"Artery_Tibial"
"Run_Down8_Promoter",NA,NA,NA,NA,NA,NA,"Brain_Amygdala"
"Run_Down8_Promoter",NA,NA,NA,NA,NA,NA,"Brain_Anterior_cingulate_cortex_BA24"
"Run_Down8_Promoter",NA,NA,NA,NA,NA,NA,"Brain_Caudate_basal_ganglia"
"Run_Down8_Promoter",NA,NA,NA,NA,NA,NA,"Brain_Cerebellar_Hemisphere"
"Run_Down8_Promoter",NA,NA,NA,NA,NA,NA,"Brain_Cerebellum"
"Run_Down8_Promoter",NA,NA,NA,NA,NA,NA,"Brain_Cortex"
"Run_Down8_Promoter",0.876923076923077,0.523147568732476,1,7,3,15,"Brain_Frontal_Cortex_BA9"
"Run_Down8_Promoter",NA,NA,NA,NA,NA,NA,"Brain_Hippocampus"
"Run_Down8_Promoter",NA,NA,NA,NA,NA,NA,"Brain_Hypothalamus"
"Run_Down8_Promoter",NA,NA,NA,NA,NA,NA,"Brain_Nucleus_accumbens_basal_ganglia"
"Run_Down8_Promoter",NA,NA,NA,NA,NA,NA,"Brain_Putamen_basal_ganglia"
"Run_Down8_Promoter",NA,NA,NA,NA,NA,NA,"Brain_Spinal_cord_cervical_c-1"
"Run_Down8_Promoter",NA,NA,NA,NA,NA,NA,"Brain_Substantia_nigra"
"Run_Down8_Promoter",NA,NA,NA,NA,NA,NA,"Breast_Mammary_Tissue"
"Run_Down8_Promoter",NA,NA,NA,NA,NA,NA,"Cells_Cultured_fibroblasts"
"Run_Down8_Promoter",NA,NA,NA,NA,NA,NA,"Cells_EBV-transformed_lymphocytes"
"Run_Down8_Promoter",NA,NA,NA,NA,NA,NA,"Colon_Sigmoid"
"Run_Down8_Promoter",NA,NA,NA,NA,NA,NA,"Colon_Transverse"
"Run_Down8_Promoter",NA,NA,NA,NA,NA,NA,"Esophagus_Gastroesophageal_Junction"
"Run_Down8_Promoter",NA,NA,NA,NA,NA,NA,"Esophagus_Mucosa"
"Run_Down8_Promoter",NA,NA,NA,NA,NA,NA,"Esophagus_Muscularis"
"Run_Down8_Promoter",0.558441558441559,1.81540319251775,1,5,3,22,"Heart_Atrial_Appendage"
"Run_Down8_Promoter",NA,NA,NA,NA,NA,NA,"Heart_Left_Ventricle"
"Run_Down8_Promoter",NA,NA,NA,NA,NA,NA,"Kidney_Cortex"
"Run_Down8_Promoter",NA,NA,NA,NA,NA,NA,"Liver"
"Run_Down8_Promoter",0.816101518618681,0.661522302094364,1,6,5,23,"Lung"
"Run_Down8_Promoter",NA,NA,NA,NA,NA,NA,"Minor_Salivary_Gland"
"Run_Down8_Promoter",NA,NA,NA,NA,NA,NA,"Muscle_Skeletal"
"Run_Down8_Promoter",0.887254901960784,0.463506299331765,1,12,5,36,"Nerve_Tibial"
"Run_Down8_Promoter",NA,NA,NA,NA,NA,NA,"Ovary"
"Run_Down8_Promoter",NA,NA,NA,NA,NA,NA,"Pancreas"
"Run_Down8_Promoter",NA,NA,NA,NA,NA,NA,"Pituitary"
"Run_Down8_Promoter",NA,NA,NA,NA,NA,NA,"Prostate"
"Run_Down8_Promoter",NA,NA,NA,NA,NA,NA,"Skin_Not_Sun_Exposed_Suprapubic"
"Run_Down8_Promoter",NA,NA,NA,NA,NA,NA,"Skin_Sun_Exposed_Lower_leg"
"Run_Down8_Promoter",NA,NA,NA,NA,NA,NA,"Small_Intestine_Terminal_Ileum"
"Run_Down8_Promoter",NA,NA,NA,NA,NA,NA,"Spleen"
"Run_Down8_Promoter",NA,NA,NA,NA,NA,NA,"Stomach"
"Run_Down8_Promoter",NA,NA,NA,NA,NA,NA,"Testis"
"Run_Down8_Promoter",NA,NA,NA,NA,NA,NA,"Thyroid"
"Run_Down8_Promoter",NA,NA,NA,NA,NA,NA,"Uterus"
"Run_Down8_Promoter",NA,NA,NA,NA,NA,NA,"Vagina"
"Run_Down8_Promoter",NA,NA,NA,NA,NA,NA,"Whole_Blood"
"Run_Down24_Promoter",0.119450317124736,7.95578653361252,2,10,3,45,"Adipose_Subcutaneous"
"Run_Down24_Promoter",NA,NA,NA,NA,NA,NA,"Adipose_Visceral_Omentum"
"Run_Down24_Promoter",NA,NA,NA,NA,NA,NA,"Adrenal_Gland"
"Run_Down24_Promoter",NA,NA,NA,NA,NA,NA,"Artery_Aorta"
"Run_Down24_Promoter",NA,NA,NA,NA,NA,NA,"Artery_Coronary"
"Run_Down24_Promoter",0.573731626363206,1.53553341382494,1,7,4,38,"Artery_Tibial"
"Run_Down24_Promoter",NA,NA,NA,NA,NA,NA,"Brain_Amygdala"
"Run_Down24_Promoter",NA,NA,NA,NA,NA,NA,"Brain_Anterior_cingulate_cortex_BA24"
"Run_Down24_Promoter",NA,NA,NA,NA,NA,NA,"Brain_Caudate_basal_ganglia"
"Run_Down24_Promoter",NA,NA,NA,NA,NA,NA,"Brain_Cerebellar_Hemisphere"
"Run_Down24_Promoter",NA,NA,NA,NA,NA,NA,"Brain_Cerebellum"
"Run_Down24_Promoter",NA,NA,NA,NA,NA,NA,"Brain_Cortex"
"Run_Down24_Promoter",NA,NA,NA,NA,NA,NA,"Brain_Frontal_Cortex_BA9"
"Run_Down24_Promoter",NA,NA,NA,NA,NA,NA,"Brain_Hippocampus"
"Run_Down24_Promoter",NA,NA,NA,NA,NA,NA,"Brain_Hypothalamus"
"Run_Down24_Promoter",NA,NA,NA,NA,NA,NA,"Brain_Nucleus_accumbens_basal_ganglia"
"Run_Down24_Promoter",NA,NA,NA,NA,NA,NA,"Brain_Putamen_basal_ganglia"
"Run_Down24_Promoter",NA,NA,NA,NA,NA,NA,"Brain_Spinal_cord_cervical_c-1"
"Run_Down24_Promoter",NA,NA,NA,NA,NA,NA,"Brain_Substantia_nigra"
"Run_Down24_Promoter",NA,NA,NA,NA,NA,NA,"Breast_Mammary_Tissue"
"Run_Down24_Promoter",NA,NA,NA,NA,NA,NA,"Cells_Cultured_fibroblasts"
"Run_Down24_Promoter",NA,NA,NA,NA,NA,NA,"Cells_EBV-transformed_lymphocytes"
"Run_Down24_Promoter",NA,NA,NA,NA,NA,NA,"Colon_Sigmoid"
"Run_Down24_Promoter",NA,NA,NA,NA,NA,NA,"Colon_Transverse"
"Run_Down24_Promoter",NA,NA,NA,NA,NA,NA,"Esophagus_Gastroesophageal_Junction"
"Run_Down24_Promoter",0.462304409672831,2.89808318815304,1,10,2,38,"Esophagus_Mucosa"
"Run_Down24_Promoter",NA,NA,NA,NA,NA,NA,"Esophagus_Muscularis"
"Run_Down24_Promoter",NA,NA,NA,NA,NA,NA,"Heart_Atrial_Appendage"
"Run_Down24_Promoter",NA,NA,NA,NA,NA,NA,"Heart_Left_Ventricle"
"Run_Down24_Promoter",NA,NA,NA,NA,NA,NA,"Kidney_Cortex"
"Run_Down24_Promoter",NA,NA,NA,NA,NA,NA,"Liver"
"Run_Down24_Promoter",0.515112227534235,1.96258994196312,1,9,3,43,"Lung"
"Run_Down24_Promoter",NA,NA,NA,NA,NA,NA,"Minor_Salivary_Gland"
"Run_Down24_Promoter",0.524738675958188,1.90247355175539,1,9,3,42,"Muscle_Skeletal"
"Run_Down24_Promoter",NA,NA,NA,NA,NA,NA,"Nerve_Tibial"
"Run_Down24_Promoter",NA,NA,NA,NA,NA,NA,"Ovary"
"Run_Down24_Promoter",NA,NA,NA,NA,NA,NA,"Pancreas"
"Run_Down24_Promoter",NA,NA,NA,NA,NA,NA,"Pituitary"
"Run_Down24_Promoter",NA,NA,NA,NA,NA,NA,"Prostate"
"Run_Down24_Promoter",0.195121951219512,Inf,1,8,1,41,"Skin_Not_Sun_Exposed_Suprapubic"
"Run_Down24_Promoter",NA,NA,NA,NA,NA,NA,"Skin_Sun_Exposed_Lower_leg"
"Run_Down24_Promoter",NA,NA,NA,NA,NA,NA,"Small_Intestine_Terminal_Ileum"
"Run_Down24_Promoter",0.36551724137931,4.28952748646286,1,6,2,30,"Spleen"
"Run_Down24_Promoter",NA,NA,NA,NA,NA,NA,"Stomach"
"Run_Down24_Promoter",NA,NA,NA,NA,NA,NA,"Testis"
"Run_Down24_Promoter",NA,NA,NA,NA,NA,NA,"Thyroid"
"Run_Down24_Promoter",NA,NA,NA,NA,NA,NA,"Uterus"
"Run_Down24_Promoter",NA,NA,NA,NA,NA,NA,"Vagina"
"Run_Down24_Promoter",0.438649155722326,2.58572148010035,1,7,3,41,"Whole_Blood"
"Run_Up4Del_Promoter",0.0287892979160411,4.08226450224064,7,40,11,122,"Adipose_Subcutaneous"
"Run_Up4Del_Promoter",0.0741955901361532,4.83038698389351,4,30,6,96,"Adipose_Visceral_Omentum"
"Run_Up4Del_Promoter",0.743167825035884,0.845319520144477,1,18,4,64,"Adrenal_Gland"
"Run_Up4Del_Promoter",0.00681270488709926,8.02975196621448,7,36,9,106,"Artery_Aorta"
"Run_Up4Del_Promoter",0.607729468599034,1.72771677326897,1,17,2,46,"Artery_Coronary"
"Run_Up4Del_Promoter",0.0405573709489901,3.159013990955,8,41,14,126,"Artery_Tibial"
"Run_Up4Del_Promoter",NA,NA,NA,NA,NA,NA,"Brain_Amygdala"
"Run_Up4Del_Promoter",NA,NA,NA,NA,NA,NA,"Brain_Anterior_cingulate_cortex_BA24"
"Run_Up4Del_Promoter",0.529508196721311,2.24393211905956,1,19,2,61,"Brain_Caudate_basal_ganglia"
"Run_Up4Del_Promoter",0.587368421052632,1.83048794123225,1,27,2,76,"Brain_Cerebellar_Hemisphere"
"Run_Up4Del_Promoter",0.236024468536127,2.89695527925084,3,28,5,79,"Brain_Cerebellum"
"Run_Up4Del_Promoter",0.647218453188602,1.49067447985901,1,27,2,67,"Brain_Cortex"
"Run_Up4Del_Promoter",0.585882352941177,1.85775016224865,1,18,2,51,"Brain_Frontal_Cortex_BA9"
"Run_Up4Del_Promoter",NA,NA,NA,NA,NA,NA,"Brain_Hippocampus"
"Run_Up4Del_Promoter",NA,NA,NA,NA,NA,NA,"Brain_Hypothalamus"
"Run_Up4Del_Promoter",0.425210084033613,2.52477107105969,2,23,3,51,"Brain_Nucleus_accumbens_basal_ganglia"
"Run_Up4Del_Promoter",0.600422832980973,1.77473186766035,1,16,2,44,"Brain_Putamen_basal_ganglia"
"Run_Up4Del_Promoter",0.416666666666667,Inf,1,15,1,36,"Brain_Spinal_cord_cervical_c-1"
"Run_Up4Del_Promoter",NA,NA,NA,NA,NA,NA,"Brain_Substantia_nigra"
"Run_Up4Del_Promoter",0.723280558392918,0.950534539474178,1,31,3,90,"Breast_Mammary_Tissue"
"Run_Up4Del_Promoter",0.0481766984772511,2.70301673197754,9,47,17,147,"Cells_Cultured_fibroblasts"
"Run_Up4Del_Promoter",0.371428571428572,Inf,1,13,1,35,"Cells_EBV-transformed_lymphocytes"
"Run_Up4Del_Promoter",0.175753802399118,3.50314963045454,3,27,5,86,"Colon_Sigmoid"
"Run_Up4Del_Promoter",0.674307218611016,0.960491095420721,2,27,6,79,"Colon_Transverse"
"Run_Up4Del_Promoter",0.464054208224577,1.78008010804843,2,31,4,85,"Esophagus_Gastroesophageal_Junction"
"Run_Up4Del_Promoter",0.00708844890316477,6.11824451091212,8,41,11,121,"Esophagus_Mucosa"
"Run_Up4Del_Promoter",0.0907416014481359,2.83550288122394,6,37,11,116,"Esophagus_Muscularis"
"Run_Up4Del_Promoter",0.0608629109705513,4.75695767396472,5,36,7,98,"Heart_Atrial_Appendage"
"Run_Up4Del_Promoter",0.429746835443038,1.94419908201439,2,28,4,81,"Heart_Left_Ventricle"
"Run_Up4Del_Promoter",NA,NA,NA,NA,NA,NA,"Kidney_Cortex"
"Run_Up4Del_Promoter",0.414634146341463,Inf,1,17,1,41,"Liver"
"Run_Up4Del_Promoter",0.0860003580465858,3.56163933911974,5,35,8,103,"Lung"
"Run_Up4Del_Promoter",0.157258064516129,Inf,2,13,2,32,"Minor_Salivary_Gland"
"Run_Up4Del_Promoter",0.0221291331903797,3.574873295678,9,38,15,114,"Muscle_Skeletal"
"Run_Up4Del_Promoter",0.0551169084937344,3.14748210632193,7,44,12,133,"Nerve_Tibial"
"Run_Up4Del_Promoter",NA,NA,NA,NA,NA,NA,"Ovary"
"Run_Up4Del_Promoter",0.0943267259056732,Inf,2,24,2,77,"Pancreas"
"Run_Up4Del_Promoter",0.0578906154659724,7.7422090897992,4,24,5,65,"Pituitary"
"Run_Up4Del_Promoter",0.134117647058824,Inf,2,19,2,51,"Prostate"
"Run_Up4Del_Promoter",0.14031499925069,2.65004451249801,5,41,9,122,"Skin_Not_Sun_Exposed_Suprapubic"
"Run_Up4Del_Promoter",0.0553671748896345,3.13832649762504,7,45,12,136,"Skin_Sun_Exposed_Lower_leg"
"Run_Up4Del_Promoter",0.630161943319838,1.33934364139942,1,11,3,40,"Small_Intestine_Terminal_Ileum"
"Run_Up4Del_Promoter",0.0737583795440416,4.88982556504486,4,26,6,83,"Spleen"
"Run_Up4Del_Promoter",0.366197183098592,Inf,1,26,1,71,"Stomach"
"Run_Up4Del_Promoter",0.0103785456182681,Inf,4,32,4,97,"Testis"
"Run_Up4Del_Promoter",0.559078179635239,1.12877368442096,3,36,10,130,"Thyroid"
"Run_Up4Del_Promoter",NA,NA,NA,NA,NA,NA,"Uterus"
"Run_Up4Del_Promoter",NA,NA,NA,NA,NA,NA,"Vagina"
"Run_Up4Del_Promoter",0.50836190715281,1.18240457234371,5,43,12,113,"Whole_Blood"
"Run_Down4Del_Promoter",0.832644935359018,0.61598807076811,2,22,10,79,"Adipose_Subcutaneous"
"Run_Down4Del_Promoter",0.245337995337995,3.34995870184667,2,16,4,66,"Adipose_Visceral_Omentum"
"Run_Down4Del_Promoter",NA,NA,NA,NA,NA,NA,"Adrenal_Gland"
"Run_Down4Del_Promoter",NA,NA,NA,NA,NA,NA,"Artery_Aorta"
"Run_Down4Del_Promoter",NA,NA,NA,NA,NA,NA,"Artery_Coronary"
"Run_Down4Del_Promoter",NA,NA,NA,NA,NA,NA,"Artery_Tibial"
"Run_Down4Del_Promoter",NA,NA,NA,NA,NA,NA,"Brain_Amygdala"
"Run_Down4Del_Promoter",NA,NA,NA,NA,NA,NA,"Brain_Anterior_cingulate_cortex_BA24"
"Run_Down4Del_Promoter",NA,NA,NA,NA,NA,NA,"Brain_Caudate_basal_ganglia"
"Run_Down4Del_Promoter",NA,NA,NA,NA,NA,NA,"Brain_Cerebellar_Hemisphere"
"Run_Down4Del_Promoter",NA,NA,NA,NA,NA,NA,"Brain_Cerebellum"
"Run_Down4Del_Promoter",NA,NA,NA,NA,NA,NA,"Brain_Cortex"
"Run_Down4Del_Promoter",NA,NA,NA,NA,NA,NA,"Brain_Frontal_Cortex_BA9"
"Run_Down4Del_Promoter",NA,NA,NA,NA,NA,NA,"Brain_Hippocampus"
"Run_Down4Del_Promoter",NA,NA,NA,NA,NA,NA,"Brain_Hypothalamus"
"Run_Down4Del_Promoter",NA,NA,NA,NA,NA,NA,"Brain_Nucleus_accumbens_basal_ganglia"
"Run_Down4Del_Promoter",NA,NA,NA,NA,NA,NA,"Brain_Putamen_basal_ganglia"
"Run_Down4Del_Promoter",NA,NA,NA,NA,NA,NA,"Brain_Spinal_cord_cervical_c-1"
"Run_Down4Del_Promoter",NA,NA,NA,NA,NA,NA,"Brain_Substantia_nigra"
"Run_Down4Del_Promoter",0.831999237659615,0.58952794406221,1,14,6,57,"Breast_Mammary_Tissue"
"Run_Down4Del_Promoter",0.865449452543081,0.507771244909473,1,24,6,87,"Cells_Cultured_fibroblasts"
"Run_Down4Del_Promoter",NA,NA,NA,NA,NA,NA,"Cells_EBV-transformed_lymphocytes"
"Run_Down4Del_Promoter",NA,NA,NA,NA,NA,NA,"Colon_Sigmoid"
"Run_Down4Del_Promoter",NA,NA,NA,NA,NA,NA,"Colon_Transverse"
"Run_Down4Del_Promoter",NA,NA,NA,NA,NA,NA,"Esophagus_Gastroesophageal_Junction"
"Run_Down4Del_Promoter",0.933875123606353,0.350617528282075,1,22,8,80,"Esophagus_Mucosa"
"Run_Down4Del_Promoter",NA,NA,NA,NA,NA,NA,"Esophagus_Muscularis"
"Run_Down4Del_Promoter",NA,NA,NA,NA,NA,NA,"Heart_Atrial_Appendage"
"Run_Down4Del_Promoter",NA,NA,NA,NA,NA,NA,"Heart_Left_Ventricle"
"Run_Down4Del_Promoter",NA,NA,NA,NA,NA,NA,"Kidney_Cortex"
"Run_Down4Del_Promoter",NA,NA,NA,NA,NA,NA,"Liver"
"Run_Down4Del_Promoter",0.922884736776776,0.377157412025706,1,15,10,71,"Lung"
"Run_Down4Del_Promoter",NA,NA,NA,NA,NA,NA,"Minor_Salivary_Gland"
"Run_Down4Del_Promoter",0.82052535851057,0.610836277579274,1,15,7,72,"Muscle_Skeletal"
"Run_Down4Del_Promoter",0.958047311722762,0.292673628447809,1,20,11,85,"Nerve_Tibial"
"Run_Down4Del_Promoter",NA,NA,NA,NA,NA,NA,"Ovary"
"Run_Down4Del_Promoter",NA,NA,NA,NA,NA,NA,"Pancreas"
"Run_Down4Del_Promoter",NA,NA,NA,NA,NA,NA,"Pituitary"
"Run_Down4Del_Promoter",NA,NA,NA,NA,NA,NA,"Prostate"
"Run_Down4Del_Promoter",NA,NA,NA,NA,NA,NA,"Skin_Not_Sun_Exposed_Suprapubic"
"Run_Down4Del_Promoter",NA,NA,NA,NA,NA,NA,"Skin_Sun_Exposed_Lower_leg"
"Run_Down4Del_Promoter",NA,NA,NA,NA,NA,NA,"Small_Intestine_Terminal_Ileum"
"Run_Down4Del_Promoter",NA,NA,NA,NA,NA,NA,"Spleen"
"Run_Down4Del_Promoter",NA,NA,NA,NA,NA,NA,"Stomach"
"Run_Down4Del_Promoter",0.39725308371971,1.94030114709181,2,19,5,72,"Testis"
"Run_Down4Del_Promoter",NA,NA,NA,NA,NA,NA,"Thyroid"
"Run_Down4Del_Promoter",NA,NA,NA,NA,NA,NA,"Uterus"
"Run_Down4Del_Promoter",NA,NA,NA,NA,NA,NA,"Vagina"
"Run_Down4Del_Promoter",0.868061551385148,0.54951473679991,2,17,13,73,"Whole_Blood"
"Run_All-same_Promoter",0.947971329672302,0.542726525277834,6,87,53,478,"Adipose_Subcutaneous"
"Run_All-same_Promoter",0.817451036209904,0.693667467001925,4,63,31,366,"Adipose_Visceral_Omentum"
"Run_All-same_Promoter",0.906228423033167,0.487039853964118,2,41,21,240,"Adrenal_Gland"
"Run_All-same_Promoter",0.995041498873186,0.244666290777249,2,66,39,392,"Artery_Aorta"
"Run_All-same_Promoter",0.878666311996129,0.474019910336372,1,30,11,177,"Artery_Coronary"
"Run_All-same_Promoter",0.976386188790393,0.473415856382158,6,98,54,494,"Artery_Tibial"
"Run_All-same_Promoter",NA,NA,NA,NA,NA,NA,"Brain_Amygdala"
"Run_All-same_Promoter",NA,NA,NA,NA,NA,NA,"Brain_Anterior_cingulate_cortex_BA24"
"Run_All-same_Promoter",0.945999704571408,0.329353383961138,1,38,15,222,"Brain_Caudate_basal_ganglia"
"Run_All-same_Promoter",0.838849526462398,0.605188625905153,2,46,19,289,"Brain_Cerebellar_Hemisphere"
"Run_All-same_Promoter",0.953018033239255,0.393678394005955,2,58,25,334,"Brain_Cerebellum"
"Run_All-same_Promoter",0.853244909324472,0.580569682184136,2,46,18,266,"Brain_Cortex"
"Run_All-same_Promoter",0.637631887991826,0.975868507668889,2,35,12,206,"Brain_Frontal_Cortex_BA9"
"Run_All-same_Promoter",NA,NA,NA,NA,NA,NA,"Brain_Hippocampus"
"Run_All-same_Promoter",0.805553773793169,0.636048363826342,1,26,8,144,"Brain_Hypothalamus"
"Run_All-same_Promoter",0.836306236803347,0.561788500794757,1,31,12,227,"Brain_Nucleus_accumbens_basal_ganglia"
"Run_All-same_Promoter",0.794483739196869,0.659269287740017,1,34,8,193,"Brain_Putamen_basal_ganglia"
"Run_All-same_Promoter",NA,NA,NA,NA,NA,NA,"Brain_Spinal_cord_cervical_c-1"
"Run_All-same_Promoter",NA,NA,NA,NA,NA,NA,"Brain_Substantia_nigra"
"Run_All-same_Promoter",0.94702838886864,0.407708549192057,2,53,26,326,"Breast_Mammary_Tissue"
"Run_All-same_Promoter",0.987638492708564,0.431859491743389,6,106,59,540,"Cells_Cultured_fibroblasts"
"Run_All-same_Promoter",NA,NA,NA,NA,NA,NA,"Cells_EBV-transformed_lymphocytes"
"Run_All-same_Promoter",0.947623850047137,0.45453878341679,3,63,30,335,"Colon_Sigmoid"
"Run_All-same_Promoter",0.910811892559664,0.526019927644005,3,61,29,351,"Colon_Transverse"
"Run_All-same_Promoter",0.992025132514843,0.191079782910936,1,46,29,314,"Esophagus_Gastroesophageal_Junction"
"Run_All-same_Promoter",0.989288400017805,0.333148127751907,3,76,46,467,"Esophagus_Mucosa"
"Run_All-same_Promoter",0.959244548196083,0.46713627887161,4,77,41,429,"Esophagus_Muscularis"
"Run_All-same_Promoter",0.93333954574979,0.483937857551776,3,62,29,335,"Heart_Atrial_Appendage"
"Run_All-same_Promoter",NA,NA,NA,NA,NA,NA,"Heart_Left_Ventricle"
"Run_All-same_Promoter",NA,NA,NA,NA,NA,NA,"Kidney_Cortex"
"Run_All-same_Promoter",NA,NA,NA,NA,NA,NA,"Liver"
"Run_All-same_Promoter",0.925569066867002,0.560340463808772,5,70,45,401,"Lung"
"Run_All-same_Promoter",0.808828886898595,0.629274984808189,1,24,8,132,"Minor_Salivary_Gland"
"Run_All-same_Promoter",0.988748171657099,0.399791911156173,5,84,54,442,"Muscle_Skeletal"
"Run_All-same_Promoter",0.995454013158943,0.327602626382651,4,92,55,510,"Nerve_Tibial"
"Run_All-same_Promoter",0.853713942488135,0.526731070984531,1,25,11,161,"Ovary"
"Run_All-same_Promoter",NA,NA,NA,NA,NA,NA,"Pancreas"
"Run_All-same_Promoter",0.89084876540249,0.515059522870329,2,42,20,245,"Pituitary"
"Run_All-same_Promoter",NA,NA,NA,NA,NA,NA,"Prostate"
"Run_All-same_Promoter",0.987104792078958,0.344183437760152,3,77,45,475,"Skin_Not_Sun_Exposed_Suprapubic"
"Run_All-same_Promoter",0.984592365160854,0.393245392830077,4,87,51,517,"Skin_Sun_Exposed_Lower_leg"
"Run_All-same_Promoter",0.979502622658613,0.238139920125531,1,36,18,194,"Small_Intestine_Terminal_Ileum"
"Run_All-same_Promoter",0.759425457786248,0.76982278346314,4,56,28,320,"Spleen"
"Run_All-same_Promoter",0.957953463958233,0.302106613712877,1,39,19,263,"Stomach"
"Run_All-same_Promoter",NA,NA,NA,NA,NA,NA,"Testis"
"Run_All-same_Promoter",0.994150004957724,0.302990112932724,3,90,47,520,"Thyroid"
"Run_All-same_Promoter",NA,NA,NA,NA,NA,NA,"Uterus"
"Run_All-same_Promoter",NA,NA,NA,NA,NA,NA,"Vagina"
"Run_All-same_Promoter",0.66880440609599,0.897398115305415,8,69,52,414,"Whole_Blood"
"Run_All-delayed_Promoter",NA,NA,NA,NA,NA,NA,"Adipose_Subcutaneous"
"Run_All-delayed_Promoter",NA,NA,NA,NA,NA,NA,"Adipose_Visceral_Omentum"
"Run_All-delayed_Promoter",NA,NA,NA,NA,NA,NA,"Adrenal_Gland"
"Run_All-delayed_Promoter",NA,NA,NA,NA,NA,NA,"Artery_Aorta"
"Run_All-delayed_Promoter",NA,NA,NA,NA,NA,NA,"Artery_Coronary"
"Run_All-delayed_Promoter",NA,NA,NA,NA,NA,NA,"Artery_Tibial"
"Run_All-delayed_Promoter",NA,NA,NA,NA,NA,NA,"Brain_Amygdala"
"Run_All-delayed_Promoter",NA,NA,NA,NA,NA,NA,"Brain_Anterior_cingulate_cortex_BA24"
"Run_All-delayed_Promoter",NA,NA,NA,NA,NA,NA,"Brain_Caudate_basal_ganglia"
"Run_All-delayed_Promoter",NA,NA,NA,NA,NA,NA,"Brain_Cerebellar_Hemisphere"
"Run_All-delayed_Promoter",NA,NA,NA,NA,NA,NA,"Brain_Cerebellum"
"Run_All-delayed_Promoter",NA,NA,NA,NA,NA,NA,"Brain_Cortex"
"Run_All-delayed_Promoter",NA,NA,NA,NA,NA,NA,"Brain_Frontal_Cortex_BA9"
"Run_All-delayed_Promoter",NA,NA,NA,NA,NA,NA,"Brain_Hippocampus"
"Run_All-delayed_Promoter",NA,NA,NA,NA,NA,NA,"Brain_Hypothalamus"
"Run_All-delayed_Promoter",NA,NA,NA,NA,NA,NA,"Brain_Nucleus_accumbens_basal_ganglia"
"Run_All-delayed_Promoter",NA,NA,NA,NA,NA,NA,"Brain_Putamen_basal_ganglia"
"Run_All-delayed_Promoter",NA,NA,NA,NA,NA,NA,"Brain_Spinal_cord_cervical_c-1"
"Run_All-delayed_Promoter",NA,NA,NA,NA,NA,NA,"Brain_Substantia_nigra"
"Run_All-delayed_Promoter",NA,NA,NA,NA,NA,NA,"Breast_Mammary_Tissue"
"Run_All-delayed_Promoter",NA,NA,NA,NA,NA,NA,"Cells_Cultured_fibroblasts"
"Run_All-delayed_Promoter",NA,NA,NA,NA,NA,NA,"Cells_EBV-transformed_lymphocytes"
"Run_All-delayed_Promoter",NA,NA,NA,NA,NA,NA,"Colon_Sigmoid"
"Run_All-delayed_Promoter",NA,NA,NA,NA,NA,NA,"Colon_Transverse"
"Run_All-delayed_Promoter",NA,NA,NA,NA,NA,NA,"Esophagus_Gastroesophageal_Junction"
"Run_All-delayed_Promoter",NA,NA,NA,NA,NA,NA,"Esophagus_Mucosa"
"Run_All-delayed_Promoter",NA,NA,NA,NA,NA,NA,"Esophagus_Muscularis"
"Run_All-delayed_Promoter",NA,NA,NA,NA,NA,NA,"Heart_Atrial_Appendage"
"Run_All-delayed_Promoter",NA,NA,NA,NA,NA,NA,"Heart_Left_Ventricle"
"Run_All-delayed_Promoter",NA,NA,NA,NA,NA,NA,"Kidney_Cortex"
"Run_All-delayed_Promoter",NA,NA,NA,NA,NA,NA,"Liver"
"Run_All-delayed_Promoter",NA,NA,NA,NA,NA,NA,"Lung"
"Run_All-delayed_Promoter",NA,NA,NA,NA,NA,NA,"Minor_Salivary_Gland"
"Run_All-delayed_Promoter",NA,NA,NA,NA,NA,NA,"Muscle_Skeletal"
"Run_All-delayed_Promoter",NA,NA,NA,NA,NA,NA,"Nerve_Tibial"
"Run_All-delayed_Promoter",NA,NA,NA,NA,NA,NA,"Ovary"
"Run_All-delayed_Promoter",NA,NA,NA,NA,NA,NA,"Pancreas"
"Run_All-delayed_Promoter",NA,NA,NA,NA,NA,NA,"Pituitary"
"Run_All-delayed_Promoter",NA,NA,NA,NA,NA,NA,"Prostate"
"Run_All-delayed_Promoter",NA,NA,NA,NA,NA,NA,"Skin_Not_Sun_Exposed_Suprapubic"
"Run_All-delayed_Promoter",NA,NA,NA,NA,NA,NA,"Skin_Sun_Exposed_Lower_leg"
"Run_All-delayed_Promoter",NA,NA,NA,NA,NA,NA,"Small_Intestine_Terminal_Ileum"
"Run_All-delayed_Promoter",NA,NA,NA,NA,NA,NA,"Spleen"
"Run_All-delayed_Promoter",NA,NA,NA,NA,NA,NA,"Stomach"
"Run_All-delayed_Promoter",NA,NA,NA,NA,NA,NA,"Testis"
"Run_All-delayed_Promoter",NA,NA,NA,NA,NA,NA,"Thyroid"
"Run_All-delayed_Promoter",NA,NA,NA,NA,NA,NA,"Uterus"
"Run_All-delayed_Promoter",NA,NA,NA,NA,NA,NA,"Vagina"
"Run_All-delayed_Promoter",NA,NA,NA,NA,NA,NA,"Whole_Blood"
"Run_Up4_Exon",0.957971189683815,0.293210218420759,1,27,10,104,"Adipose_Subcutaneous"
"Run_Up4_Exon",0.828572635832666,0.593228403263208,1,21,6,85,"Adipose_Visceral_Omentum"
"Run_Up4_Exon",NA,NA,NA,NA,NA,NA,"Adrenal_Gland"
"Run_Up4_Exon",0.730783171160119,0.851429176334625,1,21,5,93,"Artery_Aorta"
"Run_Up4_Exon",NA,NA,NA,NA,NA,NA,"Artery_Coronary"
"Run_Up4_Exon",0.892597732438736,0.502678033159013,2,37,10,115,"Artery_Tibial"
"Run_Up4_Exon",NA,NA,NA,NA,NA,NA,"Brain_Amygdala"
"Run_Up4_Exon",0.38235294117647,Inf,1,13,1,34,"Brain_Anterior_cingulate_cortex_BA24"
"Run_Up4_Exon",NA,NA,NA,NA,NA,NA,"Brain_Caudate_basal_ganglia"
"Run_Up4_Exon",NA,NA,NA,NA,NA,NA,"Brain_Cerebellar_Hemisphere"
"Run_Up4_Exon",NA,NA,NA,NA,NA,NA,"Brain_Cerebellum"
"Run_Up4_Exon",0.483060109289617,2.63740366719392,1,17,2,61,"Brain_Cortex"
"Run_Up4_Exon",0.196053558844257,5.38404526826081,2,13,3,45,"Brain_Frontal_Cortex_BA9"
"Run_Up4_Exon",0.102564102564103,Inf,2,9,2,27,"Brain_Hippocampus"
"Run_Up4_Exon",NA,NA,NA,NA,NA,NA,"Brain_Hypothalamus"
"Run_Up4_Exon",NA,NA,NA,NA,NA,NA,"Brain_Nucleus_accumbens_basal_ganglia"
"Run_Up4_Exon",NA,NA,NA,NA,NA,NA,"Brain_Putamen_basal_ganglia"
"Run_Up4_Exon",NA,NA,NA,NA,NA,NA,"Brain_Spinal_cord_cervical_c-1"
"Run_Up4_Exon",NA,NA,NA,NA,NA,NA,"Brain_Substantia_nigra"
"Run_Up4_Exon",NA,NA,NA,NA,NA,NA,"Breast_Mammary_Tissue"
"Run_Up4_Exon",0.747998851794134,0.787648319631733,4,41,15,132,"Cells_Cultured_fibroblasts"
"Run_Up4_Exon",NA,NA,NA,NA,NA,NA,"Cells_EBV-transformed_lymphocytes"
"Run_Up4_Exon",0.578181818181818,1.54576785987426,1,19,3,77,"Colon_Sigmoid"
"Run_Up4_Exon",NA,NA,NA,NA,NA,NA,"Colon_Transverse"
"Run_Up4_Exon",0.164383561643836,Inf,1,12,1,73,"Esophagus_Gastroesophageal_Junction"
"Run_Up4_Exon",NA,NA,NA,NA,NA,NA,"Esophagus_Mucosa"
"Run_Up4_Exon",0.66235338750599,0.95697356435838,2,25,8,97,"Esophagus_Muscularis"
"Run_Up4_Exon",0.719496316318626,0.910079455890841,1,23,4,86,"Heart_Atrial_Appendage"
"Run_Up4_Exon",NA,NA,NA,NA,NA,NA,"Heart_Left_Ventricle"
"Run_Up4_Exon",NA,NA,NA,NA,NA,NA,"Kidney_Cortex"
"Run_Up4_Exon",NA,NA,NA,NA,NA,NA,"Liver"
"Run_Up4_Exon",0.791113124133389,0.689963223696634,1,25,5,95,"Lung"
"Run_Up4_Exon",NA,NA,NA,NA,NA,NA,"Minor_Salivary_Gland"
"Run_Up4_Exon",0.740378181652658,0.790322280642676,2,27,9,103,"Muscle_Skeletal"
"Run_Up4_Exon",0.944754016257993,0.32703889115095,1,26,10,108,"Nerve_Tibial"
"Run_Up4_Exon",NA,NA,NA,NA,NA,NA,"Ovary"
"Run_Up4_Exon",NA,NA,NA,NA,NA,NA,"Pancreas"
"Run_Up4_Exon",NA,NA,NA,NA,NA,NA,"Pituitary"
"Run_Up4_Exon",NA,NA,NA,NA,NA,NA,"Prostate"
"Run_Up4_Exon",0.929566236528947,0.362206055070866,1,25,9,102,"Skin_Not_Sun_Exposed_Suprapubic"
"Run_Up4_Exon",0.861567523586226,0.562692976847773,2,27,12,107,"Skin_Sun_Exposed_Lower_leg"
"Run_Up4_Exon",NA,NA,NA,NA,NA,NA,"Small_Intestine_Terminal_Ileum"
"Run_Up4_Exon",0.509070714550167,2.39590121144668,1,22,2,74,"Spleen"
"Run_Up4_Exon",NA,NA,NA,NA,NA,NA,"Stomach"
"Run_Up4_Exon",NA,NA,NA,NA,NA,NA,"Testis"
"Run_Up4_Exon",0.873161169611078,0.489414065114338,1,31,6,109,"Thyroid"
"Run_Up4_Exon",NA,NA,NA,NA,NA,NA,"Uterus"
"Run_Up4_Exon",NA,NA,NA,NA,NA,NA,"Vagina"
"Run_Up4_Exon",0.47850967034586,1.32241511276681,3,24,10,96,"Whole_Blood"
"Run_Up8_Exon",0.226890756302521,4.84405697398523,2,11,3,35,"Adipose_Subcutaneous"
"Run_Up8_Exon",0.166923076923077,6.53269641794581,2,7,3,26,"Adipose_Visceral_Omentum"
"Run_Up8_Exon",0.0877192982456141,Inf,2,6,2,19,"Adrenal_Gland"
"Run_Up8_Exon",0.155555555555556,6.88885444874496,2,7,3,27,"Artery_Aorta"
"Run_Up8_Exon",0.352941176470588,Inf,1,6,1,17,"Artery_Coronary"
"Run_Up8_Exon",0.267570664629488,3.28495074683106,2,9,4,35,"Artery_Tibial"
"Run_Up8_Exon",NA,NA,NA,NA,NA,NA,"Brain_Amygdala"
"Run_Up8_Exon",0.375,Inf,1,3,1,8,"Brain_Anterior_cingulate_cortex_BA24"
"Run_Up8_Exon",0.285714285714286,Inf,1,6,1,21,"Brain_Caudate_basal_ganglia"
"Run_Up8_Exon",0.318181818181818,Inf,1,7,1,22,"Brain_Cerebellar_Hemisphere"
"Run_Up8_Exon",0.645217391304348,1.31736139646916,1,7,3,25,"Brain_Cerebellum"
"Run_Up8_Exon",0.545454545454545,2.2360961705551,1,7,2,22,"Brain_Cortex"
"Run_Up8_Exon",0.227272727272727,Inf,1,5,1,22,"Brain_Frontal_Cortex_BA9"
"Run_Up8_Exon",0.230769230769231,Inf,1,3,1,13,"Brain_Hippocampus"
"Run_Up8_Exon",0.214285714285714,Inf,1,3,1,14,"Brain_Hypothalamus"
"Run_Up8_Exon",0.166666666666667,Inf,1,4,1,24,"Brain_Nucleus_accumbens_basal_ganglia"
"Run_Up8_Exon",0.176470588235294,Inf,1,3,1,17,"Brain_Putamen_basal_ganglia"
"Run_Up8_Exon",NA,NA,NA,NA,NA,NA,"Brain_Spinal_cord_cervical_c-1"
"Run_Up8_Exon",0.428571428571428,Inf,1,3,1,7,"Brain_Substantia_nigra"
"Run_Up8_Exon",0.130434782608696,Inf,2,9,2,24,"Breast_Mammary_Tissue"
"Run_Up8_Exon",0.221951219512195,4.86859660027817,2,13,3,42,"Cells_Cultured_fibroblasts"
"Run_Up8_Exon",0.625,1.73196728148012,1,6,2,16,"Cells_EBV-transformed_lymphocytes"
"Run_Up8_Exon",0.477272727272727,2.76887497905039,1,9,2,33,"Colon_Sigmoid"
"Run_Up8_Exon",0.298029556650246,3.80586987755622,2,11,3,30,"Colon_Transverse"
"Run_Up8_Exon",0.143280632411067,7.53277490801283,2,6,3,24,"Esophagus_Gastroesophageal_Junction"
"Run_Up8_Exon",0.195590327169275,5.46678030248522,2,11,3,38,"Esophagus_Mucosa"
"Run_Up8_Exon",0.304812834224599,2.89465272148882,2,10,4,36,"Esophagus_Muscularis"
"Run_Up8_Exon",0.380769230769231,2.97549093372562,2,11,3,26,"Heart_Atrial_Appendage"
"Run_Up8_Exon",0.452014652014652,1.94807931381941,2,10,4,28,"Heart_Left_Ventricle"
"Run_Up8_Exon",NA,NA,NA,NA,NA,NA,"Kidney_Cortex"
"Run_Up8_Exon",0.4,Inf,1,4,1,10,"Liver"
"Run_Up8_Exon",0.194883203559511,5.59497190765568,2,9,3,31,"Lung"
"Run_Up8_Exon",0.272727272727273,Inf,1,3,1,11,"Minor_Salivary_Gland"
"Run_Up8_Exon",0.17375366568915,6.11936736935498,2,9,3,33,"Muscle_Skeletal"
"Run_Up8_Exon",0.407282913165266,2.1482485168086,2,12,4,36,"Nerve_Tibial"
"Run_Up8_Exon",NA,NA,NA,NA,NA,NA,"Ovary"
"Run_Up8_Exon",0.375,Inf,1,9,1,24,"Pancreas"
"Run_Up8_Exon",NA,NA,NA,NA,NA,NA,"Pituitary"
"Run_Up8_Exon",0.333333333333333,Inf,1,6,1,18,"Prostate"
"Run_Up8_Exon",0.183870967741935,5.85717291099498,2,9,3,32,"Skin_Not_Sun_Exposed_Suprapubic"
"Run_Up8_Exon",0.47724039829303,1.64396409647527,2,12,5,40,"Skin_Sun_Exposed_Lower_leg"
"Run_Up8_Exon",0.25,Inf,1,4,1,16,"Small_Intestine_Terminal_Ileum"
"Run_Up8_Exon",0.307692307692308,Inf,1,8,1,26,"Spleen"
"Run_Up8_Exon",0.15527950310559,7.0979085748016,2,6,3,23,"Stomach"
"Run_Up8_Exon",0.717741935483871,1,1,11,3,33,"Testis"
"Run_Up8_Exon",0.246954595791805,3.43311456236471,2,11,4,45,"Thyroid"
"Run_Up8_Exon",NA,NA,NA,NA,NA,NA,"Uterus"
"Run_Up8_Exon",NA,NA,NA,NA,NA,NA,"Vagina"
"Run_Up8_Exon",0.0980392156862745,7.18897326739603,3,12,4,36,"Whole_Blood"
"Run_Up24_Exon",NA,NA,NA,NA,NA,NA,"Adipose_Subcutaneous"
"Run_Up24_Exon",NA,NA,NA,NA,NA,NA,"Adipose_Visceral_Omentum"
"Run_Up24_Exon",NA,NA,NA,NA,NA,NA,"Adrenal_Gland"
"Run_Up24_Exon",NA,NA,NA,NA,NA,NA,"Artery_Aorta"
"Run_Up24_Exon",NA,NA,NA,NA,NA,NA,"Artery_Coronary"
"Run_Up24_Exon",NA,NA,NA,NA,NA,NA,"Artery_Tibial"
"Run_Up24_Exon",NA,NA,NA,NA,NA,NA,"Brain_Amygdala"
"Run_Up24_Exon",NA,NA,NA,NA,NA,NA,"Brain_Anterior_cingulate_cortex_BA24"
"Run_Up24_Exon",NA,NA,NA,NA,NA,NA,"Brain_Caudate_basal_ganglia"
"Run_Up24_Exon",NA,NA,NA,NA,NA,NA,"Brain_Cerebellar_Hemisphere"
"Run_Up24_Exon",NA,NA,NA,NA,NA,NA,"Brain_Cerebellum"
"Run_Up24_Exon",NA,NA,NA,NA,NA,NA,"Brain_Cortex"
"Run_Up24_Exon",NA,NA,NA,NA,NA,NA,"Brain_Frontal_Cortex_BA9"
"Run_Up24_Exon",NA,NA,NA,NA,NA,NA,"Brain_Hippocampus"
"Run_Up24_Exon",NA,NA,NA,NA,NA,NA,"Brain_Hypothalamus"
"Run_Up24_Exon",NA,NA,NA,NA,NA,NA,"Brain_Nucleus_accumbens_basal_ganglia"
"Run_Up24_Exon",NA,NA,NA,NA,NA,NA,"Brain_Putamen_basal_ganglia"
"Run_Up24_Exon",NA,NA,NA,NA,NA,NA,"Brain_Spinal_cord_cervical_c-1"
"Run_Up24_Exon",NA,NA,NA,NA,NA,NA,"Brain_Substantia_nigra"
"Run_Up24_Exon",NA,NA,NA,NA,NA,NA,"Breast_Mammary_Tissue"
"Run_Up24_Exon",NA,NA,NA,NA,NA,NA,"Cells_Cultured_fibroblasts"
"Run_Up24_Exon",NA,NA,NA,NA,NA,NA,"Cells_EBV-transformed_lymphocytes"
"Run_Up24_Exon",NA,NA,NA,NA,NA,NA,"Colon_Sigmoid"
"Run_Up24_Exon",NA,NA,NA,NA,NA,NA,"Colon_Transverse"
"Run_Up24_Exon",NA,NA,NA,NA,NA,NA,"Esophagus_Gastroesophageal_Junction"
"Run_Up24_Exon",NA,NA,NA,NA,NA,NA,"Esophagus_Mucosa"
"Run_Up24_Exon",NA,NA,NA,NA,NA,NA,"Esophagus_Muscularis"
"Run_Up24_Exon",NA,NA,NA,NA,NA,NA,"Heart_Atrial_Appendage"
"Run_Up24_Exon",NA,NA,NA,NA,NA,NA,"Heart_Left_Ventricle"
"Run_Up24_Exon",NA,NA,NA,NA,NA,NA,"Kidney_Cortex"
"Run_Up24_Exon",NA,NA,NA,NA,NA,NA,"Liver"
"Run_Up24_Exon",0.384469696969697,3.93397944592418,1,7,2,33,"Lung"
"Run_Up24_Exon",NA,NA,NA,NA,NA,NA,"Minor_Salivary_Gland"
"Run_Up24_Exon",0.423925667828107,3.31992321977131,1,10,2,42,"Muscle_Skeletal"
"Run_Up24_Exon",NA,NA,NA,NA,NA,NA,"Nerve_Tibial"
"Run_Up24_Exon",NA,NA,NA,NA,NA,NA,"Ovary"
"Run_Up24_Exon",NA,NA,NA,NA,NA,NA,"Pancreas"
"Run_Up24_Exon",NA,NA,NA,NA,NA,NA,"Pituitary"
"Run_Up24_Exon",NA,NA,NA,NA,NA,NA,"Prostate"
"Run_Up24_Exon",0.186046511627907,Inf,1,8,1,43,"Skin_Not_Sun_Exposed_Suprapubic"
"Run_Up24_Exon",NA,NA,NA,NA,NA,NA,"Skin_Sun_Exposed_Lower_leg"
"Run_Up24_Exon",NA,NA,NA,NA,NA,NA,"Small_Intestine_Terminal_Ileum"
"Run_Up24_Exon",NA,NA,NA,NA,NA,NA,"Spleen"
"Run_Up24_Exon",NA,NA,NA,NA,NA,NA,"Stomach"
"Run_Up24_Exon",NA,NA,NA,NA,NA,NA,"Testis"
"Run_Up24_Exon",NA,NA,NA,NA,NA,NA,"Thyroid"
"Run_Up24_Exon",NA,NA,NA,NA,NA,NA,"Uterus"
"Run_Up24_Exon",NA,NA,NA,NA,NA,NA,"Vagina"
"Run_Up24_Exon",0.1875,Inf,1,6,1,32,"Whole_Blood"
"Run_Down4_Exon",0.546214814697874,1.30045756594106,2,20,6,71,"Adipose_Subcutaneous"
"Run_Down4_Exon",0.739993832870799,0.863782051293525,1,13,4,47,"Adipose_Visceral_Omentum"
"Run_Down4_Exon",0.334440227703985,2.65805007451719,2,10,4,34,"Adrenal_Gland"
"Run_Down4_Exon",0.0881514870098983,5.46071800839406,3,13,5,53,"Artery_Aorta"
"Run_Down4_Exon",NA,NA,NA,NA,NA,NA,"Artery_Coronary"
"Run_Down4_Exon",0.129308741502452,3.30556883172934,4,23,7,74,"Artery_Tibial"
"Run_Down4_Exon",NA,NA,NA,NA,NA,NA,"Brain_Amygdala"
"Run_Down4_Exon",NA,NA,NA,NA,NA,NA,"Brain_Anterior_cingulate_cortex_BA24"
"Run_Down4_Exon",NA,NA,NA,NA,NA,NA,"Brain_Caudate_basal_ganglia"
"Run_Down4_Exon",NA,NA,NA,NA,NA,NA,"Brain_Cerebellar_Hemisphere"
"Run_Down4_Exon",NA,NA,NA,NA,NA,NA,"Brain_Cerebellum"
"Run_Down4_Exon",NA,NA,NA,NA,NA,NA,"Brain_Cortex"
"Run_Down4_Exon",NA,NA,NA,NA,NA,NA,"Brain_Frontal_Cortex_BA9"
"Run_Down4_Exon",NA,NA,NA,NA,NA,NA,"Brain_Hippocampus"
"Run_Down4_Exon",NA,NA,NA,NA,NA,NA,"Brain_Hypothalamus"
"Run_Down4_Exon",NA,NA,NA,NA,NA,NA,"Brain_Nucleus_accumbens_basal_ganglia"
"Run_Down4_Exon",NA,NA,NA,NA,NA,NA,"Brain_Putamen_basal_ganglia"
"Run_Down4_Exon",NA,NA,NA,NA,NA,NA,"Brain_Spinal_cord_cervical_c-1"
"Run_Down4_Exon",NA,NA,NA,NA,NA,NA,"Brain_Substantia_nigra"
"Run_Down4_Exon",NA,NA,NA,NA,NA,NA,"Breast_Mammary_Tissue"
"Run_Down4_Exon",0.696684065891089,0.896526977085815,2,23,7,75,"Cells_Cultured_fibroblasts"
"Run_Down4_Exon",NA,NA,NA,NA,NA,NA,"Cells_EBV-transformed_lymphocytes"
"Run_Down4_Exon",0.312557816836263,3.5241003570655,2,18,3,48,"Colon_Sigmoid"
"Run_Down4_Exon",NA,NA,NA,NA,NA,NA,"Colon_Transverse"
"Run_Down4_Exon",0.10276276996431,5.16561952887327,3,11,5,42,"Esophagus_Gastroesophageal_Junction"
"Run_Down4_Exon",0.627137806478811,1.24517873055197,1,13,4,61,"Esophagus_Mucosa"
"Run_Down4_Exon",0.246722902241028,2.16478562339166,4,16,9,54,"Esophagus_Muscularis"
"Run_Down4_Exon",0.13371266002845,7.43026880915334,2,9,3,38,"Heart_Atrial_Appendage"
"Run_Down4_Exon",0.472972972972973,2.79284824834368,1,10,2,37,"Heart_Left_Ventricle"
"Run_Down4_Exon",NA,NA,NA,NA,NA,NA,"Kidney_Cortex"
"Run_Down4_Exon",NA,NA,NA,NA,NA,NA,"Liver"
"Run_Down4_Exon",0.609877913429523,1.4129564702271,1,14,3,53,"Lung"
"Run_Down4_Exon",NA,NA,NA,NA,NA,NA,"Minor_Salivary_Gland"
"Run_Down4_Exon",0.752128856293559,0.781952299245908,2,21,7,63,"Muscle_Skeletal"
"Run_Down4_Exon",0.813464352445915,0.654552472625765,2,23,8,70,"Nerve_Tibial"
"Run_Down4_Exon",NA,NA,NA,NA,NA,NA,"Ovary"
"Run_Down4_Exon",0.330634278002699,4.8600344499543,1,7,2,39,"Pancreas"
"Run_Down4_Exon",NA,NA,NA,NA,NA,NA,"Pituitary"
"Run_Down4_Exon",NA,NA,NA,NA,NA,NA,"Prostate"
"Run_Down4_Exon",0.280653578441497,2.17926366766131,3,20,7,74,"Skin_Not_Sun_Exposed_Suprapubic"
"Run_Down4_Exon",0.367717746687455,1.71992769145382,3,21,8,78,"Skin_Sun_Exposed_Lower_leg"
"Run_Down4_Exon",NA,NA,NA,NA,NA,NA,"Small_Intestine_Terminal_Ileum"
"Run_Down4_Exon",0.331820235354861,2.39005972722154,2,11,5,47,"Spleen"
"Run_Down4_Exon",NA,NA,NA,NA,NA,NA,"Stomach"
"Run_Down4_Exon",0.0393390060426686,11.2769534830191,3,13,4,54,"Testis"
"Run_Down4_Exon",0.353265958799223,1.7837593981173,3,19,8,72,"Thyroid"
"Run_Down4_Exon",NA,NA,NA,NA,NA,NA,"Uterus"
"Run_Down4_Exon",NA,NA,NA,NA,NA,NA,"Vagina"
"Run_Down4_Exon",0.296271907873249,2.05089219524636,3,16,8,66,"Whole_Blood"
"Run_Down8_Exon",NA,NA,NA,NA,NA,NA,"Adipose_Subcutaneous"
"Run_Down8_Exon",NA,NA,NA,NA,NA,NA,"Adipose_Visceral_Omentum"
"Run_Down8_Exon",NA,NA,NA,NA,NA,NA,"Adrenal_Gland"
"Run_Down8_Exon",0.840279860069965,0.621452411167039,3,12,9,29,"Artery_Aorta"
"Run_Down8_Exon",0.769230769230769,0.883314213231731,1,5,3,14,"Artery_Coronary"
"Run_Down8_Exon",0.514135002874641,1.26210139455842,4,13,11,40,"Artery_Tibial"
"Run_Down8_Exon",NA,NA,NA,NA,NA,NA,"Brain_Amygdala"
"Run_Down8_Exon",NA,NA,NA,NA,NA,NA,"Brain_Anterior_cingulate_cortex_BA24"
"Run_Down8_Exon",0.874125874125874,0.524234308921816,1,4,5,14,"Brain_Caudate_basal_ganglia"
"Run_Down8_Exon",NA,NA,NA,NA,NA,NA,"Brain_Cerebellar_Hemisphere"
"Run_Down8_Exon",NA,NA,NA,NA,NA,NA,"Brain_Cerebellum"
"Run_Down8_Exon",NA,NA,NA,NA,NA,NA,"Brain_Cortex"
"Run_Down8_Exon",NA,NA,NA,NA,NA,NA,"Brain_Frontal_Cortex_BA9"
"Run_Down8_Exon",NA,NA,NA,NA,NA,NA,"Brain_Hippocampus"
"Run_Down8_Exon",NA,NA,NA,NA,NA,NA,"Brain_Hypothalamus"
"Run_Down8_Exon",NA,NA,NA,NA,NA,NA,"Brain_Nucleus_accumbens_basal_ganglia"
"Run_Down8_Exon",NA,NA,NA,NA,NA,NA,"Brain_Putamen_basal_ganglia"
"Run_Down8_Exon",NA,NA,NA,NA,NA,NA,"Brain_Spinal_cord_cervical_c-1"
"Run_Down8_Exon",NA,NA,NA,NA,NA,NA,"Brain_Substantia_nigra"
"Run_Down8_Exon",0.815531475748194,0.680365942752371,1,4,6,19,"Breast_Mammary_Tissue"
"Run_Down8_Exon",0.637405303341311,1,4,12,13,39,"Cells_Cultured_fibroblasts"
"Run_Down8_Exon",NA,NA,NA,NA,NA,NA,"Cells_EBV-transformed_lymphocytes"
"Run_Down8_Exon",0.923976608187135,0.372751939573899,1,5,8,22,"Colon_Sigmoid"
"Run_Down8_Exon",NA,NA,NA,NA,NA,NA,"Colon_Transverse"
"Run_Down8_Exon",0.693498452012384,1,2,5,8,20,"Esophagus_Gastroesophageal_Junction"
"Run_Down8_Exon",0.870908661231242,0.540360023532153,2,10,10,35,"Esophagus_Mucosa"
"Run_Down8_Exon",0.868261030774935,0.545717066933681,2,10,9,32,"Esophagus_Muscularis"
"Run_Down8_Exon",0.834130781499203,0.613130978150542,1,5,6,22,"Heart_Atrial_Appendage"
"Run_Down8_Exon",0.723297213622291,0.904747243030058,2,7,6,20,"Heart_Left_Ventricle"
"Run_Down8_Exon",NA,NA,NA,NA,NA,NA,"Kidney_Cortex"
"Run_Down8_Exon",NA,NA,NA,NA,NA,NA,"Liver"
"Run_Down8_Exon",NA,NA,NA,NA,NA,NA,"Lung"
"Run_Down8_Exon",NA,NA,NA,NA,NA,NA,"Minor_Salivary_Gland"
"Run_Down8_Exon",NA,NA,NA,NA,NA,NA,"Muscle_Skeletal"
"Run_Down8_Exon",0.973908711483795,0.289438401443095,2,12,12,36,"Nerve_Tibial"
"Run_Down8_Exon",NA,NA,NA,NA,NA,NA,"Ovary"
"Run_Down8_Exon",NA,NA,NA,NA,NA,NA,"Pancreas"
"Run_Down8_Exon",NA,NA,NA,NA,NA,NA,"Pituitary"
"Run_Down8_Exon",NA,NA,NA,NA,NA,NA,"Prostate"
"Run_Down8_Exon",0.79387998308538,0.708406139759978,2,7,10,29,"Skin_Not_Sun_Exposed_Suprapubic"
"Run_Down8_Exon",0.672646194385325,1,2,7,8,28,"Skin_Sun_Exposed_Lower_leg"
"Run_Down8_Exon",0.874125874125874,0.524234308921816,1,5,4,14,"Small_Intestine_Terminal_Ileum"
"Run_Down8_Exon",NA,NA,NA,NA,NA,NA,"Spleen"
"Run_Down8_Exon",0.948717948717949,0.302142618461739,1,4,7,15,"Stomach"
"Run_Down8_Exon",NA,NA,NA,NA,NA,NA,"Testis"
"Run_Down8_Exon",0.983577849261943,0.200445524525025,1,12,9,37,"Thyroid"
"Run_Down8_Exon",NA,NA,NA,NA,NA,NA,"Uterus"
"Run_Down8_Exon",NA,NA,NA,NA,NA,NA,"Vagina"
"Run_Down8_Exon",0.23399209486166,3.94973299717462,2,4,6,25,"Whole_Blood"
"Run_Down24_Exon",0.172215192634932,3.21363783810812,3,10,7,45,"Adipose_Subcutaneous"
"Run_Down24_Exon",NA,NA,NA,NA,NA,NA,"Adipose_Visceral_Omentum"
"Run_Down24_Exon",NA,NA,NA,NA,NA,NA,"Adrenal_Gland"
"Run_Down24_Exon",0.379679144385027,3.32808276644486,1,5,3,35,"Artery_Aorta"
"Run_Down24_Exon",NA,NA,NA,NA,NA,NA,"Artery_Coronary"
"Run_Down24_Exon",0.147463252726411,5.42288229866712,2,7,4,38,"Artery_Tibial"
"Run_Down24_Exon",0.25,Inf,1,2,1,8,"Brain_Amygdala"
"Run_Down24_Exon",0.266666666666667,Inf,1,4,1,15,"Brain_Anterior_cingulate_cortex_BA24"
"Run_Down24_Exon",NA,NA,NA,NA,NA,NA,"Brain_Caudate_basal_ganglia"
"Run_Down24_Exon",0.193548387096774,Inf,1,6,1,31,"Brain_Cerebellar_Hemisphere"
"Run_Down24_Exon",0.320197044334976,5.25366592856427,1,5,2,29,"Brain_Cerebellum"
"Run_Down24_Exon",0.25,Inf,1,7,1,28,"Brain_Cortex"
"Run_Down24_Exon",NA,NA,NA,NA,NA,NA,"Brain_Frontal_Cortex_BA9"
"Run_Down24_Exon",NA,NA,NA,NA,NA,NA,"Brain_Hippocampus"
"Run_Down24_Exon",NA,NA,NA,NA,NA,NA,"Brain_Hypothalamus"
"Run_Down24_Exon",0.324110671936759,5.33861737210693,1,4,2,23,"Brain_Nucleus_accumbens_basal_ganglia"
"Run_Down24_Exon",NA,NA,NA,NA,NA,NA,"Brain_Putamen_basal_ganglia"
"Run_Down24_Exon",NA,NA,NA,NA,NA,NA,"Brain_Spinal_cord_cervical_c-1"
"Run_Down24_Exon",NA,NA,NA,NA,NA,NA,"Brain_Substantia_nigra"
"Run_Down24_Exon",NA,NA,NA,NA,NA,NA,"Breast_Mammary_Tissue"
"Run_Down24_Exon",0.844040543539915,0.561848636902645,1,10,7,46,"Cells_Cultured_fibroblasts"
"Run_Down24_Exon",0.263157894736842,Inf,1,5,1,19,"Cells_EBV-transformed_lymphocytes"
"Run_Down24_Exon",0.353846153846154,4.5826024268915,1,5,2,26,"Colon_Sigmoid"
"Run_Down24_Exon",0.344758064516129,4.65478329717329,1,6,2,32,"Colon_Transverse"
"Run_Down24_Exon",0.501477832512315,2.13202516152106,1,6,3,30,"Esophagus_Gastroesophageal_Junction"
"Run_Down24_Exon",0.163584637268848,6.33405206904783,2,10,3,38,"Esophagus_Mucosa"
"Run_Down24_Exon",0.640381558028617,1.23063438408398,1,8,4,37,"Esophagus_Muscularis"
"Run_Down24_Exon",0.61025641025641,1.47594519205931,1,7,3,27,"Heart_Atrial_Appendage"
"Run_Down24_Exon",NA,NA,NA,NA,NA,NA,"Heart_Left_Ventricle"
"Run_Down24_Exon",NA,NA,NA,NA,NA,NA,"Kidney_Cortex"
"Run_Down24_Exon",NA,NA,NA,NA,NA,NA,"Liver"
"Run_Down24_Exon",0.0241633579126489,14.9178808429217,3,9,4,43,"Lung"
"Run_Down24_Exon",NA,NA,NA,NA,NA,NA,"Minor_Salivary_Gland"
"Run_Down24_Exon",0.38167664483454,2.03049972823877,2,9,6,42,"Muscle_Skeletal"
"Run_Down24_Exon",0.0891400148348532,5.06145925406492,3,9,6,44,"Nerve_Tibial"
"Run_Down24_Exon",0.272727272727273,Inf,1,3,1,11,"Ovary"
"Run_Down24_Exon",NA,NA,NA,NA,NA,NA,"Pancreas"
"Run_Down24_Exon",0.545454545454545,2.2360961705551,1,7,2,22,"Pituitary"
"Run_Down24_Exon",NA,NA,NA,NA,NA,NA,"Prostate"
"Run_Down24_Exon",0.0189394687469142,17.04097346855,3,8,4,41,"Skin_Not_Sun_Exposed_Suprapubic"
"Run_Down24_Exon",0.266726764711435,2.91630147747356,2,10,5,49,"Skin_Sun_Exposed_Lower_leg"
"Run_Down24_Exon",0.333333333333333,Inf,1,6,1,18,"Small_Intestine_Terminal_Ileum"
"Run_Down24_Exon",NA,NA,NA,NA,NA,NA,"Spleen"
"Run_Down24_Exon",NA,NA,NA,NA,NA,NA,"Stomach"
"Run_Down24_Exon",NA,NA,NA,NA,NA,NA,"Testis"
"Run_Down24_Exon",0.479740980573543,2.20308393151541,1,9,3,47,"Thyroid"
"Run_Down24_Exon",NA,NA,NA,NA,NA,NA,"Uterus"
"Run_Down24_Exon",NA,NA,NA,NA,NA,NA,"Vagina"
"Run_Down24_Exon",0.128428952305717,5.97483702599206,2,7,4,41,"Whole_Blood"
"Run_Up4Del_Exon",0.175462808530694,1.9505133237633,7,40,15,122,"Adipose_Subcutaneous"
"Run_Up4Del_Exon",0.482426143521971,1.35111169473475,3,30,8,96,"Adipose_Visceral_Omentum"
"Run_Up4Del_Exon",0.63565668202765,1.28868251478383,1,18,3,64,"Adrenal_Gland"
"Run_Up4Del_Exon",0.216162549283333,2.08106383840651,5,36,10,106,"Artery_Aorta"
"Run_Up4Del_Exon",0.369565217391304,Inf,1,17,1,46,"Artery_Coronary"
"Run_Up4Del_Exon",0.501994805687368,1.17131156247563,5,41,14,126,"Artery_Tibial"
"Run_Up4Del_Exon",NA,NA,NA,NA,NA,NA,"Brain_Amygdala"
"Run_Up4Del_Exon",NA,NA,NA,NA,NA,NA,"Brain_Anterior_cingulate_cortex_BA24"
"Run_Up4Del_Exon",0.529508196721311,2.24393211905956,1,19,2,61,"Brain_Caudate_basal_ganglia"
"Run_Up4Del_Exon",0.355263157894737,Inf,1,27,1,76,"Brain_Cerebellar_Hemisphere"
"Run_Up4Del_Exon",0.236024468536127,2.89695527925084,3,28,5,79,"Brain_Cerebellum"
"Run_Up4Del_Exon",0.354138398914518,3.06644399701414,2,27,3,67,"Brain_Cortex"
"Run_Up4Del_Exon",0.83625450180072,0.59391517739432,1,18,4,51,"Brain_Frontal_Cortex_BA9"
"Run_Up4Del_Exon",NA,NA,NA,NA,NA,NA,"Brain_Hippocampus"
"Run_Up4Del_Exon",0.388888888888889,Inf,1,14,1,36,"Brain_Hypothalamus"
"Run_Up4Del_Exon",0.450980392156863,Inf,1,23,1,51,"Brain_Nucleus_accumbens_basal_ganglia"
"Run_Up4Del_Exon",NA,NA,NA,NA,NA,NA,"Brain_Putamen_basal_ganglia"
"Run_Up4Del_Exon",NA,NA,NA,NA,NA,NA,"Brain_Spinal_cord_cervical_c-1"
"Run_Up4Del_Exon",NA,NA,NA,NA,NA,NA,"Brain_Substantia_nigra"
"Run_Up4Del_Exon",0.271790943139258,3.93427784176703,2,31,3,90,"Breast_Mammary_Tissue"
"Run_Up4Del_Exon",0.670538900634758,0.899582725199119,6,47,20,147,"Cells_Cultured_fibroblasts"
"Run_Up4Del_Exon",0.371428571428572,Inf,1,13,1,35,"Cells_EBV-transformed_lymphocytes"
"Run_Up4Del_Exon",0.383059966669253,1.7071627777901,3,27,7,86,"Colon_Sigmoid"
"Run_Up4Del_Exon",0.422679252792511,1.98127638443791,2,27,4,79,"Colon_Transverse"
"Run_Up4Del_Exon",0.253078721938379,2.75008660016851,3,31,5,85,"Esophagus_Gastroesophageal_Junction"
"Run_Up4Del_Exon",0.456327951667582,1.33000416485219,4,41,10,121,"Esophagus_Mucosa"
"Run_Up4Del_Exon",0.244880903738072,1.88974216459034,5,37,11,116,"Esophagus_Muscularis"
"Run_Up4Del_Exon",0.0608629109705513,4.75695767396472,5,36,7,98,"Heart_Atrial_Appendage"
"Run_Up4Del_Exon",0.567990026850786,1.27796944055212,2,28,5,81,"Heart_Left_Ventricle"
"Run_Up4Del_Exon",NA,NA,NA,NA,NA,NA,"Kidney_Cortex"
"Run_Up4Del_Exon",0.414634146341463,Inf,1,17,1,41,"Liver"
"Run_Up4Del_Exon",0.26534438593351,2.04895022310087,4,35,8,103,"Lung"
"Run_Up4Del_Exon",0.157258064516129,Inf,2,13,2,32,"Minor_Salivary_Gland"
"Run_Up4Del_Exon",0.0559110939220384,3.17005153990444,7,38,12,114,"Muscle_Skeletal"
"Run_Up4Del_Exon",0.150359965992513,1.96449476645071,8,44,17,133,"Nerve_Tibial"
"Run_Up4Del_Exon",NA,NA,NA,NA,NA,NA,"Ovary"
"Run_Up4Del_Exon",0.52904989747095,2.2344806463931,1,24,2,77,"Pancreas"
"Run_Up4Del_Exon",0.0463369963369964,Inf,3,24,3,65,"Pituitary"
"Run_Up4Del_Exon",0.372549019607843,Inf,1,19,1,51,"Prostate"
"Run_Up4Del_Exon",0.171647676510047,2.12843452287927,6,41,12,122,"Skin_Not_Sun_Exposed_Suprapubic"
"Run_Up4Del_Exon",0.132243863710986,2.19654605331145,7,45,14,136,"Skin_Sun_Exposed_Lower_leg"
"Run_Up4Del_Exon",0.479487179487179,2.71695114093734,1,11,2,40,"Small_Intestine_Terminal_Ileum"
"Run_Up4Del_Exon",0.0316152607410879,9.87101931856334,4,26,5,83,"Spleen"
"Run_Up4Del_Exon",0.601609657947686,1.74523646250736,1,26,2,71,"Stomach"
"Run_Up4Del_Exon",0.0336408030385242,Inf,3,32,3,97,"Testis"
"Run_Up4Del_Exon",0.756492171745645,0.765116077530967,3,36,13,130,"Thyroid"
"Run_Up4Del_Exon",NA,NA,NA,NA,NA,NA,"Uterus"
"Run_Up4Del_Exon",NA,NA,NA,NA,NA,NA,"Vagina"
"Run_Up4Del_Exon",0.751250062362379,0.791090786656469,5,43,15,113,"Whole_Blood"
"Run_Down4Del_Exon",0.546215260848673,1.10155246438783,5,22,17,79,"Adipose_Subcutaneous"
"Run_Down4Del_Exon",0.318533850586126,1.73377071736688,4,16,12,66,"Adipose_Visceral_Omentum"
"Run_Down4Del_Exon",NA,NA,NA,NA,NA,NA,"Adrenal_Gland"
"Run_Down4Del_Exon",0.720791419573532,0.835713743315158,2,14,10,62,"Artery_Aorta"
"Run_Down4Del_Exon",NA,NA,NA,NA,NA,NA,"Artery_Coronary"
"Run_Down4Del_Exon",0.746283895971228,0.783508724530671,3,19,15,81,"Artery_Tibial"
"Run_Down4Del_Exon",NA,NA,NA,NA,NA,NA,"Brain_Amygdala"
"Run_Down4Del_Exon",NA,NA,NA,NA,NA,NA,"Brain_Anterior_cingulate_cortex_BA24"
"Run_Down4Del_Exon",0.558500086251509,1.63856084784874,1,6,4,34,"Brain_Caudate_basal_ganglia"
"Run_Down4Del_Exon",0.828596834685082,0.598368308057027,1,10,7,48,"Brain_Cerebellar_Hemisphere"
"Run_Down4Del_Exon",0.807392520718152,0.664909250427331,2,16,10,61,"Brain_Cerebellum"
"Run_Down4Del_Exon",0.375530759356177,2.02740047712729,2,8,7,44,"Brain_Cortex"
"Run_Down4Del_Exon",NA,NA,NA,NA,NA,NA,"Brain_Frontal_Cortex_BA9"
"Run_Down4Del_Exon",NA,NA,NA,NA,NA,NA,"Brain_Hippocampus"
"Run_Down4Del_Exon",NA,NA,NA,NA,NA,NA,"Brain_Hypothalamus"
"Run_Down4Del_Exon",0.452540106951872,2.50893775046789,1,6,3,34,"Brain_Nucleus_accumbens_basal_ganglia"
"Run_Down4Del_Exon",NA,NA,NA,NA,NA,NA,"Brain_Putamen_basal_ganglia"
"Run_Down4Del_Exon",0.539243365330322,1.93195871915584,1,5,3,23,"Brain_Spinal_cord_cervical_c-1"
"Run_Down4Del_Exon",NA,NA,NA,NA,NA,NA,"Brain_Substantia_nigra"
"Run_Down4Del_Exon",0.86445821936196,0.555269454958925,2,14,12,57,"Breast_Mammary_Tissue"
"Run_Down4Del_Exon",0.86848459147468,0.548860675893198,2,24,11,87,"Cells_Cultured_fibroblasts"
"Run_Down4Del_Exon",NA,NA,NA,NA,NA,NA,"Cells_EBV-transformed_lymphocytes"
"Run_Down4Del_Exon",NA,NA,NA,NA,NA,NA,"Colon_Sigmoid"
"Run_Down4Del_Exon",NA,NA,NA,NA,NA,NA,"Colon_Transverse"
"Run_Down4Del_Exon",0.600515395797542,1.13052866191866,2,12,8,52,"Esophagus_Gastroesophageal_Junction"
"Run_Down4Del_Exon",0.985197602004824,0.206442929594636,1,22,12,80,"Esophagus_Mucosa"
"Run_Down4Del_Exon",0.857418885680347,0.597802589046621,3,16,17,66,"Esophagus_Muscularis"
"Run_Down4Del_Exon",0.870402484761891,0.4983485371308,1,10,8,48,"Heart_Atrial_Appendage"
"Run_Down4Del_Exon",0.743780892958431,0.836662774309239,1,10,5,44,"Heart_Left_Ventricle"
"Run_Down4Del_Exon",NA,NA,NA,NA,NA,NA,"Kidney_Cortex"
"Run_Down4Del_Exon",NA,NA,NA,NA,NA,NA,"Liver"
"Run_Down4Del_Exon",0.922884736776776,0.377157412025706,1,15,10,71,"Lung"
"Run_Down4Del_Exon",NA,NA,NA,NA,NA,NA,"Minor_Salivary_Gland"
"Run_Down4Del_Exon",0.815850437002466,0.646978629163227,2,15,13,72,"Muscle_Skeletal"
"Run_Down4Del_Exon",0.830190025321216,0.645967230645564,3,20,17,85,"Nerve_Tibial"
"Run_Down4Del_Exon",NA,NA,NA,NA,NA,NA,"Ovary"
"Run_Down4Del_Exon",NA,NA,NA,NA,NA,NA,"Pancreas"
"Run_Down4Del_Exon",0.892273531554661,0.450171405168336,1,14,5,41,"Pituitary"
"Run_Down4Del_Exon",NA,NA,NA,NA,NA,NA,"Prostate"
"Run_Down4Del_Exon",NA,NA,NA,NA,NA,NA,"Skin_Not_Sun_Exposed_Suprapubic"
"Run_Down4Del_Exon",NA,NA,NA,NA,NA,NA,"Skin_Sun_Exposed_Lower_leg"
"Run_Down4Del_Exon",NA,NA,NA,NA,NA,NA,"Small_Intestine_Terminal_Ileum"
"Run_Down4Del_Exon",0.697772384231874,0.953208099538736,1,8,7,54,"Spleen"
"Run_Down4Del_Exon",NA,NA,NA,NA,NA,NA,"Stomach"
"Run_Down4Del_Exon",0.599259173707812,1.12744778805371,2,19,7,72,"Testis"
"Run_Down4Del_Exon",0.913651669741686,0.463647246229374,2,20,16,92,"Thyroid"
"Run_Down4Del_Exon",NA,NA,NA,NA,NA,NA,"Uterus"
"Run_Down4Del_Exon",NA,NA,NA,NA,NA,NA,"Vagina"
"Run_Down4Del_Exon",0.789937717740829,0.711964458389521,3,17,16,73,"Whole_Blood"
"Run_All-same_Exon",0.966030459085298,0.537964655320042,8,87,70,478,"Adipose_Subcutaneous"
"Run_All-same_Exon",0.955827396377004,0.473560438653408,4,63,42,366,"Adipose_Visceral_Omentum"
"Run_All-same_Exon",0.539140311374747,1.08671526391918,4,41,22,240,"Adrenal_Gland"
"Run_All-same_Exon",0.346613130947091,1.24056811857719,10,66,51,392,"Artery_Aorta"
"Run_All-same_Exon",0.637460787651085,0.978686665084292,2,30,12,177,"Artery_Coronary"
"Run_All-same_Exon",0.590354579587583,0.971303704801236,14,98,72,494,"Artery_Tibial"
"Run_All-same_Exon",0.700682317634528,0.941850951270594,1,18,5,86,"Brain_Amygdala"
"Run_All-same_Exon",0.374554284083905,1.59708051732964,3,30,10,138,"Brain_Anterior_cingulate_cortex_BA24"
"Run_All-same_Exon",0.87250300035228,0.547022301207662,2,38,19,222,"Brain_Caudate_basal_ganglia"
"Run_All-same_Exon",0.860209173698046,0.569126898175194,2,46,20,289,"Brain_Cerebellar_Hemisphere"
"Run_All-same_Exon",0.992108496281894,0.263699778226713,2,58,35,334,"Brain_Cerebellum"
"Run_All-same_Exon",0.823181911361781,0.66205892206906,3,46,24,266,"Brain_Cortex"
"Run_All-same_Exon",0.621296911915152,0.975112808962383,3,35,18,206,"Brain_Frontal_Cortex_BA9"
"Run_All-same_Exon",0.199370318751657,2.47868086399539,3,24,9,135,"Brain_Hippocampus"
"Run_All-same_Exon",0.917662605706255,0.391023787004465,1,26,12,144,"Brain_Hypothalamus"
"Run_All-same_Exon",0.673116194928417,0.896978334077353,2,31,16,227,"Brain_Nucleus_accumbens_basal_ganglia"
"Run_All-same_Exon",0.888657742294272,0.45299070369258,1,34,11,193,"Brain_Putamen_basal_ganglia"
"Run_All-same_Exon",NA,NA,NA,NA,NA,NA,"Brain_Spinal_cord_cervical_c-1"
"Run_All-same_Exon",0.756967027173624,0.768714938814176,1,19,6,93,"Brain_Substantia_nigra"
"Run_All-same_Exon",0.922194974370119,0.505720297986448,3,53,32,326,"Breast_Mammary_Tissue"
"Run_All-same_Exon",0.895950919586414,0.70321039578972,13,106,85,540,"Cells_Cultured_fibroblasts"
"Run_All-same_Exon",0.798711951763886,0.674010322391083,2,25,17,156,"Cells_EBV-transformed_lymphocytes"
"Run_All-same_Exon",0.760367650195364,0.790006849873499,6,63,38,335,"Colon_Sigmoid"
"Run_All-same_Exon",0.957695960651062,0.432992681196484,3,61,34,351,"Colon_Transverse"
"Run_All-same_Exon",0.170965559541566,1.6165075979988,9,46,44,314,"Esophagus_Gastroesophageal_Junction"
"Run_All-same_Exon",0.843855255524354,0.708564602462873,7,76,56,467,"Esophagus_Mucosa"
"Run_All-same_Exon",0.69472741879912,0.881207941800024,11,77,67,429,"Esophagus_Muscularis"
"Run_All-same_Exon",0.610732583013467,0.958617060811983,7,62,39,335,"Heart_Atrial_Appendage"
"Run_All-same_Exon",0.874564323487598,0.634045644703991,5,59,36,302,"Heart_Left_Ventricle"
"Run_All-same_Exon",NA,NA,NA,NA,NA,NA,"Kidney_Cortex"
"Run_All-same_Exon",0.836519859170646,0.563717052619727,1,22,11,150,"Liver"
"Run_All-same_Exon",0.67822822669326,0.888121830479205,8,70,50,401,"Lung"
"Run_All-same_Exon",0.707731990744794,0.896376667674364,1,24,6,132,"Minor_Salivary_Gland"
"Run_All-same_Exon",0.949586672537252,0.584892661625022,9,84,70,442,"Muscle_Skeletal"
"Run_All-same_Exon",0.908556664372351,0.662748924807816,10,92,75,510,"Nerve_Tibial"
"Run_All-same_Exon",0.898548819175217,0.432291028073737,1,25,13,161,"Ovary"
"Run_All-same_Exon",0.9145309078284,0.473016804817575,2,48,23,297,"Pancreas"
"Run_All-same_Exon",0.975909981426721,0.251609030421936,1,42,19,245,"Pituitary"
"Run_All-same_Exon",0.943620463070686,0.334628395995755,1,34,15,202,"Prostate"
"Run_All-same_Exon",0.310033885356786,1.2554710392338,12,77,63,475,"Skin_Not_Sun_Exposed_Suprapubic"
"Run_All-same_Exon",0.720491683882394,0.859329308839139,11,87,73,517,"Skin_Sun_Exposed_Lower_leg"
"Run_All-same_Exon",0.646234495983302,0.935396004240377,3,36,17,194,"Small_Intestine_Terminal_Ileum"
"Run_All-same_Exon",0.867249986709729,0.624173062417386,4,56,33,320,"Spleen"
"Run_All-same_Exon",0.800737730009661,0.695319152421293,3,39,27,263,"Stomach"
"Run_All-same_Exon",0.898775593486608,0.577917795326399,4,78,32,405,"Testis"
"Run_All-same_Exon",0.94103396507514,0.590664194535631,8,90,69,520,"Thyroid"
"Run_All-same_Exon",NA,NA,NA,NA,NA,NA,"Uterus"
"Run_All-same_Exon",NA,NA,NA,NA,NA,NA,"Vagina"
"Run_All-same_Exon",0.150771488252049,1.50020290976992,14,69,64,414,"Whole_Blood"
"Run_All-delayed_Exon",NA,NA,NA,NA,NA,NA,"Adipose_Subcutaneous"
"Run_All-delayed_Exon",NA,NA,NA,NA,NA,NA,"Adipose_Visceral_Omentum"
"Run_All-delayed_Exon",NA,NA,NA,NA,NA,NA,"Adrenal_Gland"
"Run_All-delayed_Exon",NA,NA,NA,NA,NA,NA,"Artery_Aorta"
"Run_All-delayed_Exon",NA,NA,NA,NA,NA,NA,"Artery_Coronary"
"Run_All-delayed_Exon",NA,NA,NA,NA,NA,NA,"Artery_Tibial"
"Run_All-delayed_Exon",NA,NA,NA,NA,NA,NA,"Brain_Amygdala"
"Run_All-delayed_Exon",NA,NA,NA,NA,NA,NA,"Brain_Anterior_cingulate_cortex_BA24"
"Run_All-delayed_Exon",NA,NA,NA,NA,NA,NA,"Brain_Caudate_basal_ganglia"
"Run_All-delayed_Exon",NA,NA,NA,NA,NA,NA,"Brain_Cerebellar_Hemisphere"
"Run_All-delayed_Exon",NA,NA,NA,NA,NA,NA,"Brain_Cerebellum"
"Run_All-delayed_Exon",NA,NA,NA,NA,NA,NA,"Brain_Cortex"
"Run_All-delayed_Exon",NA,NA,NA,NA,NA,NA,"Brain_Frontal_Cortex_BA9"
"Run_All-delayed_Exon",NA,NA,NA,NA,NA,NA,"Brain_Hippocampus"
"Run_All-delayed_Exon",NA,NA,NA,NA,NA,NA,"Brain_Hypothalamus"
"Run_All-delayed_Exon",NA,NA,NA,NA,NA,NA,"Brain_Nucleus_accumbens_basal_ganglia"
"Run_All-delayed_Exon",NA,NA,NA,NA,NA,NA,"Brain_Putamen_basal_ganglia"
"Run_All-delayed_Exon",NA,NA,NA,NA,NA,NA,"Brain_Spinal_cord_cervical_c-1"
"Run_All-delayed_Exon",NA,NA,NA,NA,NA,NA,"Brain_Substantia_nigra"
"Run_All-delayed_Exon",NA,NA,NA,NA,NA,NA,"Breast_Mammary_Tissue"
"Run_All-delayed_Exon",NA,NA,NA,NA,NA,NA,"Cells_Cultured_fibroblasts"
"Run_All-delayed_Exon",NA,NA,NA,NA,NA,NA,"Cells_EBV-transformed_lymphocytes"
"Run_All-delayed_Exon",NA,NA,NA,NA,NA,NA,"Colon_Sigmoid"
"Run_All-delayed_Exon",NA,NA,NA,NA,NA,NA,"Colon_Transverse"
"Run_All-delayed_Exon",NA,NA,NA,NA,NA,NA,"Esophagus_Gastroesophageal_Junction"
"Run_All-delayed_Exon",NA,NA,NA,NA,NA,NA,"Esophagus_Mucosa"
"Run_All-delayed_Exon",NA,NA,NA,NA,NA,NA,"Esophagus_Muscularis"
"Run_All-delayed_Exon",NA,NA,NA,NA,NA,NA,"Heart_Atrial_Appendage"
"Run_All-delayed_Exon",NA,NA,NA,NA,NA,NA,"Heart_Left_Ventricle"
"Run_All-delayed_Exon",NA,NA,NA,NA,NA,NA,"Kidney_Cortex"
"Run_All-delayed_Exon",NA,NA,NA,NA,NA,NA,"Liver"
"Run_All-delayed_Exon",NA,NA,NA,NA,NA,NA,"Lung"
"Run_All-delayed_Exon",NA,NA,NA,NA,NA,NA,"Minor_Salivary_Gland"
"Run_All-delayed_Exon",NA,NA,NA,NA,NA,NA,"Muscle_Skeletal"
"Run_All-delayed_Exon",NA,NA,NA,NA,NA,NA,"Nerve_Tibial"
"Run_All-delayed_Exon",NA,NA,NA,NA,NA,NA,"Ovary"
"Run_All-delayed_Exon",NA,NA,NA,NA,NA,NA,"Pancreas"
"Run_All-delayed_Exon",NA,NA,NA,NA,NA,NA,"Pituitary"
"Run_All-delayed_Exon",NA,NA,NA,NA,NA,NA,"Prostate"
"Run_All-delayed_Exon",NA,NA,NA,NA,NA,NA,"Skin_Not_Sun_Exposed_Suprapubic"
"Run_All-delayed_Exon",NA,NA,NA,NA,NA,NA,"Skin_Sun_Exposed_Lower_leg"
"Run_All-delayed_Exon",NA,NA,NA,NA,NA,NA,"Small_Intestine_Terminal_Ileum"
"Run_All-delayed_Exon",NA,NA,NA,NA,NA,NA,"Spleen"
"Run_All-delayed_Exon",NA,NA,NA,NA,NA,NA,"Stomach"
"Run_All-delayed_Exon",NA,NA,NA,NA,NA,NA,"Testis"
"Run_All-delayed_Exon",NA,NA,NA,NA,NA,NA,"Thyroid"
"Run_All-delayed_Exon",NA,NA,NA,NA,NA,NA,"Uterus"
"Run_All-delayed_Exon",NA,NA,NA,NA,NA,NA,"Vagina"
"Run_All-delayed_Exon",NA,NA,NA,NA,NA,NA,"Whole_Blood"
"Run_Up4_Intron",0.11313014058993,2.43975538030489,6,27,14,104,"Adipose_Subcutaneous"
"Run_Up4_Intron",0.469723887684563,1.35198914696947,3,21,10,85,"Adipose_Visceral_Omentum"
"Run_Up4_Intron",0.700846944948578,0.955275073665172,1,12,5,58,"Adrenal_Gland"
"Run_Up4_Intron",0.25654537227103,2.21073989507039,3,21,8,93,"Artery_Aorta"
"Run_Up4_Intron",0.447773279352227,2.50636722083078,1,7,3,40,"Artery_Coronary"
"Run_Up4_Intron",0.409932373167808,1.36336655893476,5,37,13,115,"Artery_Tibial"
"Run_Up4_Intron",NA,NA,NA,NA,NA,NA,"Brain_Amygdala"
"Run_Up4_Intron",0.625668449197861,1.64075851536246,1,13,2,34,"Brain_Anterior_cingulate_cortex_BA24"
"Run_Up4_Intron",0.586470588235294,1.52769478871634,1,13,3,52,"Brain_Caudate_basal_ganglia"
"Run_Up4_Intron",0.5112725152026,1.39175613232688,2,14,7,61,"Brain_Cerebellar_Hemisphere"
"Run_Up4_Intron",0.280653578441497,2.17926366766131,3,20,7,74,"Brain_Cerebellum"
"Run_Up4_Intron",0.298551372154697,2.11304550948473,3,17,7,61,"Brain_Cortex"
"Run_Up4_Intron",0.13588850174216,4.32246400932508,3,13,5,45,"Brain_Frontal_Cortex_BA9"
"Run_Up4_Intron",0.25025641025641,4.54607719813286,2,9,3,27,"Brain_Hippocampus"
"Run_Up4_Intron",0.734811165845649,0.946289503415347,1,10,3,29,"Brain_Hypothalamus"
"Run_Up4_Intron",0.524738675958188,1.90247355175539,1,9,3,42,"Brain_Nucleus_accumbens_basal_ganglia"
"Run_Up4_Intron",0.843545351415459,0.569171204228226,1,13,5,44,"Brain_Putamen_basal_ganglia"
"Run_Up4_Intron",NA,NA,NA,NA,NA,NA,"Brain_Spinal_cord_cervical_c-1"
"Run_Up4_Intron",NA,NA,NA,NA,NA,NA,"Brain_Substantia_nigra"
"Run_Up4_Intron",0.337831493465296,2.16528776820589,2,15,6,76,"Breast_Mammary_Tissue"
"Run_Up4_Intron",0.24733139952404,1.54152411432862,9,41,23,132,"Cells_Cultured_fibroblasts"
"Run_Up4_Intron",NA,NA,NA,NA,NA,NA,"Cells_EBV-transformed_lymphocytes"
"Run_Up4_Intron",0.555180397453212,1.24335016932124,2,19,7,77,"Colon_Sigmoid"
"Run_Up4_Intron",0.733160912222695,0.80898956123889,2,19,9,74,"Colon_Transverse"
"Run_Up4_Intron",0.118833461773618,3.64255080849909,3,12,8,73,"Esophagus_Gastroesophageal_Junction"
"Run_Up4_Intron",0.797812318332574,0.679185228344821,2,24,11,100,"Esophagus_Mucosa"
"Run_Up4_Intron",0.707857034525905,0.846885578273389,3,25,13,97,"Esophagus_Muscularis"
"Run_Up4_Intron",0.275233509416086,2.18932224128129,3,23,7,86,"Heart_Atrial_Appendage"
"Run_Up4_Intron",0.444278792927466,1.65342227924964,2,17,6,71,"Heart_Left_Ventricle"
"Run_Up4_Intron",NA,NA,NA,NA,NA,NA,"Kidney_Cortex"
"Run_Up4_Intron",NA,NA,NA,NA,NA,NA,"Liver"
"Run_Up4_Intron",0.675776085080948,0.928260737727881,2,25,8,95,"Lung"
"Run_Up4_Intron",0.783602150537634,0.747181841914588,1,10,4,33,"Minor_Salivary_Gland"
"Run_Up4_Intron",0.476305448726237,1.20975425680495,5,27,17,103,"Muscle_Skeletal"
"Run_Up4_Intron",0.0725919761033316,2.62451639638628,7,26,17,108,"Nerve_Tibial"
"Run_Up4_Intron",0.630161943319838,1.33934364139942,1,11,3,40,"Ovary"
"Run_Up4_Intron",NA,NA,NA,NA,NA,NA,"Pancreas"
"Run_Up4_Intron",0.0831539031723944,4.20194752561017,4,16,7,58,"Pituitary"
"Run_Up4_Intron",NA,NA,NA,NA,NA,NA,"Prostate"
"Run_Up4_Intron",0.0393118208300226,3.67727959228901,6,25,12,102,"Skin_Not_Sun_Exposed_Suprapubic"
"Run_Up4_Intron",0.0115186842451609,4.31532017550328,8,27,15,107,"Skin_Sun_Exposed_Lower_leg"
"Run_Up4_Intron",0.52972972972973,1.88947780247726,1,8,3,37,"Small_Intestine_Terminal_Ileum"
"Run_Up4_Intron",0.253635782627947,2.06607259436507,4,22,9,74,"Spleen"
"Run_Up4_Intron",0.570780399274047,1.60064407995158,1,14,3,58,"Stomach"
"Run_Up4_Intron",0.960216237272448,0.283685833096588,1,29,8,91,"Testis"
"Run_Up4_Intron",0.0298619966967405,3.09831227825146,9,31,18,109,"Thyroid"
"Run_Up4_Intron",NA,NA,NA,NA,NA,NA,"Uterus"
"Run_Up4_Intron",0.526877470355731,1.93621150713023,1,4,4,25,"Vagina"
"Run_Up4_Intron",0.06120206960624,2.84510746771209,7,24,16,96,"Whole_Blood"
"Run_Up8_Intron",0.226890756302521,4.84405697398523,2,11,3,35,"Adipose_Subcutaneous"
"Run_Up8_Intron",0.287023411371237,3.21416627750599,2,7,4,26,"Adipose_Visceral_Omentum"
"Run_Up8_Intron",0.0877192982456141,Inf,2,6,2,19,"Adrenal_Gland"
"Run_Up8_Intron",0.091304347826087,6.14704971103544,3,7,5,27,"Artery_Aorta"
"Run_Up8_Intron",0.595588235294118,1.91491355935851,1,6,2,17,"Artery_Coronary"
"Run_Up8_Intron",0.329925407315318,2.05145172014024,3,9,8,35,"Artery_Tibial"
"Run_Up8_Intron",NA,NA,NA,NA,NA,NA,"Brain_Amygdala"
"Run_Up8_Intron",0.375,Inf,1,3,1,8,"Brain_Anterior_cingulate_cortex_BA24"
"Run_Up8_Intron",0.285714285714286,Inf,1,6,1,21,"Brain_Caudate_basal_ganglia"
"Run_Up8_Intron",0.318181818181818,Inf,1,7,1,22,"Brain_Cerebellar_Hemisphere"
"Run_Up8_Intron",0.645217391304348,1.31736139646916,1,7,3,25,"Brain_Cerebellum"
"Run_Up8_Intron",0.545454545454545,2.2360961705551,1,7,2,22,"Brain_Cortex"
"Run_Up8_Intron",0.411255411255411,3.68790454779276,1,5,2,22,"Brain_Frontal_Cortex_BA9"
"Run_Up8_Intron",0.230769230769231,Inf,1,3,1,13,"Brain_Hippocampus"
"Run_Up8_Intron",0.0329670329670329,Inf,2,3,2,14,"Brain_Hypothalamus"
"Run_Up8_Intron",0.166666666666667,Inf,1,4,1,24,"Brain_Nucleus_accumbens_basal_ganglia"
"Run_Up8_Intron",0.176470588235294,Inf,1,3,1,17,"Brain_Putamen_basal_ganglia"
"Run_Up8_Intron",NA,NA,NA,NA,NA,NA,"Brain_Spinal_cord_cervical_c-1"
"Run_Up8_Intron",0.428571428571428,Inf,1,3,1,7,"Brain_Substantia_nigra"
"Run_Up8_Intron",0.130434782608696,Inf,2,9,2,24,"Breast_Mammary_Tissue"
"Run_Up8_Intron",0.477812857787184,1.42704600841466,3,13,8,42,"Cells_Cultured_fibroblasts"
"Run_Up8_Intron",0.625,1.73196728148012,1,6,2,16,"Cells_EBV-transformed_lymphocytes"
"Run_Up8_Intron",0.295161290322581,3.01654118927173,2,9,4,33,"Colon_Sigmoid"
"Run_Up8_Intron",0.298029556650246,3.80586987755622,2,11,3,30,"Colon_Transverse"
"Run_Up8_Intron",0.143280632411067,7.53277490801283,2,6,3,24,"Esophagus_Gastroesophageal_Junction"
"Run_Up8_Intron",0.571105824975794,1.26931763651116,2,11,6,38,"Esophagus_Mucosa"
"Run_Up8_Intron",0.118601986249045,4.86057010395345,3,10,5,36,"Esophagus_Muscularis"
"Run_Up8_Intron",0.380769230769231,2.97549093372562,2,11,3,26,"Heart_Atrial_Appendage"
"Run_Up8_Intron",0.490706395054221,1.47782825296016,3,10,7,28,"Heart_Left_Ventricle"
"Run_Up8_Intron",NA,NA,NA,NA,NA,NA,"Kidney_Cortex"
"Run_Up8_Intron",0.133333333333333,Inf,2,4,2,10,"Liver"
"Run_Up8_Intron",0.0627363737486096,9.53830575158053,3,9,4,31,"Lung"
"Run_Up8_Intron",0.272727272727273,Inf,1,3,1,11,"Minor_Salivary_Gland"
"Run_Up8_Intron",0.110956618464961,5.15308963225853,3,9,5,33,"Muscle_Skeletal"
"Run_Up8_Intron",0.308981657179001,2.27424072245363,3,12,6,36,"Nerve_Tibial"
"Run_Up8_Intron",NA,NA,NA,NA,NA,NA,"Ovary"
"Run_Up8_Intron",0.375,Inf,1,9,1,24,"Pancreas"
"Run_Up8_Intron",NA,NA,NA,NA,NA,NA,"Pituitary"
"Run_Up8_Intron",0.333333333333333,Inf,1,6,1,18,"Prostate"
"Run_Up8_Intron",0.310511679644049,2.88223820335747,2,9,4,32,"Skin_Not_Sun_Exposed_Suprapubic"
"Run_Up8_Intron",0.594594594594595,1.19437996075267,2,12,6,40,"Skin_Sun_Exposed_Lower_leg"
"Run_Up8_Intron",0.25,Inf,1,4,1,16,"Small_Intestine_Terminal_Ileum"
"Run_Up8_Intron",0.307692307692308,Inf,1,8,1,26,"Spleen"
"Run_Up8_Intron",0.27046866177301,3.49733924383218,2,6,4,23,"Stomach"
"Run_Up8_Intron",0.407258064516129,2.16450623684887,2,11,4,33,"Testis"
"Run_Up8_Intron",0.555448899748389,1.28133088396624,2,11,7,45,"Thyroid"
"Run_Up8_Intron",NA,NA,NA,NA,NA,NA,"Uterus"
"Run_Up8_Intron",NA,NA,NA,NA,NA,NA,"Vagina"
"Run_Up8_Intron",0.0803740851179181,5.20382341021059,4,12,6,36,"Whole_Blood"
"Run_Up24_Intron",0.578378378378378,1.60163510096182,1,9,3,37,"Adipose_Subcutaneous"
"Run_Up24_Intron",NA,NA,NA,NA,NA,NA,"Adipose_Visceral_Omentum"
"Run_Up24_Intron",NA,NA,NA,NA,NA,NA,"Adrenal_Gland"
"Run_Up24_Intron",0.222222222222222,Inf,1,8,1,36,"Artery_Aorta"
"Run_Up24_Intron",NA,NA,NA,NA,NA,NA,"Artery_Coronary"
"Run_Up24_Intron",0.154579093432007,5.03009052988784,2,9,4,48,"Artery_Tibial"
"Run_Up24_Intron",NA,NA,NA,NA,NA,NA,"Brain_Amygdala"
"Run_Up24_Intron",NA,NA,NA,NA,NA,NA,"Brain_Anterior_cingulate_cortex_BA24"
"Run_Up24_Intron",0.214285714285715,Inf,1,6,1,28,"Brain_Caudate_basal_ganglia"
"Run_Up24_Intron",NA,NA,NA,NA,NA,NA,"Brain_Cerebellar_Hemisphere"
"Run_Up24_Intron",NA,NA,NA,NA,NA,NA,"Brain_Cerebellum"
"Run_Up24_Intron",NA,NA,NA,NA,NA,NA,"Brain_Cortex"
"Run_Up24_Intron",NA,NA,NA,NA,NA,NA,"Brain_Frontal_Cortex_BA9"
"Run_Up24_Intron",NA,NA,NA,NA,NA,NA,"Brain_Hippocampus"
"Run_Up24_Intron",NA,NA,NA,NA,NA,NA,"Brain_Hypothalamus"
"Run_Up24_Intron",NA,NA,NA,NA,NA,NA,"Brain_Nucleus_accumbens_basal_ganglia"
"Run_Up24_Intron",0.176470588235294,Inf,1,3,1,17,"Brain_Putamen_basal_ganglia"
"Run_Up24_Intron",NA,NA,NA,NA,NA,NA,"Brain_Spinal_cord_cervical_c-1"
"Run_Up24_Intron",NA,NA,NA,NA,NA,NA,"Brain_Substantia_nigra"
"Run_Up24_Intron",NA,NA,NA,NA,NA,NA,"Breast_Mammary_Tissue"
"Run_Up24_Intron",NA,NA,NA,NA,NA,NA,"Cells_Cultured_fibroblasts"
"Run_Up24_Intron",NA,NA,NA,NA,NA,NA,"Cells_EBV-transformed_lymphocytes"
"Run_Up24_Intron",NA,NA,NA,NA,NA,NA,"Colon_Sigmoid"
"Run_Up24_Intron",NA,NA,NA,NA,NA,NA,"Colon_Transverse"
"Run_Up24_Intron",NA,NA,NA,NA,NA,NA,"Esophagus_Gastroesophageal_Junction"
"Run_Up24_Intron",0.530321718573337,1.73786219320799,1,8,4,48,"Esophagus_Mucosa"
"Run_Up24_Intron",NA,NA,NA,NA,NA,NA,"Esophagus_Muscularis"
"Run_Up24_Intron",NA,NA,NA,NA,NA,NA,"Heart_Atrial_Appendage"
"Run_Up24_Intron",NA,NA,NA,NA,NA,NA,"Heart_Left_Ventricle"
"Run_Up24_Intron",NA,NA,NA,NA,NA,NA,"Kidney_Cortex"
"Run_Up24_Intron",NA,NA,NA,NA,NA,NA,"Liver"
"Run_Up24_Intron",0.384469696969697,3.93397944592418,1,7,2,33,"Lung"
"Run_Up24_Intron",NA,NA,NA,NA,NA,NA,"Minor_Salivary_Gland"
"Run_Up24_Intron",0.678727776288752,1.07222687297018,1,10,4,42,"Muscle_Skeletal"
"Run_Up24_Intron",NA,NA,NA,NA,NA,NA,"Nerve_Tibial"
"Run_Up24_Intron",NA,NA,NA,NA,NA,NA,"Ovary"
"Run_Up24_Intron",NA,NA,NA,NA,NA,NA,"Pancreas"
"Run_Up24_Intron",NA,NA,NA,NA,NA,NA,"Pituitary"
"Run_Up24_Intron",NA,NA,NA,NA,NA,NA,"Prostate"
"Run_Up24_Intron",NA,NA,NA,NA,NA,NA,"Skin_Not_Sun_Exposed_Suprapubic"
"Run_Up24_Intron",NA,NA,NA,NA,NA,NA,"Skin_Sun_Exposed_Lower_leg"
"Run_Up24_Intron",NA,NA,NA,NA,NA,NA,"Small_Intestine_Terminal_Ileum"
"Run_Up24_Intron",0.473504273504273,2.3973983949989,1,5,3,27,"Spleen"
"Run_Up24_Intron",NA,NA,NA,NA,NA,NA,"Stomach"
"Run_Up24_Intron",0.390390390390391,3.80788671911737,1,8,2,37,"Testis"
"Run_Up24_Intron",NA,NA,NA,NA,NA,NA,"Thyroid"
"Run_Up24_Intron",NA,NA,NA,NA,NA,NA,"Uterus"
"Run_Up24_Intron",NA,NA,NA,NA,NA,NA,"Vagina"
"Run_Up24_Intron",0.1875,Inf,1,6,1,32,"Whole_Blood"
"Run_Down4_Intron",0.922021536941766,0.504603469479172,4,20,21,71,"Adipose_Subcutaneous"
"Run_Down4_Intron",0.993403436526638,0.157664363694789,1,13,13,47,"Adipose_Visceral_Omentum"
"Run_Down4_Intron",0.435271216384218,1.60411270178406,3,10,8,34,"Adrenal_Gland"
"Run_Down4_Intron",0.825101916806614,0.631416497740582,2,13,11,53,"Artery_Aorta"
"Run_Down4_Intron",NA,NA,NA,NA,NA,NA,"Artery_Coronary"
"Run_Down4_Intron",0.915891509572484,0.491853915739005,3,23,15,74,"Artery_Tibial"
"Run_Down4_Intron",NA,NA,NA,NA,NA,NA,"Brain_Amygdala"
"Run_Down4_Intron",NA,NA,NA,NA,NA,NA,"Brain_Anterior_cingulate_cortex_BA24"
"Run_Down4_Intron",0.723931623931624,0.94642362694646,1,4,7,27,"Brain_Caudate_basal_ganglia"
"Run_Down4_Intron",NA,NA,NA,NA,NA,NA,"Brain_Cerebellar_Hemisphere"
"Run_Down4_Intron",NA,NA,NA,NA,NA,NA,"Brain_Cerebellum"
"Run_Down4_Intron",0.704505005561735,1,1,8,4,32,"Brain_Cortex"
"Run_Down4_Intron",NA,NA,NA,NA,NA,NA,"Brain_Frontal_Cortex_BA9"
"Run_Down4_Intron",0.488721804511278,2.37093753978263,1,4,3,21,"Brain_Hippocampus"
"Run_Down4_Intron",0.937062937062937,0.338541120150954,1,5,5,14,"Brain_Hypothalamus"
"Run_Down4_Intron",0.61699604743083,1.39562315682422,1,5,4,25,"Brain_Nucleus_accumbens_basal_ganglia"
"Run_Down4_Intron",0.851470769991348,0.552258700408413,1,8,6,32,"Brain_Putamen_basal_ganglia"
"Run_Down4_Intron",NA,NA,NA,NA,NA,NA,"Brain_Spinal_cord_cervical_c-1"
"Run_Down4_Intron",NA,NA,NA,NA,NA,NA,"Brain_Substantia_nigra"
"Run_Down4_Intron",0.964250241737778,0.268067936239825,1,12,9,43,"Breast_Mammary_Tissue"
"Run_Down4_Intron",0.657947108154048,0.926856353267605,5,23,17,75,"Cells_Cultured_fibroblasts"
"Run_Down4_Intron",NA,NA,NA,NA,NA,NA,"Cells_EBV-transformed_lymphocytes"
"Run_Down4_Intron",0.819122056543763,0.662731921091253,3,18,10,48,"Colon_Sigmoid"
"Run_Down4_Intron",0.959108860074805,0.284478303821491,1,14,9,51,"Colon_Transverse"
"Run_Down4_Intron",0.866245083364505,0.550590224239456,2,11,11,42,"Esophagus_Gastroesophageal_Junction"
"Run_Down4_Intron",0.832686261327373,0.616108283702849,2,13,13,61,"Esophagus_Mucosa"
"Run_Down4_Intron",0.628630167315356,0.985125731849654,5,16,17,54,"Esophagus_Muscularis"
"Run_Down4_Intron",0.701589960078924,0.900455142092241,2,9,9,38,"Heart_Atrial_Appendage"
"Run_Down4_Intron",0.886079954333897,0.508824934062128,2,10,11,37,"Heart_Left_Ventricle"
"Run_Down4_Intron",NA,NA,NA,NA,NA,NA,"Kidney_Cortex"
"Run_Down4_Intron",NA,NA,NA,NA,NA,NA,"Liver"
"Run_Down4_Intron",0.744002269883866,0.794324026314134,3,14,13,53,"Lung"
"Run_Down4_Intron",0.298245614035088,6.32455709522216,1,2,3,19,"Minor_Salivary_Gland"
"Run_Down4_Intron",0.870961216063475,0.592995425072748,4,21,16,63,"Muscle_Skeletal"
"Run_Down4_Intron",0.973815908039935,0.376467625555291,4,23,21,70,"Nerve_Tibial"
"Run_Down4_Intron",NA,NA,NA,NA,NA,NA,"Ovary"
"Run_Down4_Intron",0.898525037843923,0.434007552236503,1,7,10,39,"Pancreas"
"Run_Down4_Intron",NA,NA,NA,NA,NA,NA,"Pituitary"
"Run_Down4_Intron",NA,NA,NA,NA,NA,NA,"Prostate"
"Run_Down4_Intron",0.444547923502874,1.29825590193754,5,20,16,74,"Skin_Not_Sun_Exposed_Suprapubic"
"Run_Down4_Intron",0.401002113834977,1.34844011261336,6,21,19,78,"Skin_Sun_Exposed_Lower_leg"
"Run_Down4_Intron",NA,NA,NA,NA,NA,NA,"Small_Intestine_Terminal_Ileum"
"Run_Down4_Intron",0.349700967962667,1.84753168901535,3,11,9,47,"Spleen"
"Run_Down4_Intron",0.858159392789374,0.532209456817837,1,7,8,36,"Stomach"
"Run_Down4_Intron",0.310172239494991,1.81109069544996,4,13,12,54,"Testis"
"Run_Down4_Intron",0.726199620164747,0.822733842647108,4,19,17,72,"Thyroid"
"Run_Down4_Intron",NA,NA,NA,NA,NA,NA,"Uterus"
"Run_Down4_Intron",NA,NA,NA,NA,NA,NA,"Vagina"
"Run_Down4_Intron",0.913253170783673,0.495284419872895,3,16,19,66,"Whole_Blood"
"Run_Down8_Intron",0.942613706587566,0.324390049685449,1,10,7,33,"Adipose_Subcutaneous"
"Run_Down8_Intron",NA,NA,NA,NA,NA,NA,"Adipose_Visceral_Omentum"
"Run_Down8_Intron",NA,NA,NA,NA,NA,NA,"Adrenal_Gland"
"Run_Down8_Intron",0.749658504081293,0.806129410677615,3,12,8,29,"Artery_Aorta"
"Run_Down8_Intron",0.874125874125874,0.524234308921816,1,5,4,14,"Artery_Coronary"
"Run_Down8_Intron",0.164577603169933,2.67425007446396,5,13,10,40,"Artery_Tibial"
"Run_Down8_Intron",NA,NA,NA,NA,NA,NA,"Brain_Amygdala"
"Run_Down8_Intron",0.583333333333333,2.23608603290613,1,2,3,9,"Brain_Anterior_cingulate_cortex_BA24"
"Run_Down8_Intron",0.79020979020979,0.791512204322184,1,4,4,14,"Brain_Caudate_basal_ganglia"
"Run_Down8_Intron",NA,NA,NA,NA,NA,NA,"Brain_Cerebellar_Hemisphere"
"Run_Down8_Intron",0.923399209486166,0.373823014502184,1,7,7,26,"Brain_Cerebellum"
"Run_Down8_Intron",NA,NA,NA,NA,NA,NA,"Brain_Cortex"
"Run_Down8_Intron",0.948717948717949,0.302142618461739,1,7,4,15,"Brain_Frontal_Cortex_BA9"
"Run_Down8_Intron",NA,NA,NA,NA,NA,NA,"Brain_Hippocampus"
"Run_Down8_Intron",NA,NA,NA,NA,NA,NA,"Brain_Hypothalamus"
"Run_Down8_Intron",NA,NA,NA,NA,NA,NA,"Brain_Nucleus_accumbens_basal_ganglia"
"Run_Down8_Intron",NA,NA,NA,NA,NA,NA,"Brain_Putamen_basal_ganglia"
"Run_Down8_Intron",NA,NA,NA,NA,NA,NA,"Brain_Spinal_cord_cervical_c-1"
"Run_Down8_Intron",NA,NA,NA,NA,NA,NA,"Brain_Substantia_nigra"
"Run_Down8_Intron",0.741744066047472,0.920813852345016,1,4,5,19,"Breast_Mammary_Tissue"
"Run_Down8_Intron",0.852168532259414,0.579186454360919,2,12,9,39,"Cells_Cultured_fibroblasts"
"Run_Down8_Intron",NA,NA,NA,NA,NA,NA,"Cells_EBV-transformed_lymphocytes"
"Run_Down8_Intron",0.706766917293233,0.954479724647585,2,5,9,22,"Colon_Sigmoid"
"Run_Down8_Intron",NA,NA,NA,NA,NA,NA,"Colon_Transverse"
"Run_Down8_Intron",0.806308049535604,0.699847370061367,1,5,5,20,"Esophagus_Gastroesophageal_Junction"
"Run_Down8_Intron",0.605786996924208,1.09895403260835,3,10,10,35,"Esophagus_Mucosa"
"Run_Down8_Intron",0.727655015544337,0.854274129333676,2,10,7,32,"Esophagus_Muscularis"
"Run_Down8_Intron",0.419457735247209,2.08426092349256,2,5,6,22,"Heart_Atrial_Appendage"
"Run_Down8_Intron",NA,NA,NA,NA,NA,NA,"Heart_Left_Ventricle"
"Run_Down8_Intron",NA,NA,NA,NA,NA,NA,"Kidney_Cortex"
"Run_Down8_Intron",NA,NA,NA,NA,NA,NA,"Liver"
"Run_Down8_Intron",NA,NA,NA,NA,NA,NA,"Lung"
"Run_Down8_Intron",NA,NA,NA,NA,NA,NA,"Minor_Salivary_Gland"
"Run_Down8_Intron",NA,NA,NA,NA,NA,NA,"Muscle_Skeletal"
"Run_Down8_Intron",0.739591609725091,0.814214857042594,3,12,10,36,"Nerve_Tibial"
"Run_Down8_Intron",NA,NA,NA,NA,NA,NA,"Ovary"
"Run_Down8_Intron",NA,NA,NA,NA,NA,NA,"Pancreas"
"Run_Down8_Intron",0.823776223776224,0.687103219345878,1,4,4,13,"Pituitary"
"Run_Down8_Intron",NA,NA,NA,NA,NA,NA,"Prostate"
"Run_Down8_Intron",0.647360934917157,1.06427581645066,2,7,8,29,"Skin_Not_Sun_Exposed_Suprapubic"
"Run_Down8_Intron",0.580987128813216,1.26844911514555,2,7,7,28,"Skin_Sun_Exposed_Lower_leg"
"Run_Down8_Intron",0.972027972027972,0.224612665455543,1,5,6,14,"Small_Intestine_Terminal_Ileum"
"Run_Down8_Intron",NA,NA,NA,NA,NA,NA,"Spleen"
"Run_Down8_Intron",NA,NA,NA,NA,NA,NA,"Stomach"
"Run_Down8_Intron",NA,NA,NA,NA,NA,NA,"Testis"
"Run_Down8_Intron",0.624222550758571,1.0540059476,3,12,9,37,"Thyroid"
"Run_Down8_Intron",NA,NA,NA,NA,NA,NA,"Uterus"
"Run_Down8_Intron",NA,NA,NA,NA,NA,NA,"Vagina"
"Run_Down8_Intron",0.61699604743083,1.39562315682422,1,4,5,25,"Whole_Blood"
"Run_Down24_Intron",0.186781344347694,2.60071208919298,4,10,11,45,"Adipose_Subcutaneous"
"Run_Down24_Intron",0.428953399541635,1.87892747054273,2,10,5,36,"Adipose_Visceral_Omentum"
"Run_Down24_Intron",0.395256916996047,3.91152190823646,1,5,2,23,"Adrenal_Gland"
"Run_Down24_Intron",0.0263713989994825,11.8694925365008,3,5,6,35,"Artery_Aorta"
"Run_Down24_Intron",0.166666666666667,Inf,1,1,2,12,"Artery_Coronary"
"Run_Down24_Intron",0.302469934048881,2.61487631976799,2,7,6,38,"Artery_Tibial"
"Run_Down24_Intron",0.25,Inf,1,2,1,8,"Brain_Amygdala"
"Run_Down24_Intron",0.0571428571428572,Inf,2,4,2,15,"Brain_Anterior_cingulate_cortex_BA24"
"Run_Down24_Intron",NA,NA,NA,NA,NA,NA,"Brain_Caudate_basal_ganglia"
"Run_Down24_Intron",0.193548387096774,Inf,1,6,1,31,"Brain_Cerebellar_Hemisphere"
"Run_Down24_Intron",0.446086480569239,2.63002470184508,1,5,3,29,"Brain_Cerebellum"
"Run_Down24_Intron",0.0824786324786325,6.48136382362602,3,7,5,28,"Brain_Cortex"
"Run_Down24_Intron",0.230769230769231,Inf,1,3,1,13,"Brain_Frontal_Cortex_BA9"
"Run_Down24_Intron",NA,NA,NA,NA,NA,NA,"Brain_Hippocampus"
"Run_Down24_Intron",NA,NA,NA,NA,NA,NA,"Brain_Hypothalamus"
"Run_Down24_Intron",0.324110671936759,5.33861737210693,1,4,2,23,"Brain_Nucleus_accumbens_basal_ganglia"
"Run_Down24_Intron",NA,NA,NA,NA,NA,NA,"Brain_Putamen_basal_ganglia"
"Run_Down24_Intron",NA,NA,NA,NA,NA,NA,"Brain_Spinal_cord_cervical_c-1"
"Run_Down24_Intron",NA,NA,NA,NA,NA,NA,"Brain_Substantia_nigra"
"Run_Down24_Intron",0.224521072796935,3.95059887618953,2,7,4,30,"Breast_Mammary_Tissue"
"Run_Down24_Intron",0.446874943728004,1.48603149716592,3,10,11,46,"Cells_Cultured_fibroblasts"
"Run_Down24_Intron",0.467836257309941,3.01640804465977,1,5,2,19,"Cells_EBV-transformed_lymphocytes"
"Run_Down24_Intron",0.599665551839465,1.47471299925949,1,5,4,26,"Colon_Sigmoid"
"Run_Down24_Intron",0.150444938820912,5.53334512046371,2,6,4,32,"Colon_Transverse"
"Run_Down24_Intron",0.254347185381668,3.31975186220765,2,6,5,30,"Esophagus_Gastroesophageal_Junction"
"Run_Down24_Intron",0.257222674405337,2.49923200416691,3,10,7,38,"Esophagus_Mucosa"
"Run_Down24_Intron",0.643481717011129,1.04629285199894,2,8,9,37,"Esophagus_Muscularis"
"Run_Down24_Intron",0.0239079760818891,10.4894056784137,4,7,6,27,"Heart_Atrial_Appendage"
"Run_Down24_Intron",0.778249336870026,0.7570714724179,1,7,5,29,"Heart_Left_Ventricle"
"Run_Down24_Intron",NA,NA,NA,NA,NA,NA,"Kidney_Cortex"
"Run_Down24_Intron",0.706293706293706,1.15266621974303,1,4,3,13,"Liver"
"Run_Down24_Intron",0.0123110910047054,11.6536338440284,4,9,6,43,"Lung"
"Run_Down24_Intron",0.666666666666667,1.58108226280311,1,4,2,10,"Minor_Salivary_Gland"
"Run_Down24_Intron",0.28835151289278,2.20109610848262,3,9,9,42,"Muscle_Skeletal"
"Run_Down24_Intron",0.140953634908318,3.10164897367487,4,9,11,44,"Nerve_Tibial"
"Run_Down24_Intron",0.0545454545454545,Inf,2,3,2,11,"Ovary"
"Run_Down24_Intron",0.452540106951872,2.50893775046789,1,6,3,34,"Pancreas"
"Run_Down24_Intron",0.377990430622009,2.47749818521383,2,7,4,22,"Pituitary"
"Run_Down24_Intron",NA,NA,NA,NA,NA,NA,"Prostate"
"Run_Down24_Intron",0.0183445022982892,9.1675339041956,4,8,7,41,"Skin_Not_Sun_Exposed_Suprapubic"
"Run_Down24_Intron",0.139514208657767,3.62177557902294,3,10,7,49,"Skin_Sun_Exposed_Lower_leg"
"Run_Down24_Intron",0.0980392156862746,Inf,2,6,2,18,"Small_Intestine_Terminal_Ileum"
"Run_Down24_Intron",0.701738874152667,1,1,6,5,30,"Spleen"
"Run_Down24_Intron",0.159383441919593,5.30718102446056,2,6,4,31,"Stomach"
"Run_Down24_Intron",0.776140155728587,0.756183266355678,1,8,5,33,"Testis"
"Run_Down24_Intron",0.0537773477999724,5.03359996923977,4,9,9,47,"Thyroid"
"Run_Down24_Intron",NA,NA,NA,NA,NA,NA,"Uterus"
"Run_Down24_Intron",NA,NA,NA,NA,NA,NA,"Vagina"
"Run_Down24_Intron",0.0820489690836289,5.29989204849851,3,7,7,41,"Whole_Blood"
"Run_Up4Del_Intron",0.297483229072594,1.52175148911361,7,40,17,122,"Adipose_Subcutaneous"
"Run_Up4Del_Intron",0.227039108922813,1.98435930441058,5,30,11,96,"Adipose_Visceral_Omentum"
"Run_Up4Del_Intron",0.820217477525119,0.621873244305905,1,18,5,64,"Adrenal_Gland"
"Run_Up4Del_Intron",0.0508575567038667,3.01202589634523,8,36,14,106,"Artery_Aorta"
"Run_Up4Del_Intron",0.759288537549407,0.846836197609218,1,17,3,46,"Artery_Coronary"
"Run_Up4Del_Intron",0.150108737037826,1.88185861992607,9,41,20,126,"Artery_Tibial"
"Run_Up4Del_Intron",NA,NA,NA,NA,NA,NA,"Brain_Amygdala"
"Run_Up4Del_Intron",NA,NA,NA,NA,NA,NA,"Brain_Anterior_cingulate_cortex_BA24"
"Run_Up4Del_Intron",0.785515133514099,0.725859522535604,1,19,4,61,"Brain_Caudate_basal_ganglia"
"Run_Up4Del_Intron",0.70053059446725,0.901217190648613,2,27,6,76,"Brain_Cerebellar_Hemisphere"
"Run_Up4Del_Intron",0.39928697744691,1.52475820309556,4,28,9,79,"Brain_Cerebellum"
"Run_Up4Del_Intron",0.532734056987788,1.51023568156121,2,27,4,67,"Brain_Cortex"
"Run_Up4Del_Intron",0.585410334346505,1.24438237489827,2,18,5,51,"Brain_Frontal_Cortex_BA9"
"Run_Up4Del_Intron",NA,NA,NA,NA,NA,NA,"Brain_Hippocampus"
"Run_Up4Del_Intron",NA,NA,NA,NA,NA,NA,"Brain_Hypothalamus"
"Run_Up4Del_Intron",0.425210084033613,2.52477107105969,2,23,3,51,"Brain_Nucleus_accumbens_basal_ganglia"
"Run_Up4Del_Intron",0.463053679162585,1.82982504597552,2,16,4,44,"Brain_Putamen_basal_ganglia"
"Run_Up4Del_Intron",0.666666666666667,1.41418821377068,1,15,2,36,"Brain_Spinal_cord_cervical_c-1"
"Run_Up4Del_Intron",NA,NA,NA,NA,NA,NA,"Brain_Substantia_nigra"
"Run_Up4Del_Intron",0.678363741629393,0.948827780265989,2,31,6,90,"Breast_Mammary_Tissue"
"Run_Up4Del_Intron",0.102279150362481,1.85838779746091,13,47,30,147,"Cells_Cultured_fibroblasts"
"Run_Up4Del_Intron",0.13109243697479,Inf,2,13,2,35,"Cells_EBV-transformed_lymphocytes"
"Run_Up4Del_Intron",0.104424766658131,3.0783462155399,5,27,9,86,"Colon_Sigmoid"
"Run_Up4Del_Intron",0.883400082867079,0.518232277267099,2,27,9,79,"Colon_Transverse"
"Run_Up4Del_Intron",0.53065068824217,1.18276803754028,4,31,10,85,"Esophagus_Gastroesophageal_Junction"
"Run_Up4Del_Intron",0.318297797296872,1.53710942168385,6,41,14,121,"Esophagus_Mucosa"
"Run_Up4Del_Intron",0.626945564320153,0.966194696145758,5,37,16,116,"Esophagus_Muscularis"
"Run_Up4Del_Intron",0.278824237256979,1.82677968756404,5,36,10,98,"Heart_Atrial_Appendage"
"Run_Up4Del_Intron",0.376270501246545,1.59032347733174,4,28,9,81,"Heart_Left_Ventricle"
"Run_Up4Del_Intron",NA,NA,NA,NA,NA,NA,"Kidney_Cortex"
"Run_Up4Del_Intron",0.663414634146341,1.42454741997941,1,17,2,41,"Liver"
"Run_Up4Del_Intron",0.551716431000165,1.1231207819125,4,35,11,103,"Lung"
"Run_Up4Del_Intron",0.655241935483871,1.48060803483883,1,13,2,32,"Minor_Salivary_Gland"
"Run_Up4Del_Intron",0.124959834909513,2.03448941518757,9,38,19,114,"Muscle_Skeletal"
"Run_Up4Del_Intron",0.643688414185672,0.933804692843192,7,44,22,133,"Nerve_Tibial"
"Run_Up4Del_Intron",NA,NA,NA,NA,NA,NA,"Ovary"
"Run_Up4Del_Intron",0.679753930280246,1.10717948343512,1,24,3,77,"Pancreas"
"Run_Up4Del_Intron",0.438503874670414,1.43163043603598,4,24,9,65,"Pituitary"
"Run_Up4Del_Intron",0.610980392156863,1.70303142938527,1,19,2,51,"Prostate"
"Run_Up4Del_Intron",0.744346779024028,0.800053743778819,5,41,17,122,"Skin_Not_Sun_Exposed_Suprapubic"
"Run_Up4Del_Intron",0.515681837228565,1.10443693993098,7,45,20,136,"Skin_Sun_Exposed_Lower_leg"
"Run_Up4Del_Intron",0.740113798008535,0.869695153013161,1,11,4,40,"Small_Intestine_Terminal_Ileum"
"Run_Up4Del_Intron",0.580507271444531,1.10729281084865,3,26,9,83,"Spleen"
"Run_Up4Del_Intron",0.466944891857539,1.77615338354643,2,26,4,71,"Stomach"
"Run_Up4Del_Intron",0.159724798133599,2.91603484476333,4,32,7,97,"Testis"
"Run_Up4Del_Intron",0.756322156028653,0.790881566546698,6,36,25,130,"Thyroid"
"Run_Up4Del_Intron",NA,NA,NA,NA,NA,NA,"Uterus"
"Run_Up4Del_Intron",0.682539682539683,1.34838315298966,1,12,2,28,"Vagina"
"Run_Up4Del_Intron",0.642391441841188,0.940316611141193,7,43,19,113,"Whole_Blood"
"Run_Down4Del_Intron",0.830905335388029,0.693047869011695,7,22,30,79,"Adipose_Subcutaneous"
"Run_Down4Del_Intron",0.82148537931139,0.685694255805781,5,16,25,66,"Adipose_Visceral_Omentum"
"Run_Down4Del_Intron",0.909076533839342,0.408939513185341,1,6,11,36,"Adrenal_Gland"
"Run_Down4Del_Intron",0.973405567875253,0.309024557744021,2,14,19,62,"Artery_Aorta"
"Run_Down4Del_Intron",NA,NA,NA,NA,NA,NA,"Artery_Coronary"
"Run_Down4Del_Intron",0.959535694769864,0.397803699994419,3,19,23,81,"Artery_Tibial"
"Run_Down4Del_Intron",NA,NA,NA,NA,NA,NA,"Brain_Amygdala"
"Run_Down4Del_Intron",0.645217391304348,1.31736139646916,1,3,7,25,"Brain_Anterior_cingulate_cortex_BA24"
"Run_Down4Del_Intron",0.868317738663875,0.509132966400287,1,6,9,34,"Brain_Caudate_basal_ganglia"
"Run_Down4Del_Intron",0.940820936705611,0.390383309252713,2,10,17,48,"Brain_Cerebellar_Hemisphere"
"Run_Down4Del_Intron",0.971494233993264,0.351732808206291,3,16,21,61,"Brain_Cerebellum"
"Run_Down4Del_Intron",0.656515366101299,1,2,8,11,44,"Brain_Cortex"
"Run_Down4Del_Intron",NA,NA,NA,NA,NA,NA,"Brain_Frontal_Cortex_BA9"
"Run_Down4Del_Intron",NA,NA,NA,NA,NA,NA,"Brain_Hippocampus"
"Run_Down4Del_Intron",NA,NA,NA,NA,NA,NA,"Brain_Hypothalamus"
"Run_Down4Del_Intron",0.779902506052477,0.739612068054665,1,6,7,34,"Brain_Nucleus_accumbens_basal_ganglia"
"Run_Down4Del_Intron",NA,NA,NA,NA,NA,NA,"Brain_Putamen_basal_ganglia"
"Run_Down4Del_Intron",0.870189307260245,0.514007400466697,1,5,7,23,"Brain_Spinal_cord_cervical_c-1"
"Run_Down4Del_Intron",NA,NA,NA,NA,NA,NA,"Brain_Substantia_nigra"
"Run_Down4Del_Intron",0.97042647636318,0.350581708223764,3,14,22,57,"Breast_Mammary_Tissue"
"Run_Down4Del_Intron",0.767605561441411,0.774174001645572,6,24,25,87,"Cells_Cultured_fibroblasts"
"Run_Down4Del_Intron",NA,NA,NA,NA,NA,NA,"Cells_EBV-transformed_lymphocytes"
"Run_Down4Del_Intron",NA,NA,NA,NA,NA,NA,"Colon_Sigmoid"
"Run_Down4Del_Intron",NA,NA,NA,NA,NA,NA,"Colon_Transverse"
"Run_Down4Del_Intron",0.840613506672591,0.62452039692264,3,12,17,52,"Esophagus_Gastroesophageal_Junction"
"Run_Down4Del_Intron",0.67020567180184,0.905514079328159,6,22,23,80,"Esophagus_Mucosa"
"Run_Down4Del_Intron",0.99561568532247,0.201507894990697,2,16,23,66,"Esophagus_Muscularis"
"Run_Down4Del_Intron",0.985848484864385,0.195755743797423,1,10,15,48,"Heart_Atrial_Appendage"
"Run_Down4Del_Intron",0.907165950319068,0.465865699470703,2,10,14,44,"Heart_Left_Ventricle"
"Run_Down4Del_Intron",NA,NA,NA,NA,NA,NA,"Kidney_Cortex"
"Run_Down4Del_Intron",0.953384672428054,0.295393644696674,1,9,8,32,"Liver"
"Run_Down4Del_Intron",0.976008787716988,0.30394163606766,2,15,21,71,"Lung"
"Run_Down4Del_Intron",NA,NA,NA,NA,NA,NA,"Minor_Salivary_Gland"
"Run_Down4Del_Intron",0.909251073550719,0.5044409378785,3,15,22,72,"Muscle_Skeletal"
"Run_Down4Del_Intron",0.659047466691563,0.920746998455384,7,20,31,85,"Nerve_Tibial"
"Run_Down4Del_Intron",NA,NA,NA,NA,NA,NA,"Ovary"
"Run_Down4Del_Intron",0.992340853440888,0.164662502839778,1,11,16,50,"Pancreas"
"Run_Down4Del_Intron",0.99587338124907,0.136235992529743,1,14,11,41,"Pituitary"
"Run_Down4Del_Intron",NA,NA,NA,NA,NA,NA,"Prostate"
"Run_Down4Del_Intron",0.993791135143789,0.165803051750431,1,16,21,85,"Skin_Not_Sun_Exposed_Suprapubic"
"Run_Down4Del_Intron",0.999923887715138,0.0761355300263554,1,25,25,92,"Skin_Sun_Exposed_Lower_leg"
"Run_Down4Del_Intron",NA,NA,NA,NA,NA,NA,"Small_Intestine_Terminal_Ileum"
"Run_Down4Del_Intron",0.88656024433057,0.460170878481661,1,8,12,54,"Spleen"
"Run_Down4Del_Intron",NA,NA,NA,NA,NA,NA,"Stomach"
"Run_Down4Del_Intron",0.3763645949207,1.41296372274018,6,19,19,72,"Testis"
"Run_Down4Del_Intron",0.86555156574904,0.610227833485395,4,20,25,92,"Thyroid"
"Run_Down4Del_Intron",NA,NA,NA,NA,NA,NA,"Uterus"
"Run_Down4Del_Intron",NA,NA,NA,NA,NA,NA,"Vagina"
"Run_Down4Del_Intron",0.93356069673281,0.480105973995862,4,17,26,73,"Whole_Blood"
"Run_All-same_Intron",0.690956444464663,0.89841190433993,18,87,106,478,"Adipose_Subcutaneous"
"Run_All-same_Intron",0.950466048864162,0.566175939081783,8,63,70,366,"Adipose_Visceral_Omentum"
"Run_All-same_Intron",0.636614301999994,0.932458844885165,7,41,43,240,"Adrenal_Gland"
"Run_All-same_Intron",0.357860345647967,1.1804385844048,15,66,80,392,"Artery_Aorta"
"Run_All-same_Intron",0.744961021122762,0.7894745196097,4,30,28,177,"Artery_Coronary"
"Run_All-same_Intron",0.574827135295277,0.981899636536871,20,98,102,494,"Artery_Tibial"
"Run_All-same_Intron",0.917887309059845,0.389017872621031,1,18,10,86,"Brain_Amygdala"
"Run_All-same_Intron",0.397305721530194,1.33981756896865,5,30,19,138,"Brain_Anterior_cingulate_cortex_BA24"
"Run_All-same_Intron",0.707711135092107,0.844779218391956,5,38,33,222,"Brain_Caudate_basal_ganglia"
"Run_All-same_Intron",0.966394312787254,0.443989424231666,4,46,47,289,"Brain_Cerebellar_Hemisphere"
"Run_All-same_Intron",0.980094032853633,0.454198525888471,6,58,62,334,"Brain_Cerebellum"
"Run_All-same_Intron",0.505979287419358,1.0757310509515,8,46,44,266,"Brain_Cortex"
"Run_All-same_Intron",0.263204316321939,1.55831096056188,6,35,26,206,"Brain_Frontal_Cortex_BA9"
"Run_All-same_Intron",0.354644658650545,1.50265239900057,4,24,17,135,"Brain_Hippocampus"
"Run_All-same_Intron",0.507625926555626,1.15782350950574,4,26,20,144,"Brain_Hypothalamus"
"Run_All-same_Intron",0.521660358155016,1.11380944191935,4,31,27,227,"Brain_Nucleus_accumbens_basal_ganglia"
"Run_All-same_Intron",0.773189340342391,0.751059761397853,4,34,28,193,"Brain_Putamen_basal_ganglia"
"Run_All-same_Intron",NA,NA,NA,NA,NA,NA,"Brain_Spinal_cord_cervical_c-1"
"Run_All-same_Intron",0.885090424395805,0.461468724908852,1,19,9,93,"Brain_Substantia_nigra"
"Run_All-same_Intron",0.771617291711141,0.793437352227319,8,53,58,326,"Breast_Mammary_Tissue"
"Run_All-same_Intron",0.857120614645431,0.781279377077366,22,106,131,540,"Cells_Cultured_fibroblasts"
"Run_All-same_Intron",0.942669875614177,0.410202706018032,2,25,25,156,"Cells_EBV-transformed_lymphocytes"
"Run_All-same_Intron",0.778620035939138,0.798789223620627,10,63,62,335,"Colon_Sigmoid"
"Run_All-same_Intron",0.858214647393569,0.688300298194951,7,61,53,351,"Colon_Transverse"
"Run_All-same_Intron",0.469264271785666,1.10046990424655,10,46,64,314,"Esophagus_Gastroesophageal_Junction"
"Run_All-same_Intron",0.845324707619646,0.754617198040066,13,76,97,467,"Esophagus_Mucosa"
"Run_All-same_Intron",0.793405718645201,0.809844513140512,15,77,96,429,"Esophagus_Muscularis"
"Run_All-same_Intron",0.322588184228447,1.24278764113525,13,62,61,335,"Heart_Atrial_Appendage"
"Run_All-same_Intron",0.942285904180677,0.577114751081132,8,59,60,302,"Heart_Left_Ventricle"
"Run_All-same_Intron",NA,NA,NA,NA,NA,NA,"Kidney_Cortex"
"Run_All-same_Intron",0.782504729259215,0.72229856612827,3,22,26,150,"Liver"
"Run_All-same_Intron",0.54710082976081,1.00946728660939,13,70,74,401,"Lung"
"Run_All-same_Intron",0.372700926516239,1.45696036033582,4,24,17,132,"Minor_Salivary_Gland"
"Run_All-same_Intron",0.857599231322752,0.756156196629771,16,84,101,442,"Muscle_Skeletal"
"Run_All-same_Intron",0.480614943483285,1.04797278351715,21,92,113,510,"Nerve_Tibial"
"Run_All-same_Intron",0.875157867538106,0.578657602549793,3,25,29,161,"Ovary"
"Run_All-same_Intron",0.984553028626629,0.349302093496767,3,48,43,297,"Pancreas"
"Run_All-same_Intron",0.640403863049449,0.928057815331429,7,42,43,245,"Pituitary"
"Run_All-same_Intron",0.996234677176569,0.159124877396515,1,34,28,202,"Prostate"
"Run_All-same_Intron",0.0990842330960572,1.5334641598678,19,77,89,475,"Skin_Not_Sun_Exposed_Suprapubic"
"Run_All-same_Intron",0.149601866736092,1.39109489362779,21,87,101,517,"Skin_Sun_Exposed_Lower_leg"
"Run_All-same_Intron",0.728101716187499,0.819675285923253,5,36,31,194,"Small_Intestine_Terminal_Ileum"
"Run_All-same_Intron",0.535263111873023,1.03015088372183,10,56,56,320,"Spleen"
"Run_All-same_Intron",0.672182142147016,0.890337463464842,6,39,44,263,"Stomach"
"Run_All-same_Intron",0.950564121617677,0.581129126446432,9,78,69,405,"Testis"
"Run_All-same_Intron",0.305600215354293,1.18817353290315,22,90,114,520,"Thyroid"
"Run_All-same_Intron",NA,NA,NA,NA,NA,NA,"Uterus"
"Run_All-same_Intron",0.880773116828649,0.470500909928029,1,15,12,98,"Vagina"
"Run_All-same_Intron",0.24764715288871,1.2787192845634,19,69,98,414,"Whole_Blood"
"Run_All-delayed_Intron",NA,NA,NA,NA,NA,NA,"Adipose_Subcutaneous"
"Run_All-delayed_Intron",NA,NA,NA,NA,NA,NA,"Adipose_Visceral_Omentum"
"Run_All-delayed_Intron",NA,NA,NA,NA,NA,NA,"Adrenal_Gland"
"Run_All-delayed_Intron",NA,NA,NA,NA,NA,NA,"Artery_Aorta"
"Run_All-delayed_Intron",NA,NA,NA,NA,NA,NA,"Artery_Coronary"
"Run_All-delayed_Intron",NA,NA,NA,NA,NA,NA,"Artery_Tibial"
"Run_All-delayed_Intron",NA,NA,NA,NA,NA,NA,"Brain_Amygdala"
"Run_All-delayed_Intron",NA,NA,NA,NA,NA,NA,"Brain_Anterior_cingulate_cortex_BA24"
"Run_All-delayed_Intron",NA,NA,NA,NA,NA,NA,"Brain_Caudate_basal_ganglia"
"Run_All-delayed_Intron",NA,NA,NA,NA,NA,NA,"Brain_Cerebellar_Hemisphere"
"Run_All-delayed_Intron",NA,NA,NA,NA,NA,NA,"Brain_Cerebellum"
"Run_All-delayed_Intron",NA,NA,NA,NA,NA,NA,"Brain_Cortex"
"Run_All-delayed_Intron",NA,NA,NA,NA,NA,NA,"Brain_Frontal_Cortex_BA9"
"Run_All-delayed_Intron",NA,NA,NA,NA,NA,NA,"Brain_Hippocampus"
"Run_All-delayed_Intron",NA,NA,NA,NA,NA,NA,"Brain_Hypothalamus"
"Run_All-delayed_Intron",NA,NA,NA,NA,NA,NA,"Brain_Nucleus_accumbens_basal_ganglia"
"Run_All-delayed_Intron",NA,NA,NA,NA,NA,NA,"Brain_Putamen_basal_ganglia"
"Run_All-delayed_Intron",NA,NA,NA,NA,NA,NA,"Brain_Spinal_cord_cervical_c-1"
"Run_All-delayed_Intron",NA,NA,NA,NA,NA,NA,"Brain_Substantia_nigra"
"Run_All-delayed_Intron",NA,NA,NA,NA,NA,NA,"Breast_Mammary_Tissue"
"Run_All-delayed_Intron",NA,NA,NA,NA,NA,NA,"Cells_Cultured_fibroblasts"
"Run_All-delayed_Intron",NA,NA,NA,NA,NA,NA,"Cells_EBV-transformed_lymphocytes"
"Run_All-delayed_Intron",NA,NA,NA,NA,NA,NA,"Colon_Sigmoid"
"Run_All-delayed_Intron",NA,NA,NA,NA,NA,NA,"Colon_Transverse"
"Run_All-delayed_Intron",NA,NA,NA,NA,NA,NA,"Esophagus_Gastroesophageal_Junction"
"Run_All-delayed_Intron",NA,NA,NA,NA,NA,NA,"Esophagus_Mucosa"
"Run_All-delayed_Intron",NA,NA,NA,NA,NA,NA,"Esophagus_Muscularis"
"Run_All-delayed_Intron",NA,NA,NA,NA,NA,NA,"Heart_Atrial_Appendage"
"Run_All-delayed_Intron",NA,NA,NA,NA,NA,NA,"Heart_Left_Ventricle"
"Run_All-delayed_Intron",NA,NA,NA,NA,NA,NA,"Kidney_Cortex"
"Run_All-delayed_Intron",NA,NA,NA,NA,NA,NA,"Liver"
"Run_All-delayed_Intron",NA,NA,NA,NA,NA,NA,"Lung"
"Run_All-delayed_Intron",NA,NA,NA,NA,NA,NA,"Minor_Salivary_Gland"
"Run_All-delayed_Intron",NA,NA,NA,NA,NA,NA,"Muscle_Skeletal"
"Run_All-delayed_Intron",NA,NA,NA,NA,NA,NA,"Nerve_Tibial"
"Run_All-delayed_Intron",NA,NA,NA,NA,NA,NA,"Ovary"
"Run_All-delayed_Intron",NA,NA,NA,NA,NA,NA,"Pancreas"
"Run_All-delayed_Intron",NA,NA,NA,NA,NA,NA,"Pituitary"
"Run_All-delayed_Intron",NA,NA,NA,NA,NA,NA,"Prostate"
"Run_All-delayed_Intron",NA,NA,NA,NA,NA,NA,"Skin_Not_Sun_Exposed_Suprapubic"
"Run_All-delayed_Intron",NA,NA,NA,NA,NA,NA,"Skin_Sun_Exposed_Lower_leg"
"Run_All-delayed_Intron",NA,NA,NA,NA,NA,NA,"Small_Intestine_Terminal_Ileum"
"Run_All-delayed_Intron",NA,NA,NA,NA,NA,NA,"Spleen"
"Run_All-delayed_Intron",NA,NA,NA,NA,NA,NA,"Stomach"
"Run_All-delayed_Intron",NA,NA,NA,NA,NA,NA,"Testis"
"Run_All-delayed_Intron",NA,NA,NA,NA,NA,NA,"Thyroid"
"Run_All-delayed_Intron",NA,NA,NA,NA,NA,NA,"Uterus"
"Run_All-delayed_Intron",NA,NA,NA,NA,NA,NA,"Vagina"
"Run_All-delayed_Intron",NA,NA,NA,NA,NA,NA,"Whole_Blood"
"Run_Up4_Splice",NA,NA,NA,NA,NA,NA,"Adipose_Subcutaneous"
"Run_Up4_Splice",NA,NA,NA,NA,NA,NA,"Adipose_Visceral_Omentum"
"Run_Up4_Splice",NA,NA,NA,NA,NA,NA,"Adrenal_Gland"
"Run_Up4_Splice",NA,NA,NA,NA,NA,NA,"Artery_Aorta"
"Run_Up4_Splice",NA,NA,NA,NA,NA,NA,"Artery_Coronary"
"Run_Up4_Splice",NA,NA,NA,NA,NA,NA,"Artery_Tibial"
"Run_Up4_Splice",NA,NA,NA,NA,NA,NA,"Brain_Amygdala"
"Run_Up4_Splice",NA,NA,NA,NA,NA,NA,"Brain_Anterior_cingulate_cortex_BA24"
"Run_Up4_Splice",NA,NA,NA,NA,NA,NA,"Brain_Caudate_basal_ganglia"
"Run_Up4_Splice",NA,NA,NA,NA,NA,NA,"Brain_Cerebellar_Hemisphere"
"Run_Up4_Splice",NA,NA,NA,NA,NA,NA,"Brain_Cerebellum"
"Run_Up4_Splice",NA,NA,NA,NA,NA,NA,"Brain_Cortex"
"Run_Up4_Splice",NA,NA,NA,NA,NA,NA,"Brain_Frontal_Cortex_BA9"
"Run_Up4_Splice",NA,NA,NA,NA,NA,NA,"Brain_Hippocampus"
"Run_Up4_Splice",NA,NA,NA,NA,NA,NA,"Brain_Hypothalamus"
"Run_Up4_Splice",NA,NA,NA,NA,NA,NA,"Brain_Nucleus_accumbens_basal_ganglia"
"Run_Up4_Splice",NA,NA,NA,NA,NA,NA,"Brain_Putamen_basal_ganglia"
"Run_Up4_Splice",NA,NA,NA,NA,NA,NA,"Brain_Spinal_cord_cervical_c-1"
"Run_Up4_Splice",NA,NA,NA,NA,NA,NA,"Brain_Substantia_nigra"
"Run_Up4_Splice",NA,NA,NA,NA,NA,NA,"Breast_Mammary_Tissue"
"Run_Up4_Splice",NA,NA,NA,NA,NA,NA,"Cells_Cultured_fibroblasts"
"Run_Up4_Splice",NA,NA,NA,NA,NA,NA,"Cells_EBV-transformed_lymphocytes"
"Run_Up4_Splice",NA,NA,NA,NA,NA,NA,"Colon_Sigmoid"
"Run_Up4_Splice",NA,NA,NA,NA,NA,NA,"Colon_Transverse"
"Run_Up4_Splice",NA,NA,NA,NA,NA,NA,"Esophagus_Gastroesophageal_Junction"
"Run_Up4_Splice",NA,NA,NA,NA,NA,NA,"Esophagus_Mucosa"
"Run_Up4_Splice",NA,NA,NA,NA,NA,NA,"Esophagus_Muscularis"
"Run_Up4_Splice",NA,NA,NA,NA,NA,NA,"Heart_Atrial_Appendage"
"Run_Up4_Splice",NA,NA,NA,NA,NA,NA,"Heart_Left_Ventricle"
"Run_Up4_Splice",NA,NA,NA,NA,NA,NA,"Kidney_Cortex"
"Run_Up4_Splice",NA,NA,NA,NA,NA,NA,"Liver"
"Run_Up4_Splice",NA,NA,NA,NA,NA,NA,"Lung"
"Run_Up4_Splice",NA,NA,NA,NA,NA,NA,"Minor_Salivary_Gland"
"Run_Up4_Splice",NA,NA,NA,NA,NA,NA,"Muscle_Skeletal"
"Run_Up4_Splice",NA,NA,NA,NA,NA,NA,"Nerve_Tibial"
"Run_Up4_Splice",NA,NA,NA,NA,NA,NA,"Ovary"
"Run_Up4_Splice",NA,NA,NA,NA,NA,NA,"Pancreas"
"Run_Up4_Splice",NA,NA,NA,NA,NA,NA,"Pituitary"
"Run_Up4_Splice",NA,NA,NA,NA,NA,NA,"Prostate"
"Run_Up4_Splice",NA,NA,NA,NA,NA,NA,"Skin_Not_Sun_Exposed_Suprapubic"
"Run_Up4_Splice",0.100911247358938,4.78535887581667,3,27,5,107,"Skin_Sun_Exposed_Lower_leg"
"Run_Up4_Splice",NA,NA,NA,NA,NA,NA,"Small_Intestine_Terminal_Ileum"
"Run_Up4_Splice",NA,NA,NA,NA,NA,NA,"Spleen"
"Run_Up4_Splice",NA,NA,NA,NA,NA,NA,"Stomach"
"Run_Up4_Splice",NA,NA,NA,NA,NA,NA,"Testis"
"Run_Up4_Splice",0.194180075642821,5.2154387965304,2,31,3,109,"Thyroid"
"Run_Up4_Splice",NA,NA,NA,NA,NA,NA,"Uterus"
"Run_Up4_Splice",NA,NA,NA,NA,NA,NA,"Vagina"
"Run_Up4_Splice",0.259428168912329,3.13535607060948,2,24,4,96,"Whole_Blood"
"Run_Up8_Splice",NA,NA,NA,NA,NA,NA,"Adipose_Subcutaneous"
"Run_Up8_Splice",NA,NA,NA,NA,NA,NA,"Adipose_Visceral_Omentum"
"Run_Up8_Splice",NA,NA,NA,NA,NA,NA,"Adrenal_Gland"
"Run_Up8_Splice",NA,NA,NA,NA,NA,NA,"Artery_Aorta"
"Run_Up8_Splice",NA,NA,NA,NA,NA,NA,"Artery_Coronary"
"Run_Up8_Splice",NA,NA,NA,NA,NA,NA,"Artery_Tibial"
"Run_Up8_Splice",NA,NA,NA,NA,NA,NA,"Brain_Amygdala"
"Run_Up8_Splice",NA,NA,NA,NA,NA,NA,"Brain_Anterior_cingulate_cortex_BA24"
"Run_Up8_Splice",NA,NA,NA,NA,NA,NA,"Brain_Caudate_basal_ganglia"
"Run_Up8_Splice",NA,NA,NA,NA,NA,NA,"Brain_Cerebellar_Hemisphere"
"Run_Up8_Splice",NA,NA,NA,NA,NA,NA,"Brain_Cerebellum"
"Run_Up8_Splice",NA,NA,NA,NA,NA,NA,"Brain_Cortex"
"Run_Up8_Splice",NA,NA,NA,NA,NA,NA,"Brain_Frontal_Cortex_BA9"
"Run_Up8_Splice",NA,NA,NA,NA,NA,NA,"Brain_Hippocampus"
"Run_Up8_Splice",NA,NA,NA,NA,NA,NA,"Brain_Hypothalamus"
"Run_Up8_Splice",NA,NA,NA,NA,NA,NA,"Brain_Nucleus_accumbens_basal_ganglia"
"Run_Up8_Splice",NA,NA,NA,NA,NA,NA,"Brain_Putamen_basal_ganglia"
"Run_Up8_Splice",NA,NA,NA,NA,NA,NA,"Brain_Spinal_cord_cervical_c-1"
"Run_Up8_Splice",NA,NA,NA,NA,NA,NA,"Brain_Substantia_nigra"
"Run_Up8_Splice",NA,NA,NA,NA,NA,NA,"Breast_Mammary_Tissue"
"Run_Up8_Splice",NA,NA,NA,NA,NA,NA,"Cells_Cultured_fibroblasts"
"Run_Up8_Splice",NA,NA,NA,NA,NA,NA,"Cells_EBV-transformed_lymphocytes"
"Run_Up8_Splice",NA,NA,NA,NA,NA,NA,"Colon_Sigmoid"
"Run_Up8_Splice",NA,NA,NA,NA,NA,NA,"Colon_Transverse"
"Run_Up8_Splice",NA,NA,NA,NA,NA,NA,"Esophagus_Gastroesophageal_Junction"
"Run_Up8_Splice",NA,NA,NA,NA,NA,NA,"Esophagus_Mucosa"
"Run_Up8_Splice",NA,NA,NA,NA,NA,NA,"Esophagus_Muscularis"
"Run_Up8_Splice",NA,NA,NA,NA,NA,NA,"Heart_Atrial_Appendage"
"Run_Up8_Splice",NA,NA,NA,NA,NA,NA,"Heart_Left_Ventricle"
"Run_Up8_Splice",NA,NA,NA,NA,NA,NA,"Kidney_Cortex"
"Run_Up8_Splice",NA,NA,NA,NA,NA,NA,"Liver"
"Run_Up8_Splice",NA,NA,NA,NA,NA,NA,"Lung"
"Run_Up8_Splice",NA,NA,NA,NA,NA,NA,"Minor_Salivary_Gland"
"Run_Up8_Splice",NA,NA,NA,NA,NA,NA,"Muscle_Skeletal"
"Run_Up8_Splice",NA,NA,NA,NA,NA,NA,"Nerve_Tibial"
"Run_Up8_Splice",NA,NA,NA,NA,NA,NA,"Ovary"
"Run_Up8_Splice",NA,NA,NA,NA,NA,NA,"Pancreas"
"Run_Up8_Splice",NA,NA,NA,NA,NA,NA,"Pituitary"
"Run_Up8_Splice",NA,NA,NA,NA,NA,NA,"Prostate"
"Run_Up8_Splice",NA,NA,NA,NA,NA,NA,"Skin_Not_Sun_Exposed_Suprapubic"
"Run_Up8_Splice",NA,NA,NA,NA,NA,NA,"Skin_Sun_Exposed_Lower_leg"
"Run_Up8_Splice",NA,NA,NA,NA,NA,NA,"Small_Intestine_Terminal_Ileum"
"Run_Up8_Splice",NA,NA,NA,NA,NA,NA,"Spleen"
"Run_Up8_Splice",NA,NA,NA,NA,NA,NA,"Stomach"
"Run_Up8_Splice",NA,NA,NA,NA,NA,NA,"Testis"
"Run_Up8_Splice",NA,NA,NA,NA,NA,NA,"Thyroid"
"Run_Up8_Splice",NA,NA,NA,NA,NA,NA,"Uterus"
"Run_Up8_Splice",NA,NA,NA,NA,NA,NA,"Vagina"
"Run_Up8_Splice",NA,NA,NA,NA,NA,NA,"Whole_Blood"
"Run_Up24_Splice",NA,NA,NA,NA,NA,NA,"Adipose_Subcutaneous"
"Run_Up24_Splice",NA,NA,NA,NA,NA,NA,"Adipose_Visceral_Omentum"
"Run_Up24_Splice",NA,NA,NA,NA,NA,NA,"Adrenal_Gland"
"Run_Up24_Splice",NA,NA,NA,NA,NA,NA,"Artery_Aorta"
"Run_Up24_Splice",NA,NA,NA,NA,NA,NA,"Artery_Coronary"
"Run_Up24_Splice",NA,NA,NA,NA,NA,NA,"Artery_Tibial"
"Run_Up24_Splice",NA,NA,NA,NA,NA,NA,"Brain_Amygdala"
"Run_Up24_Splice",NA,NA,NA,NA,NA,NA,"Brain_Anterior_cingulate_cortex_BA24"
"Run_Up24_Splice",NA,NA,NA,NA,NA,NA,"Brain_Caudate_basal_ganglia"
"Run_Up24_Splice",NA,NA,NA,NA,NA,NA,"Brain_Cerebellar_Hemisphere"
"Run_Up24_Splice",NA,NA,NA,NA,NA,NA,"Brain_Cerebellum"
"Run_Up24_Splice",NA,NA,NA,NA,NA,NA,"Brain_Cortex"
"Run_Up24_Splice",NA,NA,NA,NA,NA,NA,"Brain_Frontal_Cortex_BA9"
"Run_Up24_Splice",NA,NA,NA,NA,NA,NA,"Brain_Hippocampus"
"Run_Up24_Splice",NA,NA,NA,NA,NA,NA,"Brain_Hypothalamus"
"Run_Up24_Splice",NA,NA,NA,NA,NA,NA,"Brain_Nucleus_accumbens_basal_ganglia"
"Run_Up24_Splice",NA,NA,NA,NA,NA,NA,"Brain_Putamen_basal_ganglia"
"Run_Up24_Splice",NA,NA,NA,NA,NA,NA,"Brain_Spinal_cord_cervical_c-1"
"Run_Up24_Splice",NA,NA,NA,NA,NA,NA,"Brain_Substantia_nigra"
"Run_Up24_Splice",NA,NA,NA,NA,NA,NA,"Breast_Mammary_Tissue"
"Run_Up24_Splice",NA,NA,NA,NA,NA,NA,"Cells_Cultured_fibroblasts"
"Run_Up24_Splice",NA,NA,NA,NA,NA,NA,"Cells_EBV-transformed_lymphocytes"
"Run_Up24_Splice",NA,NA,NA,NA,NA,NA,"Colon_Sigmoid"
"Run_Up24_Splice",NA,NA,NA,NA,NA,NA,"Colon_Transverse"
"Run_Up24_Splice",NA,NA,NA,NA,NA,NA,"Esophagus_Gastroesophageal_Junction"
"Run_Up24_Splice",NA,NA,NA,NA,NA,NA,"Esophagus_Mucosa"
"Run_Up24_Splice",NA,NA,NA,NA,NA,NA,"Esophagus_Muscularis"
"Run_Up24_Splice",NA,NA,NA,NA,NA,NA,"Heart_Atrial_Appendage"
"Run_Up24_Splice",NA,NA,NA,NA,NA,NA,"Heart_Left_Ventricle"
"Run_Up24_Splice",NA,NA,NA,NA,NA,NA,"Kidney_Cortex"
"Run_Up24_Splice",NA,NA,NA,NA,NA,NA,"Liver"
"Run_Up24_Splice",NA,NA,NA,NA,NA,NA,"Lung"
"Run_Up24_Splice",NA,NA,NA,NA,NA,NA,"Minor_Salivary_Gland"
"Run_Up24_Splice",0.56794425087108,1.64424889742917,1,10,3,42,"Muscle_Skeletal"
"Run_Up24_Splice",NA,NA,NA,NA,NA,NA,"Nerve_Tibial"
"Run_Up24_Splice",NA,NA,NA,NA,NA,NA,"Ovary"
"Run_Up24_Splice",NA,NA,NA,NA,NA,NA,"Pancreas"
"Run_Up24_Splice",NA,NA,NA,NA,NA,NA,"Pituitary"
"Run_Up24_Splice",NA,NA,NA,NA,NA,NA,"Prostate"
"Run_Up24_Splice",NA,NA,NA,NA,NA,NA,"Skin_Not_Sun_Exposed_Suprapubic"
"Run_Up24_Splice",NA,NA,NA,NA,NA,NA,"Skin_Sun_Exposed_Lower_leg"
"Run_Up24_Splice",NA,NA,NA,NA,NA,NA,"Small_Intestine_Terminal_Ileum"
"Run_Up24_Splice",NA,NA,NA,NA,NA,NA,"Spleen"
"Run_Up24_Splice",NA,NA,NA,NA,NA,NA,"Stomach"
"Run_Up24_Splice",NA,NA,NA,NA,NA,NA,"Testis"
"Run_Up24_Splice",NA,NA,NA,NA,NA,NA,"Thyroid"
"Run_Up24_Splice",NA,NA,NA,NA,NA,NA,"Uterus"
"Run_Up24_Splice",NA,NA,NA,NA,NA,NA,"Vagina"
"Run_Up24_Splice",NA,NA,NA,NA,NA,NA,"Whole_Blood"
"Run_Down4_Splice",0.635639926515615,1.28466525409677,1,20,3,71,"Adipose_Subcutaneous"
"Run_Down4_Splice",NA,NA,NA,NA,NA,NA,"Adipose_Visceral_Omentum"
"Run_Down4_Splice",NA,NA,NA,NA,NA,NA,"Adrenal_Gland"
"Run_Down4_Splice",0.578246392896781,1.56828224733911,1,13,3,53,"Artery_Aorta"
"Run_Down4_Splice",NA,NA,NA,NA,NA,NA,"Artery_Coronary"
"Run_Down4_Splice",NA,NA,NA,NA,NA,NA,"Artery_Tibial"
"Run_Down4_Splice",NA,NA,NA,NA,NA,NA,"Brain_Amygdala"
"Run_Down4_Splice",NA,NA,NA,NA,NA,NA,"Brain_Anterior_cingulate_cortex_BA24"
"Run_Down4_Splice",NA,NA,NA,NA,NA,NA,"Brain_Caudate_basal_ganglia"
"Run_Down4_Splice",NA,NA,NA,NA,NA,NA,"Brain_Cerebellar_Hemisphere"
"Run_Down4_Splice",NA,NA,NA,NA,NA,NA,"Brain_Cerebellum"
"Run_Down4_Splice",NA,NA,NA,NA,NA,NA,"Brain_Cortex"
"Run_Down4_Splice",NA,NA,NA,NA,NA,NA,"Brain_Frontal_Cortex_BA9"
"Run_Down4_Splice",NA,NA,NA,NA,NA,NA,"Brain_Hippocampus"
"Run_Down4_Splice",NA,NA,NA,NA,NA,NA,"Brain_Hypothalamus"
"Run_Down4_Splice",NA,NA,NA,NA,NA,NA,"Brain_Nucleus_accumbens_basal_ganglia"
"Run_Down4_Splice",NA,NA,NA,NA,NA,NA,"Brain_Putamen_basal_ganglia"
"Run_Down4_Splice",NA,NA,NA,NA,NA,NA,"Brain_Spinal_cord_cervical_c-1"
"Run_Down4_Splice",NA,NA,NA,NA,NA,NA,"Brain_Substantia_nigra"
"Run_Down4_Splice",NA,NA,NA,NA,NA,NA,"Breast_Mammary_Tissue"
"Run_Down4_Splice",NA,NA,NA,NA,NA,NA,"Cells_Cultured_fibroblasts"
"Run_Down4_Splice",NA,NA,NA,NA,NA,NA,"Cells_EBV-transformed_lymphocytes"
"Run_Down4_Splice",NA,NA,NA,NA,NA,NA,"Colon_Sigmoid"
"Run_Down4_Splice",NA,NA,NA,NA,NA,NA,"Colon_Transverse"
"Run_Down4_Splice",NA,NA,NA,NA,NA,NA,"Esophagus_Gastroesophageal_Junction"
"Run_Down4_Splice",NA,NA,NA,NA,NA,NA,"Esophagus_Mucosa"
"Run_Down4_Splice",NA,NA,NA,NA,NA,NA,"Esophagus_Muscularis"
"Run_Down4_Splice",NA,NA,NA,NA,NA,NA,"Heart_Atrial_Appendage"
"Run_Down4_Splice",NA,NA,NA,NA,NA,NA,"Heart_Left_Ventricle"
"Run_Down4_Splice",NA,NA,NA,NA,NA,NA,"Kidney_Cortex"
"Run_Down4_Splice",NA,NA,NA,NA,NA,NA,"Liver"
"Run_Down4_Splice",NA,NA,NA,NA,NA,NA,"Lung"
"Run_Down4_Splice",NA,NA,NA,NA,NA,NA,"Minor_Salivary_Gland"
"Run_Down4_Splice",NA,NA,NA,NA,NA,NA,"Muscle_Skeletal"
"Run_Down4_Splice",NA,NA,NA,NA,NA,NA,"Nerve_Tibial"
"Run_Down4_Splice",NA,NA,NA,NA,NA,NA,"Ovary"
"Run_Down4_Splice",NA,NA,NA,NA,NA,NA,"Pancreas"
"Run_Down4_Splice",NA,NA,NA,NA,NA,NA,"Pituitary"
"Run_Down4_Splice",NA,NA,NA,NA,NA,NA,"Prostate"
"Run_Down4_Splice",NA,NA,NA,NA,NA,NA,"Skin_Not_Sun_Exposed_Suprapubic"
"Run_Down4_Splice",NA,NA,NA,NA,NA,NA,"Skin_Sun_Exposed_Lower_leg"
"Run_Down4_Splice",NA,NA,NA,NA,NA,NA,"Small_Intestine_Terminal_Ileum"
"Run_Down4_Splice",NA,NA,NA,NA,NA,NA,"Spleen"
"Run_Down4_Splice",NA,NA,NA,NA,NA,NA,"Stomach"
"Run_Down4_Splice",NA,NA,NA,NA,NA,NA,"Testis"
"Run_Down4_Splice",NA,NA,NA,NA,NA,NA,"Thyroid"
"Run_Down4_Splice",NA,NA,NA,NA,NA,NA,"Uterus"
"Run_Down4_Splice",NA,NA,NA,NA,NA,NA,"Vagina"
"Run_Down4_Splice",NA,NA,NA,NA,NA,NA,"Whole_Blood"
"Run_Down8_Splice",NA,NA,NA,NA,NA,NA,"Adipose_Subcutaneous"
"Run_Down8_Splice",NA,NA,NA,NA,NA,NA,"Adipose_Visceral_Omentum"
"Run_Down8_Splice",NA,NA,NA,NA,NA,NA,"Adrenal_Gland"
"Run_Down8_Splice",0.813902572523262,0.690585162142757,1,12,3,29,"Artery_Aorta"
"Run_Down8_Splice",0.604395604395604,1.89742539160146,1,5,2,14,"Artery_Coronary"
"Run_Down8_Splice",0.183854907539118,3.61157717360526,3,13,5,40,"Artery_Tibial"
"Run_Down8_Splice",NA,NA,NA,NA,NA,NA,"Brain_Amygdala"
"Run_Down8_Splice",NA,NA,NA,NA,NA,NA,"Brain_Anterior_cingulate_cortex_BA24"
"Run_Down8_Splice",0.505494505494505,2.73861296937484,1,4,2,14,"Brain_Caudate_basal_ganglia"
"Run_Down8_Splice",NA,NA,NA,NA,NA,NA,"Brain_Cerebellar_Hemisphere"
"Run_Down8_Splice",NA,NA,NA,NA,NA,NA,"Brain_Cerebellum"
"Run_Down8_Splice",NA,NA,NA,NA,NA,NA,"Brain_Cortex"
"Run_Down8_Splice",NA,NA,NA,NA,NA,NA,"Brain_Frontal_Cortex_BA9"
"Run_Down8_Splice",NA,NA,NA,NA,NA,NA,"Brain_Hippocampus"
"Run_Down8_Splice",NA,NA,NA,NA,NA,NA,"Brain_Hypothalamus"
"Run_Down8_Splice",NA,NA,NA,NA,NA,NA,"Brain_Nucleus_accumbens_basal_ganglia"
"Run_Down8_Splice",NA,NA,NA,NA,NA,NA,"Brain_Putamen_basal_ganglia"
"Run_Down8_Splice",NA,NA,NA,NA,NA,NA,"Brain_Spinal_cord_cervical_c-1"
"Run_Down8_Splice",NA,NA,NA,NA,NA,NA,"Brain_Substantia_nigra"
"Run_Down8_Splice",0.385964912280702,4.1833034036794,1,4,2,19,"Breast_Mammary_Tissue"
"Run_Down8_Splice",NA,NA,NA,NA,NA,NA,"Cells_Cultured_fibroblasts"
"Run_Down8_Splice",NA,NA,NA,NA,NA,NA,"Cells_EBV-transformed_lymphocytes"
"Run_Down8_Splice",NA,NA,NA,NA,NA,NA,"Colon_Sigmoid"
"Run_Down8_Splice",NA,NA,NA,NA,NA,NA,"Colon_Transverse"
"Run_Down8_Splice",NA,NA,NA,NA,NA,NA,"Esophagus_Gastroesophageal_Junction"
"Run_Down8_Splice",0.758403361344538,0.819444258949842,1,10,4,35,"Esophagus_Mucosa"
"Run_Down8_Splice",0.689516129032258,1.10739452262151,1,10,3,32,"Esophagus_Muscularis"
"Run_Down8_Splice",0.411255411255411,3.68790454779276,1,5,2,22,"Heart_Atrial_Appendage"
"Run_Down8_Splice",NA,NA,NA,NA,NA,NA,"Heart_Left_Ventricle"
"Run_Down8_Splice",NA,NA,NA,NA,NA,NA,"Kidney_Cortex"
"Run_Down8_Splice",NA,NA,NA,NA,NA,NA,"Liver"
"Run_Down8_Splice",NA,NA,NA,NA,NA,NA,"Lung"
"Run_Down8_Splice",NA,NA,NA,NA,NA,NA,"Minor_Salivary_Gland"
"Run_Down8_Splice",NA,NA,NA,NA,NA,NA,"Muscle_Skeletal"
"Run_Down8_Splice",0.669038583175205,1,2,12,6,36,"Nerve_Tibial"
"Run_Down8_Splice",NA,NA,NA,NA,NA,NA,"Ovary"
"Run_Down8_Splice",NA,NA,NA,NA,NA,NA,"Pancreas"
"Run_Down8_Splice",NA,NA,NA,NA,NA,NA,"Pituitary"
"Run_Down8_Splice",NA,NA,NA,NA,NA,NA,"Prostate"
"Run_Down8_Splice",0.347067491895078,2.44064288099537,2,7,5,29,"Skin_Not_Sun_Exposed_Suprapubic"
"Run_Down8_Splice",0.594017094017094,1.5552383208255,1,7,3,28,"Skin_Sun_Exposed_Lower_leg"
"Run_Down8_Splice",0.874125874125874,0.524234308921816,1,5,4,14,"Small_Intestine_Terminal_Ileum"
"Run_Down8_Splice",NA,NA,NA,NA,NA,NA,"Spleen"
"Run_Down8_Splice",NA,NA,NA,NA,NA,NA,"Stomach"
"Run_Down8_Splice",NA,NA,NA,NA,NA,NA,"Testis"
"Run_Down8_Splice",0.808463926110985,0.673560424211813,1,12,4,37,"Thyroid"
"Run_Down8_Splice",NA,NA,NA,NA,NA,NA,"Uterus"
"Run_Down8_Splice",NA,NA,NA,NA,NA,NA,"Vagina"
"Run_Down8_Splice",NA,NA,NA,NA,NA,NA,"Whole_Blood"
"Run_Down24_Splice",0.53875968992248,1.80523442947222,1,10,3,45,"Adipose_Subcutaneous"
"Run_Down24_Splice",NA,NA,NA,NA,NA,NA,"Adipose_Visceral_Omentum"
"Run_Down24_Splice",NA,NA,NA,NA,NA,NA,"Adrenal_Gland"
"Run_Down24_Splice",NA,NA,NA,NA,NA,NA,"Artery_Aorta"
"Run_Down24_Splice",NA,NA,NA,NA,NA,NA,"Artery_Coronary"
"Run_Down24_Splice",NA,NA,NA,NA,NA,NA,"Artery_Tibial"
"Run_Down24_Splice",0.25,Inf,1,2,1,8,"Brain_Amygdala"
"Run_Down24_Splice",0.266666666666667,Inf,1,4,1,15,"Brain_Anterior_cingulate_cortex_BA24"
"Run_Down24_Splice",NA,NA,NA,NA,NA,NA,"Brain_Caudate_basal_ganglia"
"Run_Down24_Splice",NA,NA,NA,NA,NA,NA,"Brain_Cerebellar_Hemisphere"
"Run_Down24_Splice",NA,NA,NA,NA,NA,NA,"Brain_Cerebellum"
"Run_Down24_Splice",0.25,Inf,1,7,1,28,"Brain_Cortex"
"Run_Down24_Splice",NA,NA,NA,NA,NA,NA,"Brain_Frontal_Cortex_BA9"
"Run_Down24_Splice",NA,NA,NA,NA,NA,NA,"Brain_Hippocampus"
"Run_Down24_Splice",NA,NA,NA,NA,NA,NA,"Brain_Hypothalamus"
"Run_Down24_Splice",0.324110671936759,5.33861737210693,1,4,2,23,"Brain_Nucleus_accumbens_basal_ganglia"
"Run_Down24_Splice",NA,NA,NA,NA,NA,NA,"Brain_Putamen_basal_ganglia"
"Run_Down24_Splice",NA,NA,NA,NA,NA,NA,"Brain_Spinal_cord_cervical_c-1"
"Run_Down24_Splice",NA,NA,NA,NA,NA,NA,"Brain_Substantia_nigra"
"Run_Down24_Splice",NA,NA,NA,NA,NA,NA,"Breast_Mammary_Tissue"
"Run_Down24_Splice",NA,NA,NA,NA,NA,NA,"Cells_Cultured_fibroblasts"
"Run_Down24_Splice",NA,NA,NA,NA,NA,NA,"Cells_EBV-transformed_lymphocytes"
"Run_Down24_Splice",NA,NA,NA,NA,NA,NA,"Colon_Sigmoid"
"Run_Down24_Splice",NA,NA,NA,NA,NA,NA,"Colon_Transverse"
"Run_Down24_Splice",NA,NA,NA,NA,NA,NA,"Esophagus_Gastroesophageal_Junction"
"Run_Down24_Splice",NA,NA,NA,NA,NA,NA,"Esophagus_Mucosa"
"Run_Down24_Splice",NA,NA,NA,NA,NA,NA,"Esophagus_Muscularis"
"Run_Down24_Splice",0.259259259259259,Inf,1,7,1,27,"Heart_Atrial_Appendage"
"Run_Down24_Splice",NA,NA,NA,NA,NA,NA,"Heart_Left_Ventricle"
"Run_Down24_Splice",NA,NA,NA,NA,NA,NA,"Kidney_Cortex"
"Run_Down24_Splice",NA,NA,NA,NA,NA,NA,"Liver"
"Run_Down24_Splice",0.378737541528239,3.94757359514153,1,9,2,43,"Lung"
"Run_Down24_Splice",NA,NA,NA,NA,NA,NA,"Minor_Salivary_Gland"
"Run_Down24_Splice",0.214285714285714,Inf,1,9,1,42,"Muscle_Skeletal"
"Run_Down24_Splice",0.505813953488372,2.02270828421584,1,9,3,44,"Nerve_Tibial"
"Run_Down24_Splice",NA,NA,NA,NA,NA,NA,"Ovary"
"Run_Down24_Splice",NA,NA,NA,NA,NA,NA,"Pancreas"
"Run_Down24_Splice",NA,NA,NA,NA,NA,NA,"Pituitary"
"Run_Down24_Splice",NA,NA,NA,NA,NA,NA,"Prostate"
"Run_Down24_Splice",NA,NA,NA,NA,NA,NA,"Skin_Not_Sun_Exposed_Suprapubic"
"Run_Down24_Splice",NA,NA,NA,NA,NA,NA,"Skin_Sun_Exposed_Lower_leg"
"Run_Down24_Splice",NA,NA,NA,NA,NA,NA,"Small_Intestine_Terminal_Ileum"
"Run_Down24_Splice",NA,NA,NA,NA,NA,NA,"Spleen"
"Run_Down24_Splice",NA,NA,NA,NA,NA,NA,"Stomach"
"Run_Down24_Splice",NA,NA,NA,NA,NA,NA,"Testis"
"Run_Down24_Splice",NA,NA,NA,NA,NA,NA,"Thyroid"
"Run_Down24_Splice",NA,NA,NA,NA,NA,NA,"Uterus"
"Run_Down24_Splice",NA,NA,NA,NA,NA,NA,"Vagina"
"Run_Down24_Splice",0.315853658536585,5.16870078219973,1,7,2,41,"Whole_Blood"
"Run_Up4Del_Splice",0.550060967348598,2.06347107886192,1,40,2,122,"Adipose_Subcutaneous"
"Run_Up4Del_Splice",0.529605263157895,2.22062883130422,1,30,2,96,"Adipose_Visceral_Omentum"
"Run_Up4Del_Splice",NA,NA,NA,NA,NA,NA,"Adrenal_Gland"
"Run_Up4Del_Splice",NA,NA,NA,NA,NA,NA,"Artery_Aorta"
"Run_Up4Del_Splice",NA,NA,NA,NA,NA,NA,"Artery_Coronary"
"Run_Up4Del_Splice",0.696559139784946,1.03717388449345,1,41,3,126,"Artery_Tibial"
"Run_Up4Del_Splice",NA,NA,NA,NA,NA,NA,"Brain_Amygdala"
"Run_Up4Del_Splice",NA,NA,NA,NA,NA,NA,"Brain_Anterior_cingulate_cortex_BA24"
"Run_Up4Del_Splice",NA,NA,NA,NA,NA,NA,"Brain_Caudate_basal_ganglia"
"Run_Up4Del_Splice",NA,NA,NA,NA,NA,NA,"Brain_Cerebellar_Hemisphere"
"Run_Up4Del_Splice",NA,NA,NA,NA,NA,NA,"Brain_Cerebellum"
"Run_Up4Del_Splice",NA,NA,NA,NA,NA,NA,"Brain_Cortex"
"Run_Up4Del_Splice",NA,NA,NA,NA,NA,NA,"Brain_Frontal_Cortex_BA9"
"Run_Up4Del_Splice",NA,NA,NA,NA,NA,NA,"Brain_Hippocampus"
"Run_Up4Del_Splice",NA,NA,NA,NA,NA,NA,"Brain_Hypothalamus"
"Run_Up4Del_Splice",NA,NA,NA,NA,NA,NA,"Brain_Nucleus_accumbens_basal_ganglia"
"Run_Up4Del_Splice",NA,NA,NA,NA,NA,NA,"Brain_Putamen_basal_ganglia"
"Run_Up4Del_Splice",NA,NA,NA,NA,NA,NA,"Brain_Spinal_cord_cervical_c-1"
"Run_Up4Del_Splice",NA,NA,NA,NA,NA,NA,"Brain_Substantia_nigra"
"Run_Up4Del_Splice",NA,NA,NA,NA,NA,NA,"Breast_Mammary_Tissue"
"Run_Up4Del_Splice",0.789993701779247,0.704474763854228,1,47,4,147,"Cells_Cultured_fibroblasts"
"Run_Up4Del_Splice",NA,NA,NA,NA,NA,NA,"Cells_EBV-transformed_lymphocytes"
"Run_Up4Del_Splice",NA,NA,NA,NA,NA,NA,"Colon_Sigmoid"
"Run_Up4Del_Splice",NA,NA,NA,NA,NA,NA,"Colon_Transverse"
"Run_Up4Del_Splice",NA,NA,NA,NA,NA,NA,"Esophagus_Gastroesophageal_Junction"
"Run_Up4Del_Splice",0.417315938842269,1.98775032197976,2,41,4,121,"Esophagus_Mucosa"
"Run_Up4Del_Splice",0.31896551724138,Inf,1,37,1,116,"Esophagus_Muscularis"
"Run_Up4Del_Splice",0.36734693877551,Inf,1,36,1,98,"Heart_Atrial_Appendage"
"Run_Up4Del_Splice",0.345679012345679,Inf,1,28,1,81,"Heart_Left_Ventricle"
"Run_Up4Del_Splice",NA,NA,NA,NA,NA,NA,"Kidney_Cortex"
"Run_Up4Del_Splice",NA,NA,NA,NA,NA,NA,"Liver"
"Run_Up4Del_Splice",0.339805825242719,Inf,1,35,1,103,"Lung"
"Run_Up4Del_Splice",0.40625,Inf,1,13,1,32,"Minor_Salivary_Gland"
"Run_Up4Del_Splice",0.333333333333333,Inf,1,38,1,114,"Muscle_Skeletal"
"Run_Up4Del_Splice",0.254204212822132,4.14134707893162,2,44,3,133,"Nerve_Tibial"
"Run_Up4Del_Splice",NA,NA,NA,NA,NA,NA,"Ovary"
"Run_Up4Del_Splice",NA,NA,NA,NA,NA,NA,"Pancreas"
"Run_Up4Del_Splice",0.369230769230769,Inf,1,24,1,65,"Pituitary"
"Run_Up4Del_Splice",NA,NA,NA,NA,NA,NA,"Prostate"
"Run_Up4Del_Splice",0.561035090096193,1.98782836285117,1,41,2,122,"Skin_Not_Sun_Exposed_Suprapubic"
"Run_Up4Del_Splice",0.870796944072209,0.496558089372166,1,45,5,136,"Skin_Sun_Exposed_Lower_leg"
"Run_Up4Del_Splice",NA,NA,NA,NA,NA,NA,"Small_Intestine_Terminal_Ileum"
"Run_Up4Del_Splice",NA,NA,NA,NA,NA,NA,"Spleen"
"Run_Up4Del_Splice",NA,NA,NA,NA,NA,NA,"Stomach"
"Run_Up4Del_Splice",NA,NA,NA,NA,NA,NA,"Testis"
"Run_Up4Del_Splice",NA,NA,NA,NA,NA,NA,"Thyroid"
"Run_Up4Del_Splice",NA,NA,NA,NA,NA,NA,"Uterus"
"Run_Up4Del_Splice",NA,NA,NA,NA,NA,NA,"Vagina"
"Run_Up4Del_Splice",0.742121627594957,0.806397160762579,2,43,6,113,"Whole_Blood"
"Run_Down4Del_Splice",0.633384728581538,1.03948180562592,2,22,7,79,"Adipose_Subcutaneous"
"Run_Down4Del_Splice",0.451997191949598,1.62928185193195,2,16,6,66,"Adipose_Visceral_Omentum"
"Run_Down4Del_Splice",NA,NA,NA,NA,NA,NA,"Adrenal_Gland"
"Run_Down4Del_Splice",0.542675832892649,1.75078874189301,1,14,3,62,"Artery_Aorta"
"Run_Down4Del_Splice",NA,NA,NA,NA,NA,NA,"Artery_Coronary"
"Run_Down4Del_Splice",0.676000746314601,0.925253644722437,2,19,9,81,"Artery_Tibial"
"Run_Down4Del_Splice",NA,NA,NA,NA,NA,NA,"Brain_Amygdala"
"Run_Down4Del_Splice",NA,NA,NA,NA,NA,NA,"Brain_Anterior_cingulate_cortex_BA24"
"Run_Down4Del_Splice",NA,NA,NA,NA,NA,NA,"Brain_Caudate_basal_ganglia"
"Run_Down4Del_Splice",NA,NA,NA,NA,NA,NA,"Brain_Cerebellar_Hemisphere"
"Run_Down4Del_Splice",0.794632911239208,0.687254739385251,1,16,5,61,"Brain_Cerebellum"
"Run_Down4Del_Splice",NA,NA,NA,NA,NA,NA,"Brain_Cortex"
"Run_Down4Del_Splice",NA,NA,NA,NA,NA,NA,"Brain_Frontal_Cortex_BA9"
"Run_Down4Del_Splice",NA,NA,NA,NA,NA,NA,"Brain_Hippocampus"
"Run_Down4Del_Splice",NA,NA,NA,NA,NA,NA,"Brain_Hypothalamus"
"Run_Down4Del_Splice",NA,NA,NA,NA,NA,NA,"Brain_Nucleus_accumbens_basal_ganglia"
"Run_Down4Del_Splice",NA,NA,NA,NA,NA,NA,"Brain_Putamen_basal_ganglia"
"Run_Down4Del_Splice",0.539243365330322,1.93195871915584,1,5,3,23,"Brain_Spinal_cord_cervical_c-1"
"Run_Down4Del_Splice",NA,NA,NA,NA,NA,NA,"Brain_Substantia_nigra"
"Run_Down4Del_Splice",NA,NA,NA,NA,NA,NA,"Breast_Mammary_Tissue"
"Run_Down4Del_Splice",0.865449452543081,0.507771244909473,1,24,6,87,"Cells_Cultured_fibroblasts"
"Run_Down4Del_Splice",NA,NA,NA,NA,NA,NA,"Cells_EBV-transformed_lymphocytes"
"Run_Down4Del_Splice",NA,NA,NA,NA,NA,NA,"Colon_Sigmoid"
"Run_Down4Del_Splice",NA,NA,NA,NA,NA,NA,"Colon_Transverse"
"Run_Down4Del_Splice",NA,NA,NA,NA,NA,NA,"Esophagus_Gastroesophageal_Junction"
"Run_Down4Del_Splice",NA,NA,NA,NA,NA,NA,"Esophagus_Mucosa"
"Run_Down4Del_Splice",0.906525305370415,0.414094900367813,1,16,8,66,"Esophagus_Muscularis"
"Run_Down4Del_Splice",NA,NA,NA,NA,NA,NA,"Heart_Atrial_Appendage"
"Run_Down4Del_Splice",0.31674904788915,2.5174276050796,2,10,5,44,"Heart_Left_Ventricle"
"Run_Down4Del_Splice",NA,NA,NA,NA,NA,NA,"Kidney_Cortex"
"Run_Down4Del_Splice",NA,NA,NA,NA,NA,NA,"Liver"
"Run_Down4Del_Splice",0.773295189697562,0.73158981439337,1,15,6,71,"Lung"
"Run_Down4Del_Splice",NA,NA,NA,NA,NA,NA,"Minor_Salivary_Gland"
"Run_Down4Del_Splice",0.894299790468966,0.441634055936109,1,15,9,72,"Muscle_Skeletal"
"Run_Down4Del_Splice",0.922360284681735,0.378445765881703,1,20,9,85,"Nerve_Tibial"
"Run_Down4Del_Splice",NA,NA,NA,NA,NA,NA,"Ovary"
"Run_Down4Del_Splice",NA,NA,NA,NA,NA,NA,"Pancreas"
"Run_Down4Del_Splice",0.892273531554661,0.450171405168336,1,14,5,41,"Pituitary"
"Run_Down4Del_Splice",NA,NA,NA,NA,NA,NA,"Prostate"
"Run_Down4Del_Splice",NA,NA,NA,NA,NA,NA,"Skin_Not_Sun_Exposed_Suprapubic"
"Run_Down4Del_Splice",NA,NA,NA,NA,NA,NA,"Skin_Sun_Exposed_Lower_leg"
"Run_Down4Del_Splice",NA,NA,NA,NA,NA,NA,"Small_Intestine_Terminal_Ileum"
"Run_Down4Del_Splice",0.388001935171747,3.0518811666007,1,8,3,54,"Spleen"
"Run_Down4Del_Splice",NA,NA,NA,NA,NA,NA,"Stomach"
"Run_Down4Del_Splice",0.71536951175653,0.926900498856695,1,19,4,72,"Testis"
"Run_Down4Del_Splice",0.925636282730374,0.37156751679065,1,20,10,92,"Thyroid"
"Run_Down4Del_Splice",NA,NA,NA,NA,NA,NA,"Uterus"
"Run_Down4Del_Splice",NA,NA,NA,NA,NA,NA,"Vagina"
"Run_Down4Del_Splice",0.518899266721197,1.35390379676946,2,17,7,73,"Whole_Blood"
"Run_All-same_Splice",0.90677862061641,0.488180954281171,2,87,20,478,"Adipose_Subcutaneous"
"Run_All-same_Splice",NA,NA,NA,NA,NA,NA,"Adipose_Visceral_Omentum"
"Run_All-same_Splice",NA,NA,NA,NA,NA,NA,"Adrenal_Gland"
"Run_All-same_Splice",0.62856309639909,0.987530623633707,2,66,12,392,"Artery_Aorta"
"Run_All-same_Splice",0.527580893682589,1.64969457485074,1,30,4,177,"Artery_Coronary"
"Run_All-same_Splice",0.904344894291442,0.537426114540894,3,98,25,494,"Artery_Tibial"
"Run_All-same_Splice",0.376744186046511,3.85861251807098,1,18,2,86,"Brain_Amygdala"
"Run_All-same_Splice",0.629464035693617,1.2051853053328,1,30,4,138,"Brain_Anterior_cingulate_cortex_BA24"
"Run_All-same_Splice",0.612543596131853,1.21504730060637,1,38,5,222,"Brain_Caudate_basal_ganglia"
"Run_All-same_Splice",NA,NA,NA,NA,NA,NA,"Brain_Cerebellar_Hemisphere"
"Run_All-same_Splice",NA,NA,NA,NA,NA,NA,"Brain_Cerebellum"
"Run_All-same_Splice",0.824093183366552,0.589886394733276,1,46,9,266,"Brain_Cortex"
"Run_All-same_Splice",NA,NA,NA,NA,NA,NA,"Brain_Frontal_Cortex_BA9"
"Run_All-same_Splice",NA,NA,NA,NA,NA,NA,"Brain_Hippocampus"
"Run_All-same_Splice",NA,NA,NA,NA,NA,NA,"Brain_Hypothalamus"
"Run_All-same_Splice",0.523479866780253,1.59611372881808,1,31,5,227,"Brain_Nucleus_accumbens_basal_ganglia"
"Run_All-same_Splice",NA,NA,NA,NA,NA,NA,"Brain_Putamen_basal_ganglia"
"Run_All-same_Splice",NA,NA,NA,NA,NA,NA,"Brain_Spinal_cord_cervical_c-1"
"Run_All-same_Splice",NA,NA,NA,NA,NA,NA,"Brain_Substantia_nigra"
"Run_All-same_Splice",0.762209489596644,0.731405424052798,1,53,8,326,"Breast_Mammary_Tissue"
"Run_All-same_Splice",NA,NA,NA,NA,NA,NA,"Cells_Cultured_fibroblasts"
"Run_All-same_Splice",NA,NA,NA,NA,NA,NA,"Cells_EBV-transformed_lymphocytes"
"Run_All-same_Splice",NA,NA,NA,NA,NA,NA,"Colon_Sigmoid"
"Run_All-same_Splice",NA,NA,NA,NA,NA,NA,"Colon_Transverse"
"Run_All-same_Splice",NA,NA,NA,NA,NA,NA,"Esophagus_Gastroesophageal_Junction"
"Run_All-same_Splice",0.961714079223831,0.293846977871089,1,76,18,467,"Esophagus_Mucosa"
"Run_All-same_Splice",0.988604215759156,0.20785872623669,1,77,22,429,"Esophagus_Muscularis"
"Run_All-same_Splice",0.519811898755907,1.26570918291859,2,62,9,335,"Heart_Atrial_Appendage"
"Run_All-same_Splice",NA,NA,NA,NA,NA,NA,"Heart_Left_Ventricle"
"Run_All-same_Splice",NA,NA,NA,NA,NA,NA,"Kidney_Cortex"
"Run_All-same_Splice",NA,NA,NA,NA,NA,NA,"Liver"
"Run_All-same_Splice",0.964396404698334,0.285922523432631,1,70,17,401,"Lung"
"Run_All-same_Splice",NA,NA,NA,NA,NA,NA,"Minor_Salivary_Gland"
"Run_All-same_Splice",0.961717799064162,0.373114821430117,2,84,24,442,"Muscle_Skeletal"
"Run_All-same_Splice",0.879089986652259,0.579433484584581,3,92,26,510,"Nerve_Tibial"
"Run_All-same_Splice",NA,NA,NA,NA,NA,NA,"Ovary"
"Run_All-same_Splice",NA,NA,NA,NA,NA,NA,"Pancreas"
"Run_All-same_Splice",NA,NA,NA,NA,NA,NA,"Pituitary"
"Run_All-same_Splice",NA,NA,NA,NA,NA,NA,"Prostate"
"Run_All-same_Splice",0.793169155749696,0.681378862100697,2,77,17,475,"Skin_Not_Sun_Exposed_Suprapubic"
"Run_All-same_Splice",0.560630573431033,1.04240617290352,4,87,23,517,"Skin_Sun_Exposed_Lower_leg"
"Run_All-same_Splice",0.713373627380705,0.874867906266197,1,36,6,194,"Small_Intestine_Terminal_Ileum"
"Run_All-same_Splice",NA,NA,NA,NA,NA,NA,"Spleen"
"Run_All-same_Splice",NA,NA,NA,NA,NA,NA,"Stomach"
"Run_All-same_Splice",NA,NA,NA,NA,NA,NA,"Testis"
"Run_All-same_Splice",0.792745223060351,0.707324663490536,3,90,23,520,"Thyroid"
"Run_All-same_Splice",NA,NA,NA,NA,NA,NA,"Uterus"
"Run_All-same_Splice",NA,NA,NA,NA,NA,NA,"Vagina"
"Run_All-same_Splice",0.7706569867364,0.739132768728478,3,69,23,414,"Whole_Blood"
"Run_All-delayed_Splice",NA,NA,NA,NA,NA,NA,"Adipose_Subcutaneous"
"Run_All-delayed_Splice",NA,NA,NA,NA,NA,NA,"Adipose_Visceral_Omentum"
"Run_All-delayed_Splice",NA,NA,NA,NA,NA,NA,"Adrenal_Gland"
"Run_All-delayed_Splice",NA,NA,NA,NA,NA,NA,"Artery_Aorta"
"Run_All-delayed_Splice",NA,NA,NA,NA,NA,NA,"Artery_Coronary"
"Run_All-delayed_Splice",NA,NA,NA,NA,NA,NA,"Artery_Tibial"
"Run_All-delayed_Splice",NA,NA,NA,NA,NA,NA,"Brain_Amygdala"
"Run_All-delayed_Splice",NA,NA,NA,NA,NA,NA,"Brain_Anterior_cingulate_cortex_BA24"
"Run_All-delayed_Splice",NA,NA,NA,NA,NA,NA,"Brain_Caudate_basal_ganglia"
"Run_All-delayed_Splice",NA,NA,NA,NA,NA,NA,"Brain_Cerebellar_Hemisphere"
"Run_All-delayed_Splice",NA,NA,NA,NA,NA,NA,"Brain_Cerebellum"
"Run_All-delayed_Splice",NA,NA,NA,NA,NA,NA,"Brain_Cortex"
"Run_All-delayed_Splice",NA,NA,NA,NA,NA,NA,"Brain_Frontal_Cortex_BA9"
"Run_All-delayed_Splice",NA,NA,NA,NA,NA,NA,"Brain_Hippocampus"
"Run_All-delayed_Splice",NA,NA,NA,NA,NA,NA,"Brain_Hypothalamus"
"Run_All-delayed_Splice",NA,NA,NA,NA,NA,NA,"Brain_Nucleus_accumbens_basal_ganglia"
"Run_All-delayed_Splice",NA,NA,NA,NA,NA,NA,"Brain_Putamen_basal_ganglia"
"Run_All-delayed_Splice",NA,NA,NA,NA,NA,NA,"Brain_Spinal_cord_cervical_c-1"
"Run_All-delayed_Splice",NA,NA,NA,NA,NA,NA,"Brain_Substantia_nigra"
"Run_All-delayed_Splice",NA,NA,NA,NA,NA,NA,"Breast_Mammary_Tissue"
"Run_All-delayed_Splice",NA,NA,NA,NA,NA,NA,"Cells_Cultured_fibroblasts"
"Run_All-delayed_Splice",NA,NA,NA,NA,NA,NA,"Cells_EBV-transformed_lymphocytes"
"Run_All-delayed_Splice",NA,NA,NA,NA,NA,NA,"Colon_Sigmoid"
"Run_All-delayed_Splice",NA,NA,NA,NA,NA,NA,"Colon_Transverse"
"Run_All-delayed_Splice",NA,NA,NA,NA,NA,NA,"Esophagus_Gastroesophageal_Junction"
"Run_All-delayed_Splice",NA,NA,NA,NA,NA,NA,"Esophagus_Mucosa"
"Run_All-delayed_Splice",NA,NA,NA,NA,NA,NA,"Esophagus_Muscularis"
"Run_All-delayed_Splice",NA,NA,NA,NA,NA,NA,"Heart_Atrial_Appendage"
"Run_All-delayed_Splice",NA,NA,NA,NA,NA,NA,"Heart_Left_Ventricle"
"Run_All-delayed_Splice",NA,NA,NA,NA,NA,NA,"Kidney_Cortex"
"Run_All-delayed_Splice",NA,NA,NA,NA,NA,NA,"Liver"
"Run_All-delayed_Splice",NA,NA,NA,NA,NA,NA,"Lung"
"Run_All-delayed_Splice",NA,NA,NA,NA,NA,NA,"Minor_Salivary_Gland"
"Run_All-delayed_Splice",NA,NA,NA,NA,NA,NA,"Muscle_Skeletal"
"Run_All-delayed_Splice",NA,NA,NA,NA,NA,NA,"Nerve_Tibial"
"Run_All-delayed_Splice",NA,NA,NA,NA,NA,NA,"Ovary"
"Run_All-delayed_Splice",NA,NA,NA,NA,NA,NA,"Pancreas"
"Run_All-delayed_Splice",NA,NA,NA,NA,NA,NA,"Pituitary"
"Run_All-delayed_Splice",NA,NA,NA,NA,NA,NA,"Prostate"
"Run_All-delayed_Splice",NA,NA,NA,NA,NA,NA,"Skin_Not_Sun_Exposed_Suprapubic"
"Run_All-delayed_Splice",NA,NA,NA,NA,NA,NA,"Skin_Sun_Exposed_Lower_leg"
"Run_All-delayed_Splice",NA,NA,NA,NA,NA,NA,"Small_Intestine_Terminal_Ileum"
"Run_All-delayed_Splice",NA,NA,NA,NA,NA,NA,"Spleen"
"Run_All-delayed_Splice",NA,NA,NA,NA,NA,NA,"Stomach"
"Run_All-delayed_Splice",NA,NA,NA,NA,NA,NA,"Testis"
"Run_All-delayed_Splice",NA,NA,NA,NA,NA,NA,"Thyroid"
"Run_All-delayed_Splice",NA,NA,NA,NA,NA,NA,"Uterus"
"Run_All-delayed_Splice",NA,NA,NA,NA,NA,NA,"Vagina"
"Run_All-delayed_Splice",NA,NA,NA,NA,NA,NA,"Whole_Blood"
"Run_Up4_TTS",0.387834957110788,1.95882784148378,2,27,5,104,"Adipose_Subcutaneous"
"Run_Up4_TTS",0.360779320054009,2.11831149228465,2,21,5,85,"Adipose_Visceral_Omentum"
"Run_Up4_TTS",NA,NA,NA,NA,NA,NA,"Adrenal_Gland"
"Run_Up4_TTS",NA,NA,NA,NA,NA,NA,"Artery_Aorta"
"Run_Up4_TTS",NA,NA,NA,NA,NA,NA,"Artery_Coronary"
"Run_Up4_TTS",0.228564150173026,2.22520866135669,4,37,8,115,"Artery_Tibial"
"Run_Up4_TTS",NA,NA,NA,NA,NA,NA,"Brain_Amygdala"
"Run_Up4_TTS",0.625668449197861,1.64075851536246,1,13,2,34,"Brain_Anterior_cingulate_cortex_BA24"
"Run_Up4_TTS",NA,NA,NA,NA,NA,NA,"Brain_Caudate_basal_ganglia"
"Run_Up4_TTS",0.409289617486339,3.44647651415128,1,14,2,61,"Brain_Cerebellar_Hemisphere"
"Run_Up4_TTS",0.617363939281747,1.36226231274925,1,20,3,74,"Brain_Cerebellum"
"Run_Up4_TTS",NA,NA,NA,NA,NA,NA,"Brain_Cortex"
"Run_Up4_TTS",NA,NA,NA,NA,NA,NA,"Brain_Frontal_Cortex_BA9"
"Run_Up4_TTS",NA,NA,NA,NA,NA,NA,"Brain_Hippocampus"
"Run_Up4_TTS",NA,NA,NA,NA,NA,NA,"Brain_Hypothalamus"
"Run_Up4_TTS",NA,NA,NA,NA,NA,NA,"Brain_Nucleus_accumbens_basal_ganglia"
"Run_Up4_TTS",NA,NA,NA,NA,NA,NA,"Brain_Putamen_basal_ganglia"
"Run_Up4_TTS",NA,NA,NA,NA,NA,NA,"Brain_Spinal_cord_cervical_c-1"
"Run_Up4_TTS",NA,NA,NA,NA,NA,NA,"Brain_Substantia_nigra"
"Run_Up4_TTS",NA,NA,NA,NA,NA,NA,"Breast_Mammary_Tissue"
"Run_Up4_TTS",0.699423724229128,0.882877404747724,2,41,7,132,"Cells_Cultured_fibroblasts"
"Run_Up4_TTS",NA,NA,NA,NA,NA,NA,"Cells_EBV-transformed_lymphocytes"
"Run_Up4_TTS",0.0132467532467533,Inf,3,19,3,77,"Colon_Sigmoid"
"Run_Up4_TTS",0.160033320992225,6.15727961057516,2,19,3,74,"Colon_Transverse"
"Run_Up4_TTS",0.164383561643836,Inf,1,12,1,73,"Esophagus_Gastroesophageal_Junction"
"Run_Up4_TTS",NA,NA,NA,NA,NA,NA,"Esophagus_Mucosa"
"Run_Up4_TTS",0.0644329896907216,Inf,2,25,2,97,"Esophagus_Muscularis"
"Run_Up4_TTS",0.267441860465116,Inf,1,23,1,86,"Heart_Atrial_Appendage"
"Run_Up4_TTS",NA,NA,NA,NA,NA,NA,"Heart_Left_Ventricle"
"Run_Up4_TTS",NA,NA,NA,NA,NA,NA,"Kidney_Cortex"
"Run_Up4_TTS",NA,NA,NA,NA,NA,NA,"Liver"
"Run_Up4_TTS",0.263157894736842,Inf,1,25,1,95,"Lung"
"Run_Up4_TTS",NA,NA,NA,NA,NA,NA,"Minor_Salivary_Gland"
"Run_Up4_TTS",0.457452884066248,2.8495014885627,1,27,2,103,"Muscle_Skeletal"
"Run_Up4_TTS",0.219111008033196,2.51736484667943,3,26,7,108,"Nerve_Tibial"
"Run_Up4_TTS",NA,NA,NA,NA,NA,NA,"Ovary"
"Run_Up4_TTS",0.451748251748252,2.94051938336024,1,17,2,66,"Pancreas"
"Run_Up4_TTS",0.275862068965517,Inf,1,16,1,58,"Pituitary"
"Run_Up4_TTS",NA,NA,NA,NA,NA,NA,"Prostate"
"Run_Up4_TTS",0.573966220151427,1.55497536346797,1,25,3,102,"Skin_Not_Sun_Exposed_Suprapubic"
"Run_Up4_TTS",0.833724759743809,0.579513505659428,1,27,6,107,"Skin_Sun_Exposed_Lower_leg"
"Run_Up4_TTS",0.216216216216216,Inf,1,8,1,37,"Small_Intestine_Terminal_Ileum"
"Run_Up4_TTS",0.297297297297297,Inf,1,22,1,74,"Spleen"
"Run_Up4_TTS",0.241379310344828,Inf,1,14,1,58,"Stomach"
"Run_Up4_TTS",NA,NA,NA,NA,NA,NA,"Testis"
"Run_Up4_TTS",0.48980632008155,2.5412796735436,1,31,2,109,"Thyroid"
"Run_Up4_TTS",NA,NA,NA,NA,NA,NA,"Uterus"
"Run_Up4_TTS",NA,NA,NA,NA,NA,NA,"Vagina"
"Run_Up4_TTS",0.831466270607621,0.585484252498254,1,24,6,96,"Whole_Blood"
"Run_Up8_TTS",0.0924369747899159,Inf,2,11,2,35,"Adipose_Subcutaneous"
"Run_Up8_TTS",0.0646153846153846,Inf,2,7,2,26,"Adipose_Visceral_Omentum"
"Run_Up8_TTS",0.0877192982456141,Inf,2,6,2,19,"Adrenal_Gland"
"Run_Up8_TTS",0.0598290598290599,Inf,2,7,2,27,"Artery_Aorta"
"Run_Up8_TTS",0.352941176470588,Inf,1,6,1,17,"Artery_Coronary"
"Run_Up8_TTS",0.0441176470588235,11.3316258543471,3,9,4,35,"Artery_Tibial"
"Run_Up8_TTS",NA,NA,NA,NA,NA,NA,"Brain_Amygdala"
"Run_Up8_TTS",0.375,Inf,1,3,1,8,"Brain_Anterior_cingulate_cortex_BA24"
"Run_Up8_TTS",0.285714285714286,Inf,1,6,1,21,"Brain_Caudate_basal_ganglia"
"Run_Up8_TTS",0.318181818181818,Inf,1,7,1,22,"Brain_Cerebellar_Hemisphere"
"Run_Up8_TTS",0.28,Inf,1,7,1,25,"Brain_Cerebellum"
"Run_Up8_TTS",0.318181818181818,Inf,1,7,1,22,"Brain_Cortex"
"Run_Up8_TTS",0.227272727272727,Inf,1,5,1,22,"Brain_Frontal_Cortex_BA9"
"Run_Up8_TTS",0.230769230769231,Inf,1,3,1,13,"Brain_Hippocampus"
"Run_Up8_TTS",0.214285714285714,Inf,1,3,1,14,"Brain_Hypothalamus"
"Run_Up8_TTS",0.166666666666667,Inf,1,4,1,24,"Brain_Nucleus_accumbens_basal_ganglia"
"Run_Up8_TTS",0.176470588235294,Inf,1,3,1,17,"Brain_Putamen_basal_ganglia"
"Run_Up8_TTS",NA,NA,NA,NA,NA,NA,"Brain_Spinal_cord_cervical_c-1"
"Run_Up8_TTS",0.428571428571428,Inf,1,3,1,7,"Brain_Substantia_nigra"
"Run_Up8_TTS",0.130434782608696,Inf,2,9,2,24,"Breast_Mammary_Tissue"
"Run_Up8_TTS",0.0905923344947735,Inf,2,13,2,42,"Cells_Cultured_fibroblasts"
"Run_Up8_TTS",0.625,1.73196728148012,1,6,2,16,"Cells_EBV-transformed_lymphocytes"
"Run_Up8_TTS",0.17375366568915,6.11936736935498,2,9,3,33,"Colon_Sigmoid"
"Run_Up8_TTS",0.126436781609195,Inf,2,11,2,30,"Colon_Transverse"
"Run_Up8_TTS",0.0543478260869565,Inf,2,6,2,24,"Esophagus_Gastroesophageal_Junction"
"Run_Up8_TTS",0.0782361308677098,Inf,2,11,2,38,"Esophagus_Mucosa"
"Run_Up8_TTS",0.180672268907563,5.870676511574,2,10,3,36,"Esophagus_Muscularis"
"Run_Up8_TTS",0.169230769230769,Inf,2,11,2,26,"Heart_Atrial_Appendage"
"Run_Up8_TTS",0.283882783882784,4.01661363939918,2,10,3,28,"Heart_Left_Ventricle"
"Run_Up8_TTS",NA,NA,NA,NA,NA,NA,"Kidney_Cortex"
"Run_Up8_TTS",0.4,Inf,1,4,1,10,"Liver"
"Run_Up8_TTS",0.0774193548387096,Inf,2,9,2,31,"Lung"
"Run_Up8_TTS",0.272727272727273,Inf,1,3,1,11,"Minor_Salivary_Gland"
"Run_Up8_TTS",0.0681818181818182,Inf,2,9,2,33,"Muscle_Skeletal"
"Run_Up8_TTS",0.104761904761905,Inf,2,12,2,36,"Nerve_Tibial"
"Run_Up8_TTS",NA,NA,NA,NA,NA,NA,"Ovary"
"Run_Up8_TTS",0.375,Inf,1,9,1,24,"Pancreas"
"Run_Up8_TTS",NA,NA,NA,NA,NA,NA,"Pituitary"
"Run_Up8_TTS",0.333333333333333,Inf,1,6,1,18,"Prostate"
"Run_Up8_TTS",0.310511679644049,2.88223820335747,2,9,4,32,"Skin_Not_Sun_Exposed_Suprapubic"
"Run_Up8_TTS",0.47724039829303,1.64396409647527,2,12,5,40,"Skin_Sun_Exposed_Lower_leg"
"Run_Up8_TTS",0.25,Inf,1,4,1,16,"Small_Intestine_Terminal_Ileum"
"Run_Up8_TTS",0.307692307692308,Inf,1,8,1,26,"Spleen"
"Run_Up8_TTS",0.0592885375494071,Inf,2,6,2,23,"Stomach"
"Run_Up8_TTS",0.333333333333333,Inf,1,11,1,33,"Testis"
"Run_Up8_TTS",0.143410852713178,6.9196993212665,2,11,3,45,"Thyroid"
"Run_Up8_TTS",NA,NA,NA,NA,NA,NA,"Uterus"
"Run_Up8_TTS",NA,NA,NA,NA,NA,NA,"Vagina"
"Run_Up8_TTS",0.104761904761905,Inf,2,12,2,36,"Whole_Blood"
"Run_Up24_TTS",NA,NA,NA,NA,NA,NA,"Adipose_Subcutaneous"
"Run_Up24_TTS",NA,NA,NA,NA,NA,NA,"Adipose_Visceral_Omentum"
"Run_Up24_TTS",NA,NA,NA,NA,NA,NA,"Adrenal_Gland"
"Run_Up24_TTS",NA,NA,NA,NA,NA,NA,"Artery_Aorta"
"Run_Up24_TTS",NA,NA,NA,NA,NA,NA,"Artery_Coronary"
"Run_Up24_TTS",NA,NA,NA,NA,NA,NA,"Artery_Tibial"
"Run_Up24_TTS",NA,NA,NA,NA,NA,NA,"Brain_Amygdala"
"Run_Up24_TTS",NA,NA,NA,NA,NA,NA,"Brain_Anterior_cingulate_cortex_BA24"
"Run_Up24_TTS",NA,NA,NA,NA,NA,NA,"Brain_Caudate_basal_ganglia"
"Run_Up24_TTS",NA,NA,NA,NA,NA,NA,"Brain_Cerebellar_Hemisphere"
"Run_Up24_TTS",NA,NA,NA,NA,NA,NA,"Brain_Cerebellum"
"Run_Up24_TTS",NA,NA,NA,NA,NA,NA,"Brain_Cortex"
"Run_Up24_TTS",NA,NA,NA,NA,NA,NA,"Brain_Frontal_Cortex_BA9"
"Run_Up24_TTS",NA,NA,NA,NA,NA,NA,"Brain_Hippocampus"
"Run_Up24_TTS",NA,NA,NA,NA,NA,NA,"Brain_Hypothalamus"
"Run_Up24_TTS",NA,NA,NA,NA,NA,NA,"Brain_Nucleus_accumbens_basal_ganglia"
"Run_Up24_TTS",NA,NA,NA,NA,NA,NA,"Brain_Putamen_basal_ganglia"
"Run_Up24_TTS",NA,NA,NA,NA,NA,NA,"Brain_Spinal_cord_cervical_c-1"
"Run_Up24_TTS",NA,NA,NA,NA,NA,NA,"Brain_Substantia_nigra"
"Run_Up24_TTS",NA,NA,NA,NA,NA,NA,"Breast_Mammary_Tissue"
"Run_Up24_TTS",NA,NA,NA,NA,NA,NA,"Cells_Cultured_fibroblasts"
"Run_Up24_TTS",NA,NA,NA,NA,NA,NA,"Cells_EBV-transformed_lymphocytes"
"Run_Up24_TTS",NA,NA,NA,NA,NA,NA,"Colon_Sigmoid"
"Run_Up24_TTS",NA,NA,NA,NA,NA,NA,"Colon_Transverse"
"Run_Up24_TTS",NA,NA,NA,NA,NA,NA,"Esophagus_Gastroesophageal_Junction"
"Run_Up24_TTS",NA,NA,NA,NA,NA,NA,"Esophagus_Mucosa"
"Run_Up24_TTS",NA,NA,NA,NA,NA,NA,"Esophagus_Muscularis"
"Run_Up24_TTS",NA,NA,NA,NA,NA,NA,"Heart_Atrial_Appendage"
"Run_Up24_TTS",NA,NA,NA,NA,NA,NA,"Heart_Left_Ventricle"
"Run_Up24_TTS",NA,NA,NA,NA,NA,NA,"Kidney_Cortex"
"Run_Up24_TTS",NA,NA,NA,NA,NA,NA,"Liver"
"Run_Up24_TTS",NA,NA,NA,NA,NA,NA,"Lung"
"Run_Up24_TTS",NA,NA,NA,NA,NA,NA,"Minor_Salivary_Gland"
"Run_Up24_TTS",NA,NA,NA,NA,NA,NA,"Muscle_Skeletal"
"Run_Up24_TTS",NA,NA,NA,NA,NA,NA,"Nerve_Tibial"
"Run_Up24_TTS",NA,NA,NA,NA,NA,NA,"Ovary"
"Run_Up24_TTS",NA,NA,NA,NA,NA,NA,"Pancreas"
"Run_Up24_TTS",NA,NA,NA,NA,NA,NA,"Pituitary"
"Run_Up24_TTS",NA,NA,NA,NA,NA,NA,"Prostate"
"Run_Up24_TTS",NA,NA,NA,NA,NA,NA,"Skin_Not_Sun_Exposed_Suprapubic"
"Run_Up24_TTS",NA,NA,NA,NA,NA,NA,"Skin_Sun_Exposed_Lower_leg"
"Run_Up24_TTS",NA,NA,NA,NA,NA,NA,"Small_Intestine_Terminal_Ileum"
"Run_Up24_TTS",NA,NA,NA,NA,NA,NA,"Spleen"
"Run_Up24_TTS",NA,NA,NA,NA,NA,NA,"Stomach"
"Run_Up24_TTS",NA,NA,NA,NA,NA,NA,"Testis"
"Run_Up24_TTS",NA,NA,NA,NA,NA,NA,"Thyroid"
"Run_Up24_TTS",NA,NA,NA,NA,NA,NA,"Uterus"
"Run_Up24_TTS",NA,NA,NA,NA,NA,NA,"Vagina"
"Run_Up24_TTS",NA,NA,NA,NA,NA,NA,"Whole_Blood"
"Run_Down4_TTS",0.819579384156986,0.622218887653678,1,20,5,71,"Adipose_Subcutaneous"
"Run_Down4_TTS",0.630958988590811,1.32476065887851,1,13,3,47,"Adipose_Visceral_Omentum"
"Run_Down4_TTS",0.294117647058823,Inf,1,10,1,34,"Adrenal_Gland"
"Run_Down4_TTS",0.433962264150944,3.16227143263116,1,13,2,53,"Artery_Aorta"
"Run_Down4_TTS",NA,NA,NA,NA,NA,NA,"Artery_Coronary"
"Run_Down4_TTS",NA,NA,NA,NA,NA,NA,"Artery_Tibial"
"Run_Down4_TTS",NA,NA,NA,NA,NA,NA,"Brain_Amygdala"
"Run_Down4_TTS",0.272727272727273,Inf,1,6,1,22,"Brain_Anterior_cingulate_cortex_BA24"
"Run_Down4_TTS",NA,NA,NA,NA,NA,NA,"Brain_Caudate_basal_ganglia"
"Run_Down4_TTS",NA,NA,NA,NA,NA,NA,"Brain_Cerebellar_Hemisphere"
"Run_Down4_TTS",NA,NA,NA,NA,NA,NA,"Brain_Cerebellum"
"Run_Down4_TTS",0.443548387096774,3.13960299122134,1,8,2,32,"Brain_Cortex"
"Run_Down4_TTS",NA,NA,NA,NA,NA,NA,"Brain_Frontal_Cortex_BA9"
"Run_Down4_TTS",0.190476190476191,Inf,1,4,1,21,"Brain_Hippocampus"
"Run_Down4_TTS",NA,NA,NA,NA,NA,NA,"Brain_Hypothalamus"
"Run_Down4_TTS",NA,NA,NA,NA,NA,NA,"Brain_Nucleus_accumbens_basal_ganglia"
"Run_Down4_TTS",0.25,Inf,1,8,1,32,"Brain_Putamen_basal_ganglia"
"Run_Down4_TTS",NA,NA,NA,NA,NA,NA,"Brain_Spinal_cord_cervical_c-1"
"Run_Down4_TTS",0.384615384615385,Inf,1,5,1,13,"Brain_Substantia_nigra"
"Run_Down4_TTS",NA,NA,NA,NA,NA,NA,"Breast_Mammary_Tissue"
"Run_Down4_TTS",0.898894688630363,0.431391539989164,1,23,6,75,"Cells_Cultured_fibroblasts"
"Run_Down4_TTS",NA,NA,NA,NA,NA,NA,"Cells_EBV-transformed_lymphocytes"
"Run_Down4_TTS",0.765263644773358,0.826810359972573,1,18,3,48,"Colon_Sigmoid"
"Run_Down4_TTS",NA,NA,NA,NA,NA,NA,"Colon_Transverse"
"Run_Down4_TTS",NA,NA,NA,NA,NA,NA,"Esophagus_Gastroesophageal_Junction"
"Run_Down4_TTS",NA,NA,NA,NA,NA,NA,"Esophagus_Mucosa"
"Run_Down4_TTS",NA,NA,NA,NA,NA,NA,"Esophagus_Muscularis"
"Run_Down4_TTS",NA,NA,NA,NA,NA,NA,"Heart_Atrial_Appendage"
"Run_Down4_TTS",0.734272087213264,0.891663879778715,1,10,4,37,"Heart_Left_Ventricle"
"Run_Down4_TTS",NA,NA,NA,NA,NA,NA,"Kidney_Cortex"
"Run_Down4_TTS",NA,NA,NA,NA,NA,NA,"Liver"
"Run_Down4_TTS",NA,NA,NA,NA,NA,NA,"Lung"
"Run_Down4_TTS",NA,NA,NA,NA,NA,NA,"Minor_Salivary_Gland"
"Run_Down4_TTS",0.951238463533159,0.304705034528504,1,21,7,63,"Muscle_Skeletal"
"Run_Down4_TTS",0.918106301073816,0.38625754093575,1,23,6,70,"Nerve_Tibial"
"Run_Down4_TTS",NA,NA,NA,NA,NA,NA,"Ovary"
"Run_Down4_TTS",NA,NA,NA,NA,NA,NA,"Pancreas"
"Run_Down4_TTS",NA,NA,NA,NA,NA,NA,"Pituitary"
"Run_Down4_TTS",NA,NA,NA,NA,NA,NA,"Prostate"
"Run_Down4_TTS",0.90158778597571,0.425155401122638,1,20,7,74,"Skin_Not_Sun_Exposed_Suprapubic"
"Run_Down4_TTS",0.278651781391507,2.1829687941756,3,21,7,78,"Skin_Sun_Exposed_Lower_leg"
"Run_Down4_TTS",NA,NA,NA,NA,NA,NA,"Small_Intestine_Terminal_Ileum"
"Run_Down4_TTS",NA,NA,NA,NA,NA,NA,"Spleen"
"Run_Down4_TTS",NA,NA,NA,NA,NA,NA,"Stomach"
"Run_Down4_TTS",0.241583425823159,3.44307356488984,2,13,4,54,"Testis"
"Run_Down4_TTS",NA,NA,NA,NA,NA,NA,"Thyroid"
"Run_Down4_TTS",NA,NA,NA,NA,NA,NA,"Uterus"
"Run_Down4_TTS",NA,NA,NA,NA,NA,NA,"Vagina"
"Run_Down4_TTS",0.451997191949598,1.62928185193195,2,16,6,66,"Whole_Blood"
"Run_Down8_TTS",NA,NA,NA,NA,NA,NA,"Adipose_Subcutaneous"
"Run_Down8_TTS",NA,NA,NA,NA,NA,NA,"Adipose_Visceral_Omentum"
"Run_Down8_TTS",NA,NA,NA,NA,NA,NA,"Adrenal_Gland"
"Run_Down8_TTS",0.899793692897141,0.436023830825526,1,12,4,29,"Artery_Aorta"
"Run_Down8_TTS",0.769230769230769,0.883314213231731,1,5,3,14,"Artery_Coronary"
"Run_Down8_TTS",0.220567316542549,2.49034287232079,4,13,8,40,"Artery_Tibial"
"Run_Down8_TTS",NA,NA,NA,NA,NA,NA,"Brain_Amygdala"
"Run_Down8_TTS",NA,NA,NA,NA,NA,NA,"Brain_Anterior_cingulate_cortex_BA24"
"Run_Down8_TTS",NA,NA,NA,NA,NA,NA,"Brain_Caudate_basal_ganglia"
"Run_Down8_TTS",NA,NA,NA,NA,NA,NA,"Brain_Cerebellar_Hemisphere"
"Run_Down8_TTS",NA,NA,NA,NA,NA,NA,"Brain_Cerebellum"
"Run_Down8_TTS",NA,NA,NA,NA,NA,NA,"Brain_Cortex"
"Run_Down8_TTS",NA,NA,NA,NA,NA,NA,"Brain_Frontal_Cortex_BA9"
"Run_Down8_TTS",NA,NA,NA,NA,NA,NA,"Brain_Hippocampus"
"Run_Down8_TTS",NA,NA,NA,NA,NA,NA,"Brain_Hypothalamus"
"Run_Down8_TTS",NA,NA,NA,NA,NA,NA,"Brain_Nucleus_accumbens_basal_ganglia"
"Run_Down8_TTS",NA,NA,NA,NA,NA,NA,"Brain_Putamen_basal_ganglia"
"Run_Down8_TTS",NA,NA,NA,NA,NA,NA,"Brain_Spinal_cord_cervical_c-1"
"Run_Down8_TTS",NA,NA,NA,NA,NA,NA,"Brain_Substantia_nigra"
"Run_Down8_TTS",0.647832817337461,1.31228493862831,1,4,4,19,"Breast_Mammary_Tissue"
"Run_Down8_TTS",0.963915153543637,0.267284425308021,1,12,8,39,"Cells_Cultured_fibroblasts"
"Run_Down8_TTS",NA,NA,NA,NA,NA,NA,"Cells_EBV-transformed_lymphocytes"
"Run_Down8_TTS",NA,NA,NA,NA,NA,NA,"Colon_Sigmoid"
"Run_Down8_TTS",NA,NA,NA,NA,NA,NA,"Colon_Transverse"
"Run_Down8_TTS",NA,NA,NA,NA,NA,NA,"Esophagus_Gastroesophageal_Junction"
"Run_Down8_TTS",0.836337760910816,0.591580212690318,1,10,5,35,"Esophagus_Mucosa"
"Run_Down8_TTS",0.917663144234334,0.387944046122075,1,10,6,32,"Esophagus_Muscularis"
"Run_Down8_TTS",0.674641148325359,1.15826829069896,1,5,4,22,"Heart_Atrial_Appendage"
"Run_Down8_TTS",0.852425180598555,0.571131133100315,1,7,4,20,"Heart_Left_Ventricle"
"Run_Down8_TTS",NA,NA,NA,NA,NA,NA,"Kidney_Cortex"
"Run_Down8_TTS",NA,NA,NA,NA,NA,NA,"Liver"
"Run_Down8_TTS",NA,NA,NA,NA,NA,NA,"Lung"
"Run_Down8_TTS",NA,NA,NA,NA,NA,NA,"Minor_Salivary_Gland"
"Run_Down8_TTS",NA,NA,NA,NA,NA,NA,"Muscle_Skeletal"
"Run_Down8_TTS",0.838444677092194,0.608147865402034,2,12,8,36,"Nerve_Tibial"
"Run_Down8_TTS",NA,NA,NA,NA,NA,NA,"Ovary"
"Run_Down8_TTS",NA,NA,NA,NA,NA,NA,"Pancreas"
"Run_Down8_TTS",NA,NA,NA,NA,NA,NA,"Pituitary"
"Run_Down8_TTS",NA,NA,NA,NA,NA,NA,"Prostate"
"Run_Down8_TTS",NA,NA,NA,NA,NA,NA,"Skin_Not_Sun_Exposed_Suprapubic"
"Run_Down8_TTS",0.707692307692308,1,1,7,4,28,"Skin_Sun_Exposed_Lower_leg"
"Run_Down8_TTS",0.769230769230769,0.883314213231731,1,5,3,14,"Small_Intestine_Terminal_Ileum"
"Run_Down8_TTS",NA,NA,NA,NA,NA,NA,"Spleen"
"Run_Down8_TTS",0.907692307692308,0.424036951025945,1,4,6,15,"Stomach"
"Run_Down8_TTS",NA,NA,NA,NA,NA,NA,"Testis"
"Run_Down8_TTS",0.923820879703233,0.372318517900924,1,12,6,37,"Thyroid"
"Run_Down8_TTS",NA,NA,NA,NA,NA,NA,"Uterus"
"Run_Down8_TTS",NA,NA,NA,NA,NA,NA,"Vagina"
"Run_Down8_TTS",NA,NA,NA,NA,NA,NA,"Whole_Blood"
"Run_Down24_TTS",0.209302325581395,3.95916465446579,2,10,4,45,"Adipose_Subcutaneous"
"Run_Down24_TTS",NA,NA,NA,NA,NA,NA,"Adipose_Visceral_Omentum"
"Run_Down24_TTS",NA,NA,NA,NA,NA,NA,"Adrenal_Gland"
"Run_Down24_TTS",NA,NA,NA,NA,NA,NA,"Artery_Aorta"
"Run_Down24_TTS",NA,NA,NA,NA,NA,NA,"Artery_Coronary"
"Run_Down24_TTS",0.573731626363206,1.53553341382494,1,7,4,38,"Artery_Tibial"
"Run_Down24_TTS",NA,NA,NA,NA,NA,NA,"Brain_Amygdala"
"Run_Down24_TTS",NA,NA,NA,NA,NA,NA,"Brain_Anterior_cingulate_cortex_BA24"
"Run_Down24_TTS",NA,NA,NA,NA,NA,NA,"Brain_Caudate_basal_ganglia"
"Run_Down24_TTS",0.193548387096774,Inf,1,6,1,31,"Brain_Cerebellar_Hemisphere"
"Run_Down24_TTS",0.320197044334976,5.25366592856427,1,5,2,29,"Brain_Cerebellum"
"Run_Down24_TTS",NA,NA,NA,NA,NA,NA,"Brain_Cortex"
"Run_Down24_TTS",NA,NA,NA,NA,NA,NA,"Brain_Frontal_Cortex_BA9"
"Run_Down24_TTS",NA,NA,NA,NA,NA,NA,"Brain_Hippocampus"
"Run_Down24_TTS",NA,NA,NA,NA,NA,NA,"Brain_Hypothalamus"
"Run_Down24_TTS",NA,NA,NA,NA,NA,NA,"Brain_Nucleus_accumbens_basal_ganglia"
"Run_Down24_TTS",NA,NA,NA,NA,NA,NA,"Brain_Putamen_basal_ganglia"
"Run_Down24_TTS",NA,NA,NA,NA,NA,NA,"Brain_Spinal_cord_cervical_c-1"
"Run_Down24_TTS",NA,NA,NA,NA,NA,NA,"Brain_Substantia_nigra"
"Run_Down24_TTS",NA,NA,NA,NA,NA,NA,"Breast_Mammary_Tissue"
"Run_Down24_TTS",0.389578041382032,1.96578562451807,2,10,6,46,"Cells_Cultured_fibroblasts"
"Run_Down24_TTS",0.263157894736842,Inf,1,5,1,19,"Cells_EBV-transformed_lymphocytes"
"Run_Down24_TTS",NA,NA,NA,NA,NA,NA,"Colon_Sigmoid"
"Run_Down24_TTS",NA,NA,NA,NA,NA,NA,"Colon_Transverse"
"Run_Down24_TTS",NA,NA,NA,NA,NA,NA,"Esophagus_Gastroesophageal_Junction"
"Run_Down24_TTS",0.611664295874822,1.42952998011573,1,10,3,38,"Esophagus_Mucosa"
"Run_Down24_TTS",NA,NA,NA,NA,NA,NA,"Esophagus_Muscularis"
"Run_Down24_TTS",NA,NA,NA,NA,NA,NA,"Heart_Atrial_Appendage"
"Run_Down24_TTS",NA,NA,NA,NA,NA,NA,"Heart_Left_Ventricle"
"Run_Down24_TTS",NA,NA,NA,NA,NA,NA,"Kidney_Cortex"
"Run_Down24_TTS",NA,NA,NA,NA,NA,NA,"Liver"
"Run_Down24_TTS",0.378737541528239,3.94757359514153,1,9,2,43,"Lung"
"Run_Down24_TTS",NA,NA,NA,NA,NA,NA,"Minor_Salivary_Gland"
"Run_Down24_TTS",NA,NA,NA,NA,NA,NA,"Muscle_Skeletal"
"Run_Down24_TTS",0.371035940803383,4.06543815414506,1,9,2,44,"Nerve_Tibial"
"Run_Down24_TTS",0.272727272727273,Inf,1,3,1,11,"Ovary"
"Run_Down24_TTS",NA,NA,NA,NA,NA,NA,"Pancreas"
"Run_Down24_TTS",NA,NA,NA,NA,NA,NA,"Pituitary"
"Run_Down24_TTS",NA,NA,NA,NA,NA,NA,"Prostate"
"Run_Down24_TTS",0.195121951219512,Inf,1,8,1,41,"Skin_Not_Sun_Exposed_Suprapubic"
"Run_Down24_TTS",0.503962223187147,2.02003130765835,1,10,3,49,"Skin_Sun_Exposed_Lower_leg"
"Run_Down24_TTS",NA,NA,NA,NA,NA,NA,"Small_Intestine_Terminal_Ileum"
"Run_Down24_TTS",0.36551724137931,4.28952748646286,1,6,2,30,"Spleen"
"Run_Down24_TTS",NA,NA,NA,NA,NA,NA,"Stomach"
"Run_Down24_TTS",NA,NA,NA,NA,NA,NA,"Testis"
"Run_Down24_TTS",0.479740980573543,2.20308393151541,1,9,3,47,"Thyroid"
"Run_Down24_TTS",NA,NA,NA,NA,NA,NA,"Uterus"
"Run_Down24_TTS",NA,NA,NA,NA,NA,NA,"Vagina"
"Run_Down24_TTS",0.0702626641651032,11.8742787990211,2,7,3,41,"Whole_Blood"
"Run_Up4Del_TTS",0.33229939480174,1.70311746307903,4,40,9,122,"Adipose_Subcutaneous"
"Run_Up4Del_TTS",0.612785432591655,1.10594544915088,2,30,6,96,"Adipose_Visceral_Omentum"
"Run_Up4Del_TTS",0.486607142857143,2.60090909586994,1,18,2,64,"Adrenal_Gland"
"Run_Up4Del_TTS",0.32911357349609,2.0157878212108,3,36,6,106,"Artery_Aorta"
"Run_Up4Del_TTS",NA,NA,NA,NA,NA,NA,"Artery_Coronary"
"Run_Up4Del_TTS",0.261632340148193,1.81938373944077,5,41,11,126,"Artery_Tibial"
"Run_Up4Del_TTS",NA,NA,NA,NA,NA,NA,"Brain_Amygdala"
"Run_Up4Del_TTS",NA,NA,NA,NA,NA,NA,"Brain_Anterior_cingulate_cortex_BA24"
"Run_Up4Del_TTS",0.311475409836066,Inf,1,19,1,61,"Brain_Caudate_basal_ganglia"
"Run_Up4Del_TTS",NA,NA,NA,NA,NA,NA,"Brain_Cerebellar_Hemisphere"
"Run_Up4Del_TTS",0.586173320350536,1.83664770870922,1,28,2,79,"Brain_Cerebellum"
"Run_Up4Del_TTS",NA,NA,NA,NA,NA,NA,"Brain_Cortex"
"Run_Up4Del_TTS",0.352941176470588,Inf,1,18,1,51,"Brain_Frontal_Cortex_BA9"
"Run_Up4Del_TTS",NA,NA,NA,NA,NA,NA,"Brain_Hippocampus"
"Run_Up4Del_TTS",NA,NA,NA,NA,NA,NA,"Brain_Hypothalamus"
"Run_Up4Del_TTS",NA,NA,NA,NA,NA,NA,"Brain_Nucleus_accumbens_basal_ganglia"
"Run_Up4Del_TTS",NA,NA,NA,NA,NA,NA,"Brain_Putamen_basal_ganglia"
"Run_Up4Del_TTS",0.416666666666667,Inf,1,15,1,36,"Brain_Spinal_cord_cervical_c-1"
"Run_Up4Del_TTS",NA,NA,NA,NA,NA,NA,"Brain_Substantia_nigra"
"Run_Up4Del_TTS",NA,NA,NA,NA,NA,NA,"Breast_Mammary_Tissue"
"Run_Up4Del_TTS",0.593746389169359,1.06769635545115,3,47,9,147,"Cells_Cultured_fibroblasts"
"Run_Up4Del_TTS",NA,NA,NA,NA,NA,NA,"Cells_EBV-transformed_lymphocytes"
"Run_Up4Del_TTS",0.23093609536838,4.547735201221,2,27,3,86,"Colon_Sigmoid"
"Run_Up4Del_TTS",0.569620253164557,1.94371460135308,1,27,2,79,"Colon_Transverse"
"Run_Up4Del_TTS",NA,NA,NA,NA,NA,NA,"Esophagus_Gastroesophageal_Junction"
"Run_Up4Del_TTS",0.100033585411308,4.16121229497643,4,41,6,121,"Esophagus_Mucosa"
"Run_Up4Del_TTS",0.184505994557449,3.35697482895053,3,37,5,116,"Esophagus_Muscularis"
"Run_Up4Del_TTS",0.258144882385829,2.69773734036249,3,36,5,98,"Heart_Atrial_Appendage"
"Run_Up4Del_TTS",0.574691358024692,1.9093864872358,1,28,2,81,"Heart_Left_Ventricle"
"Run_Up4Del_TTS",NA,NA,NA,NA,NA,NA,"Kidney_Cortex"
"Run_Up4Del_TTS",NA,NA,NA,NA,NA,NA,"Liver"
"Run_Up4Del_TTS",0.265788714793809,4.00114393309653,2,35,3,103,"Lung"
"Run_Up4Del_TTS",0.40625,Inf,1,13,1,32,"Minor_Salivary_Gland"
"Run_Up4Del_TTS",0.107142857142857,6.31706044698148,3,38,4,114,"Muscle_Skeletal"
"Run_Up4Del_TTS",0.73907137194084,0.801265783627152,2,44,7,133,"Nerve_Tibial"
"Run_Up4Del_TTS",NA,NA,NA,NA,NA,NA,"Ovary"
"Run_Up4Del_TTS",NA,NA,NA,NA,NA,NA,"Pancreas"
"Run_Up4Del_TTS",0.605769230769231,1.72358024302481,1,24,2,65,"Pituitary"
"Run_Up4Del_TTS",NA,NA,NA,NA,NA,NA,"Prostate"
"Run_Up4Del_TTS",0.0431875835902207,8.49054759001128,4,41,5,122,"Skin_Not_Sun_Exposed_Suprapubic"
"Run_Up4Del_TTS",0.248300717479415,2.10926402745028,4,45,8,136,"Skin_Sun_Exposed_Lower_leg"
"Run_Up4Del_TTS",NA,NA,NA,NA,NA,NA,"Small_Intestine_Terminal_Ileum"
"Run_Up4Del_TTS",NA,NA,NA,NA,NA,NA,"Spleen"
"Run_Up4Del_TTS",0.366197183098592,Inf,1,26,1,71,"Stomach"
"Run_Up4Del_TTS",0.0336408030385242,Inf,3,32,3,97,"Testis"
"Run_Up4Del_TTS",0.0494446459510093,5.65728197787979,4,36,6,130,"Thyroid"
"Run_Up4Del_TTS",NA,NA,NA,NA,NA,NA,"Uterus"
"Run_Up4Del_TTS",NA,NA,NA,NA,NA,NA,"Vagina"
"Run_Up4Del_TTS",0.880818047748655,0.523091044241102,2,43,8,113,"Whole_Blood"
"Run_Down4Del_TTS",0.874456551119419,0.537142421693421,2,22,11,79,"Adipose_Subcutaneous"
"Run_Down4Del_TTS",0.762920770985287,0.769588123330085,1,16,5,66,"Adipose_Visceral_Omentum"
"Run_Down4Del_TTS",NA,NA,NA,NA,NA,NA,"Adrenal_Gland"
"Run_Down4Del_TTS",0.800380512127309,0.665518427672442,1,14,6,62,"Artery_Aorta"
"Run_Down4Del_TTS",NA,NA,NA,NA,NA,NA,"Artery_Coronary"
"Run_Down4Del_TTS",0.737560604514827,0.796289814998324,2,19,10,81,"Artery_Tibial"
"Run_Down4Del_TTS",NA,NA,NA,NA,NA,NA,"Brain_Amygdala"
"Run_Down4Del_TTS",NA,NA,NA,NA,NA,NA,"Brain_Anterior_cingulate_cortex_BA24"
"Run_Down4Del_TTS",NA,NA,NA,NA,NA,NA,"Brain_Caudate_basal_ganglia"
"Run_Down4Del_TTS",0.620644465001542,1.28885820259433,1,10,4,48,"Brain_Cerebellar_Hemisphere"
"Run_Down4Del_TTS",0.501251355866648,1.4545068353329,2,16,6,61,"Brain_Cerebellum"
"Run_Down4Del_TTS",NA,NA,NA,NA,NA,NA,"Brain_Cortex"
"Run_Down4Del_TTS",NA,NA,NA,NA,NA,NA,"Brain_Frontal_Cortex_BA9"
"Run_Down4Del_TTS",NA,NA,NA,NA,NA,NA,"Brain_Hippocampus"
"Run_Down4Del_TTS",NA,NA,NA,NA,NA,NA,"Brain_Hypothalamus"
"Run_Down4Del_TTS",NA,NA,NA,NA,NA,NA,"Brain_Nucleus_accumbens_basal_ganglia"
"Run_Down4Del_TTS",NA,NA,NA,NA,NA,NA,"Brain_Putamen_basal_ganglia"
"Run_Down4Del_TTS",0.395256916996047,3.91152190823646,1,5,2,23,"Brain_Spinal_cord_cervical_c-1"
"Run_Down4Del_TTS",NA,NA,NA,NA,NA,NA,"Brain_Substantia_nigra"
"Run_Down4Del_TTS",NA,NA,NA,NA,NA,NA,"Breast_Mammary_Tissue"
"Run_Down4Del_TTS",0.826075136219406,0.628098131551424,2,24,10,87,"Cells_Cultured_fibroblasts"
"Run_Down4Del_TTS",NA,NA,NA,NA,NA,NA,"Cells_EBV-transformed_lymphocytes"
"Run_Down4Del_TTS",NA,NA,NA,NA,NA,NA,"Colon_Sigmoid"
"Run_Down4Del_TTS",NA,NA,NA,NA,NA,NA,"Colon_Transverse"
"Run_Down4Del_TTS",0.746818727490996,0.8212105124069,1,12,5,52,"Esophagus_Gastroesophageal_Junction"
"Run_Down4Del_TTS",0.933875123606353,0.350617528282075,1,22,8,80,"Esophagus_Mucosa"
"Run_Down4Del_TTS",0.906525305370415,0.414094900367813,1,16,8,66,"Esophagus_Muscularis"
"Run_Down4Del_TTS",NA,NA,NA,NA,NA,NA,"Heart_Atrial_Appendage"
"Run_Down4Del_TTS",0.809478099892167,0.650322879529401,1,10,6,44,"Heart_Left_Ventricle"
"Run_Down4Del_TTS",NA,NA,NA,NA,NA,NA,"Kidney_Cortex"
"Run_Down4Del_TTS",NA,NA,NA,NA,NA,NA,"Liver"
"Run_Down4Del_TTS",NA,NA,NA,NA,NA,NA,"Lung"
"Run_Down4Del_TTS",NA,NA,NA,NA,NA,NA,"Minor_Salivary_Gland"
"Run_Down4Del_TTS",0.938950416614948,0.339700431249452,1,15,11,72,"Muscle_Skeletal"
"Run_Down4Del_TTS",0.983947388621057,0.213323002250657,1,20,14,85,"Nerve_Tibial"
"Run_Down4Del_TTS",NA,NA,NA,NA,NA,NA,"Ovary"
"Run_Down4Del_TTS",NA,NA,NA,NA,NA,NA,"Pancreas"
"Run_Down4Del_TTS",0.826700898587933,0.622199035170375,1,14,4,41,"Pituitary"
"Run_Down4Del_TTS",NA,NA,NA,NA,NA,NA,"Prostate"
"Run_Down4Del_TTS",NA,NA,NA,NA,NA,NA,"Skin_Not_Sun_Exposed_Suprapubic"
"Run_Down4Del_TTS",0.817362604427866,0.64415175657797,2,25,10,92,"Skin_Sun_Exposed_Lower_leg"
"Run_Down4Del_TTS",NA,NA,NA,NA,NA,NA,"Small_Intestine_Terminal_Ileum"
"Run_Down4Del_TTS",0.276729559748428,6.07984110186855,1,8,2,54,"Spleen"
"Run_Down4Del_TTS",NA,NA,NA,NA,NA,NA,"Stomach"
"Run_Down4Del_TTS",0.504083227463418,1.43336727039998,2,19,6,72,"Testis"
"Run_Down4Del_TTS",0.925636282730374,0.37156751679065,1,20,10,92,"Thyroid"
"Run_Down4Del_TTS",NA,NA,NA,NA,NA,NA,"Uterus"
"Run_Down4Del_TTS",NA,NA,NA,NA,NA,NA,"Vagina"
"Run_Down4Del_TTS",0.942691739316988,0.330311821419788,1,17,10,73,"Whole_Blood"
"Run_All-same_TTS",0.747367797359508,0.813166471243088,7,87,45,478,"Adipose_Subcutaneous"
"Run_All-same_TTS",0.614535970923676,0.95871348449832,5,63,30,366,"Adipose_Visceral_Omentum"
"Run_All-same_TTS",0.139450676072947,3.0439778801603,3,41,8,240,"Adrenal_Gland"
"Run_All-same_TTS",0.726878959385498,0.812236483953176,4,66,28,392,"Artery_Aorta"
"Run_All-same_TTS",0.405796831846174,1.67288005329556,2,30,8,177,"Artery_Coronary"
"Run_All-same_TTS",0.296647779948925,1.27661079802234,12,98,51,494,"Artery_Tibial"
"Run_All-same_TTS",NA,NA,NA,NA,NA,NA,"Brain_Amygdala"
"Run_All-same_TTS",0.305855957416389,1.8787693659271,3,30,9,138,"Brain_Anterior_cingulate_cortex_BA24"
"Run_All-same_TTS",0.901405753353359,0.426310271191035,1,38,12,222,"Brain_Caudate_basal_ganglia"
"Run_All-same_TTS",0.3902777520612,1.46925103806288,3,46,14,289,"Brain_Cerebellar_Hemisphere"
"Run_All-same_TTS",0.771266522917143,0.738418676498009,3,58,22,334,"Brain_Cerebellum"
"Run_All-same_TTS",0.646445957714248,0.954695737096732,2,46,12,266,"Brain_Cortex"
"Run_All-same_TTS",0.878169341652424,0.474903728435816,1,35,11,206,"Brain_Frontal_Cortex_BA9"
"Run_All-same_TTS",0.432640797438401,1.58471040470662,2,24,8,135,"Brain_Hippocampus"
"Run_All-same_TTS",0.636257097711997,1.13895599965353,1,26,5,144,"Brain_Hypothalamus"
"Run_All-same_TTS",0.647529337684061,1.05531119021267,1,31,7,227,"Brain_Nucleus_accumbens_basal_ganglia"
"Run_All-same_TTS",0.285457561906909,2.4078007494603,2,34,6,193,"Brain_Putamen_basal_ganglia"
"Run_All-same_TTS",NA,NA,NA,NA,NA,NA,"Brain_Spinal_cord_cervical_c-1"
"Run_All-same_TTS",0.184075952098393,4.14748338793516,2,19,4,93,"Brain_Substantia_nigra"
"Run_All-same_TTS",0.624132532536888,0.963848905329713,3,53,19,326,"Breast_Mammary_Tissue"
"Run_All-same_TTS",0.80434942216149,0.762271867602586,8,106,50,540,"Cells_Cultured_fibroblasts"
"Run_All-same_TTS",0.311776328340887,2.17755149992918,2,25,7,156,"Cells_EBV-transformed_lymphocytes"
"Run_All-same_TTS",0.359443159904881,1.32511376208644,6,63,26,335,"Colon_Sigmoid"
"Run_All-same_TTS",0.511767338270625,1.12656642107132,4,61,21,351,"Colon_Transverse"
"Run_All-same_TTS",0.790770106175702,0.710007094882891,3,46,27,314,"Esophagus_Gastroesophageal_Junction"
"Run_All-same_TTS",0.775386100353394,0.749399787774103,4,76,31,467,"Esophagus_Mucosa"
"Run_All-same_TTS",0.865433050642169,0.650106224399216,5,77,39,429,"Esophagus_Muscularis"
"Run_All-same_TTS",0.567506202170639,1.03842482492409,4,62,21,335,"Heart_Atrial_Appendage"
"Run_All-same_TTS",0.573559439335681,1.03171267224218,4,59,20,302,"Heart_Left_Ventricle"
"Run_All-same_TTS",NA,NA,NA,NA,NA,NA,"Kidney_Cortex"
"Run_All-same_TTS",0.620646924182065,1.17009943843806,1,22,6,150,"Liver"
"Run_All-same_TTS",0.754955003947215,0.77571367358225,4,70,28,401,"Lung"
"Run_All-same_TTS",0.331714087439278,4.57547644620067,1,24,2,132,"Minor_Salivary_Gland"
"Run_All-same_TTS",0.954760760347335,0.477094558470329,4,84,38,442,"Muscle_Skeletal"
"Run_All-same_TTS",0.566804720534519,0.997067054370793,9,92,50,510,"Nerve_Tibial"
"Run_All-same_TTS",0.643014955389978,1.09107767894061,1,25,6,161,"Ovary"
"Run_All-same_TTS",0.794892732868947,0.679052359510306,2,48,17,297,"Pancreas"
"Run_All-same_TTS",0.853340795709054,0.526880086311996,1,42,10,245,"Pituitary"
"Run_All-same_TTS",0.777598593188547,0.698085581801879,1,34,8,202,"Prostate"
"Run_All-same_TTS",0.770961952740108,0.768496408592702,5,77,38,475,"Skin_Not_Sun_Exposed_Suprapubic"
"Run_All-same_TTS",0.524399721028655,1.04455261109811,8,87,46,517,"Skin_Sun_Exposed_Lower_leg"
"Run_All-same_TTS",0.220909082514643,2.29079790803766,3,36,9,194,"Small_Intestine_Terminal_Ileum"
"Run_All-same_TTS",0.404561759894462,1.43592402289174,3,56,13,320,"Spleen"
"Run_All-same_TTS",0.304939832218597,1.58915422048903,4,39,19,263,"Stomach"
"Run_All-same_TTS",0.908746187946948,0.529411194886173,3,78,26,405,"Testis"
"Run_All-same_TTS",0.855745696416626,0.664340576756476,5,90,40,520,"Thyroid"
"Run_All-same_TTS",NA,NA,NA,NA,NA,NA,"Uterus"
"Run_All-same_TTS",NA,NA,NA,NA,NA,NA,"Vagina"
"Run_All-same_TTS",0.330944180207029,1.32875951791884,7,69,34,414,"Whole_Blood"
"Run_All-delayed_TTS",NA,NA,NA,NA,NA,NA,"Adipose_Subcutaneous"
"Run_All-delayed_TTS",NA,NA,NA,NA,NA,NA,"Adipose_Visceral_Omentum"
"Run_All-delayed_TTS",NA,NA,NA,NA,NA,NA,"Adrenal_Gland"
"Run_All-delayed_TTS",NA,NA,NA,NA,NA,NA,"Artery_Aorta"
"Run_All-delayed_TTS",NA,NA,NA,NA,NA,NA,"Artery_Coronary"
"Run_All-delayed_TTS",NA,NA,NA,NA,NA,NA,"Artery_Tibial"
"Run_All-delayed_TTS",NA,NA,NA,NA,NA,NA,"Brain_Amygdala"
"Run_All-delayed_TTS",NA,NA,NA,NA,NA,NA,"Brain_Anterior_cingulate_cortex_BA24"
"Run_All-delayed_TTS",NA,NA,NA,NA,NA,NA,"Brain_Caudate_basal_ganglia"
"Run_All-delayed_TTS",NA,NA,NA,NA,NA,NA,"Brain_Cerebellar_Hemisphere"
"Run_All-delayed_TTS",NA,NA,NA,NA,NA,NA,"Brain_Cerebellum"
"Run_All-delayed_TTS",NA,NA,NA,NA,NA,NA,"Brain_Cortex"
"Run_All-delayed_TTS",NA,NA,NA,NA,NA,NA,"Brain_Frontal_Cortex_BA9"
"Run_All-delayed_TTS",NA,NA,NA,NA,NA,NA,"Brain_Hippocampus"
"Run_All-delayed_TTS",NA,NA,NA,NA,NA,NA,"Brain_Hypothalamus"
"Run_All-delayed_TTS",NA,NA,NA,NA,NA,NA,"Brain_Nucleus_accumbens_basal_ganglia"
"Run_All-delayed_TTS",NA,NA,NA,NA,NA,NA,"Brain_Putamen_basal_ganglia"
"Run_All-delayed_TTS",NA,NA,NA,NA,NA,NA,"Brain_Spinal_cord_cervical_c-1"
"Run_All-delayed_TTS",NA,NA,NA,NA,NA,NA,"Brain_Substantia_nigra"
"Run_All-delayed_TTS",NA,NA,NA,NA,NA,NA,"Breast_Mammary_Tissue"
"Run_All-delayed_TTS",NA,NA,NA,NA,NA,NA,"Cells_Cultured_fibroblasts"
"Run_All-delayed_TTS",NA,NA,NA,NA,NA,NA,"Cells_EBV-transformed_lymphocytes"
"Run_All-delayed_TTS",NA,NA,NA,NA,NA,NA,"Colon_Sigmoid"
"Run_All-delayed_TTS",NA,NA,NA,NA,NA,NA,"Colon_Transverse"
"Run_All-delayed_TTS",NA,NA,NA,NA,NA,NA,"Esophagus_Gastroesophageal_Junction"
"Run_All-delayed_TTS",NA,NA,NA,NA,NA,NA,"Esophagus_Mucosa"
"Run_All-delayed_TTS",NA,NA,NA,NA,NA,NA,"Esophagus_Muscularis"
"Run_All-delayed_TTS",NA,NA,NA,NA,NA,NA,"Heart_Atrial_Appendage"
"Run_All-delayed_TTS",NA,NA,NA,NA,NA,NA,"Heart_Left_Ventricle"
"Run_All-delayed_TTS",NA,NA,NA,NA,NA,NA,"Kidney_Cortex"
"Run_All-delayed_TTS",NA,NA,NA,NA,NA,NA,"Liver"
"Run_All-delayed_TTS",NA,NA,NA,NA,NA,NA,"Lung"
"Run_All-delayed_TTS",NA,NA,NA,NA,NA,NA,"Minor_Salivary_Gland"
"Run_All-delayed_TTS",NA,NA,NA,NA,NA,NA,"Muscle_Skeletal"
"Run_All-delayed_TTS",NA,NA,NA,NA,NA,NA,"Nerve_Tibial"
"Run_All-delayed_TTS",NA,NA,NA,NA,NA,NA,"Ovary"
"Run_All-delayed_TTS",NA,NA,NA,NA,NA,NA,"Pancreas"
"Run_All-delayed_TTS",NA,NA,NA,NA,NA,NA,"Pituitary"
"Run_All-delayed_TTS",NA,NA,NA,NA,NA,NA,"Prostate"
"Run_All-delayed_TTS",NA,NA,NA,NA,NA,NA,"Skin_Not_Sun_Exposed_Suprapubic"
"Run_All-delayed_TTS",NA,NA,NA,NA,NA,NA,"Skin_Sun_Exposed_Lower_leg"
"Run_All-delayed_TTS",NA,NA,NA,NA,NA,NA,"Small_Intestine_Terminal_Ileum"
"Run_All-delayed_TTS",NA,NA,NA,NA,NA,NA,"Spleen"
"Run_All-delayed_TTS",NA,NA,NA,NA,NA,NA,"Stomach"
"Run_All-delayed_TTS",NA,NA,NA,NA,NA,NA,"Testis"
"Run_All-delayed_TTS",NA,NA,NA,NA,NA,NA,"Thyroid"
"Run_All-delayed_TTS",NA,NA,NA,NA,NA,NA,"Uterus"
"Run_All-delayed_TTS",NA,NA,NA,NA,NA,NA,"Vagina"
"Run_All-delayed_TTS",NA,NA,NA,NA,NA,NA,"Whole_Blood"
