"V1","V2","V3","V4","V5","V6","peakTF"
9,28,10051,12372,0.999999998218438,0.108605791398719,"BRD4_K-562"
9,28,5885,12372,0.967575886927389,0.521435495824776,"RBFOX2_K-562"
3,28,542,12372,0.12222385735263,2.62799453026915,"NA_NA"
7,28,9664,12372,0.999999999734181,0.0927928841176918,"KDM4A_WA01"
8,28,10068,12372,0.999999999867402,0.0908413002271254,"RBBP5_WA01"
4,28,7005,12372,0.999999458011388,0.127221256731307,"PCGF1_WA01"
10,28,9112,12372,0.999994977256816,0.197911158485567,"STAT3_WA01"
2,28,3738,12372,0.999451556832604,0.17724444179619,"EP300_osteoblast"
7,28,8339,12372,0.999999237233933,0.160533245575379,"ASH2L_WA01"
10,28,10859,12372,0.999999999990449,0.0765858711461023,"BRD4_retina"
8,28,4971,12372,0.928850318003226,0.594906533333282,"GTF3C2_H9"
4,28,1905,12372,0.644900395323384,0.915553877739437,"BRF1_H9"
10,28,4713,12372,0.670285162241064,0.902608485010404,"NFIC_Ishikawa"
8,28,2560,12372,0.207789460084686,1.53473485712155,"NFIC_SK-N-SH"
10,28,10773,12372,0.999999999974316,0.0816366420842412,"CDKN1B_MDA-MB-231"
10,28,9270,12372,0.999997750806553,0.185055770235288,"ELL2_HeLa"
8,28,10177,12372,0.999999999948785,0.0855803317438847,"NELFCD_DLD-1"
8,28,5532,12372,0.97414842501388,0.493878384559768,"NR1H2_HT29"
9,28,9543,12372,0.99999993577669,0.139639862252004,"HMGXB4_Hep-G2"
7,28,8846,12372,0.999999945204428,0.132210068667376,"KLF9_HEK293"
3,28,5409,12372,0.999974755855223,0.154023872269864,"KLF9_MCF-7"
11,28,10404,12372,0.999999989621628,0.121530802850593,"KLF9_GBM1A"
2,28,1116,12372,0.732741224359877,0.775435012294647,"JARID2_UTEIPS6"
2,28,641,12372,0.429760897908342,1.40899103136162,"JARID2_UTEIPS11"
5,28,6135,12372,0.999895285485562,0.220403311571452,"FUS_Hep-G2"
11,28,8102,12372,0.998765887394035,0.340155341512579,"SKI_HL-60"
8,28,8348,12372,0.999995067810211,0.192072296162581,"SKI_Hep-G2"
5,28,8907,12372,0.999999999697839,0.0840753351329491,"RAD21_HAP1"
12,28,6498,12372,0.887777035349923,0.677408608391997,"RAD21_IMR-90"
7,28,7985,12372,0.999996169543123,0.182445163572331,"RAD21_hiPSC"
5,28,5283,12372,0.998677389395685,0.291064247592409,"RAD21_RH4"
9,28,9494,12372,0.999999912773308,0.142808187537614,"RAD21_HCT-116"
8,28,5015,12372,0.933846111428618,0.586164307320879,"RAD21_SLK"
9,28,8669,12372,0.999993036303427,0.201535915877048,"RAD21_HeLa-S3"
8,28,4373,12372,0.82803786789851,0.731197463786993,"RAD21_HUVEC-C"
8,28,9264,12372,0.999999957802434,0.133452539745507,"RAD21_HEK293"
7,28,4013,12372,0.852359459178623,0.693809896919162,"RAD21_HeLa-Tet-On"
4,28,3139,12372,0.949649785309737,0.489576118834982,"RAD21_T-47D"
8,28,3024,12372,0.37345852800393,1.2371266574713,"RAD21_Ishikawa"
5,28,5792,12372,0.999692449958064,0.246347454430965,"CSNK2A1_LNCaP"
11,28,9988,12372,0.99999977297617,0.153545089974002,"GTF2B_HeLa"
9,28,9863,12372,0.999999992612653,0.119723496135039,"TFDP2_Hep-G2"
9,28,8516,12372,0.999986252063779,0.213681538025206,"ARNT_SK-MEL-28"
7,28,7798,12372,0.999991570021849,0.194824114754055,"ARNT_501-mel"
6,28,4346,12372,0.961994111866131,0.502999409134756,"ZNF148_K-562"
13,28,9968,12372,0.999989032713974,0.208019089168493,"RELA_786-O"
10,28,7638,12372,0.998568536761489,0.343501509486073,"RELA_KB"
15,28,10544,12372,0.999988337281428,0.198936075442524,"RELA_HAEC"
12,28,8577,12372,0.999042566692576,0.330944008320089,"RELA_HUVEC-C"
10,28,7204,12372,0.995262617389507,0.397735929350602,"RELA_FaDu"
8,28,5092,12372,0.94191410154486,0.571229590537713,"RELA_786-M1A"
17,28,11028,12372,0.999985169553487,0.187137804482996,"RELA_aortic-endothelial-cell"
9,28,9061,12372,0.999998974966086,0.172296567600626,"RELA_CD4"
7,28,7614,12372,0.999982379865263,0.207598620081802,"CDK8_myometrium"
9,28,8342,12372,0.999971397236429,0.228033684896627,"CDK8_HCT-116"
6,28,4545,12372,0.974140117299107,0.468991815624309,"BACH1_WA01"
6,28,4735,12372,0.982453836406569,0.439193289553866,"STAG2_HCAEC"
9,28,9350,12372,0.999999792716232,0.152311550508453,"PHF5A_Hep-G2"
6,28,9317,12372,0.999999999741457,0.0888645109528467,"RBPJ_HCC1599"
10,28,8777,12372,0.999976278430334,0.226703093258175,"RBPJ_SCC"
7,28,7792,12372,0.999991359777759,0.195231148985431,"CCNT2_K-562"
10,28,10483,12372,0.999999999508001,0.0992544989991701,"CREB1_A-549"
9,28,10192,12372,0.999999999438234,0.100575893316956,"CREB1_WA01"
9,28,8254,12372,0.999959208501173,0.235522880085965,"CREB1_K-562"
6,28,8903,12372,0.999999996079274,0.105688233403237,"CREB1_LNCaP"
10,28,9485,12372,0.999999307110935,0.168251282109355,"CREB1_Hep-G2"
8,28,8306,12372,0.999994060187991,0.195068424892528,"CREB1_GM23338"
7,28,9949,12372,0.999999999973138,0.0805865905487357,"CREB1_LNCaP-abl"
10,28,9689,12372,0.999999795194065,0.152996717226212,"FOXK1_Hep-G2"
11,28,9461,12372,0.99999493802454,0.198177694231808,"SMAD3_Hep-G2"
13,28,9649,12372,0.999943340801707,0.243589667062343,"SMAD3_PC-3"
11,28,11023,12372,0.999999999980803,0.0783002405111748,"SMAD3_H69"
8,28,6557,12372,0.997560501587734,0.353975294446156,"SMAD3_breast-cancer"
4,28,299,12372,0.00433108786509368,6.80450767753157,"AFF4_HCT-116"
9,28,9946,12372,0.999999995996472,0.114767165608333,"AFF4_HeLa"
7,28,8444,12372,0.999999542861507,0.154387711917936,"REST_hiPSC"
7,28,7340,12372,0.999950551136115,0.227809756455625,"REST_PANC-1"
7,28,9092,12372,0.999999987040906,0.119608540566045,"CTBP1_K-562"
10,28,9540,12372,0.999999495987376,0.164074239288866,"KLF6_Hep-G2"
7,28,5391,12372,0.987327861620994,0.43093951099622,"KLF6_786-M1A"
6,28,9405,12372,0.999999999862354,0.085479562125388,"HNRNPLL_K-562"
8,28,10105,12372,0.999999999903452,0.0890427279588799,"HNRNPLL_Hep-G2"
9,28,9351,12372,0.999999793923795,0.152244544785055,"HEXIM1_HCT-116"
6,28,6504,12372,0.999832284928048,0.245358587441224,"CXXC5_prostate-cancer"
6,28,5970,12372,0.999154606611909,0.291794977729604,"EP300_WA01"
5,28,5471,12372,0.999213805046037,0.27357790424719,"EP300_T-47D"
10,28,7530,12372,0.998040758333048,0.356412630842104,"EP300_Hep-G2"
6,28,5304,12372,0.995137608634425,0.362744513327891,"EP300_fibroblast"
10,28,6862,12372,0.989133623674073,0.44531347689416,"EP300_Ishikawa"
8,28,3232,12372,0.454578686627044,1.13148588179841,"EP300_SK-N-SH"
6,28,7608,12372,0.999997169804858,0.170146261320418,"WDR5_SMMC-7721"
7,28,9068,12372,0.999999985003313,0.12080773956339,"CBX1_Hep-G2"
7,28,8049,12372,0.999997104033676,0.178340778909611,"SIN3B_Hep-G2"
7,28,10137,12372,0.999999999994987,0.0728520272461109,"HDAC2_WA01"
6,28,6252,12372,0.999630888026577,0.266315522447935,"TEAD4_BJ"
6,28,1209,12372,0.049879987012488,2.52546075035237,"TEAD4_SK-N-SH"
11,28,7326,12372,0.989814904722334,0.444872944262814,"TEAD4_Ishikawa"
7,28,9598,12372,0.999999999564766,0.0957235272671575,"NCBP1_DLD-1"
5,28,3313,12372,0.904859547155565,0.593813551148135,"RXRA_Hep-G2"
8,28,4862,12372,0.915189481272818,0.617246129750379,"RXRA_JMSU-1"
12,28,9455,12372,0.999971320664791,0.230473482072181,"HIF1A_PC-3"
12,28,10444,12372,0.999999932569279,0.13749689597587,"HIF1A_BEAS-2B"
4,28,5001,12372,0.999393469393782,0.245069876113714,"EPAS1_501-mel"
9,28,8732,12372,0.999994791883177,0.19665949943236,"L3MBTL2_K-562"
7,28,9479,12372,0.999999998974492,0.101111118114815,"SIRT6_SK-MEL-239"
10,28,8132,12372,0.999707102101411,0.288821577262051,"SS18_BIN-67"
8,28,10794,12372,0.999999999999929,0.0578067338753387,"KDM4A_hiPSC"
6,28,8216,12372,0.999999826196436,0.137350065196012,"CTCF_gastrocnemius-medialis"
6,28,7965,12372,0.999999418606108,0.150281942586942,"CTCF_lung"
5,28,6048,12372,0.999861327386521,0.226705023624646,"CTCF_neuron"
5,28,4697,12372,0.994132630490712,0.354561830750059,"CTCF_OVCAR-8"
7,28,7340,12372,0.999950551136115,0.227809756455625,"CTCF_K-562"
4,28,4181,12372,0.994729742287709,0.325895386987691,"CTCF_RH4"
9,28,10044,12372,0.999999998117243,0.1090145001939,"CTCF_gastroesophageal-sphincter"
9,28,9565,12372,0.999999944136957,0.138227917086957,"CTCF_anterior-temporal-cortex"
9,28,9469,12372,0.999999898264535,0.144437323904496,"CTCF_retina"
8,28,9049,12372,0.999999851911857,0.146185958077565,"CTCF_THP-1"
7,28,7139,12372,0.99989936714564,0.243623674904684,"CTCF_keratinocyte"
8,28,9275,12372,0.999999960534121,0.132820198131,"CTCF_MM1-S"
7,28,7177,12372,0.999911763990059,0.24056601090635,"CTCF_neural"
7,28,8993,12372,0.999999976511993,0.124596674663338,"CTCF_SUM159"
9,28,9849,12372,0.999999991827006,0.120567743749858,"CTCF_heart"
5,28,7850,12372,0.999999885888254,0.124675619408594,"CTCF_esophagus-muscularis-mucosa"
6,28,6354,12372,0.999730255983177,0.257657560379216,"CTCF_HEC-1-B"
6,28,5524,12372,0.997186627524267,0.337412587018628,"CTCF_tibial-nerve"
8,28,9357,12372,0.999999976246372,0.128154051696682,"CTCF_prostate"
10,28,9390,12372,0.999998819355974,0.175581537198131,"CTCF_nerve"
3,28,2167,12372,0.891005203501472,0.564535512194391,"CTCF_GM20000"
8,28,9337,12372,0.999999973076017,0.129284437244624,"CTCF_T-47D"
8,28,6848,12372,0.998910413086282,0.321899592782907,"CTCF_786-O"
5,28,5318,12372,0.998797534271301,0.28771505013879,"CTCF_stomach"
7,28,6188,12372,0.998168959592676,0.33237064269728,"CTCF_artery"
12,28,10520,12372,0.99999996345178,0.131050589803889,"BRD9_MDA-MB-231"
9,28,9342,12372,0.999999782815287,0.152848113188437,"TBX2_Hep-G2"
9,28,10030,12372,0.999999997898453,0.109833746986103,"JUN_MDA-MB-231"
9,28,8325,12372,0.9999693427918,0.229468109786646,"JUN_HUES-8"
10,28,10574,12372,0.999999999793813,0.0936403658217341,"JUN_MDA-BoM-1833"
10,28,10036,12372,0.999999980381703,0.128474642851396,"CBFB_ME-1"
7,28,8077,12372,0.999997441683034,0.176565587797181,"CBFB_SKNO-1"
8,28,9909,12372,0.999999999512274,0.0987233424491874,"CBFB_Hep-G2"
2,28,1322,12372,0.816544620446476,0.642443782933287,"CBFB_SaOS-2"
10,28,9222,12372,0.999997113935737,0.188914571923802,"YY1_SK-N-SH"
10,28,9918,12372,0.999999954535881,0.136620941291908,"YY1_Ishikawa"
10,28,10062,12372,0.999999983804516,0.12669321426259,"YY1_HCT-116"
10,28,10235,12372,0.999999995766017,0.115163390946679,"YY1_K-562"
10,28,10635,12372,0.999999999888029,0.0899122337504895,"YY1_Hep-G2"
7,28,9599,12372,0.999999999567964,0.0956788215996603,"YY1_WA01"
8,28,8971,12372,0.999999771863005,0.150935172281964,"ZFX_HEK293T"
9,28,2682,12372,0.133533445300386,1.71371659636647,"FOS_endothelial"
7,28,3337,12372,0.662884239144909,0.902310762242472,"FOS_MNNG-HOS"
10,28,10018,12372,0.999999977628756,0.129704980927662,"ZBTB7A_K-562"
7,28,10205,12372,0.99999999999737,0.0701468095676094,"ZBTB7A_VCaP"
5,28,8337,12372,0.999999990787176,0.104696946210934,"ZBTB7A_Ishikawa"
6,28,7191,12372,0.999984914756153,0.195848684092245,"ZBTB7A_Hep-G2"
9,28,9135,12372,0.999999308002709,0.167058742313229,"RARA_TSU-1621MT"
7,28,8547,12372,0.999999727768926,0.148506183250334,"HNRNPC_Hep-G2"
8,28,9601,12372,0.999999995249499,0.114734925208481,"ELF1_ME-1"
10,28,8967,12372,0.999989928669178,0.21010791095002,"ELF1_A-549"
7,28,5892,12372,0.996058805314445,0.365894513615595,"CTBP2_WA01"
7,28,5071,12372,0.975335848088879,0.479228078125523,"TP53_HCT-116"
5,28,5709,12372,0.999605512730281,0.253094502140419,"TP53_hESC"
6,28,8172,12372,0.999999783905618,0.139559536513557,"TP53_IMR-90"
9,28,9602,12372,0.999999955943585,0.135867885479211,"ZNF217_Hep-G2"
10,28,10494,12372,0.999999999555996,0.0985714604416653,"SMARCC1_BIN-67"
9,28,9835,12372,0.999999990963539,0.121414396807028,"SMARCC1_SCCOHT-1"
6,28,6763,12372,0.99992913805488,0.225508663307399,"SMARCC1_hiPSC"
10,28,5938,12372,0.933222660904097,0.60131612698854,"SMARCC1_Hep-G2"
7,28,4689,12372,0.949451672224916,0.54551846002564,"SMARCC1_HCT-116"
11,28,10182,12372,0.999999941415005,0.138281051511417,"SMARCC1_Aska-SS"
9,28,9836,12372,0.999999991027945,0.121353841597139,"BRD2_SK-MEL-147"
12,28,10869,12372,0.999999998557664,0.102742806259774,"BRD2_MDA-MB-231"
10,28,10373,12372,0.999999998674072,0.106239217343768,"BRD2_SUM149PT"
11,28,10162,12372,0.999999932207962,0.139833418749313,"BRD2_THP-1"
14,28,10811,12372,0.999999770942572,0.143320143783148,"BRD2_HCC1806"
12,28,10846,12372,0.999999998170452,0.104545449167182,"BRD2_SUM159PT"
8,28,9698,12372,0.999999997605313,0.109582404438799,"TAF15_Hep-G2"
6,28,7877,12372,0.999999129061913,0.155011117512638,"TRIM25_BT-549"
8,28,2670,12372,0.243880755935967,1.45479619381434,"SS18_SYO-1"
7,28,10064,12372,0.99999999999021,0.0757972855631036,"BRD4_LNCaP-C4-2"
9,28,8663,12372,0.999992843280783,0.202004039407003,"BRD4_MPNST"
9,28,5472,12372,0.932438754451393,0.596660704150626,"BRD4_HCT-116"
7,28,9313,12372,0.999999996818543,0.108857379472281,"BRD4_RH4"
14,28,10685,12372,0.999999359067567,0.156819259849526,"BRD4_SUM159PT"
5,28,7703,12372,0.999999770420856,0.131202460309172,"BRD4_HT29"
13,28,10463,12372,0.999999537600126,0.15711496034588,"BRD4_MDA-MB-231"
5,28,5747,12372,0.999647812761282,0.249981277616442,"BRD4_HEK293"
11,28,8229,12372,0.999176050745218,0.324899994367259,"BRD4_HUVEC-C"
9,28,9691,12372,0.999999975491185,0.13026492280698,"BRD4_HEK293T"
8,28,8415,12372,0.999996352093713,0.18735482119602,"BRD4_HCC1806"
9,28,4556,12372,0.758175928646971,0.81224034188301,"BRD4_402-91"
5,28,9581,12372,0.999999999997827,0.0628569904078316,"BRD4_VCaP"
6,28,9323,12372,0.999999999752176,0.0886316862361557,"BRD4_LNCaP-clone-FGC"
9,28,9656,12372,0.999999969052508,0.132456002572711,"BRD4_CD4"
10,28,10120,12372,0.99999998953518,0.122817224075688,"BRD4_HeLa"
7,28,3693,12372,0.775003908894116,0.782993832976014,"BRD4_SUM149PT"
6,28,9113,12372,0.999999998964426,0.0969632060291653,"BRD4_COLO-741"
8,28,7567,12372,0.999890516208306,0.253237678797717,"BRD4_HCT-15"
5,28,7739,12372,0.999999806082803,0.129581028892696,"BRD4_keratinocyte"
6,28,8069,12372,0.999999643896617,0.144826016101233,"BRD4_Hep-G2"
11,28,9447,12372,0.99999455499538,0.199428328214802,"BRD4_SUM229PE"
7,28,9886,12372,0.99999999995431,0.0832238629333689,"BRD4_MCF-7"
3,28,5982,12372,0.999996755638164,0.127763464499878,"BRD4_MCF-10A"
13,28,9950,12372,0.999987881416175,0.209965754447398,"BRD4_IMR-90"
8,28,9148,12372,0.999999915913286,0.140275862812952,"BRD4_SW480"
6,28,9040,12372,0.999999998337508,0.0999501771929426,"BRD4_T-47D"
8,28,10019,12372,0.999999999799863,0.0932436609237038,"BRD4_hESC"
8,28,10097,12372,0.999999999896547,0.0894304902911453,"BRD4_Kelly"
14,28,9441,12372,0.999397901824042,0.309468088408048,"BRD4_HCC1395"
8,28,8724,12372,0.999999167541355,0.16653868515139,"BRD4_PC-3"
6,28,7250,12372,0.999987969344826,0.192032411359503,"BRD4_SUM1315"
7,28,10047,12372,0.999999999988596,0.0764893712253458,"BRD4_22Rv1"
7,28,8971,12372,0.999999973265944,0.125720162119008,"BRD4_HCC1937"
1,28,245,12372,0.429167643404933,1.83663603079777,"BRD4_NMC24335"
4,28,4229,12372,0.995311411282367,0.32029964254098,"BRD4_HAP1"
4,28,2565,12372,0.861544888773257,0.63669287568228,"BRD4_OVCAR-3"
9,28,9692,12372,0.999999975655231,0.130202553248753,"RUVBL2_U2OS"
5,28,8023,12372,0.99999995157019,0.117302127181487,"RYBP_WA01"
11,28,10601,12372,0.999999998163724,0.107206037609146,"RUNX1_CD34"
7,28,8692,12372,0.999999872476464,0.140463043692744,"RUNX1_Jurkat"
10,28,10067,12372,0.999999984395194,0.126351804664937,"RUNX1_SKNO-1"
6,28,7777,12372,0.999998637000997,0.16051519928527,"RUNX1_H9"
8,28,8675,12372,0.999998937188462,0.169740320633709,"RUNX1_epididymis"
11,28,10857,12372,0.999999999863835,0.0894215699678543,"RUNX1_AML"
7,28,8999,12372,0.999999977330551,0.124291226056879,"RUNX1_BCP-ALL"
10,28,9891,12372,0.999999945254215,0.138512246365536,"RUNX1_SKH1"
2,28,1152,12372,0.749301774697478,0.748807125140949,"RUNX1_MCF-10A"
9,28,7358,12372,0.999088621164768,0.321984980790388,"RUNX1_THP-1"
10,28,10092,12372,0.999999987058696,0.1246504415667,"RUNX1_ME-1"
8,28,9004,12372,0.999999809708155,0.148915760182984,"TCF12_ME-1"
7,28,9493,12372,0.999999999070949,0.100470246841337,"TCF12_A-549"
10,28,9530,12372,0.999999465669161,0.164830112203954,"TCF12_Ishikawa"
8,28,9967,12372,0.999999999693355,0.0958189666542814,"MXI1_IMR-90"
7,28,9590,12372,0.999999999538369,0.0960815096470421,"MXI1_SK-N-SH"
8,28,8259,12372,0.999992707413967,0.198457450519565,"MXI1_Hep-G2"
8,28,8083,12372,0.999984674365824,0.211499134965262,"MXI1_HeLa-S3"
9,28,9738,12372,0.999999982181401,0.127347411899703,"NONO_Hep-G2"
7,28,8628,12372,0.999999821019127,0.143979722024227,"ZNF598_Hep-G2"
7,28,8772,12372,0.999999917339025,0.136139522846025,"GMEB1_Hep-G2"
5,28,8439,12372,0.999999994792938,0.100814867797689,"MYC_MDA-MB-453"
9,28,9113,12372,0.99999922138804,0.168607039476873,"MYC_MM1-S"
8,28,9285,12372,0.999999962872572,0.132246663808301,"MYC_NCI-H2171"
9,28,9759,12372,0.999999984579564,0.126052933691692,"MYC_MCF-7"
11,28,9793,12372,0.999999217792351,0.169503993692308,"MYC_U2OS"
8,28,9330,12372,0.999999971875467,0.129681239682952,"MYC_CD34"
5,28,9734,12372,0.999999999999407,0.0584500802140767,"MYC_LNCaP"
9,28,9919,12372,0.999999995101061,0.116370356203593,"CHD2_HeLa-S3"
6,28,9722,12372,0.999999999988152,0.0737948005066381,"CHD2_SK-N-SH"
8,28,9201,12372,0.999999938412484,0.137103712056314,"MXD4_Hep-G2"
7,28,8489,12372,0.999999634765158,0.151800524995578,"XBP1_LNCaP"
4,28,6486,12372,0.999995581379324,0.150748609570636,"SMARCA4_TOV-21G"
7,28,9874,12372,0.999999999949529,0.0837300425181374,"SMARCA4_22Rv1"
5,28,4655,12372,0.993519315818544,0.359727522308831,"SMARCA4_HS-SY-2"
8,28,10027,12372,0.999999999812751,0.0928498332873772,"SMARCA4_MCF-7"
7,28,9683,12372,0.999999999769923,0.0919566533724495,"SMARCA4_TTC-1240"
8,28,9849,12372,0.999999999221595,0.101763901267569,"SMARCA4_BIN-67"
11,28,9200,12372,0.999981572451293,0.222208231678288,"SMARCA4_Aska-SS"
11,28,5696,12372,0.817552332775084,0.757936031348486,"SMARCA4_NPC"
6,28,8111,12372,0.999999709018857,0.142662355189329,"SMARCA4_hiPSC"
6,28,9660,12372,0.99999999998039,0.0760197126384489,"SMARCA4_NGP"
10,28,9893,12372,0.999999945998091,0.138371795377031,"SMARCA4_A-549"
8,28,6775,12372,0.998657945369744,0.329686869551692,"SOX9_HT29"
7,28,8997,12372,0.999999977060734,0.124392996813556,"ZNF274_Hep-G2"
7,28,8621,12372,0.999999814335481,0.14436753326885,"ZKSCAN1_K-562"
10,28,8430,12372,0.999901701118522,0.25894049965749,"APC_HCT-116"
8,28,7713,12372,0.999935341055903,0.240860595362711,"KLF10_HEK293"
10,28,10127,12372,0.999999990081031,0.122345527264849,"ATF3_Hep-G2"
10,28,9685,12372,0.999999790021701,0.153289644219609,"DRAP1_Hep-G2"
2,28,5187,12372,0.999994868908001,0.10620672289534,"MAF1_THP-1"
7,28,8805,12372,0.999999931102112,0.134379016471963,"NR2C2_Hep-G2"
8,28,9618,12372,0.999999995778589,0.113824389328356,"ZNF276_Hep-G2"
9,28,9725,12372,0.999999980526262,0.128151559426976,"MTA1_Hep-G2"
6,28,7370,12372,0.999992485096803,0.184459171662433,"PML_MCF-7"
5,28,6735,12372,0.999987040441536,0.18138190049378,"HDAC3_RH4"
6,28,4672,12372,0.980001677293066,0.448804898351971,"KDM1A_pancreatic-progenitor"
11,28,8594,12372,0.999768488403696,0.283568902477679,"KDM1A_K-562"
8,28,8154,12372,0.99998858764747,0.20617011979046,"CTNNB1_hiPSC"
7,28,9851,12372,0.999999999939012,0.0847036894985075,"NELFE_HCT-116"
9,28,10075,12372,0.999999998527959,0.10720913086018,"NELFE_K-562"
10,28,10526,12372,0.999999999671868,0.0965941866152078,"NELFE_HeLa"
9,28,10088,12372,0.999999998673763,0.106455596722081,"NELFE_DLD-1"
12,28,9749,12372,0.999993611466546,0.200841210060885,"SMC1A_primary-epidermal-keratinocyte"
6,28,10197,12372,0.999999999999845,0.0576490314114491,"KDM5B_SUM185"
6,28,10118,12372,0.99999999999966,0.0602288870265788,"KDM5B_T-47D"
7,28,6864,12372,0.999749123393873,0.266761574588013,"KDM5B_HCC2157"
8,28,9408,12372,0.999999982817316,0.12529377877177,"KDM5B_Hep-G2"
12,28,9213,12372,0.999914067415515,0.256234122744422,"NCAPH2_IMR-90"
7,28,9423,12372,0.999999998485545,0.103693712403859,"NCAPH2_HEK293"
8,28,9191,12372,0.999999934655514,0.137687932835734,"EGR1_fibroblast"
2,28,3982,12372,0.999732689042056,0.161661143532836,"HMGB1_HUVEC-C"
5,28,9207,12372,0.99999999996133,0.0742465450027098,"TAF1_K-562"
7,28,10020,12372,0.999999999985504,0.0775934361786001,"TAF1_Ishikawa"
7,28,9891,12372,0.999999999956172,0.0830133196796165,"TAF1_WA01"
9,28,10314,12372,0.999999999806834,0.0937772153050701,"TAF1_Hep-G2"
10,28,10315,12372,0.999999997817023,0.109957635207455,"TAF1_SK-N-SH"
8,28,10036,12372,0.999999999826313,0.0924075284776176,"RBM39_Hep-G2"
11,28,10475,12372,0.999999994308915,0.116286388184072,"SUPT5H_HCT-116"
10,28,10320,12372,0.999999997907559,0.109635247852263,"SUPT5H_DLD-1"
9,28,10495,12372,0.999999999965383,0.0839827313143451,"SUPT5H_HEK293"
10,28,10583,12372,0.999999999811303,0.0930878318157661,"SUPT5H_HeLa"
9,28,9377,12372,0.999999823109505,0.150507416844038,"NFAT5_Hep-G2"
6,28,6620,12372,0.999885223908445,0.236275732808317,"NR2F2_MCF-7"
3,28,4092,12372,0.998611704156167,0.242306253075485,"FOS_HCT-116"
10,28,9036,12372,0.99999273279872,0.204255069288208,"LDB1_Kasumi-1"
11,28,8856,12372,0.999916721511037,0.256003891659275,"MED1_SUM159PT"
7,28,10153,12372,0.999999999995685,0.0722122082531345,"MED1_MCF-7"
11,28,10186,12372,0.999999943111066,0.137971487725497,"MED1_MM1-S"
10,28,9568,12372,0.999999572598004,0.161966208333166,"MED1_Hep-G2"
10,28,8989,12372,0.99999091556719,0.208232019421163,"CDK6_KB"
6,28,8042,12372,0.999999595024189,0.146228885173588,"SP1_HEK293T"
9,28,9792,12372,0.999999987746102,0.124029980515354,"SP1_A-549"
7,28,5614,12372,0.992317264511329,0.400549656633746,"SP1_HCT-116"
9,28,10195,12372,0.999999999452351,0.100406756537882,"SP1_Hep-G2"
7,28,7281,12372,0.99993884400221,0.232361033517944,"SP1_A-375"
9,28,10356,12372,0.999999999868395,0.0914738525429588,"ETS1_cardiomyocyte"
11,28,9118,12372,0.999973099210264,0.230030157052511,"ETS1_786-O"
9,28,3794,12372,0.50341799993626,1.07113164989546,"ETS1_PANC-1"
6,28,9110,12372,0.999999998943839,0.097085013986412,"ETS1_K-562"
8,28,9422,12372,0.999999984296401,0.124514145287198,"ZEB1_GM12878"
4,28,4639,12372,0.99835428504829,0.277225582680801,"ZEB1_neuron"
10,28,7086,12372,0.993623906754091,0.413631921164018,"STAT3_MDA-MB-231"
9,28,8264,12372,0.999960801341254,0.234663794303706,"STAT3_FaDu"
13,28,9473,12372,0.999873477934838,0.264264408379691,"STAT3_monocyte"
9,28,10103,12372,0.999999998825118,0.105588744970383,"STAT3_MCF-7"
7,28,4288,12372,0.901628291648237,0.627834690630622,"STAT3_NCI-H358"
9,28,9996,12372,0.999999997263651,0.111821181290725,"STAT3_T-47D"
7,28,1304,12372,0.0231651406306244,2.83877416009103,"STAT3_HCC1143"
9,28,8346,12372,0.999971861844262,0.227697023258129,"STAT3_HCC70"
5,28,7094,12372,0.999996773774446,0.161195112676976,"ZNF800_Hep-G2"
8,28,8187,12372,0.999990070701622,0.203724776971138,"DMAP1_Hep-G2"
5,28,4456,12372,0.98975353945046,0.385528328860258,"STAT1_NCI-H358"
13,28,9811,12372,0.999974579128329,0.225238963972588,"STAT1_CD14"
6,28,8208,12372,0.999999819139832,0.137750023774729,"E2F4_MCF-10A"
6,28,9609,12372,0.999999999970592,0.077871446954012,"E2F4_Hep-G2"
7,28,9636,12372,0.999999999671808,0.0940312626707211,"E2F4_K-562"
10,28,7409,12372,0.997250851459094,0.371325505733678,"ZGPAT_Hep-G2"
8,28,8907,12372,0.999999677577194,0.154894593641137,"HBP1_Hep-G2"
8,28,8750,12372,0.99999926992712,0.164854486958785,"ZHX1_HeLa-S3"
6,28,5128,12372,0.992622658750592,0.384574039138676,"MEIS2_K-562"
7,28,8815,12372,0.999999934826668,0.13384813913217,"MAZ_Hep-G2"
13,28,10709,12372,0.999999934773067,0.133570427122063,"MAZ_IMR-90"
7,28,10590,12372,0.999999999999957,0.0554888632000549,"MAZ_HEK293"
7,28,8911,12372,0.999999962130447,0.12881251844297,"MAZ_HeLa-S3"
10,28,10222,12372,0.999999995297206,0.116018338339793,"MAZ_K-562"
7,28,9320,12372,0.999999996962605,0.108525140155055,"FOXP1_H9"
8,28,3126,12372,0.413079670110048,1.18352196417196,"DAXX_PC-3"
7,28,8372,12372,0.999999349470211,0.158585155850006,"HSF1_NCI-H838"
6,28,3096,12372,0.737442983130508,0.816786584127518,"SNAI2_keratinocyte"
6,28,3783,12372,0.899344547542892,0.618622275011745,"TWIST1_SHEP-21N"
11,28,9653,12372,0.999998221855032,0.18136001404809,"TFE3_Hep-G2"
9,28,8860,12372,0.999997170273277,0.186965661199715,"CHD1_HeLa-S3"
5,28,8311,12372,0.999999989372374,0.105705139214311,"HMGN3_K-562"
13,28,10540,12372,0.999999741115673,0.149627147876658,"NR3C1_A-549"
10,28,8638,12372,0.999957187421007,0.239301835457326,"NR3C1_Ishikawa"
13,28,10692,12372,0.999999924535102,0.135163583032162,"NR3C1_BEAS-2B"
8,28,8985,12372,0.999999788706321,0.150076625374502,"ZNF697_Hep-G2"
11,28,9419,12372,0.999993707939972,0.201941407144081,"MGA_A-549"
9,28,8825,12372,0.999996647522469,0.189588358355102,"MEF2A_Hep-G2"
8,28,8670,12372,0.999998910602761,0.170069061923504,"SMAD4_Caco-2"
10,28,6933,12372,0.9907838871184,0.435049624402223,"SMARCB1_Hep-G2"
13,28,10608,12372,0.999999848578848,0.143104846790889,"SMARCB1_proliferating-human-fibroblast"
9,28,10289,12372,0.999999999758251,0.0951572187418838,"SMARCB1_MCF-7"
8,28,6328,12372,0.995601331325278,0.381287985128513,"SMARCB1_hiPSC"
9,28,9485,12372,0.999999907788852,0.143393686430907,"SMARCB1_HeLa-S3"
7,28,8907,12372,0.999999961250649,0.129020161988512,"SP140L_Hep-G2"
10,28,10052,12372,0.999999982560026,0.127377168950124,"HDAC1_K-562"
7,28,9120,12372,0.999999989087788,0.11821749066257,"HDAC1_Hep-G2"
6,28,9994,12372,0.999999999998894,0.0643608492464547,"HDAC1_MCF-7"
11,28,9907,12372,0.999999615108649,0.16009783104322,"CREM_K-562"
7,28,8920,12372,0.999999964041672,0.128346003639771,"ZBTB48_U2OS"
5,28,6980,12372,0.999994920323752,0.167379967157742,"ZFP36_K-562"
7,28,7556,12372,0.999977937823752,0.211754467045496,"BHLHE40_Hep-G2"
6,28,6621,12372,0.999885603814351,0.236198819432486,"ZNF609_Hep-G2"
5,28,5682,12372,0.999572645198862,0.255331863346782,"ZNF629_Hep-G2"
6,28,4080,12372,0.938499981684732,0.553645259875425,"SMC1A_Hep-G2"
9,28,4693,12372,0.794201055000574,0.774657049559168,"SMC1A_A-549"
8,28,8669,12372,0.999998905211664,0.170134855881042,"UBTF_K-562"
7,28,4477,12372,0.927330013721464,0.587197192001978,"NCOR1_LS180"
11,28,10271,12372,0.999999969982051,0.131464211225444,"MAX_A-549"
8,28,10289,12372,0.999999999981766,0.0802908188123405,"MAX_MCF-7"
7,28,9312,12372,0.999999996797444,0.108904883123122,"MAX_NCI-H2171"
10,28,7127,12372,0.994241724081705,0.408048983181514,"MAX_HCT-116"
12,28,10700,12372,0.99999999241474,0.116251868162894,"MAX_Hep-G2"
10,28,10086,12372,0.999999986461282,0.125057903863846,"MAX_HeLa-S3"
9,28,10329,12372,0.999999999831406,0.0929524289259151,"MAX_Ishikawa"
9,28,9888,12372,0.999999993842364,0.118221861933446,"MAX_K-562"
11,28,10481,12372,0.999999994596918,0.115848996170432,"MAX_SK-N-SH"
8,28,7186,12372,0.999608047916526,0.287908590236426,"ZNF12_Hep-G2"
8,28,9191,12372,0.999999934655514,0.137687932835734,"NFYC_Hep-G2"
5,28,4516,12372,0.991055404836815,0.377509483160989,"SMARCD3_MCF-7"
9,28,8670,12372,0.999993068001554,0.201457958346629,"NFKB1_L1236"
10,28,9977,12372,0.999999969956807,0.132523742685259,"INTS11_HeLa"
2,28,1208,12372,0.773396093513542,0.710455645506595,"TEAD1_HEK293"
5,28,4978,12372,0.997057501809314,0.322245750637277,"NRIP1_MCF-7"
7,28,8896,12372,0.99999995873087,0.129592147746181,"ZNF561_HEK293"
11,28,3146,12372,0.0751916482955829,1.90051177389864,"FOSL2_NPC"
1,28,885,12372,0.875134054618198,0.480161715566644,"FOSL1_WA01"
9,28,8903,12372,0.999997708896785,0.183771748578127,"ATXN7L3_HCT-116"
7,28,9386,12372,0.999999998049389,0.105417032414807,"CEBPD_Hep-G2"
8,28,9603,12372,0.999999995314837,0.114627635886204,"HDAC2_Hep-G2"
8,28,9436,12372,0.99999998565519,0.123736881545529,"HDAC2_PC-3"
7,28,7861,12372,0.99999350753276,0.19058780897585,"HDAC2_RH4"
6,28,8032,12372,0.999999575369926,0.146750861815542,"EHMT2_Rh41"
8,28,7985,12372,0.999977210851687,0.219010634298691,"ATF3_HCT-116"
6,28,9297,12372,0.999999999702458,0.0896427666637956,"RB1_K-562"
6,28,7502,12372,0.999995595646688,0.176408664126793,"MCRS1_Huh-7"
8,28,9899,12372,0.999999999472293,0.0992275401486732,"KDM3A_Hep-G2"
5,28,3100,12372,0.866344530704044,0.649684446995367,"NCOA2_MCF-7"
8,28,8421,12372,0.999996450412304,0.186936032657268,"STAG1_MCF-7"
7,28,7601,12372,0.999981463507301,0.208524582808111,"STAG1_OCI-AML-3"
6,28,6529,12372,0.999845312459231,0.243373725246433,"STAG1_Hep-G2"
3,28,2757,12372,0.965671150453811,0.417875674837861,"STAG1_HCAEC"
9,28,8734,12372,0.999994840223942,0.196505845850147,"USF1_SK-N-SH"
9,28,6678,12372,0.99419875115874,0.403109838186403,"USF1_Ishikawa"
6,28,5110,12372,0.992309188308829,0.386891831725661,"USF1_WA01"
4,28,6098,12372,0.999981565837799,0.170956067762542,"NFYB_K-562"
9,28,9400,12372,0.999999845664333,0.148978744372342,"NFYB_Hep-G2"
9,28,4564,12372,0.76037726131952,0.809983443215301,"SS18_Aska-SS"
8,28,5191,12372,0.951104184092512,0.552680001152061,"GATA6_OACP4-C"
10,28,10262,12372,0.999999996603577,0.113380494291446,"CDK9_MM1-S"
9,28,9103,12372,0.999999178771808,0.169313287292422,"E2F6_WA01"
10,28,10226,12372,0.999999995446386,0.115754996161208,"E2F6_K-562"
11,28,9265,12372,0.999986469429548,0.216108244696568,"ZNF692_HEK293"
9,28,9265,12372,0.999999662175787,0.158059952735381,"SP3_HEK293"
7,28,8753,12372,0.999999908281225,0.137159185350601,"BRD1_RKO"
8,28,8999,12372,0.999999804379534,0.149220771752188,"U2AF1_Hep-G2"
5,28,5210,12372,0.998390522535233,0.298194678125882,"ZNF335_HEK293"
10,28,9757,12372,0.999999866879515,0.148053736337985,"GTF2F1_K-562"
5,28,3757,12372,0.956601981350467,0.497845414496919,"EGR1_WA01"
11,28,9265,12372,0.999986469429548,0.216108244696568,"EGR1_K-562"
8,28,7703,12372,0.999932918366907,0.241693353719971,"EGR1_Hep-G2"
8,28,9414,12372,0.999999983466558,0.124959359408711,"ZBTB7B_Hep-G2"
5,28,4909,12372,0.996499893638757,0.329837955180939,"ZBTB1_Jurkat"
8,28,10067,12372,0.99999999986627,0.0908900939792852,"ZNF143_MCF-7"
7,28,9521,12372,0.999999999238728,0.099194178811535,"ZNF143_Hep-G2"
11,28,5176,12372,0.675871837446856,0.899351296872805,"OSR2_HEK293"
6,28,7030,12372,0.999972487150652,0.206580990765838,"ZNF35_HEK293"
8,28,9343,12372,0.999999974066576,0.128944803311024,"ZFP64_Hep-G2"
11,28,10141,12372,0.999999921108291,0.141471517901592,"ELF1_Hep-G2"
8,28,8736,12372,0.999999216357975,0.165760111173703,"ZEB2_HEK293"
3,28,3487,12372,0.99343056225759,0.305164817686474,"TOP1_LNCaP"
7,28,8816,12372,0.999999935188511,0.133795117822158,"ILF3_K-562"
2,28,2119,12372,0.964892186115438,0.371626241997327,"ZEB1_Hep-G2"
8,28,5900,12372,0.987999958431215,0.438064494395265,"TCF3_Kasumi-1"
2,28,840,12372,0.575834110312006,1.05619536570258,"ZNF317_HEK293"
1,28,106,12372,0.214311250402057,4.31601282081532,"ZNF317_HEK293T"
7,28,4454,12372,0.924523414665674,0.591957896577831,"RBM39_K-562"
8,28,7900,12372,0.999968145865726,0.225676879554633,"ZBTB48_HEK293"
4,28,5099,12372,0.999542792732353,0.237150689042821,"RUNX1_VCaP"
3,28,3765,12372,0.996715700584798,0.273740704405413,"SFPQ_LTAD"
5,28,1324,12372,0.173943095959125,1.81697561526636,"LDB1_HEP"
3,28,1221,12372,0.531523606736346,1.09611810448084,"ZEB1_MIA-PaCa-2"
9,28,9566,12372,0.999999944491637,0.138163892202429,"TCF3_GM12878"
5,28,9029,12372,0.999999999865826,0.0799988848419513,"SMAD5_K-562"
3,28,4305,12372,0.99922892776666,0.224365083175365,"RBM25_K-562"
6,28,5640,12372,0.997916782704285,0.324852612668477,"CEBPD_K-562"
9,28,9241,12372,0.999999613329789,0.159702193479427,"INTS11_HL-60"
6,28,8443,12372,0.999999945947376,0.126317401560747,"CTCF_uterus"
6,28,6462,12372,0.999808088638261,0.248727811604875,"CTCF_skin"
5,28,6517,12372,0.9999714099991,0.19472745146568,"CTCF_breast"
4,28,5957,12372,0.999969844003182,0.17895217328331,"CTCF_Kasumi-1"
8,28,9079,12372,0.999999874987677,0.144381264928137,"CTCF_spleen"
4,28,3976,12372,0.991427741993412,0.351316082681048,"CTCF_cardiac-muscle"
5,28,4712,12372,0.994338626989381,0.352739282618609,"CTCF_coronary-artery"
6,28,8097,12372,0.999999688674327,0.143381079346466,"CTCF_erythroid"
4,28,4192,12372,0.994868585171936,0.324601699753413,"CTCF_GM17942"
5,28,4968,12372,0.996982058928937,0.323332988678934,"CTCF_GM12869"
6,28,7019,12372,0.999971358626327,0.207332246714897,"CTCF_HEK293"
6,28,8081,12372,0.9999996637833,0.144205530350646,"CTCF_colon"
7,28,9340,12372,0.999999997341018,0.107578636922149,"CTCF_esophagus"
7,28,6686,12372,0.999561910423828,0.282753872984245,"CTCF_Peyers-patch"
6,28,6701,12372,0.999912481629866,0.230120320475036,"CTCF_MCF-7"
6,28,8113,12372,0.99999971182076,0.142559882971717,"CTCF_hiPSC"
4,28,5645,12372,0.999914541044421,0.198066729037758,"TAF7_WA01"
4,28,3086,12372,0.944329837142075,0.500918659244465,"ZNF282_K-562"
5,28,8962,12372,0.999999999789625,0.0822233228702912,"TAF1_neural"
4,28,4860,12372,0.999097644668278,0.257024598586057,"TAF1_liver"
8,28,8955,12372,0.999999751076772,0.151919682053915,"TAF1_HeLa-S3"
6,28,6913,12372,0.999958038125512,0.214694583517496,"TAF1_PFSK1"
5,28,5806,12372,0.999705226997683,0.245228432886559,"TAF1_MCF-7"
8,28,8339,12372,0.999994866324122,0.192711776914376,"DPF2_GM12878"
6,28,8311,12372,0.999999892405742,0.132659470701662,"HSF1_MO91"
3,28,7008,12372,0.99999995445892,0.0914758808238306,"KLF6_PDAC"
4,28,3351,12372,0.966776771062544,0.448026779690765,"STAT3_A139"
5,28,6400,12372,0.999956955082728,0.20226546236147,"STAT3_BT-474"
7,28,5499,12372,0.990017316859386,0.415913032638206,"STAT3_MDA-MB-468"
7,28,4910,12372,0.966287372975317,0.505907658735907,"STAT3_MDA-MB-157"
11,28,8006,12372,0.998344917096816,0.35200848456972,"STAT3_SUM159PT"
6,28,4572,12372,0.97549720390087,0.464606109400161,"STAT3_A-137"
2,28,5071,12372,0.999992249501242,0.11039843798783,"STAT3_MDA-MB-453"
12,28,2924,12372,0.0191072969383728,2.42905534225355,"FOSL1_K-562"
10,28,9996,12372,0.999999973774846,0.131214609952681,"BHLHE40_GM12878"
4,28,4624,12372,0.998287391759356,0.278666729561924,"HNRNPL_K-562"
10,28,7357,12372,0.996832949263722,0.377885236233003,"JMJD1C_NB4"
7,28,8508,12372,0.999999668096791,0.150716388359069,"JMJD1C_HL-60"
9,28,8241,12372,0.999957048869938,0.236642811761285,"CREB1_GM12878"
8,28,7978,12372,0.999976566118413,0.219554243320776,"CREB1_MCF-7"
2,28,4745,12372,0.999976228567728,0.123276092086428,"CREB1_Ishikawa"
5,28,6947,12372,0.999994219723729,0.16920828176522,"CREB1_MDA-MB-134-VI"
7,28,7147,12372,0.999902103477128,0.242977251433497,"NELFE_U2OS"
3,28,3628,12372,0.995357701550733,0.288624500831493,"ZBTB7B_MCF-7"
6,28,6291,12372,0.999672306975406,0.262971905499042,"FOXO3_Hep-G2"
3,28,6659,12372,0.999999786024417,0.102563746852297,"ASH2L_VCaP"
8,28,5718,12372,0.982272896639874,0.464767439273641,"ASH2L_Hep-G2"
4,28,4897,12372,0.999186111742563,0.253820865265788,"TFDP1_K-562"
5,28,6293,12372,0.999937984492243,0.209404930124465,"TFDP1_MM1-S"
3,28,300,12372,0.0295592647277183,4.86661348868657,"PRDM4_HCT-116"
5,28,4116,12372,0.978652541515087,0.435389087850448,"PRDM4_HEK293"
7,28,1695,12372,0.0786431804069356,2.10412069309099,"TEAD4_A-549"
2,28,385,12372,0.216193074643825,2.40200252888933,"TEAD4_MKN28"
11,28,7255,12372,0.987978785531201,0.455574232254096,"TEAD4_hMSC-TERT4"
5,28,4202,12372,0.982167615749254,0.422013735960341,"TEAD4_PC-9"
4,28,7025,12372,0.999999502467194,0.126384245370178,"TEAD4_MCF-7"
3,28,4292,12372,0.999200250362457,0.225409045139112,"TEAD4_T-47D"
1,28,1516,12372,0.974379833237727,0.264752555504291,"TEAD4_HEK293"
8,28,7581,12372,0.999895808663166,0.252030142829706,"TEAD4_SK-MEL-147"
3,28,256,12372,0.0195853091270513,5.73285218436946,"TEAD4_HCT-116"
3,28,3899,12372,0.997678250405199,0.260195158842105,"SMARCE1_MCF-7"
7,28,6024,12372,0.99717943589414,0.350563583562315,"SMARCE1_K-562"
6,28,6798,12372,0.99993718705143,0.222942561493449,"SKIL_K-562"
7,28,7924,12372,0.99999502284739,0.186418937345449,"BHLHE40_K-562"
14,28,8607,12372,0.991125048838293,0.436545242026327,"BHLHE40_IMR-90"
7,28,9376,12372,0.999999997912551,0.105885136699339,"TAF1_GM12878"
6,28,7067,12372,0.999975985866886,0.204071265703375,"FIP1L1_K-562"
6,28,8121,12372,0.999999722776025,0.142150499258931,"FIP1L1_Hep-G2"
6,28,3932,12372,0.92092299131877,0.58479557077887,"MTA1_K-562"
8,28,8110,12372,0.999986289635676,0.209461592971408,"STAG2_OCI-AML-3"
5,28,7173,12372,0.999997661145922,0.157024683941657,"CTBP1_MCF-7"
6,28,4982,12372,0.989716443273026,0.403857688453008,"SMAD4_HGrC1"
5,28,3487,12372,0.929192113297113,0.553296145813853,"SMAD4_Hep-G2"
2,28,1126,12372,0.737427296280361,0.767850066428779,"SMAD4_hESC"
7,28,1861,12372,0.116301909939263,1.88583021494494,"SMARCA2_NPC"
4,28,4897,12372,0.999186111742563,0.253820865265788,"TBX2_Kelly"
5,28,1938,12372,0.452342109070969,1.17081174504332,"TBX2_SK-N-BE2-C"
8,28,10131,12372,0.99999999992301,0.0877867345322073,"ARNT_MCF-7"
3,28,4604,12372,0.99967464894434,0.201981411897338,"ARNT_T-47D"
5,28,6581,12372,0.999977246344567,0.190717665261792,"KLF10_Hep-G2"
6,28,7311,12372,0.999990512121425,0.188151588360365,"VEZF1_K-562"
7,28,7234,12372,0.999927734851864,0.236039806037197,"PAF1_HCT-116"
7,28,7210,12372,0.999921367896566,0.237936845202436,"VDR_THP-1"
4,28,8207,12372,0.999999998530345,0.0841393433444484,"VDR_kidney-cortex"
7,28,2872,12372,0.483733627718966,1.10285710851247,"VDR_LX2"
5,28,661,12372,0.0151449453300465,3.87292611694394,"SMARCB1_TTC-1240"
1,28,584,12372,0.742161553879264,0.747168313881267,"SMARCB1_RMG-I"
8,28,8509,12372,0.999997636602032,0.18086184892651,"TCF3_RCH-ACV"
7,28,4073,12372,0.86440522867297,0.678655626720503,"TCF3_K-562"
4,28,4848,12372,0.999067085620547,0.258074157940603,"SRF_GM12878"
6,28,9834,12372,0.999999999995387,0.0698468704023409,"BRD4_NCI-H1963"
8,28,10482,12372,0.999999999997352,0.0714414745426968,"BRD4_CLL"
7,28,7813,12372,0.99999207494442,0.193809267170357,"BRD4_SEM"
8,28,9644,12372,0.999999996481705,0.112438018926037,"BRD4_MM1-S"
4,28,789,12372,0.0996830027263249,2.45380273972147,"BRD4_SUM159"
8,28,9576,12372,0.999999994356974,0.116079826000501,"BRD4_MV4-11-B"
4,28,2933,12372,0.926191867960896,0.535778572352207,"BRD4_HFOB"
7,28,9700,12372,0.999999999798002,0.091211236945294,"BRD4_T-cell"
6,28,8597,12372,0.999999976609223,0.119164707740125,"BRD4_Jurkat"
6,28,8326,12372,0.999999900370929,0.131928644114657,"BRD4_DND41"
5,28,8573,12372,0.999999997601528,0.0958355213567007,"BRD4_KOPT-K1"
2,28,3433,12372,0.998699738205822,0.199840102159348,"BRD4_BT-474"
4,28,5706,12372,0.999929939600738,0.194165065165574,"BRD4_OCI-Ly1"
6,28,5341,12372,0.995555993148917,0.358337958737476,"BRD4_OCI-AML3"
8,28,10269,12372,0.999999999977977,0.0812269010911406,"BRD4_cortical-interneuron"
2,28,3923,12372,0.999681210804953,0.165251470999801,"BRD4_COLO-320"
4,28,9525,12372,0.999999999999839,0.0494083684270207,"BRD4_SK-N-BE2-C"
10,28,9805,12372,0.99999990256522,0.144605886654572,"BRD4_MV4-11"
7,28,5271,12372,0.98361733933321,0.448359350051084,"BRD4_SUM149"
6,28,5426,12372,0.9963970885166,0.348442725505778,"BRD4_CHL-1"
1,28,431,12372,0.629880146344074,1.02618940090214,"BRD4_BCBL-1"
9,28,6925,12372,0.99690598699404,0.371797620498939,"BRD4_LPS141"
9,28,9961,12372,0.999999996425075,0.113880262503874,"BRD4_THP-1"
6,28,6824,12372,0.999942606330228,0.22105340490688,"BRD4_COLO-205"
4,28,7899,12372,0.999999992109222,0.0939516528094482,"BRD4_Mutu-1"
10,28,9086,12372,0.999994293814909,0.200069487747608,"BRD4_MOLM-14"
6,28,4081,12372,0.938606796568736,0.553442480457921,"BRD4_MDA-MB-436"
4,28,4608,12372,0.99821327296315,0.280214303425383,"BRD4_SUM185"
3,28,6860,12372,0.99999991105513,0.096040053233324,"BRD4_BE2C"
4,28,1604,12372,0.500541083145484,1.11912486810648,"BRD9_HeLa-S3"
6,28,7421,12372,0.999993873841473,0.181314770536732,"BRD9_G-401"
6,28,3344,12372,0.808733974828348,0.735857039379565,"BRD9_K-562"
10,28,6642,12372,0.982328701931854,0.478512486888082,"BRD9_Mel270"
2,28,1646,12372,0.902992140168523,0.500677709739025,"NR3C1_HCC1937"
7,28,3849,12372,0.815518229301548,0.737625626264785,"NR3C1_K-562"
5,28,5417,12372,0.999085120070375,0.278476198415159,"NR3C1_ALL"
5,28,2168,12372,0.558871430701316,1.02323667341474,"NR3C1_U2OS"
6,28,1465,12372,0.105539553561202,2.03458497027567,"NR3C1_MDA-MB-231"
2,28,515,12372,0.32617859715813,1.77391898300227,"NR3C1_MCF-10A"
4,28,945,12372,0.161707797184946,2.01951675121284,"NR3C1_SUP-B15"
10,28,4823,12372,0.70457135524514,0.869273067162099,"NR3C1_SUM159PT"
5,28,4349,12372,0.987005835807098,0.40037749949766,"NR3C1_MCF-7"
3,28,2116,12372,0.880527947193059,0.581056131414098,"CDKN1B_MDA-BoM-1833"
7,28,6676,12372,0.999548313853631,0.283677643510961,"CDK9_HCT-116"
8,28,3927,12372,0.707229552671661,0.859930622644608,"CDK9_A-375"
1,28,2354,12372,0.997305810247975,0.157274318818007,"CDK9_BT-474"
6,28,3649,12372,0.876210252720592,0.65139167176394,"CDK9_MV4-11"
7,28,9122,12372,0.999999989221661,0.118118458368864,"CDK9_HEK293T"
10,28,7765,12372,0.999024551257175,0.328778986916444,"FOSL2_A-549"
10,28,5853,12372,0.92328035854105,0.618144149176437,"FOSL2_Hep-G2"
9,28,1085,12372,0.000441887527209794,4.95931998689062,"FOSL2_hESC"
8,28,1132,12372,0.00282005686989044,3.99166128381076,"FOSL2_SK-N-SH"
6,28,5538,12372,0.997285616501654,0.335868766787128,"RUNX1_Kasumi-1"
7,28,6914,12372,0.999786487414543,0.262417642047942,"RUNX1_697"
9,28,9515,12372,0.99999992344158,0.14144633459886,"RUNX1_NB4"
7,28,8332,12372,0.999999211200537,0.160948463500643,"RUNX1_NALM-6"
9,28,8655,12372,0.999992578212688,0.202629214790577,"RUNX1_MV4-11"
3,28,1422,12372,0.639611347030297,0.923887837642344,"RUNX1_keratinocyte"
3,28,4888,12372,0.999862553865026,0.18325664692827,"ATF2_macrophage"
8,28,5733,12372,0.982820242655317,0.462502321771265,"FOXP1_B-cell"
8,28,7324,12372,0.999749112332453,0.274933459227068,"FOXP1_Hep-G2"
9,28,6663,12372,0.993982077757495,0.405086261068436,"CHD1_A-549"
5,28,7426,12372,0.999999198683976,0.144206258339946,"NONO_K-562"
5,28,4921,12372,0.99660329626339,0.32850226119515,"NR2C2_K-562"
9,28,9930,12372,0.999999995486421,0.115716151251564,"MED1_HCT-116"
5,28,5855,12372,0.999746166103465,0.241354047766932,"MED1_G296S"
5,28,1068,12372,0.0885563275679425,2.3067879692185,"MED1_MDA-MB-231"
6,28,8512,12372,0.999999962684701,0.123080587610376,"MED1_GM12878"
5,28,5540,12372,0.999353928087457,0.267458083739146,"MED1_cardiomyocyte"
6,28,8060,12372,0.999999628259607,0.145292593926958,"MED1_SGBS"
10,28,7120,12372,0.994140079672594,0.408997609698143,"MED1_hMSC-TERT4"
6,28,7261,12372,0.999988470528004,0.191327767827923,"MED1_CD4"
6,28,6373,12372,0.999745777151061,0.256075486800484,"MED1_Jurkat"
10,28,6373,12372,0.969455547178653,0.522233850022474,"MED1_HUVEC-C"
3,28,3346,12372,0.990786862695733,0.323100043389111,"MED1_UCSD-AML1"
1,28,1003,12372,0.906516812352162,0.419256229535477,"MED1_adipocyte"
5,28,9928,12372,0.999999999999899,0.0530577159714581,"MED1_VCaP"
6,28,5115,12372,0.992397432420032,0.386246361536223,"MED1_AML"
9,28,7073,12372,0.99792578450832,0.354084719794705,"MED1_MOLM-14"
5,28,4193,12372,0.981825384242486,0.423387746667153,"MED1_P493-6"
11,28,9107,12372,0.999971725268865,0.231090322682646,"SUPT5H_U2OS"
6,28,5112,12372,0.992344594876777,0.386633491892097,"ZBTB11_K-562"
3,28,7466,12372,0.999999994991915,0.0784986839056437,"ZBTB11_HEK293"
2,28,1996,12372,0.953850494029389,0.399294473469359,"ZBTB11_MCF-7"
10,28,7332,12372,0.996612868625874,0.381072114944816,"ZNF263_K-562"
4,28,4140,12372,0.994181439201996,0.330777934810298,"ZNF263_HEK293T"
9,28,9296,12372,0.999999716774281,0.155951287057249,"ZNF263_Hep-G2"
11,28,10067,12372,0.999999867112769,0.147248269334176,"TCF12_GM12878"
8,28,8251,12372,0.999992450451542,0.199038159777556,"JUND_WA01"
8,28,6085,12372,0.992104624815157,0.41250386393823,"GTF2B_IMR-90"
3,28,5137,12372,0.999937675214968,0.168542735884109,"PRPF4_K-562"
6,28,6887,12372,0.999953985928614,0.216535169645338,"MORC2_HeLa"
9,28,8966,12372,0.999998328372435,0.179147672966551,"RB1_GM12878"
5,28,5593,12372,0.999445463444774,0.262859999779754,"RB1_MCF-7"
3,28,3289,12372,0.989463995185694,0.330787231134517,"HNRNPUL1_Hep-G2"
7,28,9140,12372,0.999999990358733,0.117229128172642,"REST_K-562"
5,28,5516,12372,0.999308045877869,0.269569332504272,"REST_HEK293"
6,28,8479,12372,0.99999995540744,0.124622049836403,"REST_hippocampus"
6,28,7318,12372,0.999990769292796,0.187710389561175,"REST_liver"
4,28,4197,12372,0.994930582746535,0.324015903951788,"REST_PFSK1"
9,28,9554,12372,0.99999994009305,0.1389330761527,"REST_A-549"
6,28,7308,12372,0.999990399864501,0.18834093250874,"REST_Hep-G2"
10,28,6687,12372,0.983955212612644,0.471543792873938,"REST_colorectal-cancer"
5,28,8924,12372,0.999999999729648,0.0835002553289742,"REST_neural"
2,28,1045,12372,0.69752245427667,0.833467230601946,"REST_SK-N-SH"
7,28,6154,12372,0.997994331462309,0.336049893626555,"ZNF639_HEK293"
6,28,7550,12372,0.999996389600858,0.173551056477762,"ZNF639_K-562"
4,28,5142,12372,0.999596805925722,0.233771301843593,"RBPJ_GIC"
6,28,8335,12372,0.999999904879272,0.131491411937596,"RBPJ_GSC8-11"
5,28,6073,12372,0.999872010975017,0.224875677051545,"RBPJ_THP-6"
5,28,6413,12372,0.999958847021913,0.201414303495374,"RBPJ_MDA-MB-157"
6,28,7441,12372,0.999994349626354,0.180093447461581,"ZBTB7A_HUDEP-2"
8,28,7039,12372,0.999381242027653,0.302289653426978,"SMARCA5_GM12878"
5,28,5353,12372,0.998907562059381,0.28440969616729,"SMC1A_MCF-7"
7,28,7754,12372,0.99998991046518,0.197823676123976,"SMC1A_monocyte"
7,28,9339,12372,0.999999997323207,0.107625865522684,"TARDBP_K-562"
8,28,9609,12372,0.999999995505813,0.114306036097117,"SP1_GM12878"
4,28,7470,12372,0.999999933033704,0.108921352202732,"SP1_HEK293"
6,28,7861,12372,0.999999063609561,0.155882352583986,"SP1_WA01"
6,28,7527,12372,0.999996027605714,0.174915775270802,"BMPR1A_HUVEC-C"
1,28,3039,12372,0.999630214522783,0.113461831910803,"FUS_K-562"
8,28,5403,12372,0.966831039667174,0.515248330142096,"RELA_Detroit-562"
7,28,3302,12372,0.650493022103992,0.915434537385408,"RELA_SW480"
3,28,4429,12372,0.999457972385553,0.214715376691827,"RELA_LNCaP"
3,28,3047,12372,0.981678668394311,0.366629166460156,"RELA_AC16"
4,28,1788,12372,0.591666528393799,0.986547612449584,"RELA_U2OS"
8,28,7728,12372,0.999938824273878,0.239615504260755,"RELA_GM12878"
6,28,6690,12372,0.999909171035206,0.230947470724171,"RELA_BJAB"
6,28,5801,12372,0.998646395057088,0.308253878377599,"RELA_MCF-7"
9,28,1276,12372,0.00144001980632327,4.14090163154746,"FOSL1_MDA-MB-231"
11,28,6490,12372,0.943964452563933,0.585769181286226,"FOSL1_BT-549"
8,28,2502,12372,0.189812420707078,1.57972329246552,"FOSL1_143B"
6,28,478,12372,0.000587839859027693,6.85713330361931,"FOSL1_HCT-116"
8,28,2415,12372,0.164337895606771,1.65126908785723,"FOSL1_MNNG-HOS"
4,28,5008,12372,0.999405484525837,0.244493932975145,"MAZ_A-549"
3,28,7852,12372,0.999999999349769,0.0687327173769023,"MAZ_MCF-7"
5,28,813,12372,0.0336792031538143,3.10327217208433,"RARA_hiPSC"
4,28,3501,12372,0.975573755679666,0.421670773446774,"ZNF281_K-562"
8,28,8650,12372,0.99999879792659,0.171387843576223,"BCL6_CD4"
3,28,3835,12372,0.997257120950234,0.266546530817318,"BCL6_OCI-Ly7"
8,28,7383,12372,0.999793789098194,0.269534315162315,"BCL6_B-cell"
8,28,9304,12372,0.999999966961562,0.131160403337703,"BCL6_OCI-Ly1"
8,28,8729,12372,0.999999188216993,0.166214017937307,"ZNF629_HEK293"
9,28,7751,12372,0.999740788152943,0.281597114792031,"GMEB1_K-562"
2,28,4397,12372,0.999925862532081,0.139130441489325,"SRF_MCF-7"
6,28,6760,12372,0.999928405287063,0.225729854923838,"SRF_Ishikawa"
6,28,6781,12372,0.999933390208377,0.224185635565829,"SRF_K-562"
5,28,7953,12372,0.999999931177263,0.120246785729304,"STAG1_erythroid"
10,28,7782,12372,0.999074501676942,0.326844762662395,"BACH1_GM12878"
5,28,7496,12372,0.999999411076083,0.140829053425742,"MCRS1_Hep-G2"
3,28,604,12372,0.154503100441171,2.34460540550637,"EPAS1_PC-3"
7,28,7916,12372,0.999994850656314,0.186944635723312,"SUPT5H_MOLT-4"
4,28,4564,12372,0.997993877922944,0.284526129094161,"RXRA_GM12878"
5,28,613,12372,0.0111875517557481,4.19536932434443,"RXRA_SK-N-SH"
8,28,3556,12372,0.579108047244338,0.991656291002347,"STAT1_FaDu"
7,28,7788,12372,0.999991216909574,0.1955028539375,"E2F6_A-549"
3,28,4488,12372,0.999542878860746,0.210311233262914,"SOX4_MDA-MB-231"
4,28,2292,12372,0.789296511965049,0.732536354736547,"SOX4_HCC1954"
7,28,6532,12372,0.999304603565255,0.29729388648717,"SOX4_MRC-5"
4,28,2387,12372,0.817088415561418,0.69669255976376,"XBP1_HS578T"
6,28,6116,12372,0.999445722538147,0.278309608220299,"RAD21_neural"
8,28,8070,12372,0.999983835297663,0.212485045113044,"RAD21_lymphoblast"
8,28,6386,12372,0.996197789757595,0.374189160350705,"RAD21_MDM"
5,28,7258,12372,0.999998356383929,0.152639138623053,"RAD21_MCF-7"
11,28,9224,12372,0.999983543159985,0.219945684825648,"RAD21_THP-1"
4,28,5683,12372,0.999924468676249,0.195626339808902,"RAD21_GP5D"
4,28,3716,12372,0.984583042238104,0.387597330915724,"ELK1_HeLa-S3"
6,28,3931,12372,0.920791710440046,0.585014035571421,"ELK1_K-562"
4,28,4343,12372,0.99646503645387,0.307505930281416,"ELK1_MCF-7"
7,28,7880,12372,0.999994004683328,0.189323502202457,"KDM5B_SUM159"
6,28,9329,12372,0.999999999762473,0.0883991614115724,"KDM5B_K-562"
3,28,6460,12372,0.999999506486943,0.109422671992972,"KDM5B_MCF-7"
3,28,4828,12372,0.999834529699448,0.187029050082627,"KLF7_HEK293"
4,28,1775,12372,0.585505945156517,0.995012560924644,"TEAD1_keratinocyte"
5,28,1081,12372,0.0921899930094534,2.27632555965684,"TEAD1_MSTO"
3,28,517,12372,0.110033364155616,2.76131966146663,"TEAD1_HCT-116"
4,28,1147,12372,0.258392572624812,1.63318550151734,"TEAD1_HUCCT1"
3,28,496,12372,0.100198776842818,2.88419960410742,"TEAD1_K-562"
1,28,1423,12372,0.967458317445396,0.2844893764309,"TEAD1_pancreas"
8,28,4540,12372,0.862914904199767,0.689516613040078,"TEAD1_adipocyte"
3,28,532,12372,0.117286682005603,2.67981060926127,"TEAD1_CCLP1"
8,28,5910,12372,0.988261717193185,0.436645138069641,"ZEB1_HEK293"
5,28,7383,12372,0.99999903427794,0.146312673750792,"CHD2_Hep-G2"
5,28,7569,12372,0.999999575239296,0.137373857695792,"CHD2_K-562"
4,28,3426,12372,0.971473323437575,0.434562150758752,"CHD2_A-549"
4,28,6952,12372,0.999999321245318,0.129462653029517,"CHD2_WA01"
7,28,9097,12372,0.999999987431152,0.119359507659052,"XRCC5_K-562"
10,28,8805,12372,0.999979014352242,0.224213041588643,"ZFP64_HEK293"
6,28,8121,12372,0.999999722776025,0.142150499258931,"MTA2_RH4"
4,28,6983,12372,0.999999404762848,0.128147512928179,"MTA2_pre-B-cell"
8,28,8797,12372,0.999999425787085,0.161835365837644,"IRF1_K-562"
9,28,9537,12372,0.999999933301446,0.140026069733346,"MTA3_K-562"
8,28,2771,12372,0.279054396981013,1.38700248958655,"HIF1A_U2OS"
6,28,8609,12372,0.999999978122983,0.118618113179705,"MLX_Hep-G2"
5,28,7574,12372,0.999999584729254,0.137139645654296,"YY1AP1_PC-9"
2,28,3177,12372,0.997393611945526,0.222156400437447,"YY1AP1_HEK293"
4,28,3866,12372,0.988966588248858,0.366068991974306,"YY1AP1_MCF-7"
3,28,3713,12372,0.996250900681899,0.279260633899051,"YY1AP1_T-47D"
4,28,475,12372,0.0211544861518562,4.2004049721016,"YY1AP1_MCF-10A"
8,28,10079,12372,0.999999999879267,0.0903052086789207,"JUN_MCF-7"
13,28,8709,12372,0.997835666511411,0.363602958142956,"JUN_HAEC"
4,28,179,12372,0.000661230132042865,11.5790884741513,"JUN_Calu-3"
8,28,1124,12372,0.00269673173301056,4.02408166238637,"JUN_endothelial"
5,28,471,12372,0.00372391826538958,5.53936501179689,"JUN_HUVEC-C"
5,28,593,12372,0.00977422462265455,4.34535708764795,"JUN_BT-549"
10,28,8460,12372,0.99991248479638,0.256051969263401,"JUN_K-562"
8,28,5368,12372,0.964571554493108,0.521223912304713,"JUN_786-O"
4,28,2542,12372,0.856333448067023,0.643972067704373,"ZNF75A_K-562"
7,28,7604,12372,0.999981678825705,0.208310617801642,"GABPB1_K-562"
3,28,2900,12372,0.974690773780234,0.391323803567321,"NCOR2_LS180"
7,28,3817,12372,0.807646078436148,0.74667725516791,"CREBBP_LS180"
9,28,3557,12372,0.414364853147308,1.17429135195877,"CREBBP_monocyte"
7,28,9308,12372,0.999999996711717,0.109095000085195,"CREBBP_PC-3"
3,28,8776,12372,0.999999999997939,0.0488538178220537,"CREBBP_retina"
5,28,5639,12372,0.999515019948415,0.258939349773814,"CREBBP_tonsil"
2,28,2894,12372,0.994545173030106,0.251423897599777,"CREBBP_NCI-H3396"
6,28,7507,12372,0.999995685414791,0.176109290246842,"CREBBP_MCF-7"
8,28,3548,12372,0.57613319373137,0.994802039602628,"CREBBP_fibroblast"
9,28,7467,12372,0.999347255051206,0.31035674671226,"CREBBP_keratinocyte"
5,28,4827,12372,0.995713112382454,0.339143134410943,"ZNF384_K-562"
7,28,6957,12372,0.999814449983274,0.258731849260816,"NR2F2_K-562"
6,28,5610,12372,0.997746627328684,0.328051012179683,"NR2F2_liver"
6,28,8376,12372,0.999999923087624,0.129511477604401,"HNRNPL_Hep-G2"
5,28,6956,12372,0.99999441932096,0.168707926720368,"ZNF580_HEK293"
6,28,7507,12372,0.999995685414791,0.176109290246842,"E4F1_K-562"
8,28,6936,12372,0.99915730423335,0.312730331799555,"ZNF394_HEK293"
9,28,10005,12372,0.999999997447254,0.111294033610906,"BRD2_K-562"
5,28,7108,12372,0.999996951224344,0.160449275748612,"BRD2_LPS141"
8,28,8493,12372,0.999997453044456,0.181956855295377,"BRD2_foreskin"
7,28,9607,12372,0.999999999592756,0.0953215127134164,"BRD2_NCI-H23"
7,28,6039,12372,0.997286653283289,0.348803002607221,"BRD2_MV4-11"
5,28,8193,12372,0.999999979931708,0.110361257592013,"RBM22_K-562"
4,28,5876,12372,0.999960235369409,0.183719367932033,"EGR1_Ishikawa"
4,28,4187,12372,0.994805894841424,0.325188895950017,"EGR1_HCT-116"
2,28,4772,12372,0.999978290580199,0.122142698758213,"EGR1_liver"
1,28,4179,12372,0.999990421345184,0.0723969815945828,"EGR1_MCF-7"
5,28,4280,12372,0.984903165803391,0.410347983758754,"EBF1_NALM-6"
5,28,3031,12372,0.851556564642151,0.669450285228749,"NFE2L2_BEAS-2B"
6,28,8886,12372,0.999999995650375,0.106412607751141,"NFE2L2_K-562"
8,28,7658,12372,0.99992094628206,0.24546771671549,"NFE2L2_HeLa-S3"
4,28,4498,12372,0.99761778127778,0.291152178119384,"NFE2L2_A-549"
7,28,4234,12372,0.893120075921465,0.640112862694667,"NFE2L2_A-375"
9,28,3774,12372,0.495931842856803,1.07933645806499,"NFE2L2_IMR-90"
7,28,4937,12372,0.967975662631454,0.501311803505586,"DDX5_BT-549"
3,28,1892,12372,0.824104368155481,0.664181220476412,"STAT5A_MV4-11"
6,28,5356,12372,0.995716172547092,0.356568886277914,"ZEB2_K-562"
9,28,6622,12372,0.993353347965542,0.410534229760213,"KDM1A_NB4"
7,28,7699,12372,0.999987407690716,0.201621392145228,"KDM1A_SH-SY5Y"
1,28,2288,12372,0.996761183833991,0.162881837907875,"KDM1A_SET-2"
6,28,3494,12372,0.844612161238263,0.692498886966904,"KDM1A_Kasumi-1"
3,28,1587,12372,0.715431544570447,0.815171989985822,"CTBP2_LNCaP"
5,28,8176,12372,0.999999978043751,0.111042489783801,"MBD2_K-562"
5,28,7100,12372,0.999996850984585,0.160875107326925,"MBD2_MCF-7"
7,28,9286,12372,0.999999996200135,0.11014357927269,"CDK7_Jurkat"
7,28,4704,12372,0.950779850274686,0.542712019384721,"PBX3_A-549"
6,28,5466,12372,0.996740772509325,0.343892786493975,"KLF13_K-562"
4,28,4655,12372,0.998422967190161,0.275698605276042,"KLF13_HEK293"
8,28,8849,12372,0.999999561721235,0.158532636002404,"AHR_GM01310"
5,28,6821,12372,0.999990616440865,0.176352158737465,"AHR_MCF-7"
4,28,3010,12372,0.935863552323082,0.517790787062925,"HAND2_CLB-Ga"
8,28,7086,12372,0.999464191743969,0.297627036662903,"MAX_endothelial"
6,28,6969,12372,0.999965662980735,0.210777044404376,"MAX_MDA-MB-231"
7,28,8778,12372,0.999999920019791,0.135818443591381,"MAX_liver"
8,28,10301,12372,0.999999999983734,0.0797309166944936,"MAX_P493-6"
7,28,8829,12372,0.999999939723642,0.133106936856695,"PTBP1_Hep-G2"
5,28,2632,12372,0.741152291431993,0.804123307700012,"ERF_HAEC"
4,28,3987,12372,0.991644154611337,0.349885608673906,"ERF_VCaP"
6,28,5555,12372,0.997401571070797,0.334004604909481,"SMARCA4_MCF-10A"
4,28,4043,12372,0.992670889736541,0.3427239953428,"SMARCA4_NSC"
1,28,1131,12372,0.931941260508199,0.367571523173289,"SMARCA4_SYO-1"
3,28,5139,12372,0.9999380784479,0.168430322890722,"SMARCA4_NCI-H1703"
6,28,2368,12372,0.453198427663968,1.15259121811872,"SMARCA4_501-mel"
10,28,8337,12372,0.999860131253562,0.268039306732494,"SMARCA4_CTV-1"
11,28,8839,12372,0.999910732471956,0.257742737052795,"SMARCA4_K-562"
6,28,6132,12372,0.999471252816144,0.276870872533412,"SMARCA4_J-Lat"
5,28,8088,12372,0.999999965257332,0.11461369332172,"TBL1XR1_Hep-G2"
5,28,5498,12372,0.999271678175239,0.2711648784038,"TBL1XR1_K-562"
6,28,7734,12372,0.999998353480068,0.162925751089331,"EGR1_GM12878"
6,28,1929,12372,0.264282708660463,1.47788961741233,"NCOR2_AML"
5,28,1691,12372,0.334404988679682,1.37419014868103,"SMAD2_hESC"
4,28,466,12372,0.0198664252178302,4.2854343193283,"SMAD2_HASMC"
4,28,3236,12372,0.958256452177799,0.469888068915389,"ZXDC_MCF-7"
4,28,7555,12372,0.99999995540742,0.105820047681221,"ZNF217_MCF-7"
3,28,2696,12372,0.961016559598575,0.430059858219425,"ZNF217_GM12878"
7,28,8565,12372,0.999999751766664,0.147492889789139,"ZNF76_HEK293"
5,28,4073,12372,0.976676935802907,0.44228883415873,"GATA6_HUES-8"
5,28,2730,12372,0.772350096709659,0.767390570320638,"GATA6_pancreatic-progenitor"
6,28,2524,12372,0.520857163056307,1.06426856262601,"GATA6_YCC-3"
8,28,8750,12372,0.99999926992712,0.164854486958785,"GATA6_PATU8988"
4,28,5523,12372,0.999873736515245,0.20612882041254,"TWIST1_BE2C"
4,28,5675,12372,0.999922473385091,0.196137387886776,"TWIST1_SK-N-BE2-C"
5,28,6605,12372,0.999979130999847,0.189234059415007,"KLF4_keratinocyte"
1,28,2447,12372,0.997925755180678,0.149886435739861,"KLF4_MCF-7"
6,28,7001,12372,0.999969418335456,0.208566685363511,"KLF4_HAP1"
6,28,6403,12372,0.99976861234618,0.253596633526885,"ESRRA_K-562"
5,28,5974,12372,0.999824629693856,0.232209732884079,"YY1_HEK293"
6,28,7981,12372,0.999999460354601,0.149433306457463,"YY1_RH4"
9,28,9336,12372,0.999999775101886,0.153251139210293,"YY1_A-549"
8,28,9149,12372,0.999999916401247,0.14021682466054,"YY1_GM12892"
5,28,7612,12372,0.999999650571751,0.135369723765164,"YY1_liver"
8,28,9401,12372,0.999999982029597,0.125684486877047,"YY1_GM12891"
7,28,6704,12372,0.999585443720248,0.281098037969533,"EP300_A-549"
9,28,6589,12372,0.992806410987165,0.414968493477562,"EP300_pulmonary-artery"
6,28,5833,12372,0.998760031482234,0.305064081768545,"EP300_neural"
7,28,6712,12372,0.999595526412964,0.280364964945598,"EP300_MCF-7"
5,28,3988,12372,0.972296133767155,0.456366172299518,"EP300_Kasumi-1"
7,28,8410,12372,0.99999945947394,0.156360867990205,"EP300_PC-3"
2,28,1722,12372,0.91706445500108,0.475157197649764,"EP300_LNCaP-FGC"
5,28,6530,12372,0.999972698597375,0.193906592867887,"EP300_K-562"
9,28,8656,12372,0.999992611835826,0.20255100460535,"EP300_HeLa-S3"
4,28,5720,12372,0.999933084927134,0.193281351727138,"OGT_LNCaP"
7,28,9748,12372,0.999999999860818,0.0891206355030382,"HIVEP1_Hep-G2"
5,28,6416,12372,0.999959272419644,0.201218372731138,"GMEB2_Hep-G2"
6,28,3424,12372,0.828535685852101,0.712258425278815,"ARID1B_K-562"
3,28,4670,12372,0.999732696006373,0.197426749020993,"ARID1B_MCF-7"
4,28,4429,12372,0.997155882744715,0.298290748876754,"HIC1_HEK293"
4,28,6438,12372,0.999994694832499,0.153116368686069,"DDX21_A-375"
8,28,8271,12372,0.999993077659547,0.197588497559775,"JMJD1C_Kasumi-1"
5,28,3325,12372,0.906730620953966,0.590882676974479,"JMJD1C_THP-1"
8,28,8359,12372,0.999995304079964,0.191292583253621,"DPF2_BIN-67"
8,28,8181,12372,0.999989815121854,0.204167914507911,"DPF2_SCCOHT-1"
3,28,1888,12372,0.822929209484234,0.665845143382711,"DPF2_MCF-7"
9,28,4515,12372,0.746707402628933,0.823994463166038,"DPF2_K-562"
7,28,7604,12372,0.999981678825705,0.208310617801642,"USF2_IMR-90"
7,28,8183,12372,0.999998414539707,0.169955403030223,"AFF4_CD4"
6,28,8114,12372,0.999999713212154,0.142508665822665,"CBX1_K-562"
4,28,4457,12372,0.997352451611004,0.295367266052708,"NFIC_K-562"
3,28,2180,12372,0.893548421082622,0.560448183170669,"YAP1_MDA-MB-231"
1,28,391,12372,0.593505469669574,1.13521927291299,"YAP1_MCF-10A"
4,28,5650,12372,0.999915914008443,0.197743748242162,"YAP1_OVCAR-5"
2,28,1296,12372,0.807368315133498,0.6568969955073,"YAP1_hiPSC"
7,28,7387,12372,0.999958351269907,0.224236239676093,"ZNF324_HEK293"
5,28,6591,12372,0.999978050238907,0.190098181080034,"ZNF524_HEK293"
3,28,1748,12372,0.77773326457444,0.728888235665159,"TP53_U2OS"
6,28,5415,12372,0.996297009239288,0.349705760305549,"TP53_MCF-7"
6,28,4944,12372,0.988810373161403,0.409063798722444,"TP53_lymphocyte"
9,28,6997,12372,0.997447256109584,0.363086821385444,"TP53_SW480"
9,28,8872,12372,0.999997331337053,0.186071219189901,"TP53_MDA-MB-231"
1,28,1444,12372,0.969163463053132,0.27981030883287,"ZNF281_HEK293"
6,28,3609,12372,0.868568899831921,0.661645437934634,"NR2C1_K-562"
7,28,9419,12372,0.999999998443271,0.10387936245343,"SRSF1_Hep-G2"
6,28,7473,12372,0.999995039468591,0.178152939018458,"IRF2_K-562"
7,28,8269,12372,0.999998936376834,0.16471710512594,"PML_K-562"
2,28,1098,12372,0.724137571470422,0.789436448242675,"PML_fibroblast"
8,28,7262,12372,0.999692772038132,0.280701785950126,"GTF2F1_GM12878"
7,28,6929,12372,0.999796654411653,0.261126699492914,"GTF2F1_MCF-7"
7,28,6527,12372,0.999294308162368,0.297777360064456,"GTF2F1_Hep-G2"
10,28,7674,12372,0.998713932612915,0.339278652248695,"IRF2_keratinocyte"
4,28,3536,12372,0.977301639298843,0.415851760413256,"ZNF121_HEK293"
3,28,2583,12372,0.950888996441898,0.454173710196171,"ZNF121_Hep-G2"
10,28,9088,12372,0.999994349284863,0.199903023497084,"CDK8_MOLM-14"
6,28,2883,12372,0.664461270476326,0.897439280200354,"CDK8_SW480"
3,28,1762,12372,0.782618304761268,0.722132346003915,"CDK8_K-562"
6,28,8128,12372,0.999999732038609,0.141792950143004,"CDK8_SET-2"
10,28,9147,12372,0.999995778357928,0.195025112024605,"CDK8_leiomyoma"
3,28,5759,12372,0.999992607848471,0.137362035770435,"RFX5_Hep-G2"
5,28,4684,12372,0.993948647663432,0.356150825079548,"UBN1_HeLa"
8,28,7993,12372,0.999977927568978,0.218390534643977,"TRIM22_GM12878"
4,28,2591,12372,0.867254174742827,0.628620123272914,"ELF4_HEK293T"
5,28,5723,12372,0.999621616889483,0.251942709316602,"ELF4_K-562"
8,28,8375,12372,0.999995629005502,0.190162120877698,"ZNF189_HEK293"
2,28,1693,12372,0.91192596572971,0.484624628684818,"ZNF189_HEK293T"
10,28,9292,12372,0.999997996868269,0.183300490051016,"INTS13_HL-60"
6,28,6170,12372,0.999527612695257,0.273483836757443,"FOXK2_K-562"
5,28,7876,12372,0.99999989943551,0.12354667909286,"TARDBP_Hep-G2"
6,28,6463,12372,0.999808700461687,0.248647081902731,"SRSF7_Hep-G2"
6,28,5067,12372,0.991511814669354,0.392495543492805,"ZFX_DAOY"
3,28,5456,12372,0.999978500267587,0.151662099437299,"ZFX_LNCaP-C4-2B"
5,28,8057,12372,0.99999995926499,0.115890427359203,"ZFX_MCF-7"
5,28,4367,12372,0.987509599249679,0.397828381311365,"ZFX_NOMO1"
6,28,6157,12372,0.999508986119937,0.274637845734992,"ZFX_PrEC"
4,28,7416,12372,0.999999913650886,0.11092857603702,"ZFX_HCT-116"
2,28,8386,12372,0.999999999999047,0.0363408947365908,"ZFX_K-562"
4,28,4445,12372,0.997269793233805,0.296615673291699,"NFIB_MCF-7"
6,28,6709,12372,0.999914818526279,0.229520464970544,"MBD1_Hep-G2"
8,28,6024,12372,0.990913288150176,0.42079897119769,"USF1_A-549"
7,28,5310,12372,0.984915002079931,0.442611368876819,"USF1_K-562"
6,28,6728,12372,0.999920138252559,0.228101541243179,"ZNF3_K-562"
3,28,3591,12372,0.994910401886598,0.292839092510896,"U2AF1_K-562"
5,28,1331,12372,0.17665305541798,1.80623728600693,"SMARCC2_K-562"
4,28,1330,12372,0.354878022054729,1.38481983609468,"NAB2_HL-60"
7,28,8027,12372,0.999996809973373,0.179744270352726,"DEK_HeLa-S3"
3,28,3501,12372,0.993650624225524,0.303462905934499,"RUVBL1_Hep-G2"
7,28,7033,12372,0.999855777705138,0.252327759744688,"OGG1_HEK293"
7,28,4903,12372,0.965837634655476,0.507107452754842,"ARNT_HCT-116"
6,28,5248,12372,0.994436897922663,0.369529057818982,"ARNT_A-549"
7,28,5030,12372,0.973254983811766,0.485859901915404,"HDGF_K-562"
4,28,4587,12372,0.998111488349005,0.282261892511041,"ZNF12_K-562"
4,28,1422,12372,0.404359635246269,1.28417358430511,"JUND_MCF-7"
5,28,744,12372,0.0240607215395798,3.41323602994553,"JUND_HCT-116"
9,28,8774,12372,0.99999572393764,0.193447499695498,"JUND_A-549"
9,28,9002,12372,0.99999860841701,0.176534432007888,"JUND_Hep-G2"
7,28,4743,12372,0.954099030228962,0.535498477847462,"JUND_Kasumi-1"
5,28,3748,12372,0.955861102199851,0.499565107642125,"JUND_liver"
10,28,9257,12372,0.9999975925646,0.186096906879552,"JUND_K-562"
7,28,2269,12372,0.243285231628409,1.48565005340841,"JUND_SK-N-SH"
1,28,242,12372,0.425195992048419,1.8599256052803,"JUND_T-47D"
3,28,2175,12372,0.892576258127716,0.56201444208812,"ZMYM3_Hep-G2"
6,28,6349,12372,0.999726028399176,0.258075472700947,"CREM_Hep-G2"
8,28,8552,12372,0.999998070666263,0.177939387118555,"CREM_GM12878"
2,28,1487,12372,0.866517939435098,0.562518301787466,"KAT7_MOLM-13"
5,28,6962,12372,0.999994548760486,0.168375076788649,"KAT7_OCI-AML-3"
10,28,5548,12372,0.878213447656761,0.682779261820078,"ATF3_K-562"
5,28,834,12372,0.0370303736262933,3.01917416060235,"ATF3_primary-dermal-fibroblasts"
7,28,5944,12372,0.99654067006951,0.359773407776063,"ATF3_A-549"
3,28,3068,12372,0.982519150598483,0.363294696179952,"TRIM28_hESC"
5,28,4442,12372,0.989426383546538,0.387430598804264,"TRIM28_K-562"
6,28,7389,12372,0.999993033760989,0.183282650737079,"TRIM28_AF22"
6,28,6819,12372,0.999941599217568,0.221415582044509,"CREB3L1_K-562"
6,28,7235,12372,0.99998725300436,0.192996744791336,"HNRNPH1_Hep-G2"
5,28,3413,12372,0.919558703558869,0.57002120998171,"TCF25_Hep-G2"
6,28,7134,12372,0.999981287450606,0.199593133321902,"ZNF444_MCF-7"
7,28,7780,12372,0.999990924540873,0.196047102892977,"ATF1_HCT-116"
7,28,7687,12372,0.999986789795451,0.202457214273331,"ATF1_K-562"
8,28,9411,12372,0.999999983144874,0.125126514526665,"ZNF143_GM12878"
9,28,9929,12372,0.9999999954526,0.115775564483991,"ATRX_metastatic-neuroblastoma"
5,28,7065,12372,0.99999637476567,0.162749484164457,"HDAC1_PC-3"
7,28,6978,12372,0.999826842942906,0.256948336790286,"ZNF528_HEK293"
2,28,4082,12372,0.999802361717473,0.155812961310664,"EGR1_A2780"
5,28,7819,12372,0.999999867475197,0.126031521108114,"SMARCC1_TTC-1240"
4,28,1546,12372,0.470350288294052,1.1675039898353,"SMARCC1_TTC-549"
6,28,2469,12372,0.497220020426922,1.09413021882061,"SMARCC1_SYO-1"
5,28,5195,12372,0.998324923945172,0.29968468070523,"ZNF264_Hep-G2"
4,28,6414,12372,0.999994190828914,0.154313549376399,"XRN2_DLD-1"
3,28,1503,12372,0.678350125552627,0.86750380292481,"ATF7_MCF-7"
9,28,8411,12372,0.999978501438646,0.222271196251169,"ATF7_K-562"
7,28,5984,12372,0.996874667044646,0.355137569338091,"TCF12_WA01"
2,28,531,12372,0.339637155705026,1.71794319510983,"TCF12_MCF-7"
6,28,7819,12372,0.999998869085085,0.158186323067488,"TCF12_Kasumi-1"
5,28,7884,12372,0.999999903287378,0.123200817855815,"NBN_GM12878"
6,28,6075,12372,0.999375039676184,0.282031024399927,"NBN_K-562"
4,28,6930,12372,0.999999255352907,0.130403123762495,"CHD8_T-47D"
5,28,2263,12372,0.600376168784337,0.971037447623665,"PBX1_A-549"
7,28,6426,12372,0.999054203056351,0.307700958543756,"L3MBTL2_HEK293T"
5,28,7718,12372,0.999999785975131,0.130525018372282,"EZH1_ProEs"
8,28,6020,12372,0.990829957059791,0.421344770474956,"SMAD3_BG03"
7,28,633,12372,0.000409390697212081,6.2374182427129,"SMAD3_LX2"
4,28,228,12372,0.00162476619262718,9.01118249738839,"SMAD3_MDA-MB-231"
6,28,591,12372,0.00177232180875056,5.48042618726949,"SMAD3_HMLE"
8,28,6652,12372,0.998111358465887,0.343194950497454,"SMAD3_HCC1954"
9,28,5621,12372,0.947533795609797,0.568244714718173,"SMAD3_NCI-H441"
3,28,2336,12372,0.920345496109054,0.514953554825287,"SMAD3_hESC"
7,28,5814,12372,0.995223183712127,0.37528229952622,"HDAC8_K-562"
7,28,8057,12372,0.999997204529488,0.1778323209296,"KLF16_HEK293"
4,28,7386,12372,0.999999900687304,0.112056400447902,"RELB_GM12878"
5,28,7356,12372,0.999998915276947,0.147708963796998,"ZNF574_HEK293"
8,28,9604,12372,0.999999995347187,0.114574007994913,"NFKBIZ_Hep-G2"
6,28,6176,12372,0.999535988243384,0.272952858911695,"NCOR1_HEK293T"
4,28,4219,12372,0.99519531429925,0.321454912819154,"GATAD1_HeLa"
3,28,4861,12372,0.999850548696491,0.184942705013726,"HNRNPK_K-562"
7,28,8147,12372,0.999998131708799,0.172181058428628,"HNRNPK_Hep-G2"
7,28,4037,12372,0.857267967114814,0.687695154910341,"NR4A1_Kasumi-1"
6,28,6209,12372,0.999579660206702,0.270050859415544,"ATF2_WA01"
5,28,5395,12372,0.999027331216688,0.280499942595519,"ZNF503_Hep-G2"
5,28,3167,12372,0.879585965095923,0.631317751155677,"SSRP1_Hep-G2"
5,28,5642,12372,0.999519262834419,0.2586858783241,"ASXL1_HEK293T"
4,28,7301,12372,0.999999853144546,0.115302304604963,"CUX1_Hep-G2"
2,28,1680,12372,0.909531492382277,0.4889748752677,"CUX1_MCF-7"
3,28,6110,12372,0.999998008404915,0.122570636405013,"CHD1_K-562"
8,28,9245,12372,0.999999952661701,0.134548367349818,"CHD1_hMSC-TERT"
6,28,6001,12372,0.999226142936319,0.28887667673266,"CHD1_IMR-90"
4,28,6049,12372,0.999978092924105,0.173692559433359,"CHD1_MCF-7"
3,28,2983,12372,0.978885779452684,0.377081171351334,"CHD1_LNCaP"
4,28,261,12372,0.00265960066983683,7.83549254904411,"MEF2A_SK-N-SH"
7,28,3422,12372,0.692019244285325,0.871559258170884,"MEF2A_GM12878"
4,28,5296,12372,0.999745208024778,0.222118936854613,"PARP1_MCF-10A"
8,28,6907,12372,0.999082198080264,0.315726180359423,"ZNF24_HEK293"
9,28,6735,12372,0.994961113011472,0.395679826465543,"ZNF24_K-562"
9,28,4693,12372,0.794201055000574,0.774657049559168,"FOS_myometrium"
8,28,2334,12372,0.142327814539253,1.72269422339362,"FOS_MCF-10A"
6,28,1551,12372,0.129752827802623,1.9060418188441,"FOS_MCF-7"
11,28,5493,12372,0.767631254929986,0.809958998483056,"FOS_IMR-90"
6,28,6972,12372,0.999966032511135,0.210568958279633,"FOS_Hep-G2"
6,28,6756,12372,0.999927417298793,0.226025083535073,"HDAC2_MCF-7"
9,28,9586,12372,0.99999995115793,0.136886202072563,"HDAC2_K-562"
6,28,4169,12372,0.947425565235204,0.53597937862434,"NCOR1_K-562"
7,28,9188,12372,0.999999992863092,0.114874709377459,"ELF1_MCF-7"
3,28,1061,12372,0.43535763476256,1.2800460353996,"ELF1_Ramos"
8,28,8591,12372,0.999998398907786,0.175314167953357,"ELF1_K-562"
3,28,3000,12372,0.979663010181405,0.374261325945305,"ELF1_HCT-116"
9,28,8773,12372,0.999995703671475,0.193523618106972,"ELF1_SK-N-MC"
5,28,5532,12372,0.999338956259668,0.268159795678879,"ELF1_SK-N-SH"
9,28,10377,12372,0.99999999989173,0.0903291848736282,"ELF1_GM12878"
7,28,6242,12372,0.998418228678839,0.326607823053928,"ETS1_OVCAR-8"
10,28,7303,12372,0.996340850840001,0.384796264223333,"ETS1_CTV-1"
7,28,5862,12372,0.995754281059228,0.369475522542785,"ETS1_DU145"
6,28,6444,12372,0.999796761368958,0.250185240589056,"ETS1_hESC"
6,28,4928,12372,0.988408227729956,0.411279900572384,"ETS1_HEY-A8"
11,28,10528,12372,0.999999996426095,0.112440131573648,"ETS1_HUVEC-C"
6,28,7064,12372,0.999975718461829,0.204273773815402,"ETS1_CD4-pos"
6,28,7771,12372,0.999998600402515,0.16084995256477,"ETS1_THP-6"
10,28,9081,12372,0.999994152936096,0.200485969516082,"ETS1_SCC-25"
7,28,5624,12372,0.992493150346183,0.399243479826724,"ETS1_Hep-G2"
8,28,7799,12372,0.99995308496003,0.233787149531347,"ETS1_A-549"
4,28,2781,12372,0.903470550098145,0.574217007918624,"ZSCAN29_K-562"
4,28,7005,12372,0.999999458011388,0.127221256731307,"ARID5B_Jurkat"
5,28,5441,12372,0.999144539912157,0.276287162369813,"JUND_GP5D"
1,28,586,12372,0.74338503671117,0.744487313851473,"ATOH8_A-549"
6,28,5240,12372,0.994329732158957,0.370510582884546,"MTA2_K-562"
4,28,6023,12372,0.999976008119748,0.17516267093708,"ID3_K-562"
8,28,3716,12372,0.63693127947437,0.931613307169076,"ARNT_K-562"
4,28,3073,12372,0.942953545396408,0.503745386257055,"NFATC3_K-562"
4,28,5473,12372,0.999852225938975,0.209536878070789,"NFATC3_Hep-G2"
7,28,5843,12372,0.995550710687299,0.371762588127307,"SRSF3_K-562"
4,28,6526,12372,0.999996211125473,0.148802106835481,"SRSF3_Hep-G2"
5,28,4664,12372,0.993655408944049,0.358612747653227,"SREBF2_HeLa-S3"
8,28,7973,12372,0.999976095305433,0.219943120839792,"STAT5B_CD8"
8,28,9692,12372,0.999999997499655,0.109898122376822,"MYC_K-562"
6,28,3964,12372,0.925032151662167,0.577862981887907,"MYC_IMEC"
6,28,7049,12372,0.999974339226927,0.205288909750781,"MYC_SK-N-AS"
4,28,6403,12372,0.999993944987282,0.154865259116143,"MYC_Kelly"
6,28,6599,12372,0.999876970322197,0.237896312294631,"MYC_GP5D"
4,28,7798,12372,0.99999998668134,0.0973274827304334,"MYC_NB69"
6,28,4487,12372,0.971004453139442,0.478591681214097,"MYC_LoVo"
8,28,10106,12372,0.999999999904284,0.0889943008815447,"MYC_P493-6"
6,28,5808,12372,0.998672035566091,0.307553102036432,"MYC_Raji"
3,28,1814,12372,0.800041426025199,0.697953522411856,"MYC_LS174T"
6,28,5004,12372,0.99021077021676,0.400879817723572,"MYC_GM12878"
3,28,3568,12372,0.994612577014239,0.295503055374979,"MYC_OVCAR-3"
4,28,1227,12372,0.299970249702464,1.51546499380815,"MYC_PAVE"
4,28,6201,12372,0.999987246070659,0.165344962654412,"MYC_G-401"
5,28,3112,12372,0.868795748181305,0.646336602546823,"MYC_DLD-1"
5,28,4367,12372,0.987509599249679,0.397828381311365,"MYC_Hep-G2"
5,28,8119,12372,0.999999970407093,0.113346767561515,"MYC_Jurkat"
5,28,8945,12372,0.999999999764554,0.0827930362043336,"MYC_BE2C"
7,28,7570,12372,0.999979096425939,0.210745495022602,"MYC_A-549"
9,28,8751,12372,0.999995234657636,0.195202629001236,"MYC_MCF-10A"
7,28,6466,12372,0.99915700636239,0.303733613667536,"MYC_BJ"
10,28,8285,12372,0.999830462529353,0.273229331234403,"MYC_endothelial"
5,28,7960,12372,0.999999933534705,0.119949976928703,"MYC_SK-N-SH"
4,28,3827,12372,0.987951063914418,0.371503423249296,"MYC_WA01"
4,28,2610,12372,0.871306302388991,0.622822701923417,"GLI4_HEK293"
4,28,3149,12372,0.950602781249889,0.487490214140505,"STAG2_MCF-10A"
5,28,6038,12372,0.999856825633639,0.227441009027525,"JARID2_MRC-5"
5,28,6189,12372,0.999912274032694,0.21658112473683,"EGR1_T-HESCs"
3,28,2162,12372,0.89001348377373,0.566120669346582,"ZFP91_K-562"
2,28,361,12372,0.196227796914139,2.56771907094459,"GLIS3_SK-N-SH"
3,28,1661,12372,0.745483443504892,0.773428656617544,"WDR5_MV4-11"
4,28,5277,12372,0.99973016270239,0.223519758665542,"ZBTB7A_HEK293"
3,28,4109,12372,0.998674300748499,0.240806004533009,"RUNX1_K-562"
4,28,7975,12372,0.999999994724402,0.0914405928303044,"SAP30_K-562"
4,28,7191,12372,0.999999759021209,0.119616942400181,"SAP30_WA01"
8,28,7260,12372,0.99969077591434,0.280889503303943,"BRD1_HUES-64"
6,28,6827,12372,0.999943202813475,0.220836354043182,"MLLT1_K-562"
3,28,6358,12372,0.999999251803265,0.113104828003769,"MLLT1_GM12878"
6,28,7156,12372,0.99998277457778,0.198141062634745,"MLLT1_MV4-11"
6,28,7530,12372,0.999996076681959,0.174737295295623,"RBBP4_SCMC"
4,28,4500,12372,0.997630074111451,0.290948530562509,"RBBP4_RH5"
3,28,5669,12372,0.999989788199544,0.141449901442922,"MXI1_K-562"
4,28,7020,12372,0.999999491689659,0.126593050605069,"MXI1_neural"
5,28,6493,12372,0.999968879919861,0.196251531083856,"RUVBL2_Huh-7"
8,28,6921,12372,0.999119180922941,0.31427677069298,"SUPT6H_HCT-116"
5,28,2933,12372,0.828454909839818,0.699125887289188,"ZNF207_WA09"
6,28,6492,12372,0.999825677209859,0.246316764138918,"ZNF207_GM12878"
7,28,8691,12372,0.999999871792443,0.140517592599234,"SNAI2_PC-9"
4,28,4405,12372,0.996976792013161,0.300826198768583,"SNAI2_SMS-CTR"
5,28,8514,12372,0.999999996613386,0.0980086349474937,"MAX_NCI-H128"
7,28,4396,12372,0.9170617651182,0.604184711005616,"MAX_NB4"
6,28,7753,12372,0.999998484984155,0.161857323691791,"MAX_MDA-MB-468"
5,28,3886,12372,0.966108212129497,0.474072913211977,"MAX_WA01"
4,28,4425,12372,0.997126729395452,0.298711412207289,"CHD4_SCMC"
2,28,1624,12372,0.898539800271717,0.508511567674311,"CHD4_501-mel"
1,28,502,12372,0.686858520142789,0.875516206730718,"CHD4_GM12878"
4,28,1626,12372,0.511836853059851,1.10175299806674,"SMARCA5_K-562"
1,28,1519,12372,0.974577580594742,0.264156146697353,"SREBF1_A-549"
3,28,638,12372,0.173292550164855,2.212428624816,"NCAPH2_RMG-I"
5,28,1082,12372,0.0924728116737104,2.27401179099023,"RPA2_HeLa"
4,28,745,12372,0.0847493832423589,2.60939555253437,"SSRP1_hiF-T"
2,28,3691,12372,0.999371952228008,0.180482899532122,"BRD7_SUM159PT"
6,28,2983,12372,0.700025394974063,0.858136394700786,"SUPT16H_hiF-T"
3,28,665,12372,0.188684628382855,2.1174011807577,"GATA6_ESO-26"
5,28,965,12372,0.0626273036027305,2.57759976937988,"GATA6_AGS"
4,28,718,12372,0.0761963095257037,2.71460375169163,"GATA6_endoderm"
1,28,789,12372,0.842323550619902,0.543149213031264,"GTF3C2_T98G"
6,28,1521,12372,0.121001123264603,1.94936420325256,"NR3C1_IMR-90"
9,28,2055,12372,0.0324500556819882,2.38394779514348,"FOS_CFPAC-1"
5,28,1212,12372,0.133140951812587,2.00575187424907,"FOS_HeLa-S3"
5,28,261,12372,0.000265541017644114,10.2568437427964,"MED1_myoblast"
6,28,3167,12372,0.759388404553997,0.792318830140715,"MED1_A-549"
5,28,248,12372,0.000209464416737748,10.8199292778666,"FOSL2_MDA-MB-231"
7,28,1318,12372,0.0244247317359925,2.80490177566368,"FOSL2_LPS141"
5,28,1295,12372,0.162908124944593,1.86264838629312,"FOSL2_MCF-7"
2,28,131,12372,0.0351480291162984,7.28148067220952,"FOSL1_BJ"
3,28,896,12372,0.330997259054343,1.53868737452238,"CHD4_HaCaT"
1,28,1300,12372,0.955490548384061,0.314933332643352,"CHD4_A-549"
8,28,2442,12372,0.172045652641285,1.62851908990383,"JUND_HeLa-S3"
5,28,602,12372,0.0103937995362007,4.27661266946763,"JUN_HeLa-S3"
6,28,481,12372,0.000607611015024827,6.81212322692929,"JUN_primary-lung-fibroblast"
5,28,677,12372,0.0166517735139392,3.7748675159248,"RELA_IMR-90"
5,28,2363,12372,0.641948824910969,0.92066761788649,"RAD21_A-549"
4,28,309,12372,0.00486731169556119,6.57606221805992,"LDB1_K-562"
4,28,1195,12372,0.283188668503895,1.56065107589979,"TEAD4_MDA-MB-231"
4,28,2983,12372,0.932602650105516,0.523992250206623,"TEAD1_H69"
8,28,6632,12372,0.998005671807452,0.345438800997482,"MYC_HeLa-S3"
7,28,6343,12372,0.998803639857173,0.316093371385733,"NFATC3_GM12878"
2,28,1146,12372,0.746600868958942,0.753138721506387,"ATF2_Hep-G2"
4,28,2204,12372,0.760893214318242,0.768501152607302,"ATF2_K-562"
4,28,5934,12372,0.999967365414501,0.180292579860946,"YY1_ALL"
5,28,4283,12372,0.985000510389135,0.409907796427809,"RAD21_Hep-G2"
4,28,767,12372,0.0920643514510139,2.52940783790066,"JUN_Hep-G2"
4,28,1209,12372,0.290508858599506,1.54058884191639,"CREB3_K-562"
2,28,1451,12372,0.856758296186272,0.578404168507603,"ATF7_Hep-G2"
5,28,3853,12372,0.963865747919317,0.480002538256351,"SKIL_GM12878"
5,28,1722,12372,0.349091171333656,1.34545817131106,"RELA_K-562"
6,28,4622,12372,0.977848483890174,0.456619918579769,"RELA_SGBS"
5,28,7709,12372,0.999999776766768,0.13093116593971,"TARDBP_GM12878"
8,28,7701,12372,0.999932423906099,0.241860165270398,"PKNOX1_GM12878"
4,28,5176,12372,0.999635230633589,0.231139010762865,"CTCF_testis"
2,28,2588,12372,0.988297095754251,0.290277394842277,"TERF1_LCL"
3,28,460,12372,0.084260655393921,3.12078764549164,"MEIS1_CHRF28811"
1,28,33,12372,0.0721325466446052,14.2376901106395,"YAP1_H69"
7,28,7220,12372,0.999924081350154,0.23714487800267,"PBX3_GM12878"
3,28,1016,12372,0.407195843716527,1.34222801844295,"IRF1_HAEC"
5,28,649,12372,0.0140778195349276,3.94900283634445,"IRF1_CD14"
2,28,760,12372,0.520214559832915,1.17574852897823,"IRF1_AsPC-1"
2,28,1503,12372,0.870665956981879,0.555702505752565,"IRF1_monocyte"
6,28,8887,12372,0.999999995676787,0.106369920702416,"BCL6_SU-DHL-4"
5,28,2401,12372,0.657118356304731,0.902598732533609,"ARNT_GM12878"
3,28,768,12372,0.25040070982532,1.81618025975489,"MTA3_GM12878"
3,28,1103,12372,0.46127489454458,1.22659505040635,"RBPJ_LCL"
1,28,607,12372,0.755898229816029,0.71740507252888,"TCF3_Ramos"
7,28,6973,12372,0.999823963437155,0.257372007264106,"GTF2F1_HeLa-S3"
3,28,1103,12372,0.46127489454458,1.22659505040635,"GATA6_foregut"
9,28,4409,12372,0.715641794850643,0.855240278977063,"STAT3_MCF10A-Er-Src"
8,28,4872,12372,0.916521838951068,0.615154906684007,"STAT3_MCF-10A"
4,28,767,12372,0.0920643514510139,2.52940783790066,"STAT3_HeLa-S3"
5,28,899,12372,0.0487067667620718,2.7837516671346,"FOS_MV4-11"
5,28,855,12372,0.0405854115849541,2.93923297647007,"NR4A1_MOLM-14"
2,28,330,12372,0.170880580955096,2.81759240528566,"FOSL1_MG-63-3"
4,28,4951,12372,0.999300839570382,0.249231157145677,"MED1_hESC"
6,28,6472,12372,0.999814126186186,0.247921639794611,"MED1_MOLM-13"
9,28,4162,12372,0.63599732433415,0.934257923513023,"JUN_MCF10A-Er-Src"
2,28,512,12372,0.323648674925438,1.78480522091272,"JUN_WA01"
7,28,3325,12372,0.658660950048123,0.906779138459436,"JUN_T-cell"
2,28,322,12372,0.164441355036265,2.88993348680562,"JUND_Calu-3"
1,28,3450,12372,0.999895411333388,0.0955276771094606,"KLF4_BJ"
4,28,2182,12372,0.753385311605795,0.777946480595456,"MAX_melanocyte"
5,28,3358,12372,0.911722908892468,0.582931101419899,"MYC_HeLa"
7,28,3444,12372,0.69932988829447,0.863847991451913,"MYC_NB4"
5,28,5062,12372,0.99762649316643,0.313282725173796,"MYC_MDA-MB-231"
8,28,5978,12372,0.989913923594444,0.427119975933733,"MYC_HT-1080"
5,28,3642,12372,0.946292475886542,0.520459672313189,"MYC_HCT-116"
8,28,8796,12372,0.999999422822911,0.161899264747544,"TAF1_A-549"
4,28,5383,12372,0.999804604920353,0.215831054385862,"GLIS3_H9"
2,28,789,12372,0.540888095470617,1.12959368685071,"PML_NB4"
3,28,2657,12372,0.957753509646886,0.438143219250834,"ZNF146_HEK293"
4,28,3479,12372,0.974428842247966,0.425395342875115,"ZNF143_FLP76"
3,28,1196,12372,0.517003498189344,1.12161504130209,"ESRRA_A-549"
2,28,421,12372,0.246506574158304,2.18908820599169,"NR2F2_WI-38VA13"
7,28,7071,12372,0.999873088754679,0.249177390111432,"MAFF_HeLa-S3"
5,28,2797,12372,0.792127777723999,0.743761918289121,"BRD4_KK-1"
3,28,2475,12372,0.939104301957987,0.479254852391093,"SNAPC1_MCF-10A"
4,28,5622,12372,0.999907949654944,0.199559846016971,"CTCF_thoracic-aorta"
4,28,6187,12372,0.999986585243882,0.166096657145873,"CTCF_endothelial"
4,28,4504,12372,0.997654484426164,0.290541778504868,"CTCF_aorta"
5,28,5256,12372,0.998577269709776,0.293678424148028,"CTCF_A-549"
6,28,6612,12372,0.999882142241122,0.236891879504478,"CTCF_fibroblast"
5,28,7370,12372,0.999998978610228,0.14695434961318,"CTCF_primary-glioblastoma"
4,28,6127,12372,0.999983369204413,0.169357145847968,"CTCF_GM04648"
3,28,4196,12372,0.998955358647721,0.233318619279408,"CTCF_A-673"
5,28,6105,12372,0.99988456698648,0.222556002300883,"CTCF_adrenal-gland"
4,28,4237,12372,0.995402433152323,0.319379356299763,"CTCF_HeLa"
4,28,3870,12372,0.989066242620885,0.365517813731958,"CTCF_SK-MEL-147"
5,28,5106,12372,0.997882574817836,0.308705626892132,"CTCF_HT-1080"
4,28,4651,12372,0.998406049925961,0.276079363845781,"CTCF_BJ"
4,28,7122,12372,0.999999673230735,0.122391502520582,"CTCF_SK-N-SH"
4,28,4853,12372,0.999079933588341,0.257636210228784,"CTCF_GM12866"
4,28,4242,12372,0.99545849697105,0.318805941722052,"CTCF_erythroblast"
4,28,2863,12372,0.916358647815568,0.552972478393436,"CTCF_NB4"
4,28,4283,12372,0.995895135280047,0.31415448869446,"CTCF_D54"
4,28,3358,12372,0.967242175923515,0.446744562340492,"CTCF_HSPC-CD34"
5,28,7665,12372,0.999999726088141,0.132930559103414,"CTCF_HeLa-S3"
4,28,4939,12372,0.999276728880042,0.250242411870259,"CTCF_GSC23"
4,28,6072,12372,0.999979793569992,0.17240257925696,"CTCF_HCT-116"
1,28,1680,12372,0.983279670154354,0.235275184896784,"ZNF623_HEK293"
2,28,3196,12372,0.997522495683776,0.220377223221645,"ZFP36_HeLa-S3"
3,28,2444,12372,0.935293238180896,0.486864116017082,"TP53_GM06170"
3,28,1672,12372,0.749743308161178,0.767540678499555,"TP53_GM00011"
3,28,2935,12372,0.976543831628639,0.385219566900498,"BHLHE40_HeLa-S3"
3,28,2793,12372,0.968178681311487,0.410934971912815,"ZKSCAN1_HeLa-S3"
1,28,3146,12372,0.999732375041038,0.10834154025388,"CTNNB1_LS180"
1,28,1294,12372,0.954809387168861,0.316566562016073,"SETDB1_WN8532"
3,28,3425,12372,0.992368765075359,0.312869206243333,"USF2_K-562"
3,28,3847,12372,0.997341136222418,0.265339544099,"ZNF143_HeLa"
2,28,2379,12372,0.980698710391724,0.322563769453158,"REPIN1_HEK293"
2,28,3555,12372,0.999075160579292,0.190336359447443,"EGR1_A-375"
6,28,7436,12372,0.999994234040428,0.180398161813635,"CHD1_WA01"
7,28,5421,12372,0.988131938296935,0.426705298571677,"HDAC1_NB4"
2,28,1674,12372,0.908406877651829,0.491005497064045,"ZNF280D_HEK293"
5,28,7089,12372,0.999996708072935,0.161462198498506,"ZNF3_Hep-G2"
4,28,475,12372,0.0211544861518562,4.2004049721016,"GPS2_hMADS"
1,28,197,12372,0.362326135359471,2.29529475270791,"NFIL3_Hep-G2"
3,28,5788,12372,0.999993346194792,0.136071930395204,"YY1_NT2-D1"
1,28,396,12372,0.598234062553743,1.12038211351801,"RYBP_HEK293T"
7,28,8001,12372,0.999996426504033,0.181412904471298,"NFKB1_HEK293T"
4,28,4456,12372,0.997345652513735,0.295471042944662,"RAD21_K-562"
2,28,2695,12372,0.991001400555579,0.275687484552884,"RFX5_A-549"
4,28,5213,12372,0.999673143691297,0.228313504438359,"TRIM28_HCT-116"
5,28,3664,12372,0.948410979316193,0.51602351259738,"TRIM28_HEK293"
4,28,4575,12372,0.998050945778638,0.283440390481726,"CTCF_Hep-G2"
5,28,6152,12372,0.999900939308014,0.219192784519841,"CTCF_Kelly"
4,28,4603,12372,0.998189509457617,0.280700128547372,"CTCF_astrocyte"
4,28,5345,12372,0.999780465853885,0.21855228809278,"CTCF_primary-epidermal-keratinocyte"
4,28,6469,12372,0.999995284788289,0.151583168878363,"CTCF_ascending-aorta"
4,28,4658,12372,0.998435545901166,0.275413465867544,"CTCF_IMR-90"
5,28,4601,12372,0.992645998788355,0.366507858180791,"CTCF_22Rv1"
4,28,4396,12372,0.99690699905675,0.301784136342061,"CTCF_GM12868"
4,28,6377,12372,0.999993324208331,0.15617687298838,"CTCF_GM04604"
5,28,4377,12372,0.987781885092124,0.396421274498789,"CTCF_GM12867"
3,28,3150,12372,0.985475692486902,0.350700457047034,"CTCF_liver"
3,28,4138,12372,0.998775026725014,0.238275216245041,"CTCF_WERI-Rb-1"
4,28,4583,12372,0.998091503369071,0.282654038850361,"CTCF_cardiac"
4,28,3236,12372,0.958256452177799,0.469888068915389,"CTCF_Caco-2"
4,28,7328,12372,0.999999870198401,0.11426308129237,"CTCF_leukemia"
4,28,3998,12372,0.991855593720017,0.348463013905954,"CTCF_SK-N-AS"
6,28,6770,12372,0.999930820807838,0.224993314096923,"CTCF_hESC"
5,28,4273,12372,0.984673846823184,0.411377494075605,"CTCF_osteoblast"
6,28,6914,12372,0.999958187127288,0.214624069097633,"CTCF_pancreas"
3,28,4226,12372,0.999038563903326,0.230808264212765,"CTCF_glioblastoma"
4,28,3117,12372,0.947497213554149,0.494212329373142,"CTCF_GM12865"
4,28,4803,12372,0.998943717743866,0.262056753825729,"CTCF_GM04025"
4,28,3656,12372,0.98243022141992,0.396706182576315,"CTCF_GM12875"
4,28,5535,12372,0.999878442509559,0.205320055794064,"CTCF_GM12871"
5,28,6344,12372,0.999947835086935,0.205971927051647,"CTCF_bonchial"
4,28,5107,12372,0.999553326962416,0.236517653503004,"CTCF_GM09237"
5,28,5220,12372,0.998432935927525,0.297206105514107,"CTCF_epithelial"
4,28,4866,12372,0.999112572851747,0.256501761755421,"CTCF_choroid-plexus"
4,28,2644,12372,0.878309574693442,0.612656705777547,"CTCF_SLK"
4,28,5541,12372,0.999880733289291,0.204916988156977,"CTCF_WA01"
4,28,4759,12372,0.998808593554031,0.266023734334685,"CTCF_vagina"
4,28,7066,12372,0.999999583015578,0.124683201120109,"CTCF_thyroid-gland"
6,28,7844,12372,0.999998989010161,0.156811937436197,"CTCF_cortical-interneuron"
4,28,4363,12372,0.996638216839729,0.305330416887297,"CTCF_tibial-artery"
4,28,4743,12372,0.998755603624118,0.267484536615278,"CTCF_GM09236"
4,28,5065,12372,0.99949538281433,0.239863417594792,"CTCF_GM06077"
3,28,4440,12372,0.999474849748104,0.213885386933663,"CTCF_SH-SY5Y"
1,28,1880,12372,0.990152342235626,0.206290883126667,"CHD4_keratinocyte"
5,28,2122,12372,0.538161629185707,1.05019802214047,"HMBOX1_K-562"
1,28,139,12372,0.271457641836748,3.27528117613987,"HOXC6_22Rv1"
9,28,9768,12372,0.999999985511761,0.125499862541566,"STAT1_SET-2"
6,28,2761,12372,0.618193688798689,0.949226187587627,"SRSF4_Hep-G2"
4,28,1026,12372,0.198673891560265,1.8462106064447,"JUND_HT29"
5,28,5041,12372,0.997494552810733,0.315495447610961,"PML_GM12878"
3,28,143,12372,0.00400854982958818,10.4532422360567,"MYC_CC-LP-1"
4,28,279,12372,0.00338207627141341,7.30985691974078,"BNC2_SK-N-SH"
5,28,1967,12372,0.466108009248757,1.15028864737408,"NR2F6_K-562"
3,28,582,12372,0.142736935871991,2.43806525729694,"HMGB2_HUVEC-C"
3,28,1544,12372,0.696844712123312,0.841280056617463,"ZC3H8_HCT-116"
4,28,1611,12372,0.504145236438309,1.1135220585663,"STAT1_HeLa-S3"
5,28,3365,12372,0.912753435202456,0.581264513755798,"FOS_K-562"
3,28,156,12372,0.00511219059587664,9.55589932270895,"CRY2_U2OS"
2,28,1667,12372,0.90707907661538,0.493393052723889,"FOS_MG-63-3"
3,28,53,12372,0.000225458763106489,29.4528924252343,"SMARCC1_BT-16"
5,28,1781,12372,0.37723090380582,1.2935453583688,"SMARCC1_SK-N-MC"
5,28,5677,12372,0.999566286813236,0.255748527569988,"ZNF384_Hep-G2"
2,28,24,12372,0.00132191918548212,42.9528668421548,"SMARCA4_HCT-116"
4,28,437,12372,0.0160562290166221,4.58381872423449,"SMARCA4_BT-16"
6,28,6628,12372,0.999888230655384,0.235661077321172,"STAT3_HCC1187"
7,28,8135,12372,0.999998027383704,0.172927326536201,"JUN_Karpas-299"
4,28,4806,12372,0.998952391709317,0.261788925203661,"ARNT_RCC4"
4,28,8194,12372,0.999999998418007,0.0845375307219146,"YY1_Huh-7"
1,28,34,12372,0.0742380891272983,13.8069767857549,"EWSR1_K-562"
2,28,358,12372,0.193750732130771,2.58999995941938,"PHF19_DU145"
5,28,7593,12372,0.999999618993737,0.136252462605421,"ASH2L_GM12878"
3,28,2987,12372,0.979071040704977,0.376414788252644,"SETDB1_U2OS"
4,28,5130,12372,0.999582364845057,0.234708683095756,"SETDB1_K-562"
2,28,2970,12372,0.995512696821899,0.243015937658679,"SETDB1_HEK293"
2,28,2357,12372,0.97967526852769,0.326295679284051,"E2F6_HeLa-S3"
6,28,4033,12372,0.933304571298063,0.563289489968439,"NR4A1_K-562"
4,28,3756,12372,0.98588353197494,0.381686920019317,"HAND2_SK-N-BE2-C"
3,28,1910,12372,0.829315648203911,0.656779948626246,"HDAC1_AML"
4,28,2022,12372,0.693846672703762,0.852835248364473,"ZNF76_K-562"
2,28,1427,12372,0.849912682721095,0.589440649720329,"ARNT_PC-3"
2,28,784,12372,0.537364550737907,1.13730721222301,"PAX8_K-562"
4,28,3073,12372,0.942953545396408,0.503745386257055,"ZNF24_Hep-G2"
5,28,3995,12372,0.972682197790149,0.45518419933794,"MGA_K-562"
3,28,1409,12372,0.63312539106632,0.93354100813343,"FOXK2_GM12878"
4,28,1946,12372,0.662558602135324,0.892752784084292,"TBX18_K-562"
3,28,1416,12372,0.636626949338629,0.928321113714863,"HIF1A_MDA-MB-231"
3,28,3358,12372,0.991045130825887,0.321514964500076,"HIF1A_K-562"
1,28,500,12372,0.68537613302584,0.879173531870556,"MORC2_K-562"
1,28,285,12372,0.47965934072773,1.57267388821762,"ZNF561_HEK293T"
4,28,3821,12372,0.987787554238232,0.372349346016826,"ZNF143_WA09"
3,28,2790,12372,0.967976175154251,0.411506516266421,"ZNF143_CUTLL1"
4,28,6578,12372,0.999996903474202,0.1463070753696,"ZNF143_K-562"
4,28,6768,12372,0.999998546218139,0.13751687839611,"ZNF143_WA01"
6,28,3785,12372,0.899662147965614,0.618150563939769,"ZNF143_FLP143HA"
3,28,1506,12372,0.679728914395907,0.86553199933916,"TRIM28_WIBR3"
4,28,5396,12372,0.999812275425949,0.214908911757034,"KDM1A_NCI-H526"
2,28,2230,12372,0.972715087577274,0.349279631416183,"TFDP1_U266B1"
3,28,3906,12372,0.997720458597577,0.259574145569899,"PTBP1_K-562"
1,28,340,12372,0.542104879197547,1.31155695552061,"EPAS1_K-562"
2,28,3146,12372,0.997169645680772,0.225105430295145,"SAFB_K-562"
6,28,4658,12372,0.979417945166293,0.450976168830064,"POU2F2_GM12891"
3,28,7192,12372,0.999999980751425,0.0860635909999678,"RUNX1_ALL-SIL"
3,28,2636,12372,0.955897779277948,0.442618184514766,"MAX_GM12878"
1,28,414,12372,0.614821730970846,1.06991445005562,"TCF4_SW1783"
1,28,795,12372,0.844597203645553,0.538764484468987,"TP53_K-562"
3,28,6510,12372,0.999999598747557,0.107659859317479,"SP1_K-562"
6,28,4140,12372,0.944643705822115,0.541652133187081,"PBX1_RCH-ACV"
2,28,3500,12372,0.998920810078687,0.194538777007202,"NFYB_GM12878"
5,28,7378,12372,0.999999013215362,0.146559203806632,"CBFB_GM12878"
4,28,1311,12372,0.344680278283485,1.40737065633722,"GTF2B_K-562"
3,28,1582,12372,0.71331288054187,0.818134910239511,"FOXK1_HEK293T"
4,28,5374,12372,0.999799123619944,0.216472076391306,"PKNOX1_MCF-7"
2,28,3315,12372,0.998202566225917,0.209698083616187,"PKNOX1_HEK293T"
6,28,5563,12372,0.997454568877314,0.333131300459905,"PKNOX1_K-562"
4,28,7509,12372,0.999999944375873,0.107489670651084,"CTCF_neutrophil"
4,28,3545,12372,0.977728008234693,0.41437085512006,"CTCF_SEM"
4,28,6131,12372,0.99998360445872,0.1691377929126,"CTCF_plasmablast"
4,28,4552,12372,0.997929864235138,0.285716561110091,"CTCF_RWPE-2"
3,28,6207,12372,0.999998634671896,0.1187781681691,"SIN3B_K-562"
2,28,4973,12372,0.999989080888513,0.114092122050866,"MXI1_WA01"
2,28,3911,12372,0.999669645514222,0.165994968914751,"MXI1_GM12878"
2,28,950,12372,0.644884487679628,0.924703083672419,"MED1_K-562"
1,28,1662,12372,0.982472286306983,0.238226131459539,"MED1_NCI-H2171"
8,28,8249,12372,0.999992384909666,0.199183513468852,"MED1_U-87MG"
3,28,1968,12372,0.845268582331708,0.633853801274793,"KLF4_hiPSC"
3,28,4241,12372,0.999077797061674,0.229566408692909,"GTF2F1_WA01"
6,28,5596,12372,0.997662984334712,0.329555352263605,"RELA_THP-1"
4,28,4119,12372,0.993880871013889,0.333316430636219,"RELA_GM15510"
6,28,3525,12372,0.851366314791253,0.683938768236027,"RELA_HeLa-B2"
5,28,7009,12372,0.999995469204902,0.165787507114487,"TAF1_GM12891"
4,28,7181,12372,0.999999748074342,0.120015744891295,"TAF1_GM12892"
1,28,542,12372,0.715130152413752,0.808047608563412,"SS18_NGP"
5,28,6400,12372,0.999956955082728,0.20226546236147,"REST_GM12878"
4,28,3009,12372,0.935745217712304,0.51801848206763,"REST_HL-60"
2,28,3379,12372,0.998491013118865,0.204265892352968,"REST_WA01"
3,28,4006,12372,0.998250409703845,0.250090952535845,"MYC_GEN2-2"
5,28,6971,12372,0.999994737629727,0.16787687832739,"MYC_BL41"
5,28,3765,12372,0.957251600107332,0.496323709414521,"MYC_CUTLL1"
3,28,817,12372,0.280942850290849,1.69965539978511,"MYC_breast"
3,28,7268,12372,0.999999986644801,0.0839080972898486,"MYC_MIA-PaCa-2"
3,28,3858,12372,0.997416038923979,0.26423973859777,"MYC_Ramos"
1,28,1388,12372,0.964412475672074,0.292602675610547,"PBX2_Hep-G2"
3,28,1989,12372,0.850737047320394,0.625883155301141,"PBX2_K-562"
3,28,4161,12372,0.998849769509882,0.236293131014861,"MORC2_H9"
1,28,3832,12372,0.999969342403354,0.0823092425164104,"YY1_HEK293T"
3,28,5090,12372,0.999927451811772,0.171209864809303,"DR1_Hep-G2"
4,28,5659,12372,0.999918333252111,0.197163822198962,"SMARCC1_HeLa-S3"
4,28,6653,12372,0.999997694288573,0.142777227814158,"SMARCC1_HS-SY-2"
3,28,4605,12372,0.999675610873436,0.201911427716365,"SMARCC1_MCF-7"
2,28,1564,12372,0.885462552537308,0.530998208964207,"DEAF1_K-562"
2,28,3146,12372,0.997169645680772,0.225105430295145,"RBM14_K-562"
1,28,711,12372,0.809684362088616,0.606893041841658,"PCBP2_K-562"
3,28,1563,12372,0.705159762704606,0.829566839292958,"SRSF1_K-562"
5,28,6408,12372,0.999958128764377,0.201741263019506,"SMAD5_GM12878"
2,28,1599,12372,0.893260950712892,0.517675664632458,"CDK9_Kelly"
1,28,1741,12372,0.985757661769727,0.225728787511234,"STAT3_OCI-Ly19"
7,28,5152,12372,0.979043023133427,0.466436961207875,"STAT3_SU-DHL-2"
4,28,1998,12372,0.684172031053165,0.865105134754483,"NR2F2_Hep-G2"
5,28,1783,12372,0.378187785208926,1.29184596469128,"KLF16_K-562"
5,28,5226,12372,0.998457888901693,0.296614779868781,"HDAC6_GM12878"
2,28,3391,12372,0.998539969468857,0.20327019579275,"HDAC1_VCaP"
1,28,476,12372,0.667051166840383,0.925463378008069,"ZNF410_K-562"
5,28,5261,12372,0.998596320213669,0.293192290807378,"TAF7_K-562"
5,28,6020,12372,0.999848377364217,0.228771951949232,"RFX5_HeLa-S3"
3,28,1409,12372,0.63312539106632,0.93354100813343,"CBX5_K-562"
3,28,2056,12372,0.867135996688947,0.60154307153459,"PREB_Hep-G2"
1,28,85,12372,0.175720337246624,5.4045103467504,"SAFB2_K-562"
2,28,3019,12372,0.996048207428274,0.237819600622929,"WDR5_K-562"
2,28,825,12372,0.565745602699331,1.07679013443135,"ZMYND11_HeLa"
4,28,1261,12372,0.317972739650651,1.46997217804011,"STAT5A_K-562"
1,28,1117,12372,0.929524601639445,0.372647098149228,"STAG1_K-562"
4,28,5072,12372,0.99950550331886,0.239301939140163,"ZHX1_K-562"
3,28,3094,12372,0.983511094620443,0.359229067215563,"HDAC2_GM12878"
1,28,284,12372,0.478451252961592,1.57836225478673,"HNRNPC_K-562"
1,28,205,12372,0.373967604810783,2.20395145916673,"FOXO3_K-562"
2,28,86,12372,0.0160568231786625,11.2185314851379,"SRSF7_K-562"
3,28,2300,12372,0.914740305008547,0.524903774742227,"CBX3_HCT-116"
4,28,1375,12372,0.379081773880367,1.33390283148555,"SIRT6_K-562"
3,28,759,12372,0.244856411826015,1.83918197599919,"GTF2A2_K-562"
3,28,1763,12372,0.782964055022085,0.721653895117624,"ZNF24_GM12878"
2,28,1076,12372,0.713324077168564,0.807186195285828,"TAF15_K-562"
2,28,364,12372,0.198709375972102,2.54586099242729,"ARNT_HEK293T"
1,28,63,12372,0.133333368311756,7.33385474399377,"RBM15_K-562"
1,28,638,12372,0.773300650590241,0.680689591431037,"HIVEP1_K-562"
1,28,104,12372,0.210712337270917,4.40058638525625,"ZNF644_HEK293T"
3,28,440,12372,0.0759381912841598,3.26906828391657,"STAT5A_GM12878"
1,28,56,12372,0.119411303357798,8.27076318531336,"MBD4_Hep-G2"
4,28,938,12372,0.158650486095258,2.03589497755149,"NFIC_GM12878"
3,28,423,12372,0.0691775706657065,3.4062240680247,"TEAD4_Hep-G2"
2,28,1659,12372,0.905540598515442,0.496146388381563,"PCBP2_Hep-G2"
3,28,1245,12372,0.545257992987293,1.07267765944125,"ATF2_GM12878"
5,28,6601,12372,0.999978827420403,0.189480576719855,"KLF4_PDAC"
7,28,8504,12372,0.999999661326489,0.150944224359473,"MYC_U-87MG"
2,28,433,12372,0.25667165518103,2.12597905568739,"HCFC1R1_cartilage"
3,28,6109,12372,0.999998000708495,0.122610361546236,"AFF4_MCF-7"
2,28,2078,12372,0.961514920058105,0.380484714436365,"ATF2_HEK293"
2,28,2291,12372,0.976295000428489,0.337921802726447,"MBD3_HEK293T"
2,28,1573,12372,0.887514439008695,0.527515716350408,"JARID2_AMIPS6"
1,28,1455,12372,0.970021913494203,0.277413308203606,"BRD4_thyroid-cancer"
3,28,4207,12372,0.998986621085305,0.232393997498488,"BRD4_MDA-MB-157"
1,28,299,12372,0.496291838202361,1.49705029836391,"PCGF1_HEK293T"
2,28,2700,12372,0.991112188187395,0.275034013297087,"HDAC2_A-549"
2,28,5247,12372,0.999995866750449,0.104111326229641,"HDAC2_VCaP"
5,28,6298,12372,0.999939022120755,0.209065899635323,"IRF1_PDAC"
3,28,2340,12372,0.920948221974834,0.513866900530675,"RAD21_HEC-1-B"
6,28,8860,12372,0.999999994907501,0.107525856648864,"SMAD3_SUM159PT"
1,28,1428,12372,0.967872366000434,0.283362821786247,"MED1_dopaminergic-neuron"
2,28,3184,12372,0.99744181495156,0.221498442299975,"BAP1_PANC-1"
4,28,6175,12372,0.999985993212656,0.16674368181961,"BAP1_NCI-H1963"
4,28,3813,12372,0.987566428200708,0.373481388515719,"STAG1_HeLa"
4,28,3804,12372,0.987313350904641,0.374760633617112,"STAG1_HeLa-Kyoto"
3,28,5123,12372,0.999934782189536,0.169332083700726,"E4F1_GM12878"
1,28,709,12372,0.808767219081802,0.608712146335367,"ZFX_RPMI8402"
3,28,1993,12372,0.851760548951981,0.624384010577215,"CHD4_RH5"
2,28,1895,12372,0.942503836778056,0.424702180994358,"BMI1_MCF-7"
6,28,7009,12372,0.99997029535186,0.208017260376492,"ATF7_GM12878"
4,28,3161,12372,0.951725778098013,0.48500458961688,"CTCF_smooth-muscle-cell"
4,28,3661,12372,0.982619389172748,0.395935702249163,"CTCF_MDA-MB-435"
4,28,6169,12372,0.999985688026299,0.167068138878647,"CTCF_MCF-7L"
4,28,5236,12372,0.999694819872693,0.226577251416068,"TCF3_NPC"
1,28,2613,12372,0.998707374825529,0.13800703006138,"TCF3_Hep-G2"
5,28,3488,12372,0.929315445065524,0.553075007398577,"TP53_SaOS-2"
2,28,3993,12372,0.999741367039673,0.161003499630111,"RUVBL2_Hep-G2"
3,28,4573,12372,0.99964346121072,0.204166103996868,"U2AF2_Hep-G2"
2,28,1577,12372,0.888415928212023,0.525980716829864,"RELA_HEK293"
6,28,6952,12372,0.999963497171525,0.211959603134963,"RELA_GM19099"
4,28,3147,12372,0.950413438010752,0.487906332122874,"RELA_GM18526"
6,28,6323,12372,0.999703041130848,0.260259293738092,"NR3C1_GM12878"
2,28,1261,12372,0.79440671551206,0.677298549276377,"MTA3_MCF-7"
6,28,4691,12372,0.980770828273175,0.445878932185905,"CCAR2_Hep-G2"
3,28,3526,12372,0.994026739449746,0.300457412990333,"KLF10_MCF-7"
4,28,5911,12372,0.999964695737281,0.181643425939914,"ZKSCAN1_Hep-G2"
1,28,575,12372,0.736585923780977,0.759463980002756,"POU2F2_HNPC"
4,28,2304,12372,0.792969737971878,0.727845310641592,"HEXIM1_A-375"
3,28,2950,12372,0.977299759171571,0.382647844155809,"DDX21_HeLa"
1,28,1029,12372,0.91232838672325,0.407716134567517,"VDR_LS180"
6,28,3862,12372,0.911300903540962,0.600361742459111,"MTA2_GM12878"
4,28,5301,12372,0.99974903477765,0.221751969847712,"ZFP36_GM12878"
2,28,1515,12372,0.873702547150135,0.5506852571381,"THAP11_HEK293"
2,28,868,12372,0.594237124354845,1.01954327235991,"CDK7_MM1-S"
4,28,1542,12372,0.468248551792563,1.17097483647897,"CDK7_SK-MEL-147"
2,28,1705,12372,0.914085806593842,0.480667964853942,"ZNF143_HEK293T"
3,28,3913,12372,0.997761950488742,0.258894538434151,"ZNF143_HeLa-S3"
1,28,4701,12372,0.999998488560905,0.0602426697182608,"CHD2_GM12878"
2,28,3410,12372,0.998614420549884,0.201708015444954,"OGT_PC-3"
2,28,79,12372,0.0136674141874572,12.2444100516958,"SMAD2_endoderm"
3,28,3799,12372,0.996990010763621,0.270213262941503,"HSF1_GM12878"
3,28,4758,12372,0.999795027523288,0.191550428127441,"KDM5A_HCT-116"
3,28,4279,12372,0.999170574464265,0.226459351951838,"SRF_Hep-G2"
3,28,2160,12372,0.889614671268086,0.566756790057948,"IRF2BP2_HEK293"
5,28,5249,12372,0.998550199716164,0.294360568419312,"MTA1_MCF-7"
3,28,8794,12372,0.999999999998185,0.0485080546391026,"RBBP5_K-562"
5,28,2831,12372,0.801685504731534,0.732199956377403,"NR2F6_Hep-G2"
2,28,2565,12372,0.987624281962006,0.293572605766569,"ESRRA_BT-474"
4,28,4990,12372,0.999374130511924,0.245978197015649,"ESRRA_SK-BR-3"
2,28,69,12372,0.0105526368178941,14.085294471408,"GATA6_Caco-2"
2,28,140,12372,0.0396676591692606,6.8006014375489,"GATA6_KATO-III"
2,28,396,12372,0.225417867524528,2.33282717441124,"GATA6_HUG1N"
3,28,1026,12372,0.41348381977774,1.3279367103528,"MAFG_K-562"
3,28,1768,12372,0.78468646559941,0.719269772814317,"CEBPG_K-562"
1,28,797,12372,0.845348037853261,0.537317594335724,"ZNF644_K-562"
4,28,3605,12372,0.980392869011426,0.404687226426051,"INTS13_monocyte"
3,28,2694,12372,0.960854850867894,0.430468690722845,"DDX20_K-562"
1,28,454,12372,0.649352355010328,0.972203928598562,"ZNF83_K-562"
4,28,3023,12372,0.937385092436225,0.514844489450804,"KLF6_K-562"
5,28,4535,12372,0.991435564012723,0.375014466406624,"STAT3_HCC1937"
2,28,2788,12372,0.99286468542456,0.26391681723688,"STAT3_MDA-MB-361"
2,28,2641,12372,0.989719600683455,0.282902748814436,"STAT3_OCI-Ly3"
1,28,62,12372,0.131357577260847,7.45441215355419,"SMARCA4_WA09"
3,28,477,12372,0.0916375164885713,3.0045875024648,"SMARCA4_TTC-549"
2,28,525,12372,0.334597394231545,1.73853299862478,"IRF9_K-562"
2,28,349,12372,0.186348317789772,2.65902854435679,"HMGB2_IMR-90"
3,28,1190,12372,0.513487458490197,1.12789409141107,"RELA_mammary-epithelial-cell"
2,28,77,12372,0.0130159554166498,12.5726689344392,"SMARCC1_G-401"
1,28,54,12372,0.1153941225425,8.58409332143409,"FOSL2_HFOB"
4,28,1543,12372,0.468774201537323,1.17010543590283,"VDR_primary-prostate-epithelial-cell"
1,28,21,12372,0.0465030755409173,22.7935175552879,"EP300_hESC"
6,28,6656,12372,0.999898188143986,0.233521448968801,"EP300_AML"
2,28,193,12372,0.0702303610640973,4.89298049276272,"EP300_NB4"
3,28,2271,12372,0.909981671729407,0.533148979803456,"ATF3_liver"
1,28,2676,12372,0.998922028718999,0.133884531309811,"ATF3_WA01"
3,28,4487,12372,0.999541550352267,0.210384914722108,"USF1_Hep-G2"
2,28,1794,12372,0.928679111299619,0.452973775468444,"USF1_HCT-116"
3,28,3750,12372,0.996587441691549,0.275317273288432,"REST_HeLa-S3"
1,28,687,12372,0.798393173225553,0.629422228810028,"ATF4_HUDEP-2"
2,28,1047,12372,0.698562032355642,0.831724658329043,"ATF4_Jurkat"
1,28,69,12372,0.145097421845191,6.68321225438897,"ATF4_hMSC"
1,28,503,12372,0.687597185807154,0.873698470918919,"ZNF397_K-562"
3,28,134,12372,0.00333865274058863,11.1761936867587,"JUND_PC-3"
2,28,784,12372,0.537364550737907,1.13730721222301,"BACH1_Hep-G2"
2,28,786,12372,0.538776028413349,1.1342099968235,"BACH1_K-562"
1,28,1797,12372,0.987717844210226,0.217535792207909,"USF2_SK-N-SH"
2,28,3670,12372,0.999332943385126,0.181956692206521,"USF2_Hep-G2"
4,28,4462,12372,0.997386207021518,0.29484907995062,"USF2_GM12878"
2,28,2189,12372,0.970035044969031,0.357269604877896,"USF2_A-549"
1,28,2392,12372,0.997578123123908,0.154186176107269,"USF2_WA01"
4,28,3817,12372,0.987677438566377,0.372914773502423,"USF2_HeLa-S3"
2,28,707,12372,0.480995475611675,1.26991101948472,"ZNF444_K-562"
4,28,1753,12372,0.574975369553465,1.00962423290201,"NFE2L2_Hep-G2"
3,28,2633,12372,0.955626852484932,0.443259832055216,"TP53_H9"
3,28,322,12372,0.0353920768725322,4.52221401800999,"CDK8_monocyte"
3,28,2228,12372,0.902508255445284,0.545770291597948,"JUN_myometrium"
2,28,930,12372,0.632979243828935,0.946289427447723,"JUN_A-549"
3,28,2282,12372,0.911812798232038,0.529996783639444,"JUN_leiomyoma"
2,28,293,12372,0.141535825884967,3.18551587281523,"CCAR2_K-562"
2,28,144,12372,0.0417443378330433,6.60711185408491,"TCFL5_K-562"
1,28,26,12372,0.0572639141766015,18.2281840791981,"SMAD3_endoderm"
3,28,674,12372,0.193899294718794,2.08739790965575,"SMARCA2_SK-N-MC"
3,28,148,12372,0.00441367725865558,10.0917410331549,"FOS_THP-1"
5,28,3581,12372,0.940031099508933,0.533045413912124,"FOS_leiomyoma"
5,28,1993,12372,0.478390267713494,1.13239735073477,"FOS_CD4"
2,28,1042,12372,0.695957852884327,0.836093647322786,"MAFF_K-562"
3,28,707,12372,0.213342706161004,1.98395328108347,"ZNF134_K-562"
2,28,1705,12372,0.914085806593842,0.480667964853942,"SHOX2_K-562"
2,28,60,12372,0.00806207892874891,16.2762354278351,"NFE2L1_K-562"
3,28,690,12372,0.203265580202191,2.03599817165657,"CTBP2_MCF-7"
5,28,7791,12372,0.999999848455906,0.127265521971182,"RAD21_peripheral-blood-neutrophil"
2,28,2142,12372,0.966665292139258,0.366805464837138,"RAD21_WA09"
2,28,2622,12372,0.989229350357255,0.285512183689983,"ZMYND11_DU145"
4,28,3671,12372,0.982992263990757,0.394401041264248,"NR3C1_HeLa-B2"
2,28,853,12372,0.584448088745186,1.03887669948181,"NR3C1_HCC70"
7,28,5240,12372,0.982517939549498,0.452989410815806,"NR3C1_breast"
1,28,340,12372,0.542104879197547,1.31155695552061,"KLF4_WA09"
1,28,1810,12372,0.988134186979984,0.215706390513327,"NFIC_Hep-G2"
4,28,2269,12372,0.782122828147638,0.741666471491587,"BCLAF1_K-562"
2,28,513,12372,0.324492188906777,1.78116228020337,"MAFK_WA01"
2,28,1362,12372,0.829936185576496,0.621287110247533,"MAFK_Hep-G2"
4,28,3189,12372,0.954260595662723,0.479277715164842,"MAFK_OCI-Ly7"
3,28,1495,12372,0.674653692116069,0.87280063560212,"MAFK_K-562"
4,28,3233,12372,0.958010788529867,0.470479231555055,"TRIM28_U2OS"
1,28,78,12372,0.162455255561583,5.89808227994408,"TEAD4_hESC"
3,28,1165,12372,0.498712719659852,1.15475275482497,"TEAD4_SNU-216"
1,28,43,12372,0.0929817866898318,10.8415194933528,"CTNNB1_hESC"
4,28,7134,12372,0.999999689984572,0.121905110429158,"CTCF_HAP1"
5,28,5846,12372,0.999739067298922,0.24206079483443,"CTCF_peripheral-blood-neutrophil"
6,28,3014,12372,0.710589600551623,0.846483271613739,"NFKB1_MCF10A-Er-Src"
3,28,3877,12372,0.997540805135665,0.262354780640205,"ZNF24_MCF-7"
2,28,1634,12372,0.900585611782689,0.504924540947934,"ZNF664_HEK293"
2,28,562,12372,0.365511141092723,1.61858733683623,"MEIS1_A-673"
2,28,458,12372,0.277891655565199,2.00524272630803,"STAG2_HMEC-1"
1,28,180,12372,0.336890878458876,2.51676564930879,"ZNF436_K-562"
1,28,336,12372,0.537818540067459,1.3276579594411,"MEF2A_K-562"
1,28,94,12372,0.192478009315958,4.87714898520752,"SMAD4_endoderm"
2,28,2480,12372,0.984811712982457,0.306281287433254,"PRPF4_Hep-G2"
1,28,120,12372,0.239064236018983,3.80408668816857,"THRAP3_K-562"
3,28,1938,12372,0.837175006204888,0.645540557319714,"BRD4_GM15850"
3,28,741,12372,0.233841581778127,1.88710318086181,"BRD4_Hs-352-Sk"
4,28,2083,12372,0.717567891179945,0.822924308837821,"BRD4_P493-6"
2,28,790,12372,0.541590742219216,1.12806272708405,"BRD4_MOLT-4"
2,28,432,12372,0.255823836661492,2.13109494640245,"HNRNPUL1_K-562"
2,28,86,12372,0.0160568231786625,11.2185314851379,"PTTG1_K-562"
1,28,856,12372,0.865988817411768,0.497678921820524,"SRSF4_K-562"
1,28,45,12372,0.0970970756936129,10.3471160711031,"STAT3_HepaRG"
1,28,13,12372,0.0290389523880999,37.9620724773013,"KLF10_K-562"
2,28,269,12372,0.123196545860011,3.47872791851955,"SMAD3_K-562"
2,28,756,12372,0.517318522676161,1.18239331909576,"MED1_RH4"
1,28,1257,12372,0.950381387440816,0.326982940432613,"NCOR2_B-cell"
2,28,849,12372,0.581810475928048,1.04414862834691,"MEIS1_SEM"
1,28,112,12372,0.225013298862668,4.08057176050403,"HOXA9_SEM"
2,28,287,12372,0.136893586119192,3.2541915009898,"SNRNP70_K-562"
2,28,2800,12372,0.993076830127328,0.262455013640384,"SMARCA4_endometrial-epithelial-cells"
1,28,2917,12372,0.999467763391951,0.119758391185939,"BRD2_HUVEC-C"
2,28,3650,12372,0.999293662303772,0.183376077926923,"BRD2_MM1-S"
3,28,4304,12372,0.999226756544371,0.224445163990518,"ARID1B_Hep-G2"
1,28,492,12372,0.679378629270288,0.894100740023802,"BRD4_CLB-Ga"
1,28,135,12372,0.264750461122834,3.37414423291148,"WDR5_hESC"
2,28,1010,12372,0.678875637575197,0.865080864110132,"WDR5_LoVo"
2,28,5392,12372,0.999997569740184,0.0992399863193517,"WDR5_breast-cancer"
1,28,726,12372,0.816429011797255,0.593569610799099,"WDR5_HEK293T"
3,28,6894,12372,0.999999923597981,0.0949741789924095,"MYC_NCI-H128"
2,28,2283,12372,0.975851642482243,0.339376745438479,"MYC_HFF"
1,28,167,12372,0.316783102825271,2.7166279986856,"MYC_OSKM"
2,28,276,12372,0.128480419476946,3.3879048883624,"MYC_HUVEC-C"
1,28,768,12372,0.834110420149207,0.559035876836546,"MYC_CA46"
3,28,3317,12372,0.990134194193754,0.326978031583248,"MYC_BLUE1"
2,28,1477,12372,0.863866855766938,0.566853261199108,"RBBP5_GM12878"
5,28,5797,12372,0.999697071094759,0.245947182705447,"ZEB1_PDAC"
4,28,1319,12372,0.348971670189736,1.3977961582811,"ZEB1_NCI-H1975"
2,28,883,12372,0.603864548572635,1.00087307004142,"ZNF574_MCF-7"
1,28,3536,12372,0.999920288158204,0.0923026218834737,"HIF1A_501-mel"
1,28,730,12372,0.81818828982139,0.590109278518616,"ZZZ3_K-562"
1,28,259,12372,0.447354773639401,1.73489292477169,"MED1_OCI-Ly1"
1,28,1601,12372,0.979446974131299,0.248720321086985,"ESRRA_MCF-7"
2,28,4562,12372,0.999956448910358,0.131311675438703,"TARDBP_MCF-7"
1,28,3255,12372,0.999808225181624,0.103471773265038,"YY1_AB-LCL"
1,28,3208,12372,0.999778480666594,0.105530986816326,"YY1_PK-LCLs"
2,28,5624,12372,0.999998987434183,0.0919683197568386,"RBPJ_MUTUL"
3,28,2386,12372,0.927601288361739,0.501632617192054,"RBPJ_NHEK"
2,28,5077,12372,0.999992411723826,0.110176927098959,"RBPJ_CUTLL1"
1,28,138,12372,0.269786399330721,3.29945617046167,"ZNF426_HEK293"
2,28,1671,12372,0.907839906513718,0.492026282900565,"CHD4_SCC-9"
1,28,134,12372,0.263064385194205,3.39978833250874,"STAT3_SU-DHL-6"
1,28,631,12372,0.769478867386991,0.688664402046608,"STAT3_OCI-Ly10"
4,28,5164,12372,0.999622077577247,0.232064093520465,"STAT3_B-cell"
4,28,2002,12372,0.685797764067489,0.863039683870872,"STAT3_TMD8"
2,28,6611,12372,0.99999998368538,0.0667357759907619,"KDM5A_T-47D"
3,28,2730,12372,0.963675976455998,0.423201444121316,"TBX3_Hep-G2"
1,28,1223,12372,0.945945695013784,0.337110867119697,"IRF1_U-937"
2,28,1430,12372,0.850783587977808,0.588040802653615,"EHMT2_K-562"
1,28,2273,12372,0.996623354192449,0.164201708665604,"E2F4_MCF-7"
1,28,1216,12372,0.944986146605283,0.339266389857029,"E2F4_HeLa-S3"
1,28,265,12372,0.454977035368662,1.69462390436923,"ZNF791_HEK293"
1,28,1034,12372,0.913405326002726,0.405563482163479,"REST_GM23338"
1,28,1655,12372,0.982148259044371,0.239391067075865,"REST_MCF-7"
2,28,5407,12372,0.999997701250219,0.0987509670487818,"REST_CD4"
1,28,1153,12372,0.935578204850085,0.359844858782192,"REST_Ishikawa"
1,28,618,12372,0.7622158040938,0.703954762356263,"ZNF133_HEK293"
2,28,2018,12372,0.95603324363836,0.39409776623871,"ZNF513_HEK293"
2,28,1855,12372,0.937348910413674,0.435530280724306,"ELF1_SEM"
4,28,3247,12372,0.959146547602239,0.467729841452537,"CDK8_MV4-11"
5,28,4910,12372,0.996508618702409,0.329726397713054,"ETS1_GM12878"
2,28,1104,12372,0.727029681378768,0.784718518455342,"HIF1A_HUVEC-C"
1,28,3099,12372,0.999691391669306,0.110547082037661,"HIF1A_LNCaP"
1,28,1371,12372,0.962835624105687,0.296692992642121,"HIF1A_macrophage"
2,28,2199,12372,0.970710220467216,0.355293334769131,"SMARCA5_MCF-7"
1,28,1574,12372,0.977952555056754,0.253625142483469,"LDB1_H9"
1,28,2014,12372,0.993132104681399,0.190093448875465,"NR3C1_T47D-A1-2"
1,28,406,12372,0.607532631613622,1.09179810811017,"NR3C1_T-47D"
1,28,716,12372,0.811958701265646,0.602389795930146,"NR3C1_MDA-MB-361"
2,28,5420,12372,0.999997809689348,0.0983293398327592,"PHF20_K-562"
1,28,1291,12372,0.954465047978474,0.317388873852709,"USP7_HEK293T"
1,28,2099,12372,0.994548814292313,0.180891440943721,"TCF12_Hep-G2"
3,28,1042,12372,0.423510799502407,1.30564578790322,"TCF12_K-562"
1,28,862,12372,0.867932400326176,0.493952119665994,"SNIP1_MCF-7"
1,28,601,12372,0.75238437739359,0.724949440838006,"SNIP1_K-562"
1,28,75,12372,0.156707419430629,6.13857137287718,"AEBP2_HEK293"
1,28,2312,12372,0.996970496814142,0.16080568227143,"RUNX1_hiPSC"
1,28,1052,12372,0.917177678689614,0.397983518186532,"ZSCAN18_HEK293"
2,28,2470,12372,0.984444239053809,0.307833975224582,"FOXK2_Hep-G2"
2,28,1715,12372,0.915849341329521,0.477413090630914,"CDK9_P493-6"
2,28,2797,12372,0.993024356021181,0.262819287846057,"PRKDC_MCF-7"
1,28,626,12372,0.766711063866051,0.6944700462913,"ZNF830_K-562"
3,28,1365,12372,0.610633623317767,0.967578256209962,"JUND_GM12878"
2,28,3523,12372,0.998988113301835,0.192765432258656,"VDR_LNCaP"
2,28,2857,12372,0.994006114839214,0.255679249415539,"VDR_LCLGM10861"
2,28,1777,12372,0.92607732686047,0.458048689698061,"TRIM22_MCF-7"
1,28,877,12372,0.872673178247604,0.484858412760427,"CHAMP1_K-562"
4,28,2585,12372,0.865953601531419,0.630468626250127,"ATF4_K-562"
1,28,664,12372,0.786968025218593,0.652542964593812,"ATF4_HSPC"
1,28,873,12372,0.871425267709362,0.487252818431946,"RELA_HeLa"
3,28,797,12372,0.268411415899495,1.74548727220057,"RELA_GM10847"
2,28,877,12372,0.600033011265405,1.00826366942963,"RELA_GM12892"
3,28,805,12372,0.273414379892241,1.72688034564112,"RELA_GM18505"
2,28,762,12372,0.521658571059067,1.17245236168646,"RELA_Huh-7"
5,28,2357,12372,0.639520987873058,0.923573513216975,"RELA_GM12891"
2,28,6112,12372,0.999999856464103,0.0784744088861726,"EBF1_MUTUL"
3,28,2909,12372,0.975179485244743,0.389740101208674,"STAT1_GM12878"
2,28,3119,12372,0.996959895007924,0.227721730559017,"CREB1_KG-1"
1,28,371,12372,0.574048778351122,1.19857765319881,"ZNF140_HEK293"
1,28,668,12372,0.788998872661122,0.648407445908077,"AHRR_MCF-7"
4,28,2891,12372,0.920416170218952,0.545994799163547,"SNAI2_RD"
1,28,499,12372,0.684632404171869,0.881013208957243,"ARHGAP35_K-562"
1,28,228,12372,0.406306589674676,1.9768425779852,"DNMT1_K-562"
1,28,316,12372,0.515799907649953,1.41427301334839,"TP53_A-549"
2,28,342,12372,0.180623002881956,2.7153527703109,"TP53_UO-31"
1,28,437,12372,0.635058073958142,1.01155340744994,"TP53_SJSA-1"
2,28,715,12372,0.487030353650724,1.25480080480166,"TP53_keratinocyte"
3,28,3981,12372,0.998129944077382,0.252417068235671,"NR2C1_GM12878"
3,28,2277,12372,0.910984463586319,0.531425819107627,"CTCF_DU145"
2,28,3816,12372,0.999562924357602,0.172046104243425,"CTCF_NB69"
1,28,297,12372,0.493947552392152,1.50741430823786,"CTCF_monocyte"
3,28,2765,12372,0.966243180888098,0.416317662711579,"CTCF_RWPE-1"
2,28,1387,12372,0.837874288315485,0.608684734352726,"CTCF_omental-fat-pad"
3,28,5552,12372,0.999984575530909,0.146962370980594,"CTCF_hepatocyte"
1,28,5780,12372,0.99999997849672,0.0420790526493868,"CTCF_DOHH2"
3,28,4319,12372,0.999258730332928,0.223247846388302,"CTCF_VCaP"
3,28,2551,12372,0.947627071106609,0.461383444705565,"CTCF_lymphoblast"
2,28,1991,12372,0.953340804635839,0.400491575111262,"CTCF_IMR-5"
2,28,2069,12372,0.960734752558097,0.382476292588328,"CTCF_SiHa"
3,28,3650,12372,0.995606099582824,0.286159057302348,"CTCF_ID00016"
2,28,3292,12372,0.998086715695675,0.211701896490207,"CTCF_sigmoid-colon"
2,28,3932,12372,0.999689630937318,0.164696826875843,"CTCF_PC-3"
3,28,5524,12372,0.999982996936355,0.148316241977548,"CTCF_HUDEP-2"
2,28,2053,12372,0.959311884220206,0.386060030588585,"CTCF_U2OS"
2,28,1048,12372,0.699080775601358,0.830855869448116,"CTCF_Ishikawa"
2,28,2369,12372,0.980239589919616,0.324251492692626,"CTCF_esophagus-squamous-epithelium"
2,28,1301,12372,0.809162510195822,0.654072600043003,"CTCF_MCF-10AT1"
3,28,2327,12372,0.918974849749733,0.517412205657981,"CTCF_GM10266"
1,28,1371,12372,0.962835624105687,0.296692992642121,"CTCF_A-375"
2,28,1659,12372,0.905540598515442,0.496146388381563,"CTCF_macrophage"
3,28,2932,12372,0.976389942871769,0.385737071805597,"CTCF_myoblast"
2,28,1845,12372,0.935996412937298,0.438310742647861,"CTCF_NPC"
2,28,3165,12372,0.997308977090309,0.223291103585407,"CTCF_BE2C"
2,28,2802,12372,0.993111606807189,0.262212597803295,"CTCF_LNCaP-C4-2B"
2,28,950,12372,0.644884487679628,0.924703083672419,"CTCF_CaSki"
3,28,3515,12372,0.993863860182036,0.301774559609728,"CTCF_OCI-Ly7"
2,28,1234,12372,0.783915626451629,0.693833753479597,"CTCF_UPCI-SCC-090"
3,28,3545,12372,0.994298696417581,0.298201606087531,"CTCF_GM06990"
2,28,2193,12372,0.970306819206309,0.356476932157157,"CTCF_lymphocyte"
2,28,1645,12372,0.902793593813973,0.501029242977822,"CTCF_VU-SCC-147"
3,28,2614,12372,0.95387644259638,0.44735785126739,"CTCF_HFF"
2,28,2527,12372,0.986433025915303,0.299148384644279,"CTCF_COLO-829"
2,28,1833,12372,0.934338573195658,0.441687384600885,"CTCF_MIA-PaCa-2"
3,28,3132,12372,0.984868839294454,0.353408510171685,"CTCF_T-cell"
2,28,1497,12372,0.869123847467464,0.558241333316355,"CTCF_A2780cis"
2,28,1493,12372,0.868086866978036,0.559945236463637,"CTCF_BL41"
2,28,1329,12372,0.818950875728739,0.638649297100282,"CTCF_CHRF28811"
3,28,3426,12372,0.992387078345856,0.312742727972429,"CTCF_GM12873"
3,28,1974,12372,0.846847390361386,0.631559142199345,"CTCF_MDM"
1,28,175,12372,0.3292255914007,2.59010432108261,"CTCF_ocular-melanoma-cell"
2,28,2935,12372,0.995089137109204,0.246833900620304,"CTCF_neuroblastoma"
3,28,2697,12372,0.961097190503584,0.429855669571126,"CTCF_GM12872"
1,28,1284,12372,0.953651722497156,0.319322556054175,"CTCF_A2780"
2,28,1895,12372,0.942503836778056,0.424702180994358,"CTCF_HMS001"
3,28,4062,12372,0.998494445730378,0.244984394406882,"CTCF_HL-60"
2,28,1275,12372,0.799676591703663,0.669001726017503,"CTCF_GM12801"
3,28,2013,12372,0.856792267047741,0.616977790643712,"CTCF_ID00015"
2,28,1625,12372,0.898746050129126,0.508150875929733,"CTCF_KMS-11"
1,28,988,12372,0.902996825691687,0.426190529477079,"CTCF_WA09"
3,28,3492,12372,0.993509951699589,0.304555424538874,"CTCF_Loucy"
3,28,3988,12372,0.998164432663621,0.251762814966081,"CTCF_ID00014"
2,28,3646,12372,0.999285547007039,0.183661824547171,"CTCF_FT282"
2,28,1903,12372,0.94348741370111,0.42259123995194,"CTCF_ZR751"
2,28,3723,12372,0.999427255750474,0.178269104692468,"CTCF_LNCaP"
2,28,1776,12372,0.925921652033775,0.458350242906134,"CTCF_TALL-1"
3,28,3334,12372,0.990521762806887,0.3246965403175,"CTCF_BC-3"
2,28,2415,12372,0.982270781550992,0.316603785278698,"CTCF_MCF-10A"
3,28,5786,12372,0.999993297613147,0.136160487771978,"CTCF_DND41"
3,28,4023,12372,0.998328142863473,0.248525713698312,"CTCF_GM12870"
3,28,2995,12372,0.979437150251649,0.375087366470633,"CTCF_GM12864"
3,28,2417,12372,0.931805941507239,0.49365080487778,"CTCF_PANC-1"
3,28,4528,12372,0.999593144995075,0.207390665060562,"CTCF_OCI-Ly3"
2,28,1502,12372,0.870410047691887,0.556124233263137,"CTCF_WI-38VA13"
2,28,1726,12372,0.917751724658952,0.473876340874044,"CTCF_HUES-64"
2,28,3473,12372,0.998836388590776,0.19665051461377,"CTCF_GP5D"
3,28,3246,12372,0.988353085332005,0.336765118475813,"CTCF_KARPAS422"
3,28,2242,12372,0.904997480104648,0.541607797488503,"CTCF_WI-38"
3,28,2941,12372,0.976848892012882,0.384187727127635,"CTCF_CUTLL1"
2,28,1071,12372,0.71082032362845,0.811322044796479,"CTCF_MCF-10CA1a"
2,28,3843,12372,0.999596193181993,0.170295864576016,"CTCF_ovary"
2,28,1645,12372,0.902793593813973,0.501029242977822,"CTCF_GM10248"
3,28,3025,12372,0.980758920208622,0.370172117673689,"CTCF_myotube"
2,28,5303,12372,0.999996628380402,0.102198405277832,"CTCF_B-cell"
3,28,1973,12372,0.846585170401198,0.631940614689809,"CTCF_kidney"
2,28,2289,12372,0.976184872959421,0.338284584184169,"CTCF_Jurkat"
3,28,3255,12372,0.988594115828232,0.335500854189513,"CTCF_delta-47"
2,28,1398,12372,0.841264960437565,0.603282678688193,"CTCF_GM13976"
3,28,3008,12372,0.980019710020629,0.372945377814448,"CTCF_GM13977"
2,28,1288,12372,0.804468005098528,0.661461708373602,"CTCF_81-3"
2,28,1352,12372,0.826669056686574,0.626458746413209,"CTCF_BJAB"
2,28,2622,12372,0.989229350357255,0.285512183689983,"CTCF_aggregated-lymphoid-nodules"
2,28,3084,12372,0.996666120734255,0.231181452131407,"CTCF_HeLa-Kyoto"
2,28,4521,12372,0.999950233681538,0.13320121879325,"CTCF_MDA-MB-157"
2,28,4177,12372,0.999852258535457,0.150516645571498,"CTCF_fetal"
3,28,5065,12372,0.999921386476284,0.172648711858972,"CTCF_islet"
3,28,4480,12372,0.99953214859128,0.210901606081852,"CTCF_CD14"
3,28,3736,12372,0.996463548172437,0.276800165284451,"CTCF_OCI-Ly1"
3,28,4094,12372,0.998619209413625,0.242129106349756,"CTCF_KB"
3,28,4180,12372,0.99890826945874,0.234672213416406,"CTCF_GM12878"
3,28,2102,12372,0.877508519691677,0.585731650867682,"CTCF_ASC"
3,28,4032,12372,0.998367977436102,0.247702403366023,"CTCF_GM12874"
3,28,3267,12372,0.988908380050468,0.333826011654289,"CTCF_NCI-H929"
3,28,3050,12372,0.98180094419527,0.366150000032874,"CTCF_SU-DHL-6"
2,28,2338,12372,0.97875109748862,0.329575257632202,"CTCF_medulloblastoma"
2,28,2796,12372,0.993006781868072,0.262940886407104,"CTCF_HEK293T"
1,28,419,12372,0.61931093917749,1.05673177219059,"SOX4_HMLE"
1,28,580,12372,0.739697691314264,0.752585870270093,"HDAC3_AML"
1,28,221,12372,0.396638808600531,2.04090256334023,"ETS2_DU145"
4,28,2903,12372,0.922103852321673,0.543045651714246,"TRPS1_MCF-7"
3,28,2738,12372,0.964277674242474,0.421612477599362,"FOXJ3_Hep-G2"
2,28,2050,12372,0.959039893275591,0.386738215069815,"MAFF_GM12878"
2,28,1078,12372,0.714320774095351,0.805542610441244,"ZBTB1_HEK293"
1,28,945,12372,0.892183351679161,0.447290147223433,"HSF1_BT-20"
2,28,3901,12372,0.999659704027765,0.166618046066939,"HSF1_MCF-7"
1,28,724,12372,0.815543228295053,0.595314132419719,"HSF1_SW620"
1,28,735,12372,0.820364533519213,0.585836889491872,"HSF1_HT29"
1,28,440,12372,0.637620773302898,1.00438694488666,"HSF1_HCT-15"
1,28,781,12372,0.83924206650646,0.549100428848411,"HSF1_SK-BR-3"
4,28,5062,12372,0.999490986596642,0.240104526977188,"TCF4_GEN2-2"
4,28,3927,12372,0.990400574871531,0.357785649499999,"TCF4_CAL-1"
2,28,2178,12372,0.969275795169506,0.359464480635496,"RAD21_IMR-5"
3,28,1561,12372,0.704292121702,0.830786384697419,"RAD21_LoVo"
3,28,6869,12372,0.999999914554326,0.095756882618574,"KAT2A_AML"
5,28,2126,12372,0.539976808818642,1.04780699762768,"EP300_GM12878"
3,28,4630,12372,0.999698806123271,0.200171648806138,"DIDO1_K-562"
1,28,1335,12372,0.959270959469209,0.305698967380781,"ZFP36_Hep-G2"
2,28,1904,12372,0.94360928008034,0.422328620844202,"SMC1A_LCL"
2,28,5011,12372,0.999990433973446,0.112642725729419,"SREBF1_K-562"
3,28,5958,12372,0.99999644927823,0.128761972786743,"NKX3-1_islet"
1,28,874,12372,0.8717383464557,0.486652160482312,"NKX3-1_LNCaP"
3,28,2728,12372,0.963524144520002,0.423600143311579,"STAG2_HL-60"
1,28,1591,12372,0.978905244585923,0.250517499288636,"SND1_NHEK"
1,28,304,12372,0.502106828503703,1.47173928563087,"HHEX_Hep-G2"
1,28,849,12372,0.863686436182059,0.502093496050575,"ELK1_GM12878"
1,28,1028,12372,0.912111454488207,0.408149180230508,"ELK1_WA01"
2,28,2293,12372,0.976404656275227,0.337559654638934,"ZNF75A_MCF-7"
2,28,3844,12372,0.999597377894708,0.170231513258354,"KDM1A_SU-DHL-4"
1,28,1227,12372,0.946486741047563,0.335890190899687,"ZSCAN29_GM12878"
1,28,929,12372,0.887870283997717,0.455640297354939,"TAF2_hESC"
2,28,1725,12372,0.917580387535703,0.474195997531947,"SETX_A-549"
1,28,163,12372,0.310478691995978,2.7846637097519,"SMAD2_K-562"
2,28,2125,12372,0.965362910843107,0.370358578232717,"IRF3_SK-N-SH"
1,28,1696,12372,0.983967139594454,0.232704736137403,"BMI1_K-562"
1,28,1225,12372,0.946216874078668,0.33649953175487,"TRPS1_T-47D"
2,28,1969,12372,0.951036540689986,0.405831119494372,"EGR1_macrophage"
3,28,2681,12372,0.959789098616969,0.433140984605303,"RAD21_GM12878"
1,28,758,12372,0.830055876599907,0.566910688046041,"STAT2_GM12878"
3,28,956,12372,0.369206998190269,1.43427309401876,"NFKB1_CD4-pos"
4,28,2144,12372,0.740030689406367,0.794718575963362,"NFKB1_CD4"
1,28,103,12372,0.208906924759161,4.44416036567949,"TSC22D4_GM12878"
2,28,1149,12372,0.747954256336067,0.750967263126724,"RELA_GM18951"
5,28,1080,12372,0.0919076457054576,2.27864351916431,"NFKB2_L1236"
3,28,994,12372,0.393312440572046,1.37468391220619,"RELB_L1236"
1,28,64,12372,0.135304825431528,7.21718054474025,"EPAS1_786-O"
1,28,573,12372,0.735331199379473,0.762248887903662,"EPAS1_ccRCC"
1,28,495,12372,0.681640500071537,0.888446387845949,"JARID2_EDOMIPS2"
1,28,262,12372,0.451178664415559,1.71452716336579,"CBX5_GM12878"
1,28,116,12372,0.232069755630947,3.93758947925754,"CDK9_CD4"
1,28,513,12372,0.694892028521339,0.855911588630287,"HIF1A_786-O"
1,28,308,12372,0.506712160396324,1.45208446212608,"HAND2_Kelly"
1,28,97,12372,0.197990533701618,4.72387009367708,"NFE2L2_HAEC"
2,28,1034,12372,0.691754808668356,0.843172028723064,"SMARCA4_HeLa-S3"
1,28,673,12372,0.79151118948532,0.643307268739734,"SNAI2_SK-N-SH"
2,28,1327,12372,0.818266125680512,0.639729345003018,"SMARCC2_HeLa-S3"
1,28,1104,12372,0.92720661989369,0.377475497183766,"TCF4_LS180"
1,28,345,12372,0.547408919050114,1.29195723907865,"TCF4_SH-SY5Y"
1,28,137,12372,0.268111460294206,3.32398638839857,"BACH1_SW1990"
1,28,269,12372,0.460002115861153,1.66877883225403,"BACH1_AsPC-1"
1,28,51,12372,0.109335199132756,9.10197774035139,"BACH1_HCT-116"
1,28,623,12372,0.765035029306092,0.697998227990854,"BACH1_A-549"
1,28,308,12372,0.506712160396324,1.45208446212608,"HDAC3_K-562"
1,28,417,12372,0.617521343536961,1.06199442249042,"TEAD4_SK-N-BE2"
2,28,372,12372,0.20534772923117,2.48897275691891,"TEAD4_HUCCT1"
1,28,403,12372,0.604765074688461,1.10022929889075,"TEAD4_BE2C"
1,28,904,12372,0.880796209900912,0.469279777021288,"KDM1A_keratinocyte"
2,28,1695,12372,0.912289276248811,0.4839612896362,"KDM1A_OCI-Ly1"
2,28,3090,12372,0.996718313406328,0.230582787529761,"KDM1A_SKNO-1"
1,28,447,12372,0.643533099475671,0.988042801548917,"NR2F2_hiPSC"
1,28,91,12372,0.18692895736337,5.04155604922401,"JUN_keratinocyte"
2,28,318,12372,0.161239806827991,2.92747743917211,"CDK9_MOLT-4"
1,28,122,12372,0.242538399095133,3.74067900972463,"RARA_SK-N-SH"
1,28,1871,12372,0.98991274674935,0.207461960151991,"MAFK_HeLa-S3"
1,28,205,12372,0.373967604810783,2.20395145916673,"MAFK_MCF-7"
2,28,2409,12372,0.982017317588173,0.317584736102348,"STAT3_breast-cancer"
2,28,2763,12372,0.992402976512386,0.26700305045967,"NCOA3_MCF-7"
1,28,262,12372,0.451178664415559,1.71452716336579,"TP53_MCF-10A"
2,28,1419,12372,0.84756874487206,0.59320255240733,"SRF_HCT-116"
2,28,1061,12372,0.705761169113337,0.819710825281154,"CEBPD_HAEC"
2,28,635,12372,0.424983492566202,1.42307289330616,"SRC_MDA-MB-231"
1,28,3019,12372,0.999607338559058,0.114459169097914,"NFYB_HeLa-S3"
1,28,559,12372,0.72638535212224,0.78230213683654,"STAT2_K-562"
1,28,604,12372,0.754147357052654,0.721158492515084,"ZNF134_HEK293"
1,28,4704,12372,0.999998505053469,0.0601806148017532,"MAZ_GM12878"
1,28,182,12372,0.339933282448921,2.48855407400497,"BCL6_RS4-11"
1,28,221,12372,0.396638808600531,2.04090256334023,"EP300_697"
2,28,448,12372,0.269399789038563,2.0519481475117,"RELA_GM19193"
1,28,3926,12372,0.999977523251778,0.0794509988039457,"MZF1_HEK293"
1,28,1269,12372,0.951861443301493,0.323538050895616,"ZC3H11A_K-562"
1,28,2681,12372,0.99893750702416,0.133565650368627,"STAG1_CHRF28811"
1,28,2403,12372,0.997651863125316,0.153310475730612,"STAT3_Th1"
1,28,1613,12372,0.980079353625453,0.246593139255758,"STAT3_SU-DHL-4"
1,28,1965,12372,0.992160496428732,0.19576005721797,"STAT3_OCI-Ly7"
1,28,901,12372,0.879918947031165,0.470967433271403,"STAT3_SU-DHL-10"
2,28,886,12372,0.605770589260746,0.997215675724839,"POU2F2_pre-B-cell"
1,28,2803,12372,0.999255177838486,0.126137607593253,"ZEB1_RKO"
1,28,515,12372,0.696331154452597,0.852437252322288,"NR3C1_BT-474"
2,28,152,12372,0.0460186575522734,6.25077603661158,"TP53_A-498"
1,28,1792,12372,0.9875539908158,0.218246479610758,"TP53_Calu-1"
2,28,2125,12372,0.965362910843107,0.370358578232717,"HDAC2_pre-B-cell"
3,28,2404,12372,0.930069287432084,0.496972918454337,"EBF1_LCL"
1,28,1015,12372,0.90924380251013,0.413856497228026,"EBF1_ASC"
2,28,465,12372,0.283836275384689,1.97377202602182,"NCOR2_OCI-Ly1"
1,28,836,12372,0.859308990405012,0.510488314726054,"MLLT1_MCF-7"
1,28,2305,12372,0.996910834029665,0.161406759747212,"ASH1L_K-562"
1,28,3393,12372,0.999874961790761,0.0977553262389617,"KDM5A_WA01"
1,28,4104,12372,0.999987632068999,0.0743973771274653,"KDM5A_A-549"
1,28,688,12372,0.798876270457019,0.628452091229438,"NCOA3_NCI-H3396"
1,28,376,12372,0.57899548301136,1.18210450601228,"ZNF322_HEK293"
2,28,2965,12372,0.995454368640827,0.243555838958954,"RAD21_SK-N-SH"
1,28,758,12372,0.830055876599907,0.566910688046041,"RAD21_liver"
1,28,1409,12372,0.966271423155163,0.287686294164043,"RAD21_neuroblastoma"
1,28,1567,12372,0.977548328503585,0.254924370801889,"ZNF143_HPBALL"
1,28,630,12372,0.768927852215985,0.689818148118048,"NCOR1_OCI-Ly1"
2,28,646,12372,0.433727716310532,1.39745659437801,"RUNX1_HL-60"
1,28,230,12372,0.409041262662143,1.95925853193264,"FOXP1_U2932"
1,28,571,12372,0.73407071276123,0.765053336096854,"FOXP1_SU-DHL-6"
1,28,1956,12372,0.991968181557722,0.196831740329812,"CARM1_MCF-7"
1,28,1167,12372,0.93779425872394,0.355079696150505,"STAT1_AGS"
1,28,1488,12372,0.972461233918207,0.270435081170543,"JMJD6_HeLa"
1,28,525,12372,0.703429155347544,0.835463340656296,"MED1_LS180"
2,28,1002,12372,0.67449204888516,0.872617355164316,"HIF1A_RCC10"
1,28,157,12372,0.30091677944407,2.89315464363944,"NR3C1_THP-1"
1,28,71,12372,0.148984441896202,6.49133771890815,"TP53_LOX-IMVI"
1,28,17,12372,0.0378092206984827,28.4845895048841,"TP53_SK-MEL-5"
1,28,1371,12372,0.962835624105687,0.296692992642121,"BHLHE40_A-549"
1,28,209,12372,0.379711218625143,2.16079633605264,"TCF3_697"
1,28,11,12372,0.0246249613434286,45.5080693144097,"NR2F2_HeLa"
1,28,861,12372,0.867610368384099,0.494569642997287,"NR2F2_uterus"
2,28,2292,12372,0.976349887190476,0.337740649615129,"USF1_GM12878"
1,28,1049,12372,0.916560152816735,0.39922876416398,"ZKSCAN5_HEK293T"
1,28,906,12372,0.881377614970707,0.468160888652802,"CHD4_pre-B-cell"
1,28,2396,12372,0.997605192387047,0.153866808911329,"EGR1_HL-60"
2,28,790,12372,0.541590742219216,1.12806272708405,"EBF1_GM12878"
1,28,1965,12372,0.992160496428732,0.19576005721797,"MIER1_K-562"
1,28,108,12372,0.217894337069123,4.23465423255187,"PTRF_K-562"
1,28,367,12372,0.570051107049374,1.21208022347359,"CHD4_macrophage"
1,28,414,12372,0.614821730970846,1.06991445005562,"ZMYM3_GM12878"
1,28,506,12372,0.689803115468589,0.868288451262308,"ZKSCAN1_MCF-7"
