V1,V2,V3,V4,V5,V6,peakTF
14,37,8346,12372,0.999945413,0.292471859,STAT3_HCC70
9,37,6864,12372,0.999972641,0.256981746,KDM5B_HCC2157
9,37,1147,12372,0.005612471,3.162136205,TEAD1_HUCCT1
9,37,4429,12372,0.952194193,0.575613539,RELA_LNCaP
12,37,8172,12372,0.999993135,0.245619311,TP53_IMR-90
18,37,10608,12372,0.999999985,0.156143897,SMARCB1_proliferating-human-fibroblast
15,37,10289,12372,0.999999999,0.136813365,SMARCB1_MCF-7
18,37,9441,12372,0.999935975,0.292806402,BRD4_HCC1395
10,37,5747,12372,0.995266377,0.425996881,BRD4_HEK293
5,37,741,12372,0.067874265,2.462151492,BRD4_Hs-352-Sk
11,37,4556,12372,0.857581934,0.725159782,BRD4_402-91
10,37,4540,12372,0.920971163,0.638154446,TEAD1_adipocyte
13,37,6490,12372,0.988939479,0.489931894,FOSL1_BT-549
10,37,2560,12372,0.221557952,1.421159919,NFIC_SK-N-SH
10,37,3232,12372,0.512721744,1.047542872,EP300_SK-N-SH
9,37,2269,12372,0.226476745,1.43286892,JUND_SK-N-SH
11,37,6628,12372,0.999047597,0.365625196,STAT3_HCC1187
10,37,7255,12372,0.999976863,0.260233087,TEAD4_hMSC-TERT4
4,37,1003,12372,0.352511497,1.375387406,MED1_adipocyte
15,37,8249,12372,0.999698649,0.339616338,MED1_U-87MG
16,37,7120,12372,0.972507482,0.561063911,MED1_hMSC-TERT4
2,37,593,12372,0.535270611,1.135495599,JUN_BT-549
17,37,7674,12372,0.984494472,0.519318272,IRF2_keratinocyte
11,37,8001,12372,0.999996646,0.230104048,NFKB1_HEK293T
6,37,1132,12372,0.117353921,1.926657673,FOSL2_SK-N-SH
11,37,7025,12372,0.99976583,0.32098535,TEAD4_MCF-7
8,37,1209,12372,0.024078712,2.557130716,TEAD4_SK-N-SH
18,37,9081,12372,0.999644111,0.342062042,ETS1_SCC-25
15,37,6498,12372,0.948224096,0.615485541,RAD21_IMR-90
18,37,9749,12372,0.999988565,0.253551416,SMC1A_primary-epidermal-keratinocyte
6,37,834,12372,0.03566849,2.689394731,ATF3_primary-dermal-fibroblasts
7,37,1521,12372,0.16204028,1.667611387,NR3C1_IMR-90
19,37,10086,12372,0.999993743,0.237845039,MAX_HeLa-S3
22,37,10481,12372,0.999956595,0.263110167,MAX_SK-N-SH
5,37,4405,12372,0.999356783,0.281805243,SNAI2_SMS-CTR
10,37,6466,12372,0.999503776,0.33729648,MYC_BJ
13,37,6652,12372,0.992827264,0.46475366,SMAD3_HCC1954
19,37,10182,12372,0.999996766,0.225627322,SMARCC1_Aska-SS
16,37,10079,12372,0.999999962,0.17205492,JUN_MCF-7
11,37,5801,12372,0.989185084,0.478285413,RELA_MCF-7
20,37,10526,12372,0.999998731,0.204846378,NELFE_HeLa
14,37,6632,12372,0.981852006,0.525858361,MYC_HeLa-S3
13,37,9245,12372,0.999999926,0.182091778,CHD1_hMSC-TERT
7,37,1212,12372,0.064741775,2.155006935,FOS_HeLa-S3
9,37,3100,12372,0.603637969,0.961250298,NCOA2_MCF-7
11,37,6921,12372,0.999656298,0.332183394,SUPT6H_HCT-116
11,37,7975,12372,0.99999618,0.23223618,SAP30_K-562
15,37,9343,12372,0.999998761,0.219848543,ZFP64_Hep-G2
9,37,8805,12372,0.999999999,0.129352981,ZFP64_HEK293
7,37,582,12372,0.001475831,4.770379723,HMGB2_HUVEC-C
10,37,2983,12372,0.399731968,1.16624779,SUPT16H_hiF-T
17,37,9689,12372,0.999996458,0.234067441,FOXK1_Hep-G2
5,37,5792,12372,0.999996839,0.176818405,CSNK2A1_LNCaP
5,37,1082,12372,0.218997915,1.633208505,RPA2_HeLa
13,37,9265,12372,0.999999936,0.18052732,ZNF692_HEK293
12,37,6936,12372,0.998924497,0.375140748,ZNF394_HEK293
14,37,9543,12372,0.999999943,0.179274265,HMGXB4_Hep-G2
13,37,7173,12372,0.998508363,0.391526028,CTBP1_MCF-7
13,37,9092,12372,0.999999798,0.194287925,CTBP1_K-562
18,37,9946,12372,0.999996728,0.229722743,AFF4_HeLa
13,37,8183,12372,0.999971423,0.276153515,AFF4_CD4
11,37,8187,12372,0.999998719,0.215246982,DMAP1_Hep-G2
12,37,8794,12372,0.999999776,0.194226047,RBBP5_K-562
13,37,2055,12372,0.004885792,2.729994022,FOS_CFPAC-1
10,37,3325,12372,0.554164119,1.007764399,JUN_T-cell
15,37,9265,12372,0.999998003,0.227442568,SP3_HEK293
3,37,2291,12372,0.977709743,0.387474368,MBD3_HEK293T
15,37,9618,12372,0.999999799,0.194007341,ZNF276_Hep-G2
11,37,5353,12372,0.968537891,0.553861453,SMC1A_MCF-7
12,37,7754,12372,0.999952445,0.284793458,SMC1A_monocyte
13,37,9308,12372,0.999999952,0.177186532,CREBBP_PC-3
2,37,2160,12372,0.992772372,0.269499628,IRF2BP2_HEK293
12,37,10105,12372,1,0.10662375,HNRNPLL_Hep-G2
16,37,9405,12372,0.999995795,0.23911912,HNRNPLL_K-562
4,37,825,12372,0.231183762,1.699823714,ZMYND11_HeLa
4,37,745,12372,0.181023161,1.896473312,SSRP1_hiF-T
11,37,6962,12372,0.999704132,0.327728771,KAT7_OCI-AML-3
2,37,1487,12372,0.947221189,0.417529178,KAT7_MOLM-13
18,37,9213,12372,0.999803832,0.323555909,NCAPH2_IMR-90
9,37,9423,12372,1,0.099770516,NCAPH2_HEK293
12,37,8193,12372,0.999993815,0.243756787,RBM22_K-562
10,37,6414,12372,0.999406388,0.343042441,XRN2_DLD-1
10,37,5421,12372,0.988653001,0.473964221,HDAC1_NB4
6,37,3391,12372,0.963050265,0.511759144,HDAC1_VCaP
8,37,7065,12372,0.999997784,0.206341174,HDAC1_PC-3
19,37,10052,12372,0.999992162,0.242228042,HDAC1_K-562
12,37,9994,12372,1,0.113176346,HDAC1_MCF-7
10,37,9120,12372,1,0.131158644,HDAC1_Hep-G2
10,37,5797,12372,0.995892838,0.419118652,ZEB1_PDAC
9,37,4639,12372,0.969618113,0.534929547,ZEB1_neuron
13,37,9422,12372,0.999999979,0.168477336,ZEB1_GM12878
8,37,5910,12372,0.999741234,0.300725545,ZEB1_HEK293
2,37,287,12372,0.211584066,2.415701752,SNRNP70_K-562
9,37,7900,12372,0.999999817,0.181046069,ZBTB48_HEK293
16,37,9604,12372,0.999998783,0.218323833,NFKBIZ_Hep-G2
9,37,6110,12372,0.999518372,0.328436861,CHD1_K-562
11,37,6663,12372,0.999152839,0.361475564,CHD1_A-549
6,37,7436,12372,0.999999994,0.127812392,CHD1_WA01
11,37,6001,12372,0.993640458,0.44820159,CHD1_IMR-90
9,37,6049,12372,0.999407008,0.3349977,CHD1_MCF-7
12,37,8860,12372,0.999999851,0.189197014,CHD1_HeLa-S3
4,37,2983,12372,0.987958889,0.380691881,CHD1_LNCaP
12,37,8430,12372,0.99999819,0.223381072,APC_HCT-116
12,37,8691,12372,0.999999585,0.202227211,SNAI2_PC-9
3,37,3096,12372,0.997961067,0.263662105,SNAI2_keratinocyte
7,37,4500,12372,0.993735714,0.4072815,RBBP4_RH5
12,37,8829,12372,0.99999982,0.191549759,PTBP1_Hep-G2
6,37,3906,12372,0.98964745,0.418634727,PTBP1_K-562
8,37,5137,12372,0.99684685,0.387602865,PRPF4_K-562
7,37,3167,12372,0.871119372,0.677516465,SSRP1_Hep-G2
5,37,3425,12372,0.98791825,0.407344868,USF2_K-562
11,37,9479,12372,1,0.128138812,SIRT6_SK-MEL-239
5,37,1375,12372,0.394161389,1.250544683,SIRT6_K-562
4,37,5067,12372,0.999990193,0.174116349,ZFX_DAOY
5,37,5456,12372,0.99998686,0.197347598,ZFX_LNCaP-C4-2B
8,37,8057,12372,0.99999999,0.146916747,ZFX_MCF-7
10,37,8971,12372,0.999999999,0.139492352,ZFX_HEK293T
2,37,4367,12372,0.999997915,0.104343845,ZFX_NOMO1
6,37,6157,12372,0.999995899,0.194614845,ZFX_PrEC
1,37,709,12372,0.887725949,0.456196173,ZFX_RPMI8402
9,37,7416,12372,0.999997737,0.213877903,ZFX_HCT-116
8,37,8386,12372,0.999999999,0.130315262,ZFX_K-562
12,37,9598,12372,0.999999999,0.137679632,NCBP1_DLD-1
11,37,8216,12372,0.999998903,0.212991326,CTCF_gastrocnemius-medialis
7,37,4575,12372,0.994913405,0.396764156,CTCF_Hep-G2
9,37,5256,12372,0.993391956,0.434238478,CTCF_A-549
9,37,6152,12372,0.999583463,0.323995407,CTCF_Kelly
8,37,6127,12372,0.999883032,0.280283987,CTCF_GM04648
6,37,3816,12372,0.986896122,0.433095086,CTCF_NB69
5,37,2765,12372,0.939484831,0.542100685,CTCF_RWPE-1
9,37,5552,12372,0.997142118,0.393892786,CTCF_hepatocyte
7,37,5780,12372,0.999900581,0.265256831,CTCF_DOHH2
6,37,4319,12372,0.996734675,0.360016962,CTCF_VCaP
5,37,3976,12372,0.997486069,0.329127883,CTCF_cardiac-muscle
9,37,7139,12372,0.999991727,0.234673649,CTCF_keratinocyte
6,37,5106,12372,0.999741421,0.274598618,CTCF_HT-1080
6,37,4603,12372,0.998622616,0.325819715,CTCF_astrocyte
5,37,2551,12372,0.904447226,0.600788001,CTCF_lymphoblast
8,37,5345,12372,0.998311531,0.361749234,CTCF_primary-epidermal-keratinocyte
8,37,7122,12372,0.999998312,0.202480786,CTCF_SK-N-SH
4,37,2069,12372,0.887759197,0.602855645,CTCF_SiHa
9,37,6169,12372,0.99960742,0.322214919,CTCF_MCF-7L
6,37,3650,12372,0.98005814,0.461640084,CTCF_ID00016
5,37,3358,12372,0.985577657,0.418608353,CTCF_HSPC-CD34
6,37,6469,12372,0.99999901,0.175879282,CTCF_ascending-aorta
5,37,3932,12372,0.997129055,0.334566082,CTCF_PC-3
5,37,3292,12372,0.982879573,0.430112497,CTCF_sigmoid-colon
10,37,5524,12372,0.991309668,0.458195232,CTCF_HUDEP-2
9,37,6686,12372,0.999943272,0.272400797,CTCF_Peyers-patch
8,37,6701,12372,0.999988471,0.232548526,CTCF_MCF-7
3,37,2167,12372,0.96887327,0.414732852,CTCF_GM20000
7,37,4658,12372,0.995979807,0.385520387,CTCF_IMR-90
2,37,1301,12372,0.912657098,0.485494013,CTCF_MCF-10AT1
8,37,5318,12372,0.998165372,0.36499077,CTCF_stomach
5,37,2327,12372,0.851397836,0.67380863,CTCF_GM10266
9,37,6131,12372,0.999552007,0.326208506,CTCF_plasmablast
11,37,6072,12372,0.994776927,0.438000733,CTCF_HCT-116
7,37,4601,12372,0.995272239,0.393198307,CTCF_22Rv1
5,37,2932,12372,0.958586197,0.502266564,CTCF_myoblast
3,37,1845,12372,0.929290968,0.502658287,CTCF_NPC
7,37,4396,12372,0.991694979,0.422460374,CTCF_GM12868
4,37,3165,12372,0.992773044,0.351791144,CTCF_BE2C
6,37,2802,12372,0.874291834,0.66035133,CTCF_LNCaP-C4-2B
13,37,6462,12372,0.988109588,0.494410528,CTCF_skin
5,37,3515,12372,0.990520814,0.392891291,CTCF_OCI-Ly7
7,37,4697,12372,0.99640687,0.380376031,CTCF_OVCAR-8
12,37,6517,12372,0.996015209,0.430218599,CTCF_breast
5,37,3545,12372,0.991267678,0.388236677,CTCF_GM06990
5,37,3161,12372,0.976145961,0.454440973,CTCF_smooth-muscle-cell
9,37,5957,12372,0.99919363,0.345204694,CTCF_Kasumi-1
6,37,3545,12372,0.974247981,0.481078215,CTCF_SEM
13,37,10044,12372,1,0.124437168,CTCF_gastroesophageal-sphincter
13,37,9079,12372,0.999999781,0.195343172,CTCF_spleen
11,37,9469,12372,1,0.128721594,CTCF_retina
11,37,9275,12372,0.999999999,0.140268825,CTCF_MM1-S
10,37,6377,12372,0.999326736,0.34718806,CTCF_GM04604
13,37,9849,12372,0.999999999,0.137650069,CTCF_heart
6,37,4651,12372,0.998816362,0.320453011,CTCF_BJ
8,37,4968,12372,0.99489155,0.410206326,CTCF_GM12869
6,37,4377,12372,0.997249628,0.352671916,CTCF_GM12867
6,37,3150,12372,0.937140932,0.565860942,CTCF_liver
4,37,2527,12372,0.960610958,0.471429396,CTCF_COLO-829
5,37,4242,12372,0.998904342,0.298656847,CTCF_erythroblast
6,37,3132,12372,0.934705171,0.570232021,CTCF_T-cell
6,37,4138,12372,0.994505629,0.384264372,CTCF_WERI-Rb-1
7,37,4583,12372,0.995026361,0.395662655,CTCF_cardiac
11,37,8081,12372,0.999997768,0.223629889,CTCF_colon
13,37,9390,12372,0.999999973,0.170900646,CTCF_nerve
9,37,8113,12372,0.999999946,0.167840213,CTCF_hiPSC
11,37,9337,12372,0.999999999,0.136531085,CTCF_T-47D
7,37,7328,12372,0.999999908,0.159805248,CTCF_leukemia
6,37,3998,12372,0.991911049,0.404526926,CTCF_SK-N-AS
8,37,5176,12372,0.997187991,0.382596702,CTCF_testis
5,37,3426,12372,0.987950415,0.407180097,CTCF_GM12873
10,37,8443,12372,0.99999995,0.171404339,CTCF_uterus
9,37,5846,12372,0.998843238,0.357875219,CTCF_peripheral-blood-neutrophil
10,37,6770,12372,0.999835109,0.305473898,CTCF_hESC
9,37,5622,12372,0.997680486,0.384974354,CTCF_thoracic-aorta
4,37,4273,12372,0.999794054,0.229063393,CTCF_osteoblast
9,37,6914,12372,0.999977847,0.252793563,CTCF_pancreas
8,37,7370,12372,0.999999507,0.186367665,CTCF_primary-glioblastoma
7,37,6612,12372,0.999996818,0.202466295,CTCF_fibroblast
5,37,4226,12372,0.998846662,0.300381138,CTCF_glioblastoma
5,37,2935,12372,0.95887478,0.501592524,CTCF_neuroblastoma
5,37,2697,12372,0.929778969,0.559737231,CTCF_GM12872
4,37,4196,12372,0.999729534,0.235498512,CTCF_A-673
3,37,1473,12372,0.833580506,0.652180387,CTCF_U-937
6,37,4062,12372,0.993210458,0.39509071,CTCF_HL-60
10,37,7340,12372,0.999984059,0.252920871,CTCF_K-562
9,37,7509,12372,0.999998568,0.207240392,CTCF_neutrophil
5,37,2013,12372,0.741834436,0.803596289,CTCF_ID00015
6,37,3117,12372,0.932615459,0.573913265,CTCF_GM12865
12,37,9565,12372,0.999999999,0.13981326,CTCF_anterior-temporal-cortex
7,37,4803,12372,0.997367118,0.366812991,CTCF_GM04025
15,37,9049,12372,0.999993083,0.249170509,CTCF_THP-1
10,37,8097,12372,0.999999625,0.194580518,CTCF_erythroid
6,37,3492,12372,0.970785989,0.491334529,CTCF_Loucy
6,37,3656,12372,0.980351958,0.460563111,CTCF_GM12875
11,37,8993,12372,0.999999991,0.157993086,CTCF_SUM159
7,37,3988,12372,0.976716901,0.489666867,CTCF_ID00014
6,37,3646,12372,0.979860105,0.462360038,CTCF_FT282
8,37,7019,12372,0.999997248,0.209502487,CTCF_HEK293
5,37,1903,12372,0.692780418,0.859222724,CTCF_ZR751
6,37,3723,12372,0.983381393,0.448773097,CTCF_LNCaP
8,37,5535,12372,0.999074207,0.339837118,CTCF_GM12871
5,37,2863,12372,0.951444505,0.5181603,CTCF_NB4
7,37,6344,12372,0.99998963,0.22089083,CTCF_bonchial
5,37,3334,12372,0.984644423,0.422718367,CTCF_BC-3
5,37,2415,12372,0.874493526,0.643502816,CTCF_MCF-10A
7,37,5107,12372,0.998970191,0.331042523,CTCF_GM09237
6,37,4283,12372,0.996371967,0.364676153,CTCF_D54
14,37,9340,12372,0.999999768,0.196455148,CTCF_esophagus
11,37,9357,12372,0.999999999,0.135334159,CTCF_prostate
5,37,5786,12372,0.999996755,0.177164071,CTCF_DND41
7,37,4023,12372,0.97858729,0.483366141,CTCF_GM12870
6,37,5220,12372,0.999827638,0.264363642,CTCF_epithelial
4,37,2995,12372,0.9883499,0.378678052,CTCF_GM12864
10,37,7665,12372,0.999996479,0.226459994,CTCF_HeLa-S3
8,37,4528,12372,0.983799586,0.47698641,CTCF_OCI-Ly3
4,37,1502,12372,0.673085605,0.876872484,CTCF_WI-38VA13
8,37,4939,12372,0.994462876,0.414240821,CTCF_GSC23
5,37,3473,12372,0.9893774,0.399542978,CTCF_GP5D
4,37,3246,12372,0.994280484,0.339971969,CTCF_KARPAS422
5,37,2941,12372,0.95944669,0.500248579,CTCF_CUTLL1
6,37,3843,12372,0.987783385,0.428685752,CTCF_ovary
4,37,1645,12372,0.743672867,0.789924112,CTCF_GM10248
5,37,3025,12372,0.966754022,0.481994459,CTCF_myotube
6,37,4866,12372,0.999411995,0.297715518,CTCF_choroid-plexus
9,37,6187,12372,0.999631393,0.320340392,CTCF_endothelial
12,37,7965,12372,0.999981505,0.264500211,CTCF_lung
5,37,5303,12372,0.99997562,0.207558575,CTCF_B-cell
7,37,6048,12372,0.999964776,0.243141622,CTCF_neuron
7,37,4504,12372,0.993804263,0.406711719,CTCF_aorta
5,37,3255,12372,0.981176058,0.436784921,CTCF_delta-47
9,37,5541,12372,0.99704792,0.395314801,CTCF_WA01
8,37,4759,12372,0.990999404,0.44038436,CTCF_vagina
6,37,3008,12372,0.915695525,0.601769634,CTCF_GM13977
5,37,2622,12372,0.917579463,0.58025265,CTCF_aggregated-lymphoid-nodules
11,37,7134,12372,0.999845385,0.309599869,CTCF_HAP1
5,37,3084,12372,0.971168481,0.469708011,CTCF_HeLa-Kyoto
10,37,6105,12372,0.998367135,0.37918301,CTCF_adrenal-gland
6,37,4237,12372,0.99585479,0.370744944,CTCF_HeLa
6,37,4181,12372,0.995134439,0.378313535,CTCF_RH4
6,37,4521,12372,0.998222299,0.335251813,CTCF_MDA-MB-157
10,37,7066,12372,0.999948654,0.277123419,CTCF_thyroid-gland
5,37,4177,12372,0.998651892,0.305744052,CTCF_fetal
7,37,4712,12372,0.996559802,0.378419609,CTCF_coronary-artery
5,37,3661,12372,0.993677815,0.370957235,CTCF_MDA-MB-435
7,37,5065,12372,0.998822652,0.33572848,CTCF_islet
6,37,4480,12372,0.997984068,0.340097517,CTCF_CD14
6,37,3736,12372,0.983918497,0.446534545,CTCF_OCI-Ly1
10,37,7177,12372,0.999967684,0.267095738,CTCF_neural
6,37,4094,12372,0.993786309,0.390483189,CTCF_KB
10,37,7844,12372,0.99999856,0.212823929,CTCF_cortical-interneuron
5,37,4192,12372,0.998714552,0.304089012,CTCF_GM17942
7,37,4552,12372,0.994575578,0.399952571,CTCF_RWPE-2
12,37,7850,12372,0.99996881,0.275426664,CTCF_esophagus-muscularis-mucosa
7,37,4363,12372,0.990932482,0.427428232,CTCF_tibial-artery
7,37,4853,12372,0.997732913,0.360621293,CTCF_GM12866
8,37,6354,12372,0.999951358,0.260397873,CTCF_HEC-1-B
9,37,5524,12372,0.996896809,0.397523633,CTCF_tibial-nerve
5,37,4180,12372,0.998664647,0.305412092,CTCF_GM12878
8,37,4743,12372,0.990613355,0.44280444,CTCF_GM09236
8,37,5065,12372,0.996116764,0.397047963,CTCF_GM06077
6,37,4440,12372,0.997723545,0.344911395,CTCF_SH-SY5Y
5,37,2102,12372,0.77742331,0.762862068,CTCF_ASC
6,37,4032,12372,0.992627004,0.39947678,CTCF_GM12874
8,37,6848,12372,0.99999397,0.221628203,CTCF_786-O
4,37,3267,12372,0.994620683,0.337003505,CTCF_NCI-H929
4,37,3050,12372,0.98999749,0.369650993,CTCF_SU-DHL-6
8,37,6188,12372,0.999907156,0.27479645,CTCF_artery
6,37,2796,12372,0.872880752,0.662187319,CTCF_HEK293T
7,37,6209,12372,0.999981699,0.230775397,ATF2_WA01
10,37,4888,12372,0.960572474,0.566210452,ATF2_macrophage
14,37,9270,12372,0.999999633,0.202534546,ELL2_HeLa
9,37,8896,12372,1,0.124738189,ZNF561_HEK293
10,37,6827,12372,0.999867305,0.299823112,MLLT1_K-562
10,37,7156,12372,0.999964687,0.268968973,MLLT1_MV4-11
4,37,836,12372,0.238365304,1.675748848,MLLT1_MCF-7
12,37,7426,12372,0.99981694,0.318626677,NONO_K-562
14,37,9738,12372,0.999999987,0.163473629,NONO_Hep-G2
2,37,333,12372,0.262663289,2.072069971,ZNF274_K-562
10,37,8997,12372,0.999999999,0.138018127,ZNF274_Hep-G2
8,37,7387,12372,0.999999548,0.1853028,ZNF324_HEK293
11,37,8375,12372,0.999999543,0.200902527,ZNF189_HEK293
7,37,4828,12372,0.99755628,0.363701087,KLF7_HEK293
11,37,5041,12372,0.939802858,0.614452655,PML_GM12878
9,37,7370,12372,0.999997175,0.217222971,PML_MCF-7
11,37,8269,12372,0.999999177,0.208909915,PML_K-562
14,37,9414,12372,0.999999859,0.190087206,ZBTB7B_Hep-G2
10,37,8772,12372,0.999999994,0.151066894,GMEB1_Hep-G2
11,37,7751,12372,0.999988762,0.251199043,GMEB1_K-562
14,37,10036,12372,0.999999999,0.140514537,RBM39_Hep-G2
8,37,4454,12372,0.980606726,0.489516167,RBM39_K-562
12,37,8920,12372,0.999999898,0.184689833,ZBTB48_U2OS
9,37,4456,12372,0.954817623,0.570167481,RAD21_K-562
8,37,2965,12372,0.691999842,0.874895216,RAD21_SK-N-SH
8,37,2681,12372,0.567332371,0.997149159,RAD21_GM12878
13,37,8669,12372,0.999997524,0.230252419,RAD21_HeLa-S3
14,37,6386,12372,0.967849557,0.569655499,RAD21_MDM
8,37,5683,12372,0.99943213,0.323783315,RAD21_GP5D
14,37,7258,12372,0.996750567,0.427810961,RAD21_MCF-7
11,37,4013,12372,0.69566417,0.880948504,RAD21_HeLa-Tet-On
16,37,9224,12372,0.999988155,0.258779078,RAD21_THP-1
14,37,7791,12372,0.999465711,0.356779112,RAD21_peripheral-blood-neutrophil
9,37,5283,12372,0.993860403,0.43037044,RAD21_RH4
9,37,4283,12372,0.935737283,0.606254607,RAD21_Hep-G2
13,37,8907,12372,0.999999365,0.209595321,RAD21_HAP1
8,37,6116,12372,0.999878102,0.281285219,RAD21_neural
13,37,7985,12372,0.999930783,0.296479896,RAD21_hiPSC
17,37,9494,12372,0.99998852,0.256392558,RAD21_HCT-116
11,37,5015,12372,0.936674324,0.61984306,RAD21_SLK
14,37,8070,12372,0.99982042,0.323344404,RAD21_lymphoblast
4,37,1561,12372,0.703615011,0.839096674,RAD21_LoVo
16,37,9264,12372,0.999990512,0.254366634,RAD21_HEK293
10,37,3139,12372,0.470621298,1.08968932,RAD21_T-47D
11,37,5814,12372,0.989541075,0.476266801,HDAC8_K-562
6,37,3993,12372,0.99180061,0.405276924,RUVBL2_Hep-G2
15,37,9692,12372,0.999999881,0.187310158,RUVBL2_U2OS
9,37,7147,12372,0.99999202,0.234050415,NELFE_U2OS
13,37,10075,12372,1,0.122371842,NELFE_K-562
12,37,10088,12372,1,0.107618834,NELFE_DLD-1
12,37,9851,12372,1,0.121797256,NELFE_HCT-116
22,37,10773,12372,0.999995017,0.216124229,CDKN1B_MDA-MB-231
9,37,2116,12372,0.169304473,1.560241376,CDKN1B_MDA-BoM-1833
8,37,5843,12372,0.999672147,0.307344415,SRSF3_K-562
6,37,6526,12372,0.999999244,0.172650231,SRSF3_Hep-G2
9,37,7718,12372,0.999999509,0.192908228,EZH1_ProEs
8,37,4624,12372,0.987248928,0.461330261,HNRNPL_K-562
9,37,8376,12372,0.999999989,0.152462325,HNRNPL_Hep-G2
11,37,3149,12372,0.3320681,1.239972525,STAG2_MCF-10A
10,37,4735,12372,0.945868331,0.596535548,STAG2_HCAEC
15,37,8110,12372,0.999479952,0.357154217,STAG2_OCI-AML-3
4,37,5441,12372,0.999998004,0.153800869,JUND_GP5D
2,37,163,12372,0.085164074,4.319754886,DDX5_HeLa
6,37,4937,12372,0.999536776,0.290642374,DDX5_BT-549
10,37,7861,12372,0.99999868,0.211561223,HDAC2_RH4
16,37,10137,12372,0.999999977,0.16670283,HDAC2_WA01
13,37,9436,12372,0.999999981,0.167422313,HDAC2_PC-3
16,37,9586,12372,0.999998632,0.220167443,HDAC2_K-562
4,37,4304,12372,0.999815658,0.226537672,ARID1B_Hep-G2
3,37,6175,12372,0.999999995,0.088145621,BAP1_NCI-H1963
10,37,6947,12372,0.999916965,0.288230261,CREB1_MDA-MB-134-VI
8,37,6591,12372,0.999981558,0.241039858,ZNF524_HEK293
10,37,8621,12372,0.999999984,0.160207747,ZKSCAN1_K-562
8,37,5911,12372,0.999742154,0.300627894,ZKSCAN1_Hep-G2
12,37,10177,12372,1,0.102510957,NELFCD_DLD-1
13,37,5696,12372,0.93419336,0.634049844,SMARCA4_NPC
8,37,6486,12372,0.99997146,0.249414694,SMARCA4_TOV-21G
11,37,9874,12372,1,0.106064647,SMARCA4_22Rv1
9,37,5555,12372,0.997167332,0.393505944,SMARCA4_MCF-10A
10,37,4655,12372,0.936559347,0.613187232,SMARCA4_HS-SY-2
15,37,10027,12372,0.999999991,0.158229405,SMARCA4_MCF-7
11,37,8337,12372,0.999999435,0.203749612,SMARCA4_CTV-1
16,37,8839,12372,0.999916515,0.303310913,SMARCA4_K-562
16,37,9849,12372,0.999999776,0.193901275,SMARCA4_BIN-67
17,37,9200,12372,0.999944127,0.291792501,SMARCA4_Aska-SS
11,37,6132,12372,0.995592861,0.429504464,SMARCA4_J-Lat
15,37,9683,12372,0.999999873,0.188119206,SMARCA4_TTC-1240
13,37,8111,12372,0.999960306,0.283439442,SMARCA4_hiPSC
11,37,9660,12372,1,0.117799258,SMARCA4_NGP
19,37,9893,12372,0.999978732,0.263125246,SMARCA4_A-549
10,37,8750,12372,0.999999993,0.152378965,GATA6_PATU8988
10,37,5191,12372,0.980039214,0.511441427,GATA6_OACP4-C
13,37,9419,12372,0.999999978,0.168703821,SRSF1_Hep-G2
1,37,1563,12372,0.993294986,0.19159523,SRSF1_K-562
12,37,8903,12372,0.999999887,0.185960692,ATXN7L3_HCT-116
15,37,9350,12372,0.999998814,0.21917343,PHF5A_Hep-G2
13,37,9540,12372,0.999999991,0.15968206,KLF6_Hep-G2
5,37,3023,12372,0.966594481,0.482417264,KLF6_K-562
7,37,5391,12372,0.999598377,0.301275367,KLF6_786-M1A
16,37,8846,12372,0.999919207,0.302495007,KLF9_HEK293
6,37,5409,12372,0.999913969,0.248346792,KLF9_MCF-7
15,37,10404,12372,1,0.127726378,KLF9_GBM1A
11,37,7555,12372,0.999972748,0.268715759,ZNF217_MCF-7
13,37,9602,12372,0.999999995,0.15514755,ZNF217_Hep-G2
9,37,7604,12372,0.999999113,0.200627981,GABPB1_K-562
4,37,1052,12372,0.386834045,1.30542648,ZSCAN18_HEK293
8,37,7033,12372,0.999997423,0.208535952,OGG1_HEK293
15,37,9207,12372,0.999997182,0.233175078,TAF1_K-562
10,37,7009,12372,0.999935232,0.282396375,TAF1_GM12891
13,37,10020,12372,1,0.126042333,TAF1_Ishikawa
6,37,4860,12372,0.999400126,0.29832273,TAF1_liver
9,37,8962,12372,1,0.12145001,TAF1_neural
10,37,7181,12372,0.999968228,0.266740175,TAF1_GM12892
14,37,8955,12372,0.999997528,0.231095495,TAF1_HeLa-S3
9,37,6913,12372,0.999977753,0.252876732,TAF1_PFSK1
11,37,9891,12372,1,0.105154227,TAF1_WA01
9,37,8796,12372,0.999999999,0.129814592,TAF1_A-549
17,37,10314,12372,0.999999966,0.168268879,TAF1_Hep-G2
14,37,9376,12372,0.999999818,0.193329223,TAF1_GM12878
7,37,5806,12372,0.999909852,0.263021755,TAF1_MCF-7
19,37,10315,12372,0.999998784,0.209073757,TAF1_SK-N-SH
9,37,7067,12372,0.999988589,0.240346327,FIP1L1_K-562
10,37,8121,12372,0.999999672,0.192909049,FIP1L1_Hep-G2
3,37,1076,12372,0.635692396,0.926102778,TAF15_K-562
13,37,9698,12372,0.999999998,0.148240899,TAF15_Hep-G2
13,37,8999,12372,0.999999637,0.201904211,U2AF1_Hep-G2
6,37,3591,12372,0.976955126,0.47242232,U2AF1_K-562
7,37,5892,12372,0.999935059,0.255769561,CTBP2_WA01
8,37,5669,12372,0.99940479,0.325265955,MXI1_K-562
10,37,8259,12372,0.99999985,0.183486977,MXI1_Hep-G2
16,37,9967,12372,0.999999908,0.182567353,MXI1_IMR-90
6,37,4973,12372,0.999590135,0.287133253,MXI1_WA01
9,37,8083,12372,0.999999935,0.169658025,MXI1_HeLa-S3
9,37,3911,12372,0.872803481,0.694680578,MXI1_GM12878
15,37,9590,12372,0.999999755,0.196568401,MXI1_SK-N-SH
6,37,7020,12372,0.999999937,0.146864775,MXI1_neural
2,37,674,12372,0.606258284,0.99175235,SMARCA2_SK-N-MC
12,37,9748,12372,1,0.128163597,HIVEP1_Hep-G2
14,37,9664,12372,0.999999977,0.1693946,KDM4A_WA01
11,37,10794,12372,1,0.060924972,KDM4A_hiPSC
6,37,1768,12372,0.438058937,1.161362573,CEBPG_K-562
19,37,9097,12372,0.998927669,0.378746315,XRCC5_K-562
13,37,10064,12372,1,0.123103082,BRD4_LNCaP-C4-2
10,37,9834,12372,1,0.094678818,BRD4_NCI-H1963
17,37,10482,12372,0.999999993,0.151924013,BRD4_CLL
13,37,9644,12372,0.999999996,0.152108951,BRD4_MM1-S
11,37,7813,12372,0.999991602,0.245841348,BRD4_SEM
14,37,8663,12372,0.9999881,0.259470206,BRD4_MPNST
10,37,5472,12372,0.990046169,0.466081872,BRD4_HCT-116
12,37,9313,12372,0.999999993,0.156605627,BRD4_RH4
24,37,10685,12372,0.999794854,0.289923454,BRD4_SUM159PT
14,37,9576,12372,0.999999955,0.176555019,BRD4_MV4-11-B
9,37,7703,12372,0.999999469,0.193910914,BRD4_HT29
22,37,10463,12372,0.999951107,0.266092873,BRD4_MDA-MB-231
13,37,9700,12372,0.999999998,0.148098466,BRD4_T-cell
11,37,8597,12372,0.999999876,0.184774438,BRD4_Jurkat
15,37,8229,12372,0.999673458,0.34210323,BRD4_HUVEC-C
10,37,8326,12372,0.999999899,0.179025354,BRD4_DND41
11,37,9691,12372,1,0.116067176,BRD4_HEK293T
12,37,8573,12372,0.999999179,0.211630222,BRD4_KOPT-K1
15,37,8415,12372,0.999848898,0.319432038,BRD4_HCC1806
11,37,9581,12372,1,0.122264006,BRD4_VCaP
10,37,5706,12372,0.994690425,0.431727314,BRD4_OCI-Ly1
7,37,5341,12372,0.999523754,0.306286119,BRD4_OCI-AML3
8,37,1938,12372,0.213679628,1.487167218,BRD4_GM15850
4,37,1455,12372,0.647379646,0.909211023,BRD4_thyroid-cancer
11,37,9323,12372,0.999999999,0.137370641,BRD4_LNCaP-clone-FGC
13,37,10269,12372,1,0.109843932,BRD4_cortical-interneuron
8,37,3923,12372,0.937336339,0.593319727,BRD4_COLO-320
12,37,9525,12372,0.999999999,0.142419319,BRD4_SK-N-BE2-C
13,37,9805,12372,0.999999999,0.140702423,BRD4_MV4-11
12,37,5271,12372,0.92388337,0.645864122,BRD4_SUM149
16,37,10120,12372,0.999999973,0.168265013,BRD4_HeLa
17,37,9656,12372,0.999995644,0.237778675,BRD4_CD4
12,37,3693,12372,0.425755787,1.12845482,BRD4_SUM149PT
11,37,7567,12372,0.999974149,0.267617183,BRD4_HCT-15
10,37,7739,12372,0.999997553,0.220746135,BRD4_keratinocyte
10,37,8069,12372,0.999999563,0.196543155,BRD4_Hep-G2
14,37,10859,12372,1,0.083675596,BRD4_retina
17,37,9447,12372,0.999984998,0.261899949,BRD4_SUM229PE
15,37,9886,12372,0.999999973,0.170229163,BRD4_MCF-7
13,37,6925,12372,0.996737696,0.425006215,BRD4_LPS141
6,37,2797,12372,0.873116789,0.661880772,BRD4_KK-1
14,37,9961,12372,0.999999998,0.146163322,BRD4_THP-1
14,37,10097,12372,0.999999999,0.135953209,BRD4_Kelly
10,37,7899,12372,0.999998916,0.20875839,BRD4_Mutu-1
14,37,8724,12372,0.999991308,0.253356743,BRD4_PC-3
11,37,9040,12372,0.999999993,0.154910547,BRD4_T-47D
13,37,5426,12372,0.892856617,0.692689853,BRD4_CHL-1
10,37,6824,12372,0.999865768,0.300118165,BRD4_COLO-205
17,37,9148,12372,0.999927637,0.298286947,BRD4_SW480
20,37,9950,12372,0.999936089,0.284974459,BRD4_IMR-90
12,37,7250,12372,0.999643058,0.338045072,BRD4_SUM1315
14,37,10047,12372,0.999999999,0.139688839,BRD4_22Rv1
13,37,9086,12372,0.99999979,0.194774586,BRD4_MOLM-14
8,37,4608,12372,0.986723508,0.463894236,BRD4_SUM185
14,37,8971,12372,0.999997744,0.229595774,BRD4_HCC1937
15,37,10019,12372,0.999999991,0.158901222,BRD4_hESC
8,37,4081,12372,0.954833708,0.559604263,BRD4_MDA-MB-436
8,37,6860,12372,0.999994287,0.22075748,BRD4_BE2C
18,37,10051,12372,0.999998411,0.217404166,BRD4_K-562
4,37,1223,12372,0.504333951,1.105291433,IRF1_U-937
11,37,8797,12372,0.999999965,0.170944956,IRF1_K-562
7,37,6298,12372,0.999987391,0.224211224,IRF1_PDAC
2,37,759,12372,0.671985807,0.873982066,GTF2A2_K-562
10,37,4564,12372,0.924451414,0.632839777,SS18_Aska-SS
16,37,8132,12372,0.998521401,0.396096472,SS18_BIN-67
12,37,10205,12372,1,0.100919379,ZBTB7A_VCaP
10,37,8337,12372,0.999999905,0.178299717,ZBTB7A_Ishikawa
6,37,5277,12372,0.99985981,0.259412185,ZBTB7A_HEK293
4,37,5090,12372,0.99999108,0.172780195,DR1_Hep-G2
1,37,293,12372,0.588564878,1.145628361,HDAC6_K-562
8,37,5226,12372,0.997576166,0.376288066,HDAC6_GM12878
13,37,7713,12372,0.999787273,0.326085542,KLF10_HEK293
7,37,5008,12372,0.998591112,0.342213902,MAZ_A-549
7,37,8815,12372,1,0.093454437,MAZ_Hep-G2
17,37,10709,12372,0.999999999,0.130656686,MAZ_IMR-90
15,37,10590,12372,1,0.113511561,MAZ_HEK293
6,37,4704,12372,0.999000731,0.314654673,MAZ_GM12878
9,37,8911,12372,1,0.123986585,MAZ_HeLa-S3
9,37,7852,12372,0.999999761,0.184121092,MAZ_MCF-7
17,37,10222,12372,0.999999926,0.177447316,MAZ_K-562
10,37,8057,12372,0.999999533,0.197388469,KLF16_HEK293
6,37,3536,12372,0.973686794,0.482798145,ZNF121_HEK293
9,37,6492,12372,0.999879074,0.290162742,ZNF207_GM12878
9,37,6930,12372,0.999979306,0.251466125,CHD8_T-47D
10,37,8147,12372,0.999999716,0.191109424,HNRNPK_Hep-G2
8,37,4861,12372,0.993144742,0.425331533,HNRNPK_K-562
12,37,8907,12372,0.999999889,0.185661229,SP140L_Hep-G2
5,37,3358,12372,0.985577657,0.418608353,HIF1A_K-562
11,37,8311,12372,0.999999347,0.205712667,HMGN3_K-562
8,37,6956,12372,0.999996311,0.213900233,ZNF580_HEK293
6,37,3146,12372,0.936606347,0.566827958,RBM14_K-562
1,37,63,12372,0.172351485,5.497410027,RBM15_K-562
11,37,8027,12372,0.999997058,0.227985759,DEK_HeLa-S3
14,37,9757,12372,0.999999989,0.161967887,GTF2F1_K-562
11,37,6973,12372,0.999715881,0.326542555,GTF2F1_HeLa-S3
9,37,6929,12372,0.999979217,0.25154891,GTF2F1_MCF-7
7,37,6527,12372,0.999995335,0.208145738,GTF2F1_Hep-G2
6,37,4241,12372,0.995902306,0.370211989,GTF2F1_WA01
13,37,9485,12372,0.999999987,0.16375429,SMARCB1_HeLa-S3
7,37,6933,12372,0.999999301,0.182276711,SMARCB1_Hep-G2
7,37,3146,12372,0.866219449,0.683608266,SAFB_K-562
14,37,9201,12372,0.999999431,0.208620428,MXD4_Hep-G2
16,37,9339,12372,0.999993806,0.246197297,TARDBP_K-562
10,37,7876,12372,0.999998779,0.210451606,TARDBP_Hep-G2
4,37,4562,12372,0.999928498,0.206849313,TARDBP_MCF-7
13,37,7709,12372,0.999783894,0.32653653,TARDBP_GM12878
12,37,8907,12372,0.999999889,0.185661229,HBP1_Hep-G2
13,37,9191,12372,0.999999894,0.186349871,NFYC_Hep-G2
5,37,997,12372,0.173993779,1.786527356,DRAP1_GM12878
6,37,2761,12372,0.864401422,0.673056714,SRSF4_Hep-G2
2,37,856,12372,0.736244038,0.7682195,SRSF4_K-562
1,37,711,12372,0.888437211,0.454832918,PCBP2_K-562
9,37,7332,12372,0.999996613,0.220017986,ZNF263_K-562
13,37,9296,12372,0.999999948,0.178115732,ZNF263_Hep-G2
5,37,3982,12372,0.99753143,0.328395633,HMGB1_HUVEC-C
8,37,5466,12372,0.998844496,0.347619362,KLF13_K-562
7,37,4655,12372,0.995945115,0.385919793,KLF13_HEK293
7,37,6463,12372,0.999993808,0.212520811,SRSF7_Hep-G2
1,37,86,12372,0.227767248,4.002324384,SRSF7_K-562
14,37,9107,12372,0.999998986,0.217063065,SUPT5H_U2OS
14,37,10495,12372,1,0.107705549,SUPT5H_HEK293
11,37,7916,12372,0.999994888,0.237126544,SUPT5H_MOLT-4
18,37,10583,12372,0.999999981,0.158754905,SUPT5H_HeLa
16,37,10475,12372,0.999999999,0.136696079,SUPT5H_HCT-116
14,37,9899,12372,0.999999997,0.150897687,KDM3A_Hep-G2
3,37,920,12372,0.526154704,1.098629353,ZNF316_K-562
9,37,3926,12372,0.876013938,0.69079222,MZF1_HEK293
12,37,9377,12372,0.999999996,0.152255291,NFAT5_Hep-G2
12,37,7235,12372,0.999622795,0.339743808,HNRNPH1_Hep-G2
15,37,7039,12372,0.984915807,0.515574828,SMARCA5_GM12878
13,37,9135,12372,0.999999847,0.190818917,RARA_TSU-1621MT
8,37,8547,12372,1,0.122657427,HNRNPC_Hep-G2
1,37,284,12372,0.577051374,1.182941153,HNRNPC_K-562
3,37,1680,12372,0.895288816,0.560792497,ZNF623_HEK293
12,37,6343,12372,0.993473202,0.455233372,NFATC3_GM12878
8,37,5473,12372,0.998869987,0.346820898,NFATC3_Hep-G2
5,37,3073,12372,0.970387049,0.471951634,NFATC3_K-562
8,37,2475,12372,0.467380647,1.103460002,SNAPC1_MCF-10A
6,37,4951,12372,0.999558255,0.289271644,MED1_hESC
10,37,9930,12372,1,0.090184184,MED1_HCT-116
9,37,5855,12372,0.998876139,0.356829903,MED1_G296S
7,37,3167,12372,0.871119372,0.677516465,MED1_A-549
2,37,525,12372,0.469647907,1.290544496,MED1_LS180
11,37,8512,12372,0.999999793,0.190849811,MED1_GM12878
7,37,5540,12372,0.999761201,0.28688048,MED1_cardiomyocyte
13,37,8060,12372,0.999950144,0.288668533,MED1_SGBS
7,37,6373,12372,0.999990843,0.218822218,MED1_Jurkat
13,37,7261,12372,0.998888148,0.380196671,MED1_CD4
3,37,3346,12372,0.999101094,0.23734477,MED1_UCSD-AML1
10,37,9928,12372,1,0.090276926,MED1_VCaP
16,37,8856,12372,0.999922915,0.301262415,MED1_SUM159PT
13,37,10153,12372,1,0.117298986,MED1_MCF-7
12,37,10186,12372,1,0.101993862,MED1_MM1-S
10,37,7073,12372,0.999950111,0.276481731,MED1_MOLM-14
7,37,4193,12372,0.985920289,0.454261328,MED1_P493-6
12,37,9568,12372,0.999999999,0.139618685,MED1_Hep-G2
11,37,7792,12372,0.999990726,0.247646484,CCNT2_K-562
8,37,4073,12372,0.954058546,0.561248384,TCF3_K-562
15,37,9566,12372,0.999999711,0.198775544,TCF3_GM12878
13,37,8509,12372,0.999994197,0.244810361,TCF3_RCH-ACV
5,37,2613,12372,0.916003002,0.582793821,TCF3_Hep-G2
10,37,8023,12372,0.999999439,0.199797281,RYBP_WA01
5,37,2018,12372,0.743931341,0.801212355,ZNF513_HEK293
2,37,2379,12372,0.996403318,0.239405481,REPIN1_HEK293
11,37,8650,12372,0.99999991,0.181046987,BCL6_CD4
13,37,8887,12372,0.999999285,0.211288403,BCL6_SU-DHL-4
13,37,7383,12372,0.999270934,0.364937571,BCL6_B-cell
15,37,9304,12372,0.999998424,0.223629145,BCL6_OCI-Ly1
4,37,2162,12372,0.908132875,0.571654348,ZFP91_K-562
5,37,3039,12372,0.967852157,0.479050451,FUS_K-562
6,37,6135,12372,0.999995482,0.196007961,FUS_Hep-G2
11,37,7303,12372,0.999920944,0.292620092,ETS1_CTV-1
6,37,5862,12372,0.99998556,0.21416635,ETS1_DU145
10,37,6444,12372,0.99946452,0.339716129,ETS1_hESC
10,37,4910,12372,0.962384187,0.562005728,ETS1_GM12878
20,37,10528,12372,0.999998751,0.204583556,ETS1_HUVEC-C
13,37,7771,12372,0.999831131,0.319598464,ETS1_THP-6
11,37,7064,12372,0.99979784,0.316871218,ETS1_CD4-pos
11,37,10356,12372,1,0.0814124,ETS1_cardiomyocyte
19,37,9118,12372,0.999014775,0.375436301,ETS1_786-O
6,37,3794,12372,0.986130928,0.43673435,ETS1_PANC-1
13,37,9110,12372,0.99999982,0.192831791,ETS1_K-562
9,37,5624,12372,0.997694416,0.384722814,ETS1_Hep-G2
9,37,7799,12372,0.999999682,0.187560458,ETS1_A-549
4,37,3765,12372,0.998841204,0.27632057,SFPQ_LTAD
10,37,5071,12372,0.973639595,0.532347623,TP53_HCT-116
1,37,795,12372,0.914657018,0.403777601,TP53_K-562
4,37,1748,12372,0.787333452,0.736116384,TP53_U2OS
7,37,5415,12372,0.999630188,0.298903123,TP53_MCF-7
5,37,2444,12372,0.881443878,0.633994839,TP53_GM06170
10,37,4944,12372,0.965047208,0.555581283,TP53_lymphocyte
13,37,6997,12372,0.997383084,0.415041216,TP53_SW480
6,37,5709,12372,0.999973099,0.225103369,TP53_hESC
2,37,342,12372,0.272717436,2.015805983,TP53_UO-31
6,37,3488,12372,0.970508911,0.492121262,TP53_SaOS-2
2,37,437,12372,0.377705129,1.563124892,TP53_SJSA-1
4,37,1672,12372,0.755695494,0.775176526,TP53_GM00011
5,37,2633,12372,0.919472618,0.577170419,TP53_H9
8,37,7877,12372,0.999999969,0.156587222,TRIM25_BT-549
1,37,85,12372,0.22543479,4.050051206,SAFB2_K-562
12,37,6408,12372,0.994553824,0.445729523,SMAD5_GM12878
11,37,6038,12372,0.994257369,0.442855554,JARID2_MRC-5
6,37,3664,12372,0.980737745,0.459132643,TRIM28_HEK293
10,37,7389,12372,0.999987192,0.248782147,TRIM28_AF22
9,37,4442,12372,0.953472669,0.572983082,TRIM28_K-562
6,37,3233,12372,0.947407194,0.546275897,TRIM28_U2OS
10,37,5213,12372,0.981054595,0.507713266,TRIM28_HCT-116
10,37,9286,12372,1,0.122191775,CDK7_Jurkat
2,37,868,12372,0.743431454,0.756781764,CDK7_MM1-S
2,37,1515,12372,0.951166145,0.40874505,THAP11_HEK293
8,37,6020,12372,0.999826052,0.290178896,SMAD3_BG03
20,37,11023,12372,0.99999999,0.142464077,SMAD3_H69
13,37,6557,12372,0.990725377,0.479370718,SMAD3_breast-cancer
13,37,5621,12372,0.92421606,0.649772355,SMAD3_NCI-H441
16,37,9649,12372,0.999999095,0.213744948,SMAD3_PC-3
16,37,9461,12372,0.999997,0.233193886,SMAD3_Hep-G2
5,37,2336,12372,0.853902646,0.670604112,SMAD3_hESC
2,37,2657,12372,0.998567008,0.208354696,ZNF146_HEK293
12,37,9351,12372,0.999999995,0.154015424,HEXIM1_HCT-116
4,37,2304,12372,0.933170553,0.528881679,HEXIM1_A-375
10,37,6154,12372,0.998600948,0.373209314,ZNF639_HEK293
12,37,7550,12372,0.999888213,0.305489962,ZNF639_K-562
13,37,9863,12372,0.999999999,0.136684583,TFDP2_Hep-G2
11,37,7357,12372,0.999936653,0.287360578,JMJD1C_NB4
13,37,8508,12372,0.999994167,0.24490266,JMJD1C_HL-60
13,37,8271,12372,0.999981088,0.267463336,JMJD1C_Kasumi-1
11,37,7311,12372,0.999923479,0.291835803,VEZF1_K-562
11,37,4693,12372,0.886326885,0.691563481,SMC1A_A-549
7,37,4080,12372,0.981352287,0.473336731,SMC1A_Hep-G2
5,37,2585,12372,0.91093695,0.590813101,ATF4_K-562
15,37,7009,12372,0.983728629,0.520710446,ATF7_GM12878
15,37,9265,12372,0.999998003,0.227442568,EGR1_K-562
15,37,9191,12372,0.999996905,0.234769463,EGR1_fibroblast
4,37,3555,12372,0.997743787,0.29983491,EGR1_A-375
8,37,6189,12372,0.999907509,0.274707394,EGR1_T-HESCs
15,37,7734,12372,0.998012437,0.407758897,EGR1_GM12878
24,37,10692,12372,0.999803838,0.288521307,NR3C1_BEAS-2B
2,37,3849,12372,0.999982176,0.126089051,NR3C1_K-562
12,37,8638,12372,0.999999434,0.206418772,NR3C1_Ishikawa
5,37,1808,12372,0.646030814,0.912700183,NR3C1_macrophage
9,37,3671,12372,0.812771372,0.761300643,NR3C1_HeLa-B2
19,37,10540,12372,0.999999809,0.182033054,NR3C1_A-549
2,37,853,12372,0.734421708,0.771129316,NR3C1_HCC70
9,37,5240,12372,0.99309955,0.436549501,NR3C1_breast
10,37,6323,12372,0.999192823,0.353321678,NR3C1_GM12878
4,37,5420,12372,0.999997811,0.154867172,PHF20_K-562
3,37,1587,12372,0.870516451,0.598895952,CTBP2_LNCaP
7,37,5128,12372,0.999037367,0.328728372,MEIS2_K-562
11,37,7601,12372,0.99997776,0.264523419,STAG1_OCI-AML-3
9,37,3804,12372,0.848087294,0.72331211,STAG1_HeLa-Kyoto
3,37,1117,12372,0.661574092,0.888768836,STAG1_K-562
9,37,3813,12372,0.850291024,0.720841624,STAG1_HeLa
15,37,8421,12372,0.999852743,0.318717408,STAG1_MCF-7
11,37,6529,12372,0.99868237,0.377604021,STAG1_Hep-G2
10,37,7953,12372,0.999999184,0.204821566,STAG1_erythroid
14,37,9036,12372,0.999998452,0.22355827,LDB1_Kasumi-1
8,37,5682,12372,0.999430216,0.323888975,ZNF629_Hep-G2
13,37,8729,12372,0.999998224,0.224936915,ZNF629_HEK293
13,37,9977,12372,1,0.128923747,INTS11_HeLa
10,37,9241,12372,1,0.124590384,INTS11_HL-60
11,37,8514,12372,0.999999796,0.190705462,MAX_NCI-H128
9,37,4396,12372,0.948817671,0.582360869,MAX_NB4
20,37,10271,12372,0.999991453,0.239211604,MAX_A-549
17,37,10289,12372,0.999999958,0.170746768,MAX_MCF-7
9,37,3886,12372,0.867315573,0.701228264,MAX_WA01
14,37,7086,12372,0.994573652,0.453018011,MAX_endothelial
12,37,9312,12372,0.999999993,0.156674076,MAX_NCI-H2171
13,37,7127,12372,0.998266675,0.397559736,MAX_HCT-116
18,37,10700,12372,0.999999994,0.146632868,MAX_Hep-G2
15,37,10329,12372,0.999999999,0.133646541,MAX_Ishikawa
10,37,6969,12372,0.999923935,0.286148273,MAX_MDA-MB-231
17,37,9888,12372,0.999999055,0.212213443,MAX_K-562
6,37,2636,12372,0.830525145,0.714238552,MAX_GM12878
14,37,8778,12372,0.999993458,0.248053323,MAX_liver
14,37,10301,12372,1,0.121218469,MAX_P493-6
8,37,6819,12372,0.999993135,0.223745148,CREB3L1_K-562
7,37,7005,12372,0.99999951,0.178002868,ARID5B_Jurkat
8,37,4921,12372,0.994180782,0.416768952,NR2C2_K-562
16,37,8805,12372,0.999902241,0.307438995,NR2C2_Hep-G2
10,37,8121,12372,0.999999672,0.192909049,MTA2_RH4
8,37,5240,12372,0.997675738,0.374543267,MTA2_K-562
11,37,6983,12372,0.999726188,0.325467424,MTA2_pre-B-cell
7,37,5176,12372,0.999175979,0.323509501,OSR2_HEK293
4,37,1634,12372,0.738655995,0.796072452,ZNF664_HEK293
11,37,6735,12372,0.999336784,0.35307501,HDAC3_RH4
10,37,5001,12372,0.969156987,0.545007295,EPAS1_501-mel
15,37,8359,12372,0.999808343,0.326151462,DPF2_BIN-67
10,37,8181,12372,0.999999766,0.188773361,DPF2_SCCOHT-1
7,37,4515,12372,0.993989293,0.405150033,DPF2_K-562
15,37,8339,12372,0.999791612,0.328573161,DPF2_GM12878
7,37,2099,12372,0.442045677,1.14241236,TCF12_Hep-G2
14,37,9530,12372,0.999999938,0.18035066,TCF12_Ishikawa
11,37,9004,12372,0.999999991,0.157283066,TCF12_ME-1
15,37,9493,12372,0.999999527,0.205548872,TCF12_A-549
10,37,5984,12372,0.997630493,0.394417086,TCF12_WA01
17,37,10067,12372,0.999999745,0.193294401,TCF12_GM12878
13,37,7819,12372,0.99986098,0.314302738,TCF12_Kasumi-1
5,37,2591,12372,0.912043369,0.58908006,ELF4_HEK293T
6,37,5723,12372,0.999974566,0.224078259,ELF4_K-562
5,37,4219,12372,0.998820546,0.301139633,GATAD1_HeLa
11,37,7421,12372,0.999951508,0.281224964,BRD9_G-401
19,37,10520,12372,0.999999772,0.184389605,BRD9_MDA-MB-231
16,37,6642,12372,0.925054759,0.656490628,BRD9_Mel270
11,37,7782,12372,0.999990279,0.248509504,BACH1_GM12878
15,37,10005,12372,0.99999999,0.160079478,BRD2_K-562
7,37,7108,12372,0.999999709,0.171978793,BRD2_LPS141
9,37,8493,12372,0.999999995,0.145927784,BRD2_foreskin
14,37,10373,12372,1,0.116158072,BRD2_SUM149PT
20,37,10869,12372,0.999999946,0.161184012,BRD2_MDA-MB-231
15,37,9836,12372,0.99999996,0.174566982,BRD2_SK-MEL-147
13,37,10162,12372,1,0.116712422,BRD2_THP-1
11,37,9607,12372,1,0.12078648,BRD2_NCI-H23
17,37,10811,12372,1,0.12138786,BRD2_HCC1806
6,37,6039,12372,0.999993149,0.202205945,BRD2_MV4-11
19,37,10846,12372,0.999999991,0.147060143,BRD2_SUM159PT
6,37,5261,12372,0.999851401,0.260791223,TAF7_K-562
7,37,5645,12372,0.999836266,0.277193543,TAF7_WA01
16,37,7993,12372,0.997621009,0.416272429,TRIM22_GM12878
9,37,7186,12372,0.999993316,0.231032049,ZNF12_Hep-G2
7,37,4587,12372,0.995081982,0.395113348,ZNF12_K-562
7,37,7094,12372,0.999999687,0.172779106,ZNF800_Hep-G2
13,37,10036,12372,1,0.124972449,CBFB_ME-1
13,37,8077,12372,0.999953772,0.286918155,CBFB_SKNO-1
3,37,1322,12372,0.771847263,0.736946575,CBFB_SaOS-2
14,37,9909,12372,0.999999997,0.150130068,CBFB_Hep-G2
12,37,7378,12372,0.999779562,0.323830585,CBFB_GM12878
8,37,5392,12372,0.998540774,0.356187296,WDR5_breast-cancer
3,37,1661,12372,0.890587177,0.568229639,WDR5_MV4-11
8,37,7608,12372,0.99999986,0.171893069,WDR5_SMMC-7721
11,37,1276,12372,0.000914348,3.70159304,FOSL1_MDA-MB-231
10,37,2924,12372,0.373207866,1.197423878,FOSL1_K-562
11,37,9601,12372,1,0.121126737,ELF1_ME-1
10,37,9188,12372,1,0.127445886,ELF1_MCF-7
16,37,8967,12372,0.999954843,0.288049216,ELF1_A-549
15,37,8591,12372,0.999930817,0.298910527,ELF1_K-562
18,37,10141,12372,0.999999173,0.207048173,ELF1_Hep-G2
5,37,5532,12372,0.999990402,0.19248564,ELF1_SK-N-SH
17,37,10377,12372,0.999999981,0.162077558,ELF1_GM12878
6,37,2144,12372,0.638483245,0.923089549,NFKB1_CD4
17,37,8670,12372,0.999396588,0.361722986,NFKB1_L1236
5,37,5187,12372,0.99996152,0.215702116,MAF1_THP-1
11,37,9342,12372,0.999999999,0.136231803,TBX2_Hep-G2
8,37,4897,12372,0.993784568,0.420168759,TBX2_Kelly
7,37,1671,12372,0.225888833,1.496272383,CHD4_SCC-9
2,37,3289,12372,0.99984667,0.157306637,HNRNPUL1_Hep-G2
1,37,300,12372,0.597308435,1.118160161,PRDM4_HCT-116
7,37,4116,12372,0.98293209,0.467145731,PRDM4_HEK293
9,37,6798,12372,0.999964004,0.262604606,SKIL_K-562
4,37,2273,12372,0.928273528,0.537762523,E2F4_MCF-7
13,37,9609,12372,0.999999995,0.15463927,E2F4_Hep-G2
3,37,1216,12372,0.718796367,0.809017056,E2F4_HeLa-S3
13,37,8208,12372,0.999974553,0.273645834,E2F4_MCF-10A
15,37,9636,12372,0.999999823,0.192368817,E2F4_K-562
12,37,10068,12372,1,0.108794208,RBBP5_WA01
5,37,5296,12372,0.999974932,0.208039872,PARP1_MCF-10A
6,37,2730,12372,0.856531216,0.682917249,TBX3_Hep-G2
14,37,8849,12372,0.999995538,0.241169107,AHR_GM01310
7,37,5974,12372,0.999952788,0.249049443,YY1_HEK293
9,37,7981,12372,0.999999884,0.175940952,YY1_RH4
13,37,9222,12372,0.999999914,0.183899305,YY1_SK-N-SH
14,37,9918,12372,0.999999997,0.149440536,YY1_Ishikawa
4,37,5788,12372,0.999999588,0.137302494,YY1_NT2-D1
14,37,10062,12372,0.999999999,0.138563674,YY1_HCT-116
14,37,9336,12372,0.999999762,0.196799996,YY1_A-549
13,37,9149,12372,0.99999986,0.18969652,YY1_GM12892
9,37,7612,12372,0.999999149,0.20007869,YY1_liver
17,37,10635,12372,0.999999999,0.137509271,YY1_Hep-G2
20,37,10235,12372,0.999989077,0.244201125,YY1_K-562
5,37,3832,12372,0.996136254,0.347394259,YY1_HEK293T
15,37,9599,12372,0.99999977,0.195743571,YY1_WA01
7,37,5934,12372,0.999944802,0.25230431,YY1_ALL
15,37,9401,12372,0.99999914,0.214225287,YY1_GM12891
11,37,5248,12372,0.960526244,0.573446481,ARNT_A-549
11,37,2401,12372,0.087953297,1.76036355,ARNT_GM12878
7,37,3716,12372,0.9566807,0.542685346,ARNT_K-562
11,37,4604,12372,0.868190626,0.713160731,ARNT_T-47D
12,37,7798,12372,0.999960742,0.280471675,ARNT_501-mel
7,37,4903,12372,0.998051551,0.35455607,ARNT_HCT-116
16,37,10131,12372,0.999999976,0.167253589,ARNT_MCF-7
14,37,8516,12372,0.999975345,0.274457187,ARNT_SK-MEL-28
2,37,212,12372,0.131947893,3.298702381,ZNF148_HEK293
5,37,2610,12372,0.91547196,0.583644781,GLI4_HEK293
4,37,2891,12372,0.984538454,0.396687319,SNAI2_RD
6,37,4457,12372,0.997837846,0.342854925,NFIC_K-562
8,37,6978,12372,0.999996668,0.212355453,ZNF528_HEK293
1,37,479,12372,0.768493977,0.689054326,KLF4_WIBR3
3,37,1968,12372,0.947890865,0.465673498,KLF4_hiPSC
11,37,6605,12372,0.998972105,0.368376082,KLF4_keratinocyte
3,37,2447,12372,0.985551882,0.35711001,KLF4_MCF-7
1,37,340,12372,0.643909172,0.982957755,KLF4_WA09
10,37,7001,12372,0.999933106,0.28314332,KLF4_HAP1
9,37,3450,12372,0.742509664,0.830818909,KLF4_BJ
1,37,549,12372,0.813979836,0.597489413,KLF4_foreskin
9,37,7356,12372,0.999996979,0.21824935,ZNF574_HEK293
12,37,8565,12372,0.999999141,0.212277105,ZNF76_HEK293
9,37,8114,12372,0.999999946,0.167779851,CBX1_K-562
14,37,9068,12372,0.999998719,0.220618098,CBX1_Hep-G2
6,37,3987,12372,0.991666281,0.406179409,ERF_VCaP
15,37,9768,12372,0.999999932,0.180537725,STAT1_SET-2
9,37,4456,12372,0.954817623,0.570167481,STAT1_NCI-H358
17,37,9811,12372,0.999998399,0.220564219,STAT1_CD14
8,37,3556,12372,0.875049043,0.683193098,STAT1_FaDu
14,37,9297,12372,0.999999692,0.200178411,RB1_K-562
11,37,8966,12372,0.999999989,0.15974333,RB1_GM12878
6,37,5593,12372,0.999957456,0.233794798,RB1_MCF-7
3,37,3413,12372,0.999282627,0.230947322,TCF25_Hep-G2
13,37,9537,12372,0.999999991,0.159902969,MTA3_K-562
3,37,1261,12372,0.742341276,0.776972997,MTA3_MCF-7
10,37,8032,12372,0.999999465,0.199157666,EHMT2_Rh41
7,37,4006,12372,0.977695922,0.486412719,MYC_GEN2-2
14,37,9692,12372,0.999999981,0.167143587,MYC_K-562
9,37,6971,12372,0.999982644,0.248092415,MYC_BL41
6,37,3964,12372,0.99113271,0.409664279,MYC_IMEC
9,37,6894,12372,0.999975887,0.254461537,MYC_NCI-H128
8,37,6403,12372,0.999960012,0.256229713,MYC_Kelly
3,37,2283,12372,0.977217729,0.389143512,MYC_HFF
8,37,6599,12372,0.99998217,0.240412733,MYC_GP5D
5,37,3765,12372,0.995303134,0.356371315,MYC_CUTLL1
5,37,4487,12372,0.999511359,0.273791149,MYC_LoVo
14,37,10106,12372,0.999999999,0.135346372,MYC_P493-6
4,37,1814,12372,0.812227518,0.704856845,MYC_LS174T
8,37,5808,12372,0.999629586,0.31086288,MYC_Raji
10,37,5004,12372,0.969361501,0.544457457,MYC_GM12878
7,37,3568,12372,0.940612193,0.574932882,MYC_OVCAR-3
3,37,1227,12372,0.724693063,0.800951373,MYC_PAVE
7,37,5062,12372,0.9988114,0.336066172,MYC_MDA-MB-231
7,37,6201,12372,0.999981083,0.231374681,MYC_G-401
10,37,9734,12372,1,0.099455991,MYC_LNCaP
5,37,4367,12372,0.999270558,0.28562126,MYC_Hep-G2
11,37,8439,12372,0.999999683,0.196165591,MYC_MDA-MB-453
9,37,8119,12372,0.999999948,0.167478265,MYC_Jurkat
10,37,8945,12372,0.999999998,0.1409752,MYC_BE2C
16,37,9759,12372,0.999999573,0.202730149,MYC_MCF-7
17,37,9793,12372,0.999998195,0.222535309,MYC_U2OS
11,37,5978,12372,0.99322811,0.451558329,MYC_HT-1080
6,37,3642,12372,0.97966033,0.463081576,MYC_HCT-116
10,37,7570,12372,0.999994445,0.233959364,MYC_A-549
7,37,3358,12372,0.909574587,0.625558086,MYC_HeLa
11,37,9113,12372,0.999999996,0.150280136,MYC_MM1-S
17,37,8751,12372,0.9995659,0.350486154,MYC_MCF-10A
12,37,9285,12372,0.999999992,0.158527781,MYC_NCI-H2171
5,37,3317,12372,0.983950829,0.425688607,MYC_BLUE1
14,37,8285,12372,0.999928245,0.299117805,MYC_endothelial
9,37,7960,12372,0.999999869,0.177254511,MYC_SK-N-SH
8,37,7268,12372,0.999999174,0.192861582,MYC_MIA-PaCa-2
15,37,8504,12372,0.999897538,0.308935313,MYC_U-87MG
9,37,3444,12372,0.740402093,0.832831171,MYC_NB4
5,37,3858,12372,0.996421085,0.343994661,MYC_Ramos
4,37,3827,12372,0.999053174,0.269872032,MYC_WA01
13,37,9330,12372,0.999999959,0.175489215,MYC_CD34
13,37,8985,12372,0.999999605,0.203064422,ZNF697_Hep-G2
6,37,4169,12372,0.99496592,0.379961868,NCOR1_K-562
5,37,6176,12372,0.99999945,0.156094083,NCOR1_HEK293T
13,37,8342,12372,0.999986569,0.260544169,CDK8_HCT-116
9,37,2883,12372,0.50493492,1.058120837,CDK8_SW480
3,37,186,12372,0.017859741,5.85703792,CDK8_MM1-S
3,37,1762,12372,0.913637392,0.530538319,CDK8_K-562
14,37,9147,12372,0.999999205,0.21344885,CDK8_leiomyoma
7,37,8128,12372,0.999999999,0.121097672,CDK8_SET-2
11,37,9088,12372,0.999999995,0.151857405,CDK8_MOLM-14
11,37,7614,12372,0.999979012,0.263347824,CDK8_myometrium
7,37,2738,12372,0.741443197,0.820568689,FOXJ3_Hep-G2
9,37,5356,12372,0.994981954,0.420108125,ZEB2_K-562
16,37,10262,12372,0.999999992,0.155375267,CDK9_MM1-S
11,37,6676,12372,0.99918915,0.359945371,CDK9_HCT-116
8,37,3927,12372,0.937839661,0.592432631,CDK9_A-375
10,37,3649,12372,0.688111686,0.885073407,CDK9_MV4-11
11,37,9122,12372,0.999999996,0.149714466,CDK9_HEK293T
3,37,3410,12372,0.999275305,0.231228394,OGT_PC-3
6,37,5720,12372,0.999974258,0.224297503,OGT_LNCaP
5,37,4573,12372,0.999635566,0.265695237,U2AF2_Hep-G2
11,37,5538,12372,0.979350199,0.521166045,RUNX1_Kasumi-1
7,37,5099,12372,0.998943479,0.331929126,RUNX1_VCaP
7,37,4109,12372,0.982634495,0.468341026,RUNX1_K-562
8,37,7192,12372,0.999998798,0.197820074,RUNX1_ALL-SIL
15,37,10601,12372,1,0.112685483,RUNX1_CD34
13,37,9515,12372,0.999999989,0.16152723,RUNX1_NB4
11,37,8999,12372,0.999999991,0.157605584,RUNX1_BCP-ALL
12,37,7777,12372,0.999956965,0.282528235,RUNX1_H9
14,37,10857,12372,1,0.08380307,RUNX1_AML
11,37,6914,12372,0.999647455,0.332949227,RUNX1_697
16,37,8675,12372,0.999824757,0.323484616,RUNX1_epididymis
15,37,10067,12372,0.999999994,0.154882134,RUNX1_SKNO-1
8,37,8692,12372,1,0.116003734,RUNX1_Jurkat
11,37,8332,12372,0.999999419,0.204126168,RUNX1_NALM-6
13,37,9891,12372,1,0.134761821,RUNX1_SKH1
11,37,8655,12372,0.999999913,0.18069771,RUNX1_MV4-11
6,37,1152,12372,0.124860141,1.889482451,RUNX1_MCF-10A
8,37,7358,12372,0.999999476,0.187122301,RUNX1_THP-1
2,37,2312,12372,0.995535886,0.248006565,RUNX1_hiPSC
14,37,10092,12372,0.999999999,0.13632485,RUNX1_ME-1
13,37,7819,12372,0.99986098,0.314302738,SMARCC1_TTC-1240
14,37,10494,12372,1,0.1077739,SMARCC1_BIN-67
14,37,9835,12372,0.999999994,0.155847457,SMARCC1_SCCOHT-1
10,37,6763,12372,0.999830691,0.306174431,SMARCC1_hiPSC
3,37,1781,12372,0.917465861,0.523926414,SMARCC1_SK-N-MC
11,37,6653,12372,0.999123906,0.362656711,SMARCC1_HS-SY-2
9,37,5938,12372,0.999141594,0.347339768,SMARCC1_Hep-G2
7,37,4605,12372,0.995325357,0.392653294,SMARCC1_MCF-7
9,37,4689,12372,0.972858828,0.525781053,SMARCC1_HCT-116
2,37,1705,12372,0.971520584,0.356768405,ZNF143_HEK293T
13,37,9411,12372,0.999999977,0.169308488,ZNF143_GM12878
7,37,3913,12372,0.972222651,0.503548641,ZNF143_HeLa-S3
5,37,3821,12372,0.996009568,0.348846487,ZNF143_WA09
14,37,9521,12372,0.999999933,0.181097581,ZNF143_Hep-G2
4,37,2790,12372,0.979782234,0.415463806,ZNF143_CUTLL1
2,37,1567,12372,0.957779162,0.39326555,ZNF143_HPBALL
12,37,6578,12372,0.99667095,0.421762918,ZNF143_K-562
4,37,3479,12372,0.997148014,0.30904505,ZNF143_FLP76
12,37,10067,12372,1,0.10885311,ZNF143_MCF-7
10,37,6768,12372,0.999833858,0.305673902,ZNF143_WA01
7,37,3785,12372,0.962806922,0.528513159,ZNF143_FLP143HA
6,37,3847,12372,0.987910142,0.42803779,ZNF143_HeLa
5,37,2180,12372,0.805612585,0.729903557,YAP1_MDA-MB-231
2,37,391,12372,0.327306164,1.754721497,YAP1_MCF-10A
4,37,1296,12372,0.551944335,1.036030603,YAP1_hiPSC
5,37,4758,12372,0.999809474,0.249272585,KDM5A_HCT-116
16,37,9653,12372,0.999999119,0.213340005,TFE3_Hep-G2
10,37,7973,12372,0.999999266,0.203377038,STAT5B_CD8
15,37,9685,12372,0.999999875,0.187939287,DRAP1_Hep-G2
7,37,6728,12372,0.999998136,0.194947558,ZNF3_K-562
14,37,7089,12372,0.994620507,0.452567851,ZNF3_Hep-G2
6,37,2269,12372,0.696142169,0.861441767,BCLAF1_K-562
7,37,6207,12372,0.999981547,0.230925073,SIN3B_K-562
9,37,8049,12372,0.999999921,0.171734617,SIN3B_Hep-G2
9,37,5395,12372,0.995502524,0.414739611,ZNF503_Hep-G2
4,37,2997,12372,0.988413926,0.378343984,UBTF_GM12878
15,37,8669,12372,0.999951901,0.290046498,UBTF_K-562
11,37,7030,12372,0.99977018,0.320455342,ZNF35_HEK293
10,37,7441,12372,0.99998988,0.244449733,ZBTB7A_HUDEP-2
19,37,10018,12372,0.999990225,0.246640806,ZBTB7A_K-562
7,37,3146,12372,0.866219449,0.683608266,CTNNB1_LS180
10,37,8154,12372,0.999999727,0.190626874,CTNNB1_hiPSC
18,37,9609,12372,0.999974152,0.271103452,SP1_GM12878
9,37,8042,12372,0.999999918,0.172164333,SP1_HEK293T
13,37,7470,12372,0.999466156,0.35436103,SP1_HEK293
17,37,9792,12372,0.999998182,0.222645027,SP1_A-549
8,37,6510,12372,0.999974146,0.247476561,SP1_K-562
9,37,7861,12372,0.999999773,0.183541661,SP1_WA01
9,37,5614,12372,0.997624,0.385982313,SP1_HCT-116
15,37,10195,12372,0.999999998,0.144370131,SP1_Hep-G2
10,37,7281,12372,0.999979335,0.257978259,SP1_A-375
10,37,6775,12372,0.999838199,0.304974405,SOX9_HT29
6,37,5123,12372,0.999756443,0.273043415,E4F1_GM12878
13,37,7507,12372,0.99953372,0.349937379,E4F1_K-562
12,37,9386,12372,0.999999996,0.151648289,CEBPD_Hep-G2
10,37,5640,12372,0.993631455,0.441127531,CEBPD_K-562
11,37,6403,12372,0.998035742,0.393386427,ESRRA_K-562
3,37,985,12372,0.573826939,1.020098541,ESRRA_GM12878
13,37,4990,12372,0.790709236,0.800819508,ESRRA_SK-BR-3
5,37,1196,12372,0.284581034,1.461944967,ESRRA_A-549
3,37,758,12372,0.397450054,1.353283231,STAT2_GM12878
8,37,8176,12372,0.999999995,0.140757546,MBD2_K-562
11,37,7100,12372,0.999823757,0.313113733,MBD2_MCF-7
13,37,9292,12372,0.999999947,0.178425999,INTS13_HL-60
8,37,7210,12372,0.999998899,0.196636237,VDR_THP-1
4,37,3523,12372,0.99750873,0.303664388,VDR_LNCaP
11,37,8207,12372,0.999998848,0.213689647,VDR_kidney-cortex
5,37,2857,12372,0.950775889,0.519578731,VDR_LCLGM10861
3,37,1029,12372,0.60448357,0.972567943,VDR_LS180
12,37,8609,12372,0.999999331,0.208734144,MLX_Hep-G2
7,37,6112,12372,0.99997277,0.238147708,EBF1_MUTUL
10,37,4658,12372,0.936930269,0.612552449,POU2F2_GM12891
10,37,5532,12372,0.991490947,0.4569951,NR1H2_HT29
8,37,3866,12372,0.929794106,0.606160708,YY1AP1_MCF-7
11,37,7574,12372,0.999974934,0.266977957,YY1AP1_PC-9
9,37,3713,12372,0.824485219,0.749028619,YY1AP1_T-47D
4,37,3177,12372,0.993017398,0.350002086,YY1AP1_HEK293
3,37,2950,12372,0.996764523,0.281096453,DDX21_HeLa
8,37,6438,12372,0.999965284,0.253334427,DDX21_A-375
6,37,2357,12372,0.733214343,0.821955849,E2F6_HeLa-S3
16,37,10226,12372,0.999999989,0.158609195,E2F6_K-562
14,37,7788,12372,0.999459722,0.357151663,E2F6_A-549
13,37,9103,12372,0.999999812,0.19339738,E2F6_WA01
15,37,8886,12372,0.999983526,0.266274089,NFE2L2_K-562
10,37,7658,12372,0.999996357,0.227006219,NFE2L2_HeLa-S3
4,37,4234,12372,0.999763456,0.232293472,NFE2L2_A-375
5,37,1753,12372,0.617215154,0.94634578,NFE2L2_Hep-G2
14,37,3774,12372,0.21189028,1.38816252,NFE2L2_IMR-90
17,37,8709,12372,0.999484335,0.356286534,JUN_HAEC
22,37,10030,12372,0.999420656,0.341067905,JUN_MDA-MB-231
16,37,5368,12372,0.570005194,0.994092449,JUN_786-O
4,37,930,12372,0.30174024,1.493350326,JUN_A-549
12,37,8460,12372,0.999998462,0.220883378,JUN_K-562
14,37,8325,12372,0.999939983,0.294748797,JUN_HUES-8
5,37,2282,12372,0.838368892,0.690211245,JUN_leiomyoma
18,37,10574,12372,0.999999979,0.159697886,JUN_MDA-BoM-1833
6,37,1695,12372,0.39675794,1.219933882,TEAD4_A-549
5,37,1195,12372,0.283985866,1.463304594,TEAD4_MDA-MB-231
9,37,4202,12372,0.924787871,0.624174402,TEAD4_PC-9
3,37,1165,12372,0.690253074,0.848405758,TEAD4_SNU-216
10,37,4292,12372,0.877244847,0.696561132,TEAD4_T-47D
13,37,7581,12372,0.999646078,0.341219823,TEAD4_SK-MEL-147
13,37,6252,12372,0.980004729,0.529281479,TEAD4_BJ
12,37,7326,12372,0.999731256,0.329545222,TEAD4_Ishikawa
8,37,6085,12372,0.999863144,0.284126391,GTF2B_IMR-90
3,37,1311,12372,0.766728324,0.743888855,GTF2B_K-562
13,37,9988,12372,1,0.128184277,GTF2B_HeLa
14,37,8825,12372,0.999994916,0.243483717,MEF2A_Hep-G2
14,37,3422,12372,0.116403931,1.594366305,MEF2A_GM12878
6,37,1149,12372,0.123718702,1.895160938,RELA_GM18951
21,37,10544,12372,0.999994138,0.22603224,RELA_HAEC
12,37,7728,12372,0.999946808,0.287370404,RELA_GM12878
15,37,9061,12372,0.999993526,0.247935847,RELA_CD4
11,37,6952,12372,0.999693066,0.328810412,RELA_GM19099
6,37,877,12372,0.043962539,2.547166735,RELA_GM12892
14,37,3302,12372,0.091567065,1.674760685,RELA_SW480
9,37,4119,12372,0.912072131,0.643269341,RELA_GM15510
6,37,5596,12372,0.999957951,0.233565475,RELA_THP-1
9,37,3047,12372,0.580184922,0.983644941,RELA_AC16
5,37,3525,12372,0.990775994,0.391330941,RELA_HeLa-B2
23,37,11028,12372,0.999997052,0.198588769,RELA_aortic-endothelial-cell
9,37,3147,12372,0.623985429,0.942071665,RELA_GM18526
11,37,5403,12372,0.971846053,0.544803469,RELA_Detroit-562
19,37,9968,12372,0.999986573,0.253184902,RELA_786-O
11,37,7638,12372,0.999981153,0.261188027,RELA_KB
3,37,762,12372,0.400749263,1.345687642,RELA_Huh-7
8,37,4622,12372,0.987184271,0.461649785,RELA_SGBS
14,37,8577,12372,0.999981689,0.268167265,RELA_HUVEC-C
3,37,1788,12372,0.918838499,0.52152593,RELA_U2OS
12,37,6690,12372,0.997629476,0.406639924,RELA_BJAB
6,37,1190,12372,0.139783094,1.822738959,RELA_mammary-epithelial-cell
16,37,7204,12372,0.977467892,0.545605295,RELA_FaDu
9,37,5092,12372,0.989798677,0.458616529,RELA_786-M1A
8,37,2357,12372,0.408798004,1.172680871,RELA_GM12891
7,37,5195,12372,0.999225547,0.32147038,ZNF264_Hep-G2
16,37,8552,12372,0.999703885,0.339123698,CREM_GM12878
8,37,6349,12372,0.999950382,0.260820541,CREM_Hep-G2
18,37,9907,12372,0.999995765,0.234364757,CREM_K-562
6,37,3501,12372,0.971401108,0.489570966,RUVBL1_Hep-G2
15,37,9929,12372,0.999999981,0.166533583,ATRX_metastatic-neuroblastoma
1,37,869,12372,0.932707765,0.366987155,ATRX_erythroid
6,37,1763,12372,0.435234512,1.165219264,ZNF24_GM12878
9,37,6907,12372,0.999977179,0.253376254,ZNF24_HEK293
14,37,6735,12372,0.985952778,0.508472635,ZNF24_K-562
6,37,4488,12372,0.998032749,0.339145052,SOX4_MDA-MB-231
5,37,2292,12372,0.8413377,0.68651043,SOX4_HCC1954
10,37,6532,12372,0.999606231,0.330135472,SOX4_MRC-5
4,37,2496,12372,0.957519734,0.478800573,IRF3_GM12878
16,37,7765,12372,0.995087331,0.450933822,FOSL2_A-549
9,37,5853,12372,0.998868903,0.357061917,FOSL2_Hep-G2
8,37,6416,12372,0.999962052,0.255150624,GMEB2_Hep-G2
9,37,7473,12372,0.999998288,0.209790129,IRF2_K-562
9,37,6293,12372,0.999747222,0.30951968,TFDP1_MM1-S
10,37,4897,12372,0.961322215,0.564485762,TFDP1_K-562
5,37,2230,12372,0.822239542,0.70999178,TFDP1_U266B1
16,37,10444,12372,0.999999999,0.139367266,HIF1A_BEAS-2B
20,37,9455,12372,0.999244634,0.361631873,HIF1A_PC-3
4,37,3099,12372,0.991282146,0.361878897,HIF1A_LNCaP
6,37,3536,12372,0.973686794,0.482798145,HIF1A_501-mel
4,37,4161,12372,0.999694255,0.23850234,MORC2_H9
12,37,6887,12372,0.998734822,0.381235195,MORC2_HeLa
11,37,6621,12372,0.999025173,0.366460396,ZNF609_Hep-G2
13,37,8102,12372,0.999958665,0.284357432,SKI_HL-60
13,37,8348,12372,0.999986957,0.25999332,SKI_Hep-G2
6,37,2122,12372,0.627766496,0.934706675,HMBOX1_K-562
11,37,6291,12372,0.997234181,0.407934458,FOXO3_Hep-G2
1,37,205,12372,0.46158346,1.651726464,FOXO3_K-562
1,37,549,12372,0.813979836,0.597489413,IRF2_CD34
12,37,6704,12372,0.997729976,0.404785142,EP300_A-549
12,37,6589,12372,0.996778391,0.420254815,EP300_pulmonary-artery
7,37,5970,12372,0.999952041,0.249372964,EP300_WA01
4,37,2126,12372,0.900649556,0.583407818,EP300_GM12878
8,37,5833,12372,0.999660475,0.308345374,EP300_neural
6,37,5471,12372,0.99993193,0.243333927,EP300_T-47D
12,37,6712,12372,0.997785675,0.403728747,EP300_MCF-7
11,37,7530,12372,0.999969602,0.271015726,EP300_Hep-G2
11,37,5304,12372,0.964986582,0.562904394,EP300_fibroblast
12,37,6656,12372,0.997368629,0.411176937,EP300_AML
8,37,3988,12372,0.945112504,0.579125348,EP300_Kasumi-1
10,37,6862,12372,0.999884075,0.296399919,EP300_Ishikawa
10,37,6530,12372,0.999603437,0.330350342,EP300_K-562
15,37,8656,12372,0.999948858,0.291510011,EP300_HeLa-S3
13,37,8410,12372,0.9999904,0.254063729,EP300_PC-3
10,37,4564,12372,0.924451414,0.632839777,RXRA_GM12878
6,37,3313,12372,0.9559181,0.528386246,RXRA_Hep-G2
10,37,4862,12372,0.958338386,0.571228838,RXRA_JMSU-1
4,37,5624,12372,0.99999912,0.14484609,RBPJ_MUTUL
8,37,5142,12372,0.996892592,0.386956797,RBPJ_GIC
9,37,2386,12372,0.275030601,1.346529049,RBPJ_NHEK
5,37,5077,12372,0.999941244,0.22376854,RBPJ_CUTLL1
9,37,8335,12372,0.999999986,0.154795689,RBPJ_GSC8-11
16,37,8777,12372,0.999888853,0.310869931,RBPJ_SCC
7,37,6073,12372,0.999968131,0.241178326,RBPJ_THP-6
11,37,9317,12372,0.999999999,0.137731243,RBPJ_HCC1599
11,37,6413,12372,0.99809595,0.39211116,RBPJ_MDA-MB-157
14,37,9320,12372,0.999999735,0.198182465,FOXP1_H9
13,37,7324,12372,0.999103936,0.372253388,FOXP1_Hep-G2
8,37,5733,12372,0.999520573,0.318547398,FOXP1_B-cell
7,37,3932,12372,0.973427136,0.499981751,MTA1_K-562
11,37,9725,12372,1,0.114180183,MTA1_Hep-G2
7,37,4409,12372,0.991979181,0.42052379,STAT3_MCF10A-Er-Src
16,37,8006,12372,0.997721982,0.414355722,STAT3_SUM159PT
9,37,4872,12372,0.982325762,0.493902008,STAT3_MCF-10A
12,37,8264,12372,0.999995677,0.237529886,STAT3_FaDu
4,37,1741,12372,0.784553943,0.739571121,STAT3_OCI-Ly19
13,37,9473,12372,0.999999986,0.164649068,STAT3_monocyte
15,37,10103,12372,0.999999996,0.151875352,STAT3_MCF-7
6,37,1304,12372,0.189396467,1.645668439,STAT3_HCC1143
5,37,4572,12372,0.999634311,0.265787623,STAT3_A-137
5,37,5071,12372,0.999939888,0.224218602,STAT3_MDA-MB-453
7,37,3351,12372,0.908349149,0.627355293,STAT3_A139
18,37,7086,12372,0.889912009,0.705999447,STAT3_MDA-MB-231
9,37,6400,12372,0.999829137,0.298961552,STAT3_BT-474
9,37,4535,12372,0.961814627,0.554605919,STAT3_HCC1937
2,37,1613,12372,0.962927445,0.380405109,STAT3_SU-DHL-4
9,37,9112,12372,1,0.114154667,STAT3_WA01
17,37,9996,12372,0.999999564,0.200717584,STAT3_T-47D
4,37,1965,12372,0.8606784,0.641252782,STAT3_OCI-Ly7
9,37,5499,12372,0.996661868,0.400796794,STAT3_MDA-MB-468
8,37,4910,12372,0.994002093,0.418323064,STAT3_MDA-MB-157
7,37,5164,12372,0.999143175,0.324805109,STAT3_B-cell
9,37,6709,12372,0.999948275,0.270362357,MBD1_Hep-G2
4,37,1261,12372,0.529373208,1.068266243,STAT5A_K-562
6,37,440,12372,0.001781353,5.305447701,STAT5A_GM12878
12,37,8088,12372,0.999989653,0.253166261,TBL1XR1_Hep-G2
9,37,5498,12372,0.996652145,0.400928342,TBL1XR1_K-562
12,37,6400,12372,0.994429954,0.44688879,REST_GM12878
4,37,3009,12372,0.988791362,0.37634891,REST_HL-60
1,37,68,12372,0.184718194,5.085082882,REST_hepatocyte
6,37,1655,12372,0.374159205,1.254222819,REST_MCF-7
12,37,7318,12372,0.999723017,0.330431616,REST_liver
11,37,4197,12372,0.759068312,0.823646981,REST_PFSK1
2,37,1153,12372,0.871708436,0.555266195,REST_Ishikawa
11,37,8924,12372,0.999999985,0.162487198,REST_neural
10,37,8444,12372,0.99999995,0.171340114,REST_hiPSC
4,37,1034,12372,0.374224902,1.33035115,REST_GM23338
16,37,9554,12372,0.99999832,0.223454742,REST_A-549
6,37,5407,12372,0.999913321,0.248510413,REST_CD4
10,37,7308,12372,0.999981639,0.255653712,REST_Hep-G2
10,37,7340,12372,0.999984059,0.252920871,REST_PANC-1
13,37,9140,12372,0.999999852,0.190417666,REST_K-562
9,37,5516,12372,0.996823307,0.398567808,REST_HEK293
12,37,8479,12372,0.999998614,0.219310659,REST_hippocampus
10,37,6687,12372,0.999775142,0.313874566,REST_colorectal-cancer
5,37,3750,12372,0.995095267,0.358425085,REST_HeLa-S3
5,37,3379,12372,0.986351921,0.415029895,REST_WA01
2,37,1045,12372,0.831860965,0.618696193,REST_SK-N-SH
5,37,1081,12372,0.218446502,1.634871484,TEAD1_MSTO
5,37,1775,12372,0.628888779,0.932637505,TEAD1_keratinocyte
10,37,5301,12372,0.98468394,0.493110798,ZFP36_GM12878
12,37,6980,12372,0.999072476,0.369741221,ZFP36_K-562
3,37,1335,12372,0.777784141,0.728889718,ZFP36_Hep-G2
9,37,7383,12372,0.999997346,0.216273395,CHD2_Hep-G2
11,37,9722,12372,1,0.114346151,CHD2_SK-N-SH
9,37,7569,12372,0.99999894,0.203044797,CHD2_K-562
17,37,9919,12372,0.99999924,0.208888083,CHD2_HeLa-S3
4,37,4701,12372,0.999957868,0.197138084,CHD2_GM12878
6,37,3426,12372,0.965911269,0.504545177,CHD2_A-549
10,37,6952,12372,0.9999186,0.287755923,CHD2_WA01
4,37,2987,12372,0.988090541,0.380018805,SETDB1_U2OS
7,37,5130,12372,0.999043549,0.328508966,SETDB1_K-562
4,37,2970,12372,0.987521765,0.382891914,SETDB1_HEK293
2,37,1294,12372,0.911024156,0.488433863,SETDB1_WN8532
7,37,2831,12372,0.774998305,0.785865804,NR2F6_Hep-G2
20,37,10483,12372,0.999998209,0.210521351,CREB1_A-549
16,37,10192,12372,0.999999986,0.161684447,CREB1_WA01
16,37,8241,12372,0.999000703,0.380751898,CREB1_GM12878
14,37,7978,12372,0.999739616,0.334110659,CREB1_MCF-7
13,37,8254,12372,0.999979498,0.269137426,CREB1_K-562
7,37,4745,12372,0.996875564,0.374159088,CREB1_Ishikawa
10,37,8903,12372,0.999999998,0.143388973,CREB1_LNCaP
18,37,9485,12372,0.999949153,0.287045489,CREB1_Hep-G2
12,37,8306,12372,0.999996516,0.233896549,CREB1_GM23338
11,37,9949,12372,1,0.102071538,CREB1_LNCaP-abl
11,37,7880,12372,0.999993908,0.240146544,KDM5B_SUM159
11,37,6460,12372,0.998357229,0.386170381,KDM5B_MCF-7
14,37,10118,12372,1,0.13445804,KDM5B_T-47D
12,37,10197,12372,1,0.101375685,KDM5B_SUM185
12,37,9408,12372,0.999999997,0.150169401,KDM5B_Hep-G2
15,37,8774,12372,0.999971032,0.278410258,JUND_A-549
13,37,9002,12372,0.999999644,0.201656065,JUND_Hep-G2
14,37,4743,12372,0.586557401,0.979010983,JUND_Kasumi-1
7,37,1365,12372,0.106682,1.885873474,JUND_GM12878
14,37,8251,12372,0.999916648,0.302864819,JUND_WA01
6,37,1026,12372,0.08175548,2.14687755,JUND_HT29
17,37,9257,12372,0.999958213,0.284750349,JUND_K-562
10,37,6170,12372,0.998670427,0.371279407,FOXK2_K-562
12,37,8732,12372,0.999999674,0.199019637,L3MBTL2_K-562
10,37,6426,12372,0.999430302,0.341708183,L3MBTL2_HEK293T
1,37,1388,12372,0.987840878,0.219273348,PBX2_Hep-G2
6,37,2056,12372,0.594682956,0.971044924,PREB_Hep-G2
2,37,1409,12372,0.934633741,0.443842688,CBX5_K-562
8,37,5112,12372,0.99660883,0.390852202,ZBTB11_K-562
5,37,7466,12372,1,0.102096738,ZBTB11_HEK293
15,37,8989,12372,0.999990416,0.255393694,CDK6_KB
3,37,1696,12372,0.899112333,0.554659113,BMI1_K-562
13,37,5944,12372,0.96005597,0.584891967,ATF3_A-549
16,37,10127,12372,0.999999975,0.167621125,ATF3_Hep-G2
12,37,5548,12372,0.955810135,0.589534096,ATF3_K-562
15,37,7985,12372,0.999170501,0.373447915,ATF3_HCT-116
10,37,7780,12372,0.999998007,0.217627215,ATF1_HCT-116
14,37,7687,12372,0.999219024,0.36986418,ATF1_K-562
13,37,7924,12372,0.999910158,0.302942341,BHLHE40_K-562
18,37,8607,12372,0.997700187,0.41321466,BHLHE40_IMR-90
18,37,9996,12372,0.999997668,0.223824474,BHLHE40_GM12878
13,37,6957,12372,0.997040173,0.420551815,NR2F2_K-562
11,37,6620,12372,0.999021931,0.366579854,NR2F2_MCF-7
9,37,5610,12372,0.997595291,0.386487374,NR2F2_liver
6,37,1998,12372,0.564549173,1.004955011,NR2F2_Hep-G2
4,37,4037,12372,0.999530936,0.249563856,NR4A1_Kasumi-1
5,37,6098,12372,0.999999207,0.160092275,NFYB_K-562
11,37,9400,12372,1,0.132776811,NFYB_Hep-G2
8,37,5677,12372,0.999420558,0.324417835,ZNF384_Hep-G2
6,37,4827,12372,0.999330747,0.301689417,ZNF384_K-562
2,37,2050,12372,0.989831172,0.287043591,MAFF_GM12878
11,37,7071,12372,0.999803139,0.316137595,MAFF_HeLa-S3
14,37,7220,12372,0.996350709,0.433276399,PBX3_GM12878
8,37,4704,12372,0.98960994,0.448772484,PBX3_A-549
10,37,6020,12372,0.997876068,0.389838692,RFX5_HeLa-S3
4,37,1091,12372,0.414088535,1.254245841,RFX5_K-562
7,37,3799,12372,0.963954993,0.52570058,HSF1_GM12878
14,37,8372,12372,0.999951508,0.289654538,HSF1_NCI-H838
13,37,8311,12372,0.999984388,0.263555345,HSF1_MO91
1,37,638,12372,0.859409922,0.51012727,HSF1_BPLER
3,37,781,12372,0.416362432,1.310679906,HSF1_SK-BR-3
8,37,5642,12372,0.999348594,0.32814615,ASXL1_HEK293T
8,37,5062,12372,0.996083262,0.397447352,TCF4_GEN2-2
7,37,3927,12372,0.97311465,0.500917054,TCF4_CAL-1
7,37,5072,12372,0.998848525,0.33494209,ZHX1_K-562
10,37,8750,12372,0.999999993,0.152378965,ZHX1_HeLa-S3
8,37,6581,12372,0.999980766,0.241825916,KLF10_Hep-G2
4,37,3526,12372,0.997531702,0.303302419,KLF10_MCF-7
1,37,1216,12372,0.97837359,0.254246077,SREBF1_GM12878
7,37,5011,12372,0.998604275,0.34186888,SREBF1_K-562
11,37,6622,12372,0.999028406,0.366340973,KDM1A_NB4
7,37,4672,12372,0.996138159,0.383663286,KDM1A_pancreatic-progenitor
6,37,5396,12372,0.999909675,0.249412503,KDM1A_NCI-H526
10,37,7699,12372,0.999997018,0.223821047,KDM1A_SH-SY5Y
14,37,8594,12372,0.999983166,0.266432769,KDM1A_K-562
8,37,3090,12372,0.739896381,0.828228382,KDM1A_SKNO-1
1,37,476,12372,0.766320134,0.69358156,ZNF410_K-562
8,37,2763,12372,0.605283897,0.959244418,NCOA3_MCF-7
6,37,3236,12372,0.9477499,0.545589021,ZXDC_MCF-7
2,37,1860,12372,0.981928608,0.322239499,CEBPZ_GM12878
1,37,950,12372,0.94821135,0.333293737,CEBPZ_K-562
9,37,8489,12372,0.999999995,0.146148208,XBP1_LNCaP
7,37,4982,12372,0.998472139,0.345221523,SMAD4_HGrC1
6,37,3487,12372,0.970439284,0.492318227,SMAD4_Hep-G2
13,37,8670,12372,0.999997537,0.23016326,SMAD4_Caco-2
2,37,1126,12372,0.862618985,0.569981585,SMAD4_hESC
8,37,7301,12372,0.9999993,0.190740732,CUX1_Hep-G2
8,37,3557,12372,0.875267056,0.682922985,CREBBP_monocyte
13,37,8776,12372,0.999998638,0.220825486,CREBBP_retina
7,37,3548,12372,0.938100625,0.579495122,CREBBP_fibroblast
12,37,7467,12372,0.999844155,0.314234733,CREBBP_keratinocyte
12,37,6756,12372,0.998070694,0.397963371,HDAC2_MCF-7
13,37,9603,12372,0.999999995,0.155074893,HDAC2_Hep-G2
5,37,3931,12372,0.99712042,0.334691094,ELK1_K-562
2,37,1017,12372,0.819915596,0.637343202,ELK1_IMR-90
8,37,6659,12372,0.999986186,0.235757463,ASH2L_VCaP
10,37,4848,12372,0.957092586,0.573953389,SRF_GM12878
4,37,4397,12372,0.999868299,0.219174284,SRF_MCF-7
11,37,6760,12372,0.999391583,0.350200072,SRF_Ishikawa
4,37,4279,12372,0.999798415,0.228571687,SRF_Hep-G2
9,37,6781,12372,0.999961398,0.264070669,SRF_K-562
9,37,4684,12372,0.972548633,0.526687096,UBN1_HeLa
14,37,8734,12372,0.99999175,0.252373708,USF1_SK-N-SH
12,37,5310,12372,0.929236362,0.637576915,USF1_K-562
8,37,6678,12372,0.999987268,0.234300786,USF1_Ishikawa
10,37,5110,12372,0.97588784,0.525445162,USF1_WA01
8,37,4487,12372,0.982092749,0.483877423,USF1_Hep-G2
9,37,6024,12372,0.999354868,0.337725063,USF1_A-549
1,37,1667,12372,0.995314221,0.17790109,FOS_MG-63-3
9,37,2334,12372,0.252996197,1.383829669,FOS_MCF-10A
5,37,1993,12372,0.733330707,0.81325194,FOS_CD4
7,37,3581,12372,0.94219877,0.571994868,FOS_leiomyoma
14,37,5493,12372,0.833861071,0.761692278,FOS_IMR-90
10,37,6972,12372,0.999924842,0.285865385,FOS_Hep-G2
10,37,7753,12372,0.999997718,0.219677424,MAX_MDA-MB-468
4,37,1797,12372,0.806040044,0.712688508,USF2_SK-N-SH
5,37,3670,12372,0.993836575,0.36966229,USF2_Hep-G2
15,37,7604,12372,0.996971539,0.426421522,USF2_IMR-90
5,37,2392,12372,0.868752705,0.65120793,USF2_WA01
10,37,4462,12372,0.908784539,0.655822853,USF2_GM12878
7,37,3817,12372,0.965386322,0.522114778,USF2_HeLa-S3
5,37,3609,12372,0.992684827,0.378565705,NR2C1_K-562
7,37,6869,12372,0.999999046,0.186151093,KAT2A_AML
7,37,5523,12372,0.999746374,0.288483538,TWIST1_BE2C
7,37,5675,12372,0.999853252,0.274491785,TWIST1_SK-N-BE2-C
6,37,3783,12372,0.985733535,0.438569879,TWIST1_SHEP-21N
11,37,7527,12372,0.999969202,0.27129275,BMPR1A_HUVEC-C
8,37,5374,12372,0.998456582,0.358307132,PKNOX1_MCF-7
10,37,3995,12372,0.803992724,0.776100976,MGA_K-562
21,37,9419,12372,0.997337581,0.410208074,MGA_A-549
7,37,6504,12372,0.999994832,0.209708099,CXXC5_prostate-cancer
9,37,4545,12372,0.9626317,0.552674751,BACH1_WA01
7,37,4033,12372,0.979096914,0.481586055,NR4A1_K-562
3,37,1564,12372,0.863676538,0.609019637,DEAF1_K-562
2,37,1049,12372,0.833510092,0.616113711,ZKSCAN5_HEK293T
15,37,3126,12372,0.029600967,2.021514179,DAXX_PC-3
3,37,1241,12372,0.732065445,0.790954083,GTF3C2_K-562
1,37,1025,12372,0.959429896,0.306848763,GATAD2A_K-562
3,37,1209,12372,0.71499608,0.814226293,CREB3_K-562
12,37,5030,12372,0.883602562,0.699932209,HDGF_K-562
3,37,2583,12372,0.990217435,0.333634325,ZNF121_Hep-G2
5,37,4425,12372,0.999398232,0.279823168,CHD4_SCMC
5,37,1300,12372,0.347733903,1.332007869,CHD4_A-549
9,37,7191,12372,0.999993467,0.23064745,SAP30_WA01
5,37,4971,12372,0.999912415,0.231879742,GTF3C2_H9
7,37,6023,12372,0.999961091,0.245121243,ID3_K-562
1,37,1680,12372,0.995520565,0.176308604,CUX1_MCF-7
9,37,4978,12372,0.986374156,0.476510678,NRIP1_MCF-7
14,37,6821,12372,0.98874566,0.494359375,AHR_MCF-7
4,37,2903,12372,0.985029948,0.394543392,TRPS1_MCF-7
9,37,5249,12372,0.993265416,0.435247813,MTA1_MCF-7
4,37,1430,12372,0.633218486,0.92727921,EHMT2_K-562
2,37,840,12372,0.726406084,0.783979182,ZNF317_HEK293
13,37,7409,12372,0.999335142,0.3617507,ZGPAT_Hep-G2
6,37,2565,12372,0.808668763,0.739421992,ESRRA_BT-474
6,37,1601,12372,0.343849697,1.303233557,ESRRA_MCF-7
14,37,7008,12372,0.993223652,0.464857736,KLF6_PDAC
12,37,7703,12372,0.999940809,0.289864666,EGR1_Hep-G2
6,37,1551,12372,0.316137958,1.351666833,FOS_MCF-7
14,37,6601,12372,0.980436059,0.531197388,KLF4_PDAC
7,37,2199,12372,0.494354837,1.079708845,SMARCA5_MCF-7
2,37,1722,12372,0.972889097,0.352677531,RELA_K-562
3,37,862,12372,0.481469717,1.178781,SNIP1_MCF-7
5,37,861,12372,0.111434453,2.095148241,NR2F2_uterus
6,37,2368,12372,0.737635387,0.817226996,SMARCA4_501-mel
13,37,8411,12372,0.999990448,0.253969084,ATF7_K-562
14,37,7556,12372,0.998764527,0.386859802,BHLHE40_Hep-G2
5,37,1546,12372,0.49908823,1.094485026,SMARCC1_TTC-549
3,37,423,12372,0.131709738,2.502744049,TEAD4_Hep-G2
3,37,1516,12372,0.848422819,0.631138749,TEAD4_HEK293
8,37,2800,12372,0.621938349,0.942920895,SMARCA4_endometrial-epithelial-cells
7,37,1295,12372,0.085939005,2.001157003,FOSL2_MCF-7
3,37,1085,12372,0.641482099,0.917665347,FOSL2_hESC
7,37,3146,12372,0.866219449,0.683608266,FOSL2_NPC
1,37,1423,12372,0.989197275,0.213192737,TEAD1_pancreas
14,37,8773,12372,0.999993282,0.248542344,ELF1_SK-N-MC
8,37,2565,12372,0.511656173,1.054902381,BRD4_OVCAR-3
3,37,1969,12372,0.948022219,0.465391774,EGR1_macrophage
7,37,2442,12372,0.61533542,0.948650066,JUND_HeLa-S3
10,37,5885,12372,0.996817475,0.407297961,RBFOX2_K-562
1,37,1028,12372,0.959825508,0.305871301,NR2C2_HeLa-S3
9,37,6075,12372,0.999457094,0.332185121,NBN_K-562
3,37,853,12372,0.474376041,1.192195093,HSF1_HCT-116
13,37,8339,12372,0.999986371,0.260845635,ASH2L_WA01
12,37,7593,12372,0.999906216,0.301034828,ASH2L_GM12878
7,37,5210,12372,0.999262712,0.319871069,ZNF335_HEK293
12,37,7502,12372,0.999864387,0.31052355,MCRS1_Huh-7
3,37,4343,12372,0.999976161,0.162544023,ELK1_MCF-7
12,37,7386,12372,0.999786242,0.322958563,RELB_GM12878
14,37,8816,12372,0.999994662,0.24435496,ILF3_K-562
3,37,1624,12372,0.880911045,0.583212818,CHD4_501-mel
12,37,9329,12372,0.999999994,0.15551244,KDM5B_K-562
13,37,7260,12372,0.998884374,0.380323868,BRD1_HUES-64
20,37,8872,12372,0.993223396,0.462929031,TP53_MDA-MB-231
8,37,6358,12372,0.999952125,0.260060218,MLLT1_GM12878
7,37,7134,12372,0.999999745,0.170500855,ZNF444_MCF-7
10,37,9029,12372,0.999999999,0.136215427,SMAD5_K-562
1,37,1725,12372,0.996168791,0.170981603,SETX_A-549
2,37,664,12372,0.597933367,1.007595993,ATF4_HSPC
13,37,8736,12372,0.999998292,0.224321766,ZEB2_HEK293
13,37,5900,12372,0.956195012,0.593311311,TCF3_Kasumi-1
4,37,1669,12372,0.754380061,0.776791527,NOTCH3_TALL-1
3,37,4187,12372,0.999956231,0.171895873,EGR1_HCT-116
8,37,5876,12372,0.999708072,0.304065473,EGR1_Ishikawa
5,37,3757,12372,0.995193303,0.357464616,EGR1_WA01
5,37,4772,12372,0.999818779,0.24808167,EGR1_liver
4,37,4179,12372,0.99971291,0.236951227,EGR1_MCF-7
5,37,2396,12372,0.869765839,0.64985726,EGR1_HL-60
5,37,3605,12372,0.992602825,0.379160072,INTS13_monocyte
1,37,396,12372,0.700439309,0.839672671,RYBP_HEK293T
4,37,5958,12372,0.999999817,0.129921574,NKX3-1_islet
6,37,2909,12372,0.897448063,0.628884647,STAT1_GM12878
3,37,2277,12372,0.976842207,0.390403077,CTCF_DU145
2,37,1387,12372,0.930616218,0.451800292,CTCF_omental-fat-pad
3,37,2053,12372,0.958052377,0.442702309,CTCF_U2OS
4,37,2369,12372,0.942508211,0.511016525,CTCF_esophagus-squamous-epithelium
3,37,1659,12372,0.890081899,0.569022424,CTCF_macrophage
2,37,1234,12372,0.89585563,0.515002912,CTCF_UPCI-SCC-090
4,37,2193,12372,0.914189928,0.561843109,CTCF_lymphocyte
2,37,1645,12372,0.966158108,0.371883422,CTCF_VU-SCC-147
4,37,2614,12372,0.968247431,0.451678046,CTCF_HFF
3,37,1497,12372,0.842005414,0.640286865,CTCF_A2780cis
5,37,3236,12372,0.980243533,0.440270762,CTCF_Caco-2
2,37,1329,12372,0.918920936,0.474044759,CTCF_CHRF28811
4,37,1974,12372,0.863214307,0.63776971,CTCF_MDM
3,37,1284,12372,0.75378881,0.761433883,CTCF_A2780
3,37,1895,12372,0.937463368,0.487043728,CTCF_HMS001
3,37,1275,12372,0.749356195,0.767447556,CTCF_GM12801
3,37,1625,12372,0.881181842,0.58279888,CTCF_KMS-11
3,37,988,12372,0.575960001,1.016722254,CTCF_WA09
3,37,1776,12372,0.916473022,0.52565265,CTCF_TALL-1
4,37,2417,12372,0.948653841,0.498441703,CTCF_PANC-1
3,37,2242,12372,0.974536335,0.397885075,CTCF_WI-38
4,37,1973,12372,0.862934401,0.638155146,CTCF_kidney
3,37,2289,12372,0.977587662,0.387890559,CTCF_Jurkat
4,37,1398,12372,0.614612492,0.951350422,CTCF_GM13976
4,37,2338,12372,0.93820677,0.519412693,CTCF_medulloblastoma
11,37,8628,12372,0.999999897,0.182588643,ZNF598_Hep-G2
4,37,1777,12372,0.798562222,0.722094503,TRIM22_MCF-7
4,37,2403,12372,0.946923718,0.50205737,STAT3_Th1
3,37,1085,12372,0.641482099,0.917665347,BMI1_GM12878
3,37,1895,12372,0.937463368,0.487043728,BMI1_MCF-7
7,37,4429,12372,0.992399361,0.417566666,HIC1_HEK293
13,37,4373,12372,0.572319503,0.99077853,RAD21_HUVEC-C
5,37,3184,12372,0.977476458,0.450024281,BAP1_PANC-1
1,37,852,12372,0.928922453,0.374872926,SREBF1_Hep-G2
10,37,7234,12372,0.999974667,0.262066145,PAF1_HCT-116
9,37,4693,12372,0.973104823,0.525057612,FOS_myometrium
6,37,7005,12372,0.999999932,0.147594111,PCGF1_WA01
2,37,432,12372,0.372288237,1.581965896,HNRNPUL1_K-562
2,37,323,12372,0.251502577,2.13848681,SSRP1_HT-1080
7,37,8194,12372,1,0.118240495,YY1_Huh-7
1,37,143,12372,0.34999855,2.384797469,MYC_CC-LP-1
2,37,3487,12372,0.999926984,0.145122525,TOP1_LNCaP
5,37,6109,12372,0.999999247,0.159522238,AFF4_MCF-7
2,37,1719,12372,0.972652147,0.353393564,FOXP1_LNCaP
1,37,253,12372,0.534943935,1.331862763,SIRT6_WA01
9,37,6493,12372,0.999879533,0.290068478,RUVBL2_Huh-7
1,37,265,12372,0.551706321,1.270066919,ICE1_HCT-116
2,37,517,12372,0.461592387,1.311477323,TEAD1_HCT-116
1,37,120,12372,0.30312897,2.85107174,THRAP3_K-562
3,37,1965,12372,0.94749502,0.466520393,MIER1_K-562
2,37,1542,12372,0.954710755,0.400577144,CDK7_SK-MEL-147
1,37,56,12372,0.154731006,6.19938748,MBD4_Hep-G2
8,37,8753,12372,1,0.113270565,BRD1_RKO
12,37,8135,12372,0.999991764,0.248924329,JUN_Karpas-299
4,37,2480,12372,0.955841872,0.482677286,PRPF4_Hep-G2
2,37,103,12372,0.037844067,6.91751417,TSC22D4_GM12878
4,37,2014,12372,0.874035405,0.622666781,NR3C1_T47D-A1-2
5,37,768,12372,0.076650432,2.36960213,MTA3_GM12878
5,37,3344,12372,0.98503969,0.421018988,BRD9_K-562
4,37,1045,12372,0.381931532,1.315018649,BRD9_U-937
3,37,789,12372,0.422904487,1.29644302,BRD4_SUM159
9,37,9113,12372,1,0.114106841,BRD4_COLO-741
8,37,5982,12372,0.999800226,0.29377834,BRD4_MCF-10A
1,37,3255,12372,0.999987813,0.077527468,YY1_AB-LCL
1,37,2520,12372,0.999784159,0.108253463,YY1_HEP10-01008-LCLs
1,37,2864,12372,0.999942195,0.091908925,YY1_BH-LCLs
1,37,3208,12372,0.999985254,0.079070756,YY1_PK-LCLs
8,37,4280,12372,0.970863194,0.520688401,EBF1_NALM-6
5,37,790,12372,0.084247431,2.298783464,EBF1_GM12878
1,37,1015,12372,0.958083623,0.31014874,EBF1_ASC
5,37,2404,12372,0.87177344,0.647169434,EBF1_LCL
3,37,299,12372,0.059403344,3.587866525,AFF4_HCT-116
10,37,5247,12372,0.982536292,0.5020132,HDAC2_VCaP
2,37,349,12372,0.280538629,1.973997774,HMGB2_IMR-90
1,37,965,12372,0.95067299,0.327675561,GATA6_AGS
11,37,7262,12372,0.999906683,0.296666735,GTF2F1_GM12878
3,37,3393,12372,0.99923245,0.232830534,KDM5A_WA01
5,37,6611,12372,0.999999936,0.135528292,KDM5A_T-47D
5,37,4104,12372,0.998304187,0.313971492,KDM5A_A-549
3,37,1544,12372,0.857484613,0.618068479,ZC3H8_HCT-116
2,37,271,12372,0.194077947,2.562828527,ICE2_HCT-116
4,37,3325,12372,0.995465312,0.328999879,JMJD1C_THP-1
4,37,2694,12372,0.974072004,0.434617567,DDX20_K-562
2,37,2700,12372,0.99876136,0.204123283,HDAC2_A-549
3,37,2917,12372,0.996414669,0.285279135,BRD2_HUVEC-C
3,37,3650,12372,0.999683656,0.210203656,BRD2_MM1-S
11,37,3853,12372,0.634269342,0.935245792,SKIL_GM12878
2,37,1596,12372,0.961096799,0.385071415,ETS1_ALL-SIL
6,37,4691,12372,0.998958159,0.316064764,CCAR2_Hep-G2
1,37,141,12372,0.346047832,2.41951397,NCOA4_erythroblast
10,37,7884,12372,0.999998828,0.209861539,NBN_GM12878
3,37,2354,12372,0.981256712,0.374726794,CDK9_BT-474
3,37,1599,12372,0.873968656,0.593729858,CDK9_Kelly
5,37,3073,12372,0.970387049,0.471951634,ZNF24_Hep-G2
2,37,2182,12372,0.993254402,0.266203287,MAX_melanocyte
12,37,4823,12372,0.838104056,0.750697552,NR3C1_SUM159PT
8,37,4349,12372,0.975140514,0.508027998,NR3C1_MCF-7
7,37,6472,12372,0.999994048,0.211900328,MED1_MOLM-13
5,37,1428,12372,0.427007622,1.198153396,MED1_dopaminergic-neuron
9,37,6373,12372,0.999811191,0.301592198,MED1_HUVEC-C
2,37,1554,12372,0.956208462,0.397038183,MED1_LNCaP
1,37,1662,12372,0.995232419,0.178520222,MED1_NCI-H2171
6,37,1451,12372,0.262351461,1.458586985,ATF7_Hep-G2
5,37,1722,12372,0.600445057,0.966256194,EP300_LNCaP-FGC
3,37,3019,12372,0.997394892,0.272646592,WDR5_K-562
8,37,938,12372,0.005661087,3.382458124,NFIC_GM12878
7,37,1810,12372,0.292296538,1.362947231,NFIC_Hep-G2
5,37,4140,12372,0.998484942,0.30987782,PBX1_RCH-ACV
2,37,874,12372,0.746964458,0.751180903,NKX3-1_LNCaP
2,37,1104,12372,0.854797235,0.582504723,TCF4_LS180
1,37,1792,12372,0.996968031,0.163546266,TP53_Calu-1
3,37,2470,12372,0.986463492,0.352958019,FOXK2_Hep-G2
8,37,1245,12372,0.028166168,2.474708269,ATF2_GM12878
1,37,336,12372,0.639496107,0.995025275,MEF2A_K-562
4,37,2271,12372,0.927947251,0.538343822,ATF3_liver
2,37,167,12372,0.088756177,4.213313432,MYC_OSKM
2,37,817,12372,0.711745594,0.807717415,MYC_breast
5,37,3112,12372,0.973075866,0.464068722,MYC_DLD-1
2,37,768,12372,0.678421917,0.863042079,MYC_CA46
4,37,1503,12372,0.673619315,0.876206419,IRF1_monocyte
3,37,929,12372,0.532915423,1.08708715,TAF2_hESC
3,37,3247,12372,0.998751392,0.247281382,CDK8_MV4-11
6,37,3901,12372,0.989509462,0.419420549,HSF1_MCF-7
1,37,559,12372,0.819722178,0.586283891,STAT2_K-562
3,37,145,12372,0.009155914,7.573287945,TCF12_RPMI8402
5,37,1543,12372,0.497285854,1.096925783,VDR_primary-prostate-epithelial-cell
2,37,886,12372,0.753910346,0.740207186,POU2F2_pre-B-cell
8,37,7530,12372,0.999999786,0.176535938,RBBP4_SCMC
5,37,797,12372,0.086747943,2.27719992,RELA_GM10847
6,37,805,12372,0.03070141,2.794243844,RELA_GM18505
4,37,3119,12372,0.991761413,0.358776869,CREB1_KG-1
7,37,3835,12372,0.966768538,0.518562697,BCL6_OCI-Ly7
3,37,1324,12372,0.772768558,0.73569675,LDB1_HEP
9,37,5759,12372,0.998476614,0.368149053,RFX5_Hep-G2
3,37,1103,12372,0.652879027,0.901204358,RBPJ_LCL
4,37,1422,12372,0.628616925,0.933195339,RUNX1_keratinocyte
3,37,646,12372,0.304292405,1.604335585,RUNX1_HL-60
1,37,449,12372,0.745840563,0.737054839,E2F4_GM06990
2,37,751,12372,0.666181532,0.883927145,E2F4_GM12878
1,37,473,12372,0.764126435,0.698166337,E2F4_retina
1,37,103,12372,0.266389085,3.330791337,RB1_fibroblast
1,37,385,12372,0.690072868,0.864520005,TEAD4_MKN28
1,37,396,12372,0.700439309,0.839672671,GATA6_HUG1N
6,37,2894,12372,0.894424644,0.633155263,CREBBP_NCI-H3396
10,37,7507,12372,0.999992534,0.239037459,CREBBP_MCF-7
5,37,5659,12372,0.999994381,0.184652769,SMARCC1_HeLa-S3
3,37,767,12372,0.404867602,1.336311851,JUN_Hep-G2
1,37,885,12372,0.936090797,0.359842305,FOSL1_WA01
6,37,2502,12372,0.787628871,0.762967794,FOSL1_143B
7,37,2415,12372,0.602525961,0.96191116,FOSL1_MNNG-HOS
1,37,38,12372,0.107728457,9.224301395,CTBP1_LNCaP
6,37,5152,12372,0.999780194,0.270414139,STAT3_SU-DHL-2
1,37,631,12372,0.856268303,0.516104207,STAT3_OCI-Ly10
3,37,2788,12372,0.994676131,0.302580626,STAT3_MDA-MB-361
4,37,2002,12372,0.87086517,0.627134162,STAT3_TMD8
3,37,548,12372,0.224357999,1.908701318,TCF3_SEM
4,37,5236,12372,0.99999516,0.164576094,TCF3_NPC
5,37,2204,12372,0.813732207,0.720232891,ATF2_K-562
5,37,3756,12372,0.995179409,0.357601607,HAND2_SK-N-BE2-C
2,37,3010,12372,0.999578472,0.177197572,HAND2_CLB-Ga
12,37,3862,12372,0.498094057,1.057864286,MTA2_GM12878
5,37,1892,12372,0.687571102,0.86514703,STAT5A_MV4-11
1,37,1104,12372,0.968684381,0.282882439,HIF1A_HUVEC-C
4,37,1208,12372,0.494311601,1.120579153,TEAD1_HEK293
14,37,7701,12372,0.999257328,0.36808211,PKNOX1_GM12878
8,37,5563,12372,0.999154788,0.336734272,PKNOX1_K-562
3,37,687,12372,0.338442797,1.502887496,ATF4_HUDEP-2
3,37,2588,12372,0.990358703,0.332818322,TERF1_LCL
8,37,4909,12372,0.993985606,0.418464693,ZBTB1_Jurkat
8,37,4043,12372,0.951051701,0.5674719,SMARCA4_NSC
8,37,5139,12372,0.99686522,0.387344287,SMARCA4_NCI-H1703
5,37,4664,12372,0.999734302,0.257454083,SREBF2_HeLa-S3
6,37,6024,12372,0.999992694,0.203192247,SMARCE1_K-562
3,37,3196,12372,0.998524319,0.25264069,ZFP36_HeLa-S3
3,37,1910,12372,0.939746057,0.482519029,HDAC1_AML
6,37,4498,12372,0.998092073,0.337959242,NFE2L2_A-549
4,37,2632,12372,0.969651442,0.447754879,ERF_HAEC
2,37,380,12372,0.315102576,1.807395708,ZNF512_K-562
5,37,4928,12372,0.999897263,0.235269723,ETS1_HEY-A8
4,37,5718,12372,0.999999429,0.140469352,ASH2L_Hep-G2
7,37,1861,12372,0.317937786,1.319041847,SMARCA2_NPC
3,37,1267,12372,0.745365568,0.772864856,KDM1A_A-549
5,37,3494,12372,0.989963903,0.396197125,KDM1A_Kasumi-1
10,37,2682,12372,0.269280946,1.339369771,FOS_endothelial
5,37,1124,12372,0.242568185,1.566046959,JUN_endothelial
1,37,62,12372,0.169856333,5.587171888,SMARCA4_WA09
3,37,1131,12372,0.67012032,0.876641738,SMARCA4_SYO-1
3,37,437,12372,0.14128745,2.419269511,SMARCA4_BT-16
5,37,3691,12372,0.994192899,0.366665333,BRD7_SUM159PT
5,37,3738,12372,0.994922917,0.360079977,EP300_osteoblast
5,37,1873,12372,0.678445634,0.875543592,DDX5_NTERA2
4,37,4073,12372,0.999585321,0.246283023,GATA6_HUES-8
4,37,661,12372,0.133306535,2.154320524,SMARCB1_TTC-1240
1,37,53,12372,0.147068127,6.558532607,SMARCC1_BT-16
4,37,994,12372,0.346215822,1.388990634,RELB_L1236
5,37,2933,12372,0.958682587,0.50204173,BRD4_HFOB
7,37,4207,12372,0.986410691,0.451969465,BRD4_MDA-MB-157
8,37,3877,12372,0.931304449,0.603653162,ZNF24_MCF-7
9,37,7191,12372,0.999993467,0.23064745,ZBTB7A_Hep-G2
7,37,4516,12372,0.994005864,0.40500844,SMARCD3_MCF-7
1,37,132,12372,0.327978577,2.587436669,UBTF_HeLa-S3
4,37,2178,12372,0.911302777,0.566555541,RAD21_IMR-5
4,37,2142,12372,0.904036432,0.578135184,RAD21_WA09
6,37,3024,12372,0.918378464,0.597554513,RAD21_Ishikawa
3,37,1991,12372,0.95083806,0.459265559,CTCF_IMR-5
4,37,3870,12372,0.999178135,0.265582124,CTCF_SK-MEL-147
13,37,10320,12372,1,0.106610435,SUPT5H_DLD-1
9,37,2757,12372,0.44549804,1.121384693,STAG1_HCAEC
10,37,8860,12372,0.999999997,0.145884054,SMAD3_SUM159PT
1,37,756,12372,0.903329722,0.42606907,MED1_RH4
2,37,139,12372,0.064651872,5.085455832,DEAF1_keratinocyte
4,37,1506,12372,0.675217104,0.874213537,TRIM28_WIBR3
4,37,1028,12372,0.370020774,1.338855081,ELK1_WA01
12,37,6328,12372,0.993198585,0.457454348,SMARCB1_hiPSC
4,37,2730,12372,0.976364565,0.427276837,GATA6_pancreatic-progenitor
4,37,1693,12372,0.764761146,0.764032146,ZNF189_HEK293T
8,37,7049,12372,0.99999761,0.207436062,MYC_SK-N-AS
1,37,1330,12372,0.985220221,0.230054898,NAB2_HL-60
4,37,5650,12372,0.999999219,0.143620922,YAP1_OVCAR-5
5,37,3899,12372,0.99683109,0.338725942,SMARCE1_MCF-7
1,37,364,12372,0.669304477,0.916137051,ARNT_HEK293T
4,37,1061,12372,0.393133969,1.293280363,CEBPD_HAEC
6,37,2363,12372,0.735631749,0.819371002,RAD21_A-549
3,37,1833,12372,0.927194626,0.506532747,CTCF_MIA-PaCa-2
3,37,192,12372,0.019416262,5.668390543,STAG1_HMEC-1
3,37,458,12372,0.156090907,2.303430439,STAG2_HMEC-1
1,37,904,12372,0.93989357,0.351686644,KDM1A_keratinocyte
2,37,879,12372,0.749877965,0.746572039,KDM1A_HeLa
7,37,4162,12372,0.984778133,0.459391128,JUN_MCF10A-Er-Src
4,37,602,12372,0.10358014,2.378723545,JUN_HeLa-S3
3,37,2228,12372,0.973556595,0.400943778,JUN_myometrium
2,37,599,12372,0.540803768,1.123510494,SMC1A_HCT-116
2,37,1048,12372,0.833099133,0.616757481,CTCF_Ishikawa
2,37,1371,12372,0.927554081,0.457748276,CTCF_A-375
1,37,950,12372,0.94821135,0.333293737,CTCF_CaSki
2,37,1726,12372,0.973202047,0.351726696,CTCF_HUES-64
1,37,1071,12372,0.965099835,0.292463309,CTCF_MCF-10CA1a
2,37,2644,12372,0.998502722,0.209661074,CTCF_SLK
2,37,1288,12372,0.909602567,0.490979206,CTCF_81-3
2,37,758,12372,0.671264567,0.875213693,RAD21_liver
5,37,2340,12372,0.855005244,0.669187813,RAD21_HEC-1-B
5,37,1904,12372,0.693251291,0.85868754,SMC1A_LCL
5,37,2363,12372,0.861219171,0.661137352,STAG1_HL-60
3,37,466,12372,0.161859278,2.262330216,STAG1_MCF-10A
1,37,190,12372,0.436432492,1.784992392,STAG1_U-937
4,37,2681,12372,0.97319621,0.437316899,STAG1_CHRF28811
6,37,2728,12372,0.856011664,0.683561128,STAG2_HL-60
9,37,2670,12372,0.404338604,1.168564846,SS18_SYO-1
10,37,677,12372,2.04E-05,6.476632705,RELA_IMR-90
4,37,2078,12372,0.889882413,0.599713864,ATF2_HEK293
3,37,2300,12372,0.9782516,0.385610477,CBX3_HCT-116
5,37,2935,12372,0.95887478,0.501592524,BHLHE40_HeLa-S3
5,37,604,12372,0.032673017,3.060871964,EPAS1_PC-3
3,37,1488,12372,0.838888206,0.644701887,JMJD6_HeLa
9,37,4288,12372,0.936368469,0.605170678,STAT3_NCI-H358
3,37,4082,12372,0.999934675,0.178593064,EGR1_A2780
9,37,1068,12372,0.003491206,3.421941431,MED1_MDA-MB-231
3,37,1783,12372,0.917860099,0.523238635,KLF16_K-562
1,37,26,12372,0.074990833,13.66861095,SMAD3_endoderm
8,37,3014,12372,0.711339424,0.856139129,NFKB1_MCF10A-Er-Src
8,37,2872,12372,0.653400154,0.912258977,VDR_LX2
3,37,1646,12372,0.886748647,0.574222568,NR3C1_HCC1937
5,37,2168,12372,0.801455836,0.734819372,NR3C1_U2OS
3,37,515,12372,0.198548274,2.037348452,NR3C1_MCF-10A
4,37,2469,12372,0.95465468,0.485371726,SMARCC1_SYO-1
5,37,2983,12372,0.96325923,0.490992701,TEAD1_H69
6,37,1888,12372,0.505148108,1.075018308,DPF2_MCF-7
2,37,3315,12372,0.999860742,0.155623644,PKNOX1_HEK293T
2,37,767,12372,0.677711679,0.864244925,STAT3_HeLa-S3
1,37,94,12372,0.2461825,3.655969574,SMAD4_endoderm
1,37,79,12372,0.21129542,4.3639724,SMAD2_endoderm
1,37,1573,12372,0.993521093,0.190199751,JARID2_AMIPS6
2,37,641,12372,0.578313433,1.045933827,JARID2_UTEIPS11
8,37,4806,12372,0.99205289,0.433368731,ARNT_RCC4
3,37,2292,12372,0.977770555,0.387266545,USF1_GM12878
3,37,1794,12372,0.919999107,0.519483308,USF1_HCT-116
5,37,5383,12372,0.999982312,0.202147028,GLIS3_H9
3,37,1371,12372,0.793595948,0.707383339,BHLHE40_A-549
1,37,250,12372,0.530658977,1.348242344,ZNF333_HEK293T
4,37,3844,12372,0.999104576,0.268201284,KDM1A_SU-DHL-4
2,37,665,12372,0.598771474,1.005989966,GATA6_ESO-26
2,37,1259,12372,0.902438089,0.50362424,JDP2_Loucy
3,37,1227,12372,0.724693063,0.800951373,ZSCAN29_GM12878
3,37,668,12372,0.322600555,1.5483406,AHRR_MCF-7
3,37,1691,12372,0.897930619,0.556563306,SMAD2_hESC
1,37,410,12372,0.713146009,0.809981602,BCLAF1_GM12878
2,37,1604,12372,0.961968488,0.38286317,BRD9_HeLa-S3
7,37,4477,12372,0.993328086,0.410577535,NCOR1_LS180
4,37,5115,12372,0.999991958,0.171341771,MED1_AML
2,37,259,12372,0.181091598,2.685043711,MED1_OCI-Ly1
4,37,4305,12372,0.999816317,0.226456803,RBM25_K-562
4,37,2524,12372,0.960320774,0.472134808,GATA6_YCC-3
1,37,1034,12372,0.960605503,0.303933409,SMARCA4_HeLa-S3
7,37,2696,12372,0.725296918,0.837027991,ZNF217_GM12878
4,37,3086,12372,0.990956998,0.3639168,ZNF282_K-562
3,37,3500,12372,0.999466843,0.223005973,NFYB_GM12878
3,37,2083,12372,0.961188231,0.435044698,BRD4_P493-6
1,37,1076,12372,0.96566753,0.290973853,SREBF1_MCF-7
2,37,1519,12372,0.951706956,0.407516645,SREBF1_A-549
5,37,3817,12372,0.995962558,0.349376647,CREBBP_LS180
5,37,2695,12372,0.929474628,0.560269457,RFX5_A-549
3,37,2793,12372,0.994756152,0.301880223,ZKSCAN1_HeLa-S3
4,37,3068,12372,0.990488359,0.366767056,TRIM28_hESC
4,37,638,12372,0.121313921,2.236980582,NCAPH2_RMG-I
5,37,635,12372,0.039290223,2.902608899,SRC_MDA-MB-231
5,37,1503,12372,0.473078071,1.130325774,ATF7_MCF-7
3,37,688,12372,0.33927684,1.50056503,NCOA3_NCI-H3396
1,37,122,12372,0.307331769,2.803503113,NR3C1_ZR751
7,37,1465,12372,0.14076943,1.740617852,NR3C1_MDA-MB-231
1,37,197,12372,0.448308703,1.720275857,NFIL3_Hep-G2
5,37,3217,12372,0.979269874,0.443797892,RFX5_MCF-7
2,37,1956,12372,0.986453077,0.303600846,CARM1_MCF-7
5,37,3981,12372,0.997523923,0.328517521,NR2C1_GM12878
3,37,506,12372,0.191649823,2.075316911,ZKSCAN1_MCF-7
4,37,690,12372,0.149117076,2.05814379,CTBP2_MCF-7
2,37,586,12372,0.528761028,1.149789448,ATOH8_A-549
5,37,1042,12372,0.197330803,1.702228703,TCF12_K-562
1,37,784,12372,0.911599982,0.409840111,BACH1_Hep-G2
5,37,3365,12372,0.985840041,0.417410566,FOS_K-562
2,37,744,12372,0.661038228,0.89280495,JUND_HCT-116
5,37,3748,12372,0.995066921,0.358700164,JUND_liver
6,37,1318,12372,0.195948694,1.626043952,FOSL2_LPS141
3,37,1591,12372,0.871675953,0.597165246,SND1_NHEK
4,37,2189,12372,0.913427932,0.56309343,USF2_A-549
5,37,1080,12372,0.217895568,1.636537557,NFKB2_L1236
5,37,1416,12372,0.419582008,1.209670915,HIF1A_MDA-MB-231
2,37,414,12372,0.352653857,1.653578411,ZMYM3_GM12878
3,37,1026,12372,0.602436848,0.975678653,MAFG_K-562
3,37,3189,12372,0.99849026,0.253389671,MAFK_OCI-Ly7
2,37,1871,12372,0.982511251,0.320006695,MAFK_HeLa-S3
4,37,1495,12372,0.66933409,0.8815599,MAFK_K-562
1,37,1362,12372,0.986727401,0.223992823,MAFK_Hep-G2
2,37,513,12372,0.457539767,1.322189512,MAFK_WA01
1,37,205,12372,0.46158346,1.651726464,MAFK_MCF-7
2,37,1042,12372,0.830614832,0.620646085,MAFF_K-562
2,37,542,12372,0.486540013,1.248121533,NA_NA
4,37,2175,12372,0.910715576,0.567505842,ZMYM3_Hep-G2
5,37,1146,12372,0.255209729,1.532845934,ATF2_Hep-G2
5,37,613,12372,0.03451505,3.013262369,RXRA_SK-N-SH
6,37,4713,12372,0.999029251,0.313683019,NFIC_Ishikawa
1,37,499,12372,0.78249159,0.660266557,ARHGAP35_K-562
1,37,618,12372,0.850251668,0.527563995,ZNF133_HEK293
2,37,89,12372,0.028954535,8.0403953,MCM3_K-562
1,37,265,12372,0.551706321,1.270066919,ZNF791_HEK293
1,37,9,12372,0.026604375,42.71722328,YBX1_Hep-G2
5,37,1626,12372,0.546326383,1.032736952,SMARCA5_K-562
1,37,22,12372,0.063820809,16.27635019,TRIM22_Hep-G2
1,37,1,12372,0.002990624,Inf,PHB2_Hep-G2
1,37,5,12372,0.014866338,84.95163626,ZNF521_HEK293
5,37,4445,12372,0.999437164,0.277858949,NFIB_MCF-7
1,37,37,12372,0.105043952,9.483570372,ZNF274_HEK293
1,37,332,12372,0.635029847,1.007385097,NONO_MCF-7
2,37,2305,12372,0.995434559,0.248934059,ASH1L_K-562
1,37,100,12372,0.259712827,3.432550525,NCOA4_K-562
1,37,14,12372,0.041085676,26.29400711,ATM_Hep-G2
1,37,688,12372,0.87998621,0.470989556,ZNF207_MCF-7
1,37,11,12372,0.03242225,34.13589348,NBN_Hep-G2
1,37,1,12372,0.002990624,Inf,PLRG1_Hep-G2
1,37,12,12372,0.035318486,31.05473551,ARNT_Hep-G2
1,37,23,12372,0.066625557,15.52978941,ZNF621_HEK293
1,37,291,12372,0.586032976,1.153719958,HDGF_MCF-7
6,37,3424,12372,0.965753124,0.504953417,ARID1B_K-562
2,37,743,12372,0.660298539,0.894086897,SP1_MCF-7
1,37,883,12372,0.935677146,0.360721236,E4F1_MCF-7
1,37,21,12372,0.061007862,17.07761623,ZNF282_Hep-G2
1,37,365,12372,0.670323442,0.913544058,YBX3_K-562
1,37,353,12372,0.657891649,0.945632244,FOXK2_MCF-7
2,37,1409,12372,0.934633741,0.443842688,FOXK2_GM12878
1,37,1,12372,0.002990624,Inf,TSC22D4_K-562
2,37,261,12372,0.183246203,2.663881228,MED1_myoblast
3,37,366,12372,0.095449946,2.909611286,RUNX1_U-937
2,37,157,12372,0.079864291,4.489242214,NR3C1_THP-1
6,37,5417,12372,0.999916515,0.247693515,NR3C1_ALL
1,37,222,12372,0.488768565,1.522526566,NR3C1_monocyte
3,37,945,12372,0.544811017,1.067182544,NR3C1_SUP-B15
1,37,132,12372,0.327978577,2.587436669,NR3C1_hMSC
2,37,896,12372,0.759577491,0.731287374,CHD4_HaCaT
5,37,633,12372,0.038840002,2.912348018,SMAD3_LX2
2,37,591,12372,0.533416672,1.13954489,SMAD3_HMLE
1,37,19,12372,0.055357276,18.98683797,NCOA2_THP-1
1,37,35,12372,0.099651345,10.04062009,NCOA2_hESC
2,37,849,12372,0.731975981,0.775041124,MEIS1_SEM
3,37,460,12372,0.157526577,2.293254901,MEIS1_CHRF28811
1,37,11,12372,0.03242225,34.13589348,MEIS1_HSPC
2,37,262,12372,0.184325041,2.653421578,TP53_MCF-10A
2,37,715,12372,0.639084369,0.931440895,TP53_keratinocyte
2,37,156,12372,0.07899162,4.518810545,CRY2_U2OS
2,37,193,12372,0.113143159,3.632854612,EP300_NB4
3,37,475,12372,0.168428529,2.217470346,GPS2_hMADS
2,37,112,12372,0.044041681,6.347965359,HOXA9_SEM
1,37,148,12372,0.359774022,2.302842039,FOS_THP-1
1,37,899,12372,0.938914745,0.353799412,FOS_MV4-11
1,37,248,12372,0.527781022,1.359383098,FOSL2_MDA-MB-231
1,37,1989,12372,0.998489291,0.144587332,PBX2_K-562
2,37,475,12372,0.418256478,1.432970395,YY1AP1_MCF-10A
1,37,91,12372,0.23932741,3.77856378,JUN_keratinocyte
2,37,481,12372,0.424549255,1.414308698,JUN_primary-lung-fibroblast
1,37,87,12372,0.230092872,3.955479392,RBPJ_HKC
4,37,2771,12372,0.978751733,0.419149178,HIF1A_U2OS
3,37,3031,12372,0.997491943,0.271216358,NFE2L2_BEAS-2B
1,37,1186,12372,0.976110472,0.261385761,RELA_HDF
1,37,69,12372,0.18716987,5.009661038,MBD2_HMEC-1
1,37,428,12372,0.728714702,0.774667926,TRIM25_MDA-MB-231
2,37,1319,12372,0.916732229,0.478077894,ZEB1_NCI-H1975
2,37,2803,12372,0.999129622,0.194515872,ZEB1_RKO
1,37,1221,12372,0.978729913,0.253090267,ZEB1_MIA-PaCa-2
5,37,7496,12372,1,0.101062355,MCRS1_Hep-G2
6,37,7798,12372,0.999999999,0.112890927,MYC_NB69
2,37,1796,12372,0.978160483,0.335773435,TERF2_LCL
2,37,4229,12372,0.999996249,0.109616212,BRD4_HAP1
1,37,309,12372,0.608284858,1.084666236,LDB1_K-562
3,37,1967,12372,0.947759214,0.465955509,NR2F6_K-562
2,37,782,12372,0.688237585,0.846525973,RXRA_WA01
2,37,883,12372,0.752188807,0.7429226,ZNF574_MCF-7
1,37,1153,12372,0.973354792,0.2696689,NR2C2_WI-38VA13
1,37,492,12372,0.777688755,0.670075533,BRD4_CLB-Ga
2,37,622,12372,0.561611836,1.079690584,RARA_U-937
2,37,1427,12372,0.937761207,0.437514672,ARNT_PC-3
2,37,421,12372,0.360313078,1.624998346,NR2F2_WI-38VA13
2,37,1098,12372,0.852597182,0.586007328,PML_fibroblast
2,37,1409,12372,0.934633741,0.443842688,RAD21_neuroblastoma
1,37,1493,12372,0.991482733,0.201887349,CTCF_BL41
1,37,1352,12372,0.98627324,0.225856373,CTCF_BJAB
1,37,638,12372,0.859409922,0.51012727,HIVEP1_K-562
2,37,2797,12372,0.99911142,0.195056105,PRKDC_MCF-7
4,37,3716,12372,0.998642927,0.281569345,ELK1_HeLa-S3
2,37,2900,12372,0.99937869,0.186092509,NCOR2_LS180
1,37,228,12372,0.498040651,1.481554172,DNMT1_K-562
1,37,1116,12372,0.969896868,0.279539091,JARID2_UTEIPS6
3,37,873,12372,0.49008469,1.162762868,RELA_HeLa
3,37,1422,12372,0.81445518,0.678789887,JUND_MCF-7
5,37,4670,12372,0.999739834,0.256922008,ARID1B_MCF-7
3,37,3628,12372,0.999658207,0.212015037,ZBTB7B_MCF-7
2,37,1116,12372,0.859110902,0.575612639,MBD3_MCF-7
2,37,2641,12372,0.998487499,0.209964374,STAT3_OCI-Ly3
1,37,1061,12372,0.963936915,0.295484375,ELF1_Ramos
1,37,309,12372,0.608284858,1.084666236,ESRRA_Hep-G2
1,37,217,12372,0.480914717,1.558416341,SMARCB1_K-562
1,37,3000,12372,0.999966114,0.086481351,ELF1_HCT-116
1,37,1855,12372,0.99757009,0.157045052,ELF1_SEM
2,37,4630,12372,0.99999934,0.095166344,DIDO1_K-562
1,37,435,12372,0.734544458,0.761725829,SFPQ_Hep-G2
3,37,502,12372,0.188605255,2.09270742,CHD4_GM12878
3,37,906,12372,0.515541704,1.117041383,CHD4_pre-B-cell
6,37,5639,12372,0.999964479,0.23030536,CREBBP_tonsil
2,37,1929,12372,0.985302198,0.308655269,NCOR2_AML
2,37,1574,12372,0.958603151,0.391259976,LDB1_H9
3,37,1020,12372,0.598324052,0.98195509,NR3C1_MDA-MB-453
2,37,1225,12372,0.89339002,0.51921311,TRPS1_T-47D
2,37,789,12372,0.693056461,0.838488205,PML_NB4
6,37,6242,12372,0.999997189,0.189324737,ETS1_OVCAR-8
3,37,2288,12372,0.977526391,0.388098927,KDM1A_SET-2
3,37,944,12372,0.544072255,1.068411143,ZMYM3_K-562
1,37,348,12372,0.652578171,0.959657271,RAD21_CHRF28811
2,37,693,12372,0.621731475,0.96291354,SAFB2_Hep-G2
1,37,718,12372,0.890892272,0.450121415,HSF1_ZR751
1,37,735,12372,0.896637753,0.439053312,HSF1_HT29
4,37,3337,12372,0.995623917,0.327378727,FOS_MNNG-HOS
1,37,1269,12372,0.981872485,0.242458261,ZC3H11A_K-562
1,37,407,12372,0.710468079,0.816171611,ZNF768_HEK293
3,37,3433,12372,0.999329679,0.229086068,BRD4_BT-474
2,37,209,12372,0.12893056,3.347331742,TCF3_697
2,37,2387,12372,0.996495441,0.238410781,XBP1_HS578T
2,37,531,12372,0.475645318,1.275260352,TCF12_MCF-7
2,37,2542,12372,0.997893398,0.220375183,ZNF75A_K-562
2,37,2293,12372,0.995255746,0.250537235,ZNF75A_MCF-7
3,37,2933,12372,0.996588516,0.283239403,ZNF207_WA09
1,37,1183,12372,0.97587188,0.262119662,YY1_HeLa
1,37,84,12372,0.223095478,4.099345198,ZNF263_HEK293
4,37,4140,12372,0.999671042,0.240329028,ZNF263_HEK293T
3,37,2119,12372,0.964670697,0.426142165,ZEB1_Hep-G2
1,37,259,12372,0.543399964,1.300246307,CEBPG_MCF-7
2,37,2676,12372,0.998656234,0.206468221,ATF3_WA01
2,37,2026,12372,0.989053769,0.291124776,ATF3_GM12878
1,37,1167,12372,0.974559702,0.266097581,STAT1_AGS
1,37,1996,12372,0.998526586,0.14398255,ZBTB11_MCF-7
1,37,385,12372,0.690072868,0.864520005,ATF4_CD34-pos
1,37,1582,12372,0.993718234,0.188958912,FOXK1_HEK293T
1,37,1305,12372,0.983928092,0.234997909,DDX20_MCF-7
1,37,1419,12372,0.989050044,0.213872472,SRF_HCT-116
2,37,1923,12372,0.985034228,0.309797768,SRF_WA01
2,37,1768,12372,0.976290303,0.342002981,ATF1_Hep-G2
2,37,588,12372,0.530626844,1.145670648,RFX5_GM12878
4,37,1171,12372,0.469294479,1.159964814,RFX5_IMR-90
5,37,1960,12372,0.718894359,0.829615671,RFX5_SK-N-SH
2,37,3019,12372,0.999591751,0.176498508,NFYB_HeLa-S3
1,37,1438,12372,0.989732429,0.210677433,FOS_GM12878
6,37,2125,12372,0.629237351,0.933108405,HDAC2_pre-B-cell
1,37,2125,12372,0.99907329,0.133550899,IRF3_SK-N-SH
1,37,1159,12372,0.973877831,0.268127761,IRF3_HeLa-S3
1,37,580,12372,0.831225251,0.564012053,HDAC3_AML
2,37,849,12372,0.731975981,0.775041124,ELK1_GM12878
3,37,4092,12372,0.999937101,0.177940421,FOS_HCT-116
2,37,407,12372,0.344967099,1.683145802,RFX5_WA01
2,37,3094,12372,0.999687827,0.170831237,HDAC2_GM12878
1,37,351,12372,0.655775815,0.951194174,ZNF506_HEK293T
2,37,2781,12372,0.999061078,0.196508131,ZSCAN29_K-562
3,37,535,12372,0.214100325,1.957463581,HSF1_Hep-G2
2,37,1257,12372,0.901925615,0.504517852,NCOR2_B-cell
1,37,105,12372,0.270807338,3.26621044,ZNF780A_HEK293T
2,37,1993,12372,0.98789276,0.296897054,CHD4_RH5
2,37,1078,12372,0.845051048,0.597964636,ZBTB1_HEK293
2,37,562,12372,0.506005866,1.201509652,MEIS1_A-673
1,37,301,12372,0.598542662,1.114340763,ZNF324_K-562
1,37,261,12372,0.546185252,1.290031749,MEF2A_SK-N-SH
1,37,262,12372,0.54757169,1.284983172,CBX5_GM12878
1,37,532,12372,0.803806916,0.617507305,TEAD1_CCLP1
1,37,74,12372,0.199321051,4.664513653,CUX1_GM12878
1,37,467,12372,0.759678763,0.707512968,ELK1_A-549
1,37,81,12372,0.216036221,4.254133559,ARNT_786-M1A
1,37,168,12372,0.397465145,2.02378053,HIF1A_ccRCC
2,37,1002,12372,0.813220208,0.647762002,HIF1A_RCC10
3,37,513,12372,0.197009655,2.045682585,HIF1A_786-O
2,37,64,12372,0.015616682,11.30270175,EPAS1_786-O
2,37,573,12372,0.516518464,1.177264893,EPAS1_ccRCC
1,37,331,12372,0.633904898,1.010522365,HSF1_BPE
1,37,1674,12372,0.995426452,0.177040522,ZNF280D_HEK293
1,37,424,12372,0.725327682,0.782255708,TSC22D4_Hep-G2
1,37,372,12372,0.677371152,0.895784463,TEAD4_HUCCT1
1,37,77,12372,0.206526729,4.479834148,TEAD4_MCF-10A
1,37,256,12372,0.539190822,1.315868564,TEAD4_HCT-116
2,37,448,12372,0.389559866,1.523161466,RELA_GM19193
1,37,45,12372,0.126301843,7.755447236,YAP1_MSTO
4,37,956,12372,0.319727972,1.44926185,NFKB1_CD4-pos
1,37,15,12372,0.043956677,24.41217241,TCF3_RPMI8402
1,37,101,12372,0.261944788,3.397953049,BRD4_LP1
1,37,268,12372,0.555804179,1.255485858,TBL1XR1_GM12878
1,37,182,12372,0.422554972,1.865170207,BCL6_RS4-11
1,37,252,12372,0.533519862,1.337279121,NR3C1_NALM-6
2,37,221,12372,0.141098351,3.160803795,EP300_697
1,37,465,12372,0.758178153,0.710682222,NCOR2_OCI-Ly1
1,37,129,12372,0.321848242,2.648692626,HSF1_P12
1,37,724,12372,0.892954704,0.446155595,HSF1_SW620
2,37,797,12372,0.698491598,0.829475451,HSF1_U2OS
2,37,901,12372,0.7623702,0.726901854,STAT3_SU-DHL-10
1,37,126,12372,0.315663509,2.712875855,YBX1_GM12878
1,37,630,12372,0.855813961,0.516968914,NCOR1_OCI-Ly1
1,37,459,12372,0.753621416,0.720356042,CHD1_GM12878
2,37,790,12372,0.693740054,0.837351606,BRD4_MOLT-4
1,37,707,12372,0.887010275,0.457567152,ZNF444_K-562
1,37,169,12372,0.399291906,2.011463619,JARID2_hESC
1,37,1659,12372,0.995182673,0.178893494,PCBP2_Hep-G2
1,37,1016,12372,0.958220183,0.309815816,IRF1_HAEC
1,37,649,12372,0.864212218,0.500995806,IRF1_CD14
3,37,3501,12372,0.999468672,0.222916989,ZNF281_K-562
1,37,429,12372,0.729555087,0.772793139,HSF1_breast
1,37,138,12372,0.340077913,2.472945609,ZNF426_HEK293
1,37,789,12372,0.913002527,0.407063443,GTF3C2_T98G
1,37,128,12372,0.319792731,2.669751461,GTF3C2_HeLa-S3
1,37,754,12372,0.902711007,0.427274463,GTF3C5_IMR-5
1,37,418,12372,0.72016988,0.793910295,SREBF2_GM12878
1,37,89,12372,0.234723693,3.864995728,SREBF2_A-549
1,37,12,12372,0.035318486,31.05473551,NBN_MCF-10A
1,37,744,12372,0.899559181,0.433398766,ZNF384_HEK293T
1,37,877,12372,0.934420503,0.363382106,CHAMP1_K-562
1,37,264,12372,0.550332212,1.275001194,ARNT_RCC10
1,37,716,12372,0.890196242,0.451458146,NR3C1_MDA-MB-361
2,37,1705,12372,0.971520584,0.356768405,SHOX2_K-562
1,37,367,12372,0.672352216,0.908400576,CHD4_macrophage
1,37,73,12372,0.196905041,4.729605318,SOX4_glioblastoma
1,37,16,12372,0.046819314,22.7889184,BRF1_K-562
1,37,1905,12372,0.997963514,0.152191576,BRF1_H9
1,37,17,12372,0.04967361,21.34485998,BRF1_HeLa-S3
1,37,417,12372,0.719301134,0.795885407,TEAD4_SK-N-BE2
1,37,739,12372,0.897946232,0.436523154,ZNF264_HEK293
2,37,217,12372,0.137013756,3.220667398,BRD4_GEN2-2
1,37,362,12372,0.667257345,0.921366129,JMJD6_CHP-134
1,37,322,12372,0.62362736,1.039646199,CDK8_monocyte
1,37,4346,12372,0.999999892,0.051086061,ZNF148_K-562
1,37,1103,12372,0.968581222,0.283164338,GATA6_foregut
1,37,22,12372,0.063820809,16.27635019,ARNT_HUVEC-C
1,37,135,12372,0.33405498,2.528782566,WDR5_hESC
1,37,1010,12372,0.957394285,0.311823257,WDR5_LoVo
1,37,726,12372,0.893633715,0.444848241,WDR5_HEK293T
1,37,276,12372,0.56655443,1.218158324,MYC_HUVEC-C
1,37,1477,12372,0.991005958,0.2043769,RBBP5_GM12878
1,37,730,12372,0.894979186,0.442255053,ZZZ3_K-562
1,37,207,12372,0.464853278,1.635420354,NBN_MCF-7
1,37,2622,12372,0.999853245,0.102959654,ZMYND11_DU145
1,37,1715,12372,0.996033141,0.172141208,CDK9_P493-6
1,37,512,12372,0.79114471,0.642762795,JUN_WA01
1,37,2022,12372,0.998657424,0.141772894,ZNF76_K-562
1,37,2263,12372,0.999439363,0.12370867,PBX1_A-549
1,37,322,12372,0.62362736,1.039646199,JUND_Calu-3
1,37,1938,12372,0.998188441,0.14912554,TBX2_SK-N-BE2-C
1,37,525,12372,0.799462525,0.626127451,IRF9_K-562
1,37,1611,12372,0.994314571,0.185055022,STAT1_HeLa-S3
1,37,376,12372,0.681332369,0.885933777,ZNF322_HEK293
1,37,855,12372,0.929605177,0.373458507,NR4A1_MOLM-14
