"V1","V2","V3","V4","V5","V6","peakTF"
559,875,8229,12372,0.958955944422021,0.882662815446803,"BRD4_HUVEC-C"
370,875,5696,12372,0.990629183832706,0.848927850632051,"SMARCA4_NPC"
61,875,768,12372,0.183386793415751,1.14366170479032,"MTA3_GM12878"
638,875,8709,12372,0.0479875323174766,1.14267987434674,"JUN_HAEC"
240,875,3853,12372,0.994172625976409,0.824771392222373,"SKIL_GM12878"
390,875,6358,12372,0.999987925634614,0.744995292389,"MLLT1_GM12878"
588,875,8339,12372,0.568823228144119,0.99015783580542,"ASH2L_WA01"
490,875,7701,12372,0.999962091411484,0.756504898686715,"PKNOX1_GM12878"
505,875,8207,12372,0.99999998543076,0.67251162954201,"VDR_kidney-cortex"
82,875,938,12372,0.0247205680710004,1.28540200943717,"NFIC_GM12878"
584,875,8339,12372,0.681504958568489,0.968403477026374,"DPF2_GM12878"
293,875,3862,12372,0.0720060489786217,1.11829215234915,"MTA2_GM12878"
463,875,7386,12372,0.99998943665207,0.742513264584686,"RELB_GM12878"
99,875,994,12372,0.00025354461901338,1.51119162823637,"RELB_L1236"
425,875,6343,12372,0.9545735950413,0.890352973608285,"NFATC3_GM12878"
503,875,7709,12372,0.998935780855995,0.805198441170906,"TARDBP_GM12878"
484,875,6952,12372,0.718574116094053,0.96243848188402,"RELA_GM19099"
106,875,877,12372,1.95367581505171e-08,1.91752293863108,"RELA_GM12892"
701,875,9968,12372,0.656700419450115,0.969470479486978,"RELA_786-O"
307,875,4119,12372,0.129404197370223,1.08962486030423,"RELA_GM15510"
287,875,4429,12372,0.975287676200459,0.866701335815306,"RELA_LNCaP"
84,875,805,12372,0.0001704850304485,1.58709758261492,"RELA_GM18505"
753,875,10544,12372,0.253058334018153,1.07540094955798,"RELA_HAEC"
623,875,8577,12372,0.112929171394652,1.1012175471199,"RELA_HUVEC-C"
381,875,4622,12372,5.79020563751901e-05,1.31949275821918,"RELA_SGBS"
526,875,7728,12372,0.935971339180717,0.898825160535505,"RELA_GM12878"
788,875,11028,12372,0.198264459164832,1.1117956822269,"RELA_aortic-endothelial-cell"
203,875,2357,12372,0.000870079848597859,1.31025881783775,"RELA_GM12891"
233,875,3147,12372,0.211357299342563,1.0689820090655,"RELA_GM18526"
104,875,677,12372,1.48308272761653e-14,2.57132547360152,"RELA_IMR-90"
99,875,797,12372,1.52068663166086e-08,1.97366455781052,"RELA_GM10847"
84,875,1245,12372,0.698787482143284,0.945411529955128,"ATF2_GM12878"
481,875,7378,12372,0.998354238819479,0.814249586584958,"CBFB_GM12878"
4,875,58,12372,0.594392311484162,0.973170188343113,"HMGB1_IMR-90"
240,875,3422,12372,0.576359277230808,0.987638745416907,"MEF2A_GM12878"
216,875,2681,12372,0.0146715632836175,1.20098617464122,"RAD21_GM12878"
502,875,6498,12372,0.00158521648218377,1.23471523087583,"RAD21_IMR-90"
664,875,9224,12372,0.185167088508537,1.07972411171015,"RAD21_THP-1"
153,875,1861,12372,0.0217151750484934,1.21449960334332,"SMARCA2_NPC"
29,875,358,12372,0.247869129897347,1.1635932789766,"PHF19_DU145"
619,875,9664,12372,0.999999953520422,0.655509750441656,"KDM4A_WA01"
498,875,7884,12372,0.999992830958401,0.735277062704797,"NBN_GM12878"
758,875,10692,12372,0.45054999695667,1.01933841153757,"NR3C1_BEAS-2B"
532,875,8670,12372,0.99999999952011,0.640216206391166,"NFKB1_L1236"
21,875,349,12372,0.810661765343864,0.83733716581638,"HMGB2_IMR-90"
169,875,2771,12372,0.990423113086562,0.818333597967232,"HIF1A_U2OS"
103,875,1080,12372,0.000893155792030328,1.4365645030064,"NFKB2_L1236"
675,875,9950,12372,0.994476554880634,0.808559251378659,"BRD4_IMR-90"
628,875,9609,12372,0.999990620776696,0.712297883198628,"SP1_GM12878"
561,875,8512,12372,0.999060990929372,0.796841751270305,"MED1_GM12878"
94,875,1016,12372,0.00373077313754992,1.3804232464744,"IRF1_HAEC"
161,875,2891,12372,0.999904621955342,0.724166170304922,"SNAI2_RD"
234,875,4405,12372,0.999999997281315,0.641208920703987,"SNAI2_SMS-CTR"
399,875,6952,12372,0.999999999972362,0.632454777683539,"CHD2_WA01"
138,875,2588,12372,0.999973802196532,0.69146772544798,"TERF1_LCL"
416,875,6557,12372,0.999645502870408,0.790482923207382,"SMAD3_breast-cancer"
547,875,8552,12372,0.999993515360101,0.72749234749739,"CREM_GM12878"
679,875,9891,12372,0.966026805286459,0.859285003577638,"TAF1_WA01"
597,875,9376,12372,0.999999943443099,0.664889836468469,"TAF1_GM12878"
674,875,10315,12372,0.999999802800682,0.645561549324511,"TAF1_SK-N-SH"
327,875,5041,12372,0.984228373571235,0.858639777177294,"PML_GM12878"
606,875,9411,12372,0.999999260682204,0.688779714172894,"ZNF143_GM12878"
692,875,10067,12372,0.966113991100141,0.855901966000344,"TCF12_GM12878"
534,875,7734,12372,0.83564995902458,0.93459281848598,"EGR1_GM12878"
481,875,7220,12372,0.983737790260252,0.861955025072377,"PBX3_GM12878"
645,875,9566,12372,0.995932862700465,0.80978060636952,"TCF3_GM12878"
653,875,9849,12372,0.999909849643942,0.736020035334973,"CTCF_heart"
627,875,9049,12372,0.856829236668236,0.923103014460402,"CTCF_THP-1"
379,875,5876,12372,0.995444338697908,0.834045842946007,"EGR1_Ishikawa"
296,875,4978,12372,0.999977688279602,0.744145935826248,"NRIP1_MCF-7"
605,875,9653,12372,0.999999999912187,0.606523995480649,"TFE3_Hep-G2"
271,875,4396,12372,0.998590033818112,0.801882624503752,"MAX_NB4"
688,875,10271,12372,0.999798596941287,0.734851123345381,"MAX_A-549"
470,875,7753,12372,0.9999999919209,0.671520179444561,"MAX_MDA-MB-468"
667,875,10289,12372,0.999999980575455,0.624911082169075,"MAX_MCF-7"
214,875,3886,12372,0.999998877883037,0.689931959336443,"MAX_WA01"
477,875,7127,12372,0.974488635501083,0.873559615106595,"MAX_HCT-116"
442,875,7086,12372,0.999987233737586,0.745643395496816,"MAX_endothelial"
702,875,10700,12372,0.99999996500079,0.608416270333353,"MAX_Hep-G2"
669,875,10086,12372,0.999959169863688,0.717336083376888,"MAX_HeLa-S3"
623,875,9888,12372,0.999999999944725,0.595603767324369,"MAX_K-562"
563,875,8778,12372,0.999995214267389,0.72093191900295,"MAX_liver"
670,875,10301,12372,0.999999948352666,0.63325778286595,"MAX_P493-6"
410,875,6921,12372,0.999999990846149,0.675237931413836,"SUPT6H_HCT-116"
600,875,9692,12372,0.999999999998908,0.577161337402148,"RUVBL2_U2OS"
187,875,3981,12372,0.999999999999921,0.551867612387593,"NR2C1_GM12878"
171,875,3609,12372,0.999999999993864,0.569398787473995,"NR2C1_K-562"
398,875,6956,12372,0.999999999984982,0.628431452108498,"ZNF580_HEK293"
555,875,9002,12372,0.999999999848795,0.626265244128638,"JUND_Hep-G2"
582,875,9257,12372,0.999999995511731,0.646189280100385,"JUND_K-562"
278,875,4445,12372,0.996688429506441,0.8191600432902,"NFIB_MCF-7"
436,875,7173,12372,0.999999803131781,0.701751668504347,"CTBP1_MCF-7"
579,875,9092,12372,0.999999727894538,0.685673480560254,"CTBP1_K-562"
462,875,7357,12372,0.999985122757256,0.746658801980494,"JMJD1C_NB4"
547,875,8508,12372,0.999981050976225,0.740724465005949,"JMJD1C_HL-60"
663,875,9977,12372,0.999905189606672,0.733005417662096,"INTS11_HeLa"
590,875,9241,12372,0.999999768440289,0.68106789527114,"INTS11_HL-60"
238,875,4630,12372,0.999999999986128,0.604444885369672,"DIDO1_K-562"
453,875,7496,12372,0.999999983256294,0.67889941912277,"MCRS1_Hep-G2"
298,875,4670,12372,0.991448635906267,0.841707686314822,"ARID1B_MCF-7"
392,875,6819,12372,0.999999999911366,0.640268249264701,"CREB3L1_K-562"
393,875,6426,12372,0.999993175503715,0.738476086411562,"L3MBTL2_HEK293T"
473,875,7975,12372,0.999999999979626,0.626577298617113,"SAP30_K-562"
458,875,7191,12372,0.999849510320633,0.777152615845779,"SAP30_WA01"
358,875,6075,12372,0.999999807382644,0.700111175369065,"NBN_K-562"
315,875,6175,12372,1,0.541125788333137,"BAP1_NCI-H1963"
469,875,7260,12372,0.999284014204644,0.800528666429736,"BRD1_HUES-64"
198,875,3315,12372,0.998508983597021,0.786324681013209,"PKNOX1_HEK293T"
345,875,5563,12372,0.999734283732398,0.783319207445627,"PKNOX1_K-562"
605,875,9537,12372,0.999999992396869,0.6434984766937,"MTA3_K-562"
508,875,8023,12372,0.999993259565888,0.733494787601855,"RYBP_WA01"
283,875,5128,12372,0.999999996266142,0.656354220119662,"MEIS2_K-562"
536,875,8794,12372,0.999999999964554,0.620182291339903,"RBBP5_K-562"
613,875,8903,12372,0.909198006639922,0.905127396472958,"ATXN7L3_HCT-116"
367,875,6869,12372,1,0.555035481409428,"KAT2A_AML"
585,875,9308,12372,0.999999997106834,0.641528053085308,"CREBBP_PC-3"
530,875,7467,12372,0.460799625714361,1.00983334958879,"CREBBP_keratinocyte"
466,875,8176,12372,1,0.559635672244618,"MBD2_K-562"
451,875,6663,12372,0.92757283755092,0.904957223640031,"CHD1_A-549"
510,875,8271,12372,0.999999983986322,0.672620313864006,"JMJD1C_Kasumi-1"
592,875,9270,12372,0.999999788742057,0.679556362814003,"ELL2_HeLa"
348,875,5176,12372,0.906816513433088,0.912123270301423,"OSR2_HEK293"
416,875,5226,12372,0.00058511541959974,1.25995448986837,"HDAC6_GM12878"
624,875,10005,12372,0.999999999999555,0.560801078773831,"BRD2_K-562"
383,875,7108,12372,1,0.55242653721727,"BRD2_LPS141"
760,875,10869,12372,0.838479221138466,0.907379768223185,"BRD2_MDA-MB-231"
600,875,9607,12372,0.99999999995592,0.603195496493541,"BRD2_NCI-H23"
753,875,10811,12372,0.898192141778669,0.883086952704753,"BRD2_HCC1806"
317,875,6039,12372,0.999999999999997,0.573392258678046,"BRD2_MV4-11"
533,875,8359,12372,0.999992750480669,0.731042847051977,"DPF2_BIN-67"
482,875,8181,12372,0.999999999999155,0.605035719285163,"DPF2_SCCOHT-1"
285,875,4515,12372,0.994665052845015,0.82989905621188,"DPF2_K-562"
666,875,10105,12372,0.999992265659122,0.694803113649381,"HNRNPLL_Hep-G2"
715,875,10526,12372,0.998003731414493,0.767963625120017,"NELFE_HeLa"
654,875,10088,12372,0.999999912155934,0.647152119848941,"NELFE_DLD-1"
622,875,9554,12372,0.999995075916906,0.706027927390457,"REST_A-549"
243,875,3750,12372,0.959284711793627,0.876008274105069,"REST_HeLa-S3"
469,875,7340,12372,0.999837447063325,0.777762482240013,"REST_PANC-1"
352,875,5516,12372,0.996861530052215,0.825412956501251,"REST_HEK293"
425,875,6735,12372,0.999864845373498,0.77638155043368,"ZNF24_K-562"
294,875,5441,12372,0.999999999966009,0.624321404512725,"JUND_GP5D"
703,875,10540,12372,0.999978671158577,0.689743308306529,"NR3C1_A-549"
469,875,6620,12372,0.491708272158863,1.00399127841951,"NR2F2_MCF-7"
358,875,5610,12372,0.997228626237225,0.823393465948042,"NR2F2_liver"
372,875,6049,12372,0.999962298294536,0.758211365967995,"CHD1_MCF-7"
559,875,8860,12372,0.999999892905005,0.681107316908886,"CHD1_HeLa-S3"
395,875,6110,12372,0.995869087258895,0.832577859242936,"CHD1_K-562"
493,875,7436,12372,0.991427812411868,0.846521143828118,"CHD1_WA01"
479,875,7527,12372,0.999939017470453,0.763579327356448,"BMPR1A_HUVEC-C"
438,875,7009,12372,0.999979621069278,0.751399272361028,"ATF7_GM12878"
568,875,9286,12372,0.99999999999862,0.589798835744509,"CDK7_Jurkat"
605,875,9296,12372,0.999987031160294,0.723472054204395,"ZNF263_Hep-G2"
484,875,7601,12372,0.999945067483668,0.761840197253873,"STAG1_OCI-AML-3"
520,875,7953,12372,0.99909917243256,0.80090377931211,"STAG1_erythroid"
445,875,7530,12372,0.99999999980984,0.644493737569392,"RBBP4_SCMC"
668,875,10075,12372,0.999961217555621,0.716991963132918,"NELFE_K-562"
638,875,10052,12372,0.999999999864521,0.595674149491515,"HDAC1_K-562"
416,875,7065,12372,0.999999998498031,0.660862132313037,"HDAC1_PC-3"
316,875,4971,12372,0.995242129056326,0.830894094388897,"GTF3C2_H9"
120,875,2125,12372,0.998320298930005,0.752470356452943,"HDAC2_pre-B-cell"
329,875,6176,12372,0.999999999999988,0.582292792872609,"NCOR1_HEK293T"
606,875,9419,12372,0.999999419770937,0.686109701492375,"SRSF1_Hep-G2"
623,875,9422,12372,0.999802360104058,0.758065140283811,"ZEB1_GM12878"
294,875,4639,12372,0.994145102503922,0.83296050181032,"ZEB1_neuron"
356,875,6154,12372,0.999999989787674,0.674248381041682,"ZNF639_HEK293"
430,875,6997,12372,0.999997936221138,0.72544715314988,"TP53_SW480"
599,875,9689,12372,0.999999999999289,0.574717706092403,"FOXK1_Hep-G2"
535,875,8825,12372,0.999999999993487,0.608749020672896,"MEF2A_Hep-G2"
113,875,1871,12372,0.975575101418275,0.821535082294969,"MAFK_HeLa-S3"
431,875,6798,12372,0.99979691359217,0.782147198388714,"SKIL_K-562"
323,875,4429,12372,0.248526428672015,1.05328448576088,"HIC1_HEK293"
342,875,5642,12372,0.999976447757393,0.750266379051324,"ASXL1_HEK293T"
548,875,8886,12372,0.999999999620729,0.634947551626803,"NFE2L2_K-562"
493,875,7658,12372,0.999785438172014,0.780318863228106,"NFE2L2_HeLa-S3"
316,875,5792,12372,0.999999999987033,0.621583026710088,"CSNK2A1_LNCaP"
284,875,4691,12372,0.999784938173385,0.773113109567889,"CCAR2_Hep-G2"
589,875,8997,12372,0.999893787679696,0.756625531453561,"ZNF274_Hep-G2"
416,875,6414,12372,0.996262605647521,0.830931989261333,"XRN2_DLD-1"
650,875,10064,12372,0.999999966252862,0.639240050147953,"BRD4_LNCaP-C4-2"
608,875,9834,12372,0.999999999999859,0.560568448315786,"BRD4_NCI-H1963"
705,875,10482,12372,0.999756880496577,0.729584488254432,"BRD4_CLL"
490,875,7813,12372,0.999997173903413,0.725477806100404,"BRD4_SEM"
617,875,9644,12372,0.999999961555393,0.654388415893151,"BRD4_MM1-S"
555,875,8663,12372,0.999994102036693,0.724946874553032,"BRD4_MPNST"
560,875,9313,12372,0.999999999999996,0.55736973097896,"BRD4_RH4"
759,875,10685,12372,0.390692789295757,1.03558898930493,"BRD4_SUM159PT"
646,875,9576,12372,0.995677676786269,0.8109132944046,"BRD4_MV4-11-B"
489,875,7703,12372,0.999973136082227,0.752166200546016,"BRD4_HT29"
729,875,10463,12372,0.867169773023402,0.904335884280532,"BRD4_MDA-MB-231"
638,875,9700,12372,0.999972906007267,0.72336862255637,"BRD4_T-cell"
317,875,5747,12372,0.999999999908223,0.634770861641991,"BRD4_HEK293"
495,875,8326,12372,0.99999999999756,0.609827277378805,"BRD4_DND41"
606,875,9691,12372,0.999999999969716,0.598127116740181,"BRD4_HEK293T"
577,875,8415,12372,0.918987608115479,0.903903422247154,"BRD4_HCC1806"
589,875,9581,12372,0.999999999999658,0.573756053431007,"BRD4_VCaP"
521,875,8573,12372,0.999999999912125,0.629704998325503,"BRD4_KOPT-K1"
587,875,9323,12372,0.999999995764893,0.644193640057331,"BRD4_LNCaP-clone-FGC"
651,875,10269,12372,0.999999999991124,0.567805277649063,"BRD4_cortical-interneuron"
200,875,3923,12372,0.999999999208398,0.618718897787106,"BRD4_COLO-320"
554,875,9525,12372,1,0.485979132933606,"BRD4_SK-N-BE2-C"
150,875,2565,12372,0.997546259868322,0.778089908833679,"BRD4_OVCAR-3"
649,875,9805,12372,0.999926645316548,0.734249636940103,"BRD4_MV4-11"
617,875,9656,12372,0.999999974709973,0.65034508032796,"BRD4_CD4"
680,875,10120,12372,0.99935769460518,0.759883739640745,"BRD4_HeLa"
345,875,5271,12372,0.97784683783416,0.868338907231568,"BRD4_SUM149"
247,875,3693,12372,0.870050833592445,0.918915759152319,"BRD4_SUM149PT"
467,875,7567,12372,0.999999515509078,0.708890716828944,"BRD4_HCT-15"
478,875,8069,12372,0.999999999992306,0.619545326918392,"BRD4_Hep-G2"
743,875,10859,12372,0.996114482854631,0.768440447575361,"BRD4_retina"
644,875,9447,12372,0.978036495759468,0.853217346878437,"BRD4_SUM229PE"
633,875,9886,12372,0.999999990817508,0.63437613574035,"BRD4_MCF-7"
178,875,2797,12372,0.956969384426004,0.865711242936558,"BRD4_KK-1"
460,875,6925,12372,0.983594693120124,0.862756313689853,"BRD4_LPS141"
596,875,9148,12372,0.999972812395667,0.735649878997493,"BRD4_SW480"
638,875,10097,12372,0.999999999981968,0.580034387745537,"BRD4_Kelly"
317,875,5426,12372,0.999999161606908,0.710340890955097,"BRD4_CHL-1"
645,875,10019,12372,0.999999982455062,0.635148413223753,"BRD4_hESC"
568,875,8724,12372,0.999912481960081,0.757894745488474,"BRD4_PC-3"
671,875,9961,12372,0.998422207942891,0.781426791689206,"BRD4_THP-1"
561,875,9040,12372,0.999999999351716,0.635953221450991,"BRD4_T-47D"
456,875,6824,12372,0.971943149257585,0.876568483939642,"BRD4_COLO-205"
470,875,7899,12372,0.9999999999289,0.635464225455557,"BRD4_Mutu-1"
652,875,10047,12372,0.999999844652935,0.654177627369574,"BRD4_22Rv1"
252,875,4608,12372,0.999999979702868,0.663128567124289,"BRD4_SUM185"
599,875,9086,12372,0.999717280270284,0.769724135474624,"BRD4_MOLM-14"
464,875,7250,12372,0.999758748500041,0.783770344720556,"BRD4_SUM1315"
39,875,790,12372,0.995363381074636,0.66754058024814,"BRD4_MOLT-4"
375,875,6860,12372,0.999999999999996,0.579682987394579,"BRD4_BE2C"
653,875,10051,12372,0.999999790089415,0.65698287298275,"BRD4_K-562"
541,875,8753,12372,0.999999998376705,0.647968113608633,"BRD1_RKO"
552,875,8147,12372,0.965510826915676,0.878017799493102,"HNRNPK_Hep-G2"
421,875,6983,12372,0.999999880795391,0.69742427187606,"MTA2_pre-B-cell"
682,875,10205,12372,0.999850003319209,0.732508403709408,"ZBTB7A_VCaP"
684,875,10404,12372,0.999999294414247,0.654728590271336,"KLF9_GBM1A"
557,875,8594,12372,0.999941621515389,0.754063616569591,"KDM1A_K-562"
507,875,8027,12372,0.999995607521847,0.728661594308062,"DEK_HeLa-S3"
394,875,5493,12372,0.361401567956282,1.02781207734833,"FOS_IMR-90"
266,875,4462,12372,0.999891357432431,0.760014816181819,"USF2_GM12878"
223,875,3817,12372,0.999873476848312,0.752097877838725,"USF2_HeLa-S3"
492,875,7604,12372,0.999541017869218,0.792061137364447,"USF2_IMR-90"
288,875,4684,12372,0.999289851708087,0.792545757427789,"UBN1_HeLa"
408,875,6827,12372,0.999999940799701,0.691174756811372,"MLLT1_K-562"
485,875,7156,12372,0.937259241159043,0.899658815441743,"MLLT1_MV4-11"
285,875,4951,12372,0.999998996456714,0.70720394988464,"MED1_hESC"
678,875,9930,12372,0.984520164109591,0.835112670542184,"MED1_HCT-116"
286,875,5855,12372,1,0.516900323297047,"MED1_G296S"
281,875,5540,12372,0.999999999999999,0.561155729411587,"MED1_cardiomyocyte"
512,875,8060,12372,0.999989774676303,0.737981520629528,"MED1_SGBS"
363,875,6373,12372,0.999999999715105,0.647316745572151,"MED1_Jurkat"
451,875,7261,12372,0.999995951080728,0.732111528317003,"MED1_CD4"
347,875,5115,12372,0.861405689693983,0.927480226916497,"MED1_AML"
609,875,9928,12372,0.999999999999998,0.535147918205098,"MED1_VCaP"
609,875,8856,12372,0.916579703804201,0.902255109815183,"MED1_SUM159PT"
663,875,10153,12372,0.999999522616822,0.661417195960149,"MED1_MCF-7"
541,875,8249,12372,0.999218164191366,0.796256115337436,"MED1_U-87MG"
421,875,6472,12372,0.995504291357632,0.834611113287463,"MED1_MOLM-13"
655,875,10186,12372,0.99999999679282,0.614163478360362,"MED1_MM1-S"
454,875,7073,12372,0.999517064794948,0.794757845978022,"MED1_MOLM-14"
452,875,7120,12372,0.999882521777967,0.773879569049669,"MED1_hMSC-TERT4"
589,875,9568,12372,0.999999999999382,0.577565810221173,"MED1_Hep-G2"
114,875,1506,12372,0.225202903060557,1.0874854478707,"TRIM28_WIBR3"
240,875,4454,12372,0.999999990560576,0.653232415218217,"RBM39_K-562"
231,875,3926,12372,0.999844000560904,0.757395540710477,"MZF1_HEK293"
710,875,9749,12372,0.0416809936992285,1.17011709431326,"SMC1A_primary-epidermal-keratinocyte"
680,875,10079,12372,0.998404155688738,0.778408660527834,"JUN_MCF-7"
286,875,4162,12372,0.743824128186835,0.954727058420792,"JUN_MCF10A-Er-Src"
686,875,10030,12372,0.982567955628872,0.836326617976176,"JUN_MDA-MB-231"
581,875,8325,12372,0.732734615286758,0.957737890630305,"JUN_HUES-8"
552,875,8460,12372,0.999759314213352,0.775655740601649,"JUN_K-562"
142,875,2282,12372,0.965488516312935,0.847058984448036,"JUN_leiomyoma"
728,875,10574,12372,0.976970893519368,0.83046212498101,"JUN_MDA-BoM-1833"
503,875,8121,12372,0.999999915643385,0.688496837022134,"FIP1L1_Hep-G2"
749,875,10773,12372,0.91805790039709,0.87355771486618,"CDKN1B_MDA-MB-231"
760,875,11023,12372,0.98657949123818,0.79463120855718,"SMAD3_H69"
445,875,7387,12372,0.999999983769306,0.67908018996972,"ZNF324_HEK293"
257,875,4500,12372,0.999997524600333,0.710985725686045,"RBBP4_RH5"
545,875,8172,12372,0.993088120706796,0.838015101732338,"TP53_IMR-90"
608,875,9543,12372,0.999999976246279,0.65297045187501,"HMGXB4_Hep-G2"
246,875,4033,12372,0.998671049009743,0.796230393485784,"NR4A1_K-562"
514,875,8411,12372,0.999999999010652,0.649092120099576,"ATF7_K-562"
488,875,8128,12372,0.999999999888234,0.63660228849571,"CDK8_SET-2"
606,875,9088,12372,0.998249486998696,0.800766278167193,"CDK8_MOLM-14"
564,875,9147,12372,0.999999999949911,0.615726619552883,"CDK8_leiomyoma"
525,875,7900,12372,0.993507957559864,0.838393582686039,"ZBTB48_HEK293"
583,875,8774,12372,0.998162671596196,0.805888301917418,"JUND_A-549"
100,875,1300,12372,0.192758175730107,1.10722978374035,"CHD4_A-549"
377,875,5659,12372,0.95275009899543,0.890763761381423,"SMARCC1_HeLa-S3"
526,875,8565,12372,0.999999998828078,0.648333504906435,"ZNF76_HEK293"
71,875,1291,12372,0.992962523785137,0.743907116829949,"USP7_HEK293T"
670,875,9213,12372,0.0738873142286024,1.13009639870834,"NCAPH2_IMR-90"
189,875,3177,12372,0.998415878257397,0.784607326985291,"YY1AP1_HEK293"
626,875,9419,12372,0.999494757622947,0.773132989502236,"MGA_A-549"
730,875,10520,12372,0.921847310436113,0.877802095122123,"BRD9_MDA-MB-231"
497,875,6642,12372,0.0298106332596516,1.14512750913687,"BRD9_Mel270"
636,875,9103,12372,0.746446510962033,0.952297760671016,"E2F6_WA01"
207,875,3605,12372,0.999929843352949,0.738587892449558,"INTS13_monocyte"
592,875,9292,12372,0.999999894283056,0.672548655241454,"INTS13_HL-60"
470,875,8489,12372,1,0.503344993083478,"XBP1_LNCaP"
617,875,9265,12372,0.998992845519572,0.787854590283998,"SP3_HEK293"
667,875,10262,12372,0.999999944359409,0.635691755379151,"CDK9_MM1-S"
526,875,9122,12372,1,0.508654585781683,"CDK9_HEK293T"
587,875,9590,12372,0.999999999999929,0.564659748546702,"MXI1_SK-N-SH"
491,875,8083,12372,0.999999998061845,0.657681224570576,"MXI1_HeLa-S3"
284,875,5099,12372,0.999999986730953,0.666892048223045,"RUNX1_VCaP"
392,875,7192,12372,1,0.560639755814419,"RUNX1_ALL-SIL"
703,875,10601,12372,0.999997243477243,0.660305913654371,"RUNX1_CD34"
575,875,8999,12372,0.999999110531494,0.699204591475128,"RUNX1_BCP-ALL"
659,875,10067,12372,0.999998432754837,0.677467244539384,"RUNX1_SKNO-1"
511,875,7777,12372,0.997822624997498,0.817484832986854,"RUNX1_H9"
739,875,10857,12372,0.998852845126644,0.74060618020079,"RUNX1_AML"
432,875,6914,12372,0.999974074665455,0.754494923844197,"RUNX1_697"
617,875,8675,12372,0.411714994089638,1.02063351181199,"RUNX1_epididymis"
560,875,8692,12372,0.999984836158449,0.735646191884768,"RUNX1_Jurkat"
534,875,8332,12372,0.999980866817971,0.742818598433688,"RUNX1_NALM-6"
660,875,9891,12372,0.999698434050131,0.753576651920179,"RUNX1_SKH1"
547,875,8655,12372,0.999999585845657,0.697079021056091,"RUNX1_MV4-11"
661,875,10092,12372,0.999998416035471,0.67666831549453,"RUNX1_ME-1"
138,875,2983,12372,0.999999999837851,0.569455419226835,"CHD1_LNCaP"
448,875,6001,12372,0.0526678492814931,1.12304423420558,"CHD1_IMR-90"
336,875,5062,12372,0.946127971696452,0.893157315297312,"TCF4_GEN2-2"
29,875,575,12372,0.982402646782728,0.68754607222649,"POU2F2_HNPC"
496,875,8154,12372,0.999999998286834,0.656065838108129,"CTNNB1_hiPSC"
608,875,8920,12372,0.965285560325825,0.872583406053974,"ZBTB48_U2OS"
507,875,6386,12372,5.70684893458492e-05,1.31651974917152,"RAD21_MDM"
316,875,5683,12372,0.999999999562484,0.645685560005823,"RAD21_GP5D"
582,875,8907,12372,0.999902224024059,0.756847629646161,"RAD21_HAP1"
601,875,9738,12372,0.999999999999771,0.56658056506913,"NONO_Hep-G2"
281,875,4073,12372,0.712817000470284,0.961224159405258,"GATA6_HUES-8"
554,875,8750,12372,0.999999608667377,0.695123399241407,"GATA6_PATU8988"
148,875,2524,12372,0.997014659092812,0.781510741718241,"GATA6_YCC-3"
240,875,3581,12372,0.856558333933587,0.922660095794001,"FOS_leiomyoma"
472,875,7861,12372,0.999999999366549,0.651144959431241,"HDAC2_RH4"
463,875,6756,12372,0.859586474992085,0.929327542487776,"HDAC2_MCF-7"
605,875,9586,12372,0.999999998756244,0.627763277635127,"HDAC2_K-562"
364,875,5247,12372,0.704524650974728,0.964843839449507,"HDAC2_VCaP"
598,875,9436,12372,0.999999988575013,0.649534965761614,"HDAC2_PC-3"
653,875,9967,12372,0.999996691618295,0.68943346851103,"MXI1_IMR-90"
307,875,4973,12372,0.99943468439691,0.791294067652469,"MXI1_WA01"
583,875,9097,12372,0.999998903895196,0.699550089181879,"XRCC5_K-562"
567,875,8509,12372,0.99595038779788,0.824059585244093,"TCF3_RCH-ACV"
389,875,5900,12372,0.978421400975316,0.869410395980434,"TCF3_Kasumi-1"
556,875,8816,12372,0.999999877579808,0.683063513537457,"ILF3_K-562"
306,875,5142,12372,0.999984968416616,0.740752508540894,"RBPJ_GIC"
244,875,5077,12372,1,0.533216601416802,"RBPJ_CUTLL1"
495,875,8335,12372,0.999999999998274,0.607632292338288,"RBPJ_GSC8-11"
612,875,8777,12372,0.763139414653032,0.949613059992089,"RBPJ_SCC"
353,875,6073,12372,0.999999970207723,0.683009105628425,"RBPJ_THP-6"
621,875,9317,12372,0.998961030374091,0.787511085828688,"RBPJ_HCC1599"
403,875,6413,12372,0.999829772649231,0.779532603827906,"RBPJ_MDA-MB-157"
574,875,8001,12372,0.288405742900646,1.04502412396625,"NFKB1_HEK293T"
303,875,5974,12372,1,0.544228743434064,"YY1_HEK293"
535,875,9222,12372,1,0.509005661525171,"YY1_SK-N-SH"
618,875,9918,12372,0.999999999999124,0.568105717133862,"YY1_Ishikawa"
652,875,10062,12372,0.999999909050913,0.648474625731712,"YY1_HCT-116"
585,875,9336,12372,0.999999998954263,0.633021555468833,"YY1_A-549"
588,875,9149,12372,0.999998381773243,0.702652077515781,"YY1_GM12892"
651,875,10235,12372,0.999999999955414,0.580127878459219,"YY1_K-562"
709,875,10635,12372,0.999988910735832,0.676014977754827,"YY1_Hep-G2"
612,875,9599,12372,0.999999980001933,0.649937417386956,"YY1_WA01"
321,875,5934,12372,0.999999999998806,0.6074254352545,"YY1_ALL"
592,875,9401,12372,0.999999997427273,0.638344923496372,"YY1_GM12891"
463,875,7235,12372,0.999753739465655,0.784118950733967,"HNRNPH1_Hep-G2"
362,875,4937,12372,0.188413971911303,1.06765066969518,"DDX5_BT-549"
406,875,6973,12372,0.999999999658317,0.649915791292469,"GTF2F1_HeLa-S3"
589,875,8607,12372,0.937707902349421,0.893602505698702,"BHLHE40_IMR-90"
515,875,7033,12372,0.112905388624681,1.09280341783332,"OGG1_HEK293"
511,875,7788,12372,0.998182711563662,0.814127835300532,"E2F6_A-549"
656,875,10226,12372,0.999999998998861,0.603185038583273,"E2F6_K-562"
223,875,3450,12372,0.954565905191324,0.87653793966036,"KLF4_BJ"
560,875,8796,12372,0.999998988951048,0.703922840251056,"TAF1_A-549"
320,875,5008,12372,0.99360326372957,0.837452603946151,"MAZ_A-549"
734,875,10709,12372,0.991946229902024,0.794305551417321,"MAZ_IMR-90"
559,875,8815,12372,0.999999594168443,0.694460805535073,"MAZ_Hep-G2"
714,875,10590,12372,0.999707631859096,0.727925665967723,"MAZ_HEK293"
570,875,8911,12372,0.999998356004205,0.707142401797099,"MAZ_HeLa-S3"
491,875,7852,12372,0.999998503299538,0.718490342782673,"MAZ_MCF-7"
660,875,10222,12372,0.999999990957908,0.621237473520322,"MAZ_K-562"
520,875,7993,12372,0.999566978749184,0.788779921722061,"TRIM22_GM12878"
614,875,9265,12372,0.999554380709928,0.773935723670129,"ZNF692_HEK293"
530,875,8311,12372,0.999991302428713,0.733656723220475,"HMGN3_K-562"
289,875,4280,12372,0.852497504689111,0.927525923823943,"EBF1_NALM-6"
353,875,6112,12372,0.999999990051501,0.673805192861559,"EBF1_MUTUL"
323,875,5709,12372,0.999999995724805,0.663934625778429,"TP53_hESC"
581,875,8872,12372,0.999842777144107,0.764164525682477,"TP53_MDA-MB-231"
705,875,10068,12372,0.75319832517629,0.945188836855251,"RBBP5_WA01"
614,875,9377,12372,0.999966125542625,0.733981718380222,"NFAT5_Hep-G2"
224,875,3671,12372,0.997494221463814,0.803602582182869,"NR3C1_HeLa-B2"
138,875,2014,12372,0.677929942792407,0.96027295239141,"NR3C1_T47D-A1-2"
351,875,5240,12372,0.923344836322474,0.905346995418611,"NR3C1_breast"
436,875,6622,12372,0.989459672924388,0.852697356099975,"KDM1A_NB4"
213,875,3090,12372,0.686053089284721,0.964001472958395,"KDM1A_SKNO-1"
149,875,2288,12372,0.886245221436435,0.897895600738269,"KDM1A_SET-2"
553,875,8650,12372,0.999995853354204,0.721156998591404,"BCL6_CD4"
561,875,8887,12372,0.999999895006405,0.680467776189386,"BCL6_SU-DHL-4"
455,875,7383,12372,0.999999214550711,0.714491596368175,"BCL6_B-cell"
599,875,9304,12372,0.999998817360818,0.696110507917596,"BCL6_OCI-Ly1"
501,875,8057,12372,0.999999760496486,0.698676662468502,"KLF16_HEK293"
42,875,460,12372,0.0521306618697234,1.33633538346184,"MEIS1_CHRF28811"
562,875,9207,12372,0.999999999998441,0.592378050536777,"TAF1_K-562"
441,875,7009,12372,0.999950348758683,0.762585768082535,"TAF1_GM12891"
621,875,10020,12372,0.999999999999966,0.545788127951474,"TAF1_Ishikawa"
510,875,8962,12372,1,0.50340574757123,"TAF1_neural"
327,875,4860,12372,0.892092626370032,0.916716776579148,"TAF1_liver"
454,875,7181,12372,0.999939881596068,0.764690324811189,"TAF1_GM12892"
392,875,6913,12372,0.999999999996352,0.619342660800007,"TAF1_PFSK1"
659,875,10314,12372,0.999999999899542,0.582091910492949,"TAF1_Hep-G2"
516,875,7332,12372,0.586858504396665,0.98710520719349,"ZNF263_K-562"
372,875,6581,12372,0.999999999979134,0.629893307858595,"KLF10_Hep-G2"
576,875,9004,12372,0.999998878066071,0.70151507146379,"TCF12_ME-1"
609,875,9530,12372,0.999999942677636,0.661125764456,"TCF12_Ishikawa"
613,875,9598,12372,0.999999967693791,0.65415000313203,"NCBP1_DLD-1"
105,875,1810,12372,0.991395809980955,0.783167289279209,"NFIC_Hep-G2"
323,875,4713,12372,0.782487031311067,0.947292593303885,"NFIC_Ishikawa"
276,875,4457,12372,0.998280421936511,0.806291191415083,"NFIC_K-562"
199,875,2560,12372,0.0666097881742903,1.13912356276278,"NFIC_SK-N-SH"
417,875,6135,12372,0.888776351382878,0.920216381234995,"FUS_Hep-G2"
524,875,7581,12372,0.819071341212142,0.93926784371605,"TEAD4_SK-MEL-147"
537,875,8907,12372,0.999999999999325,0.593591199402932,"HBP1_Hep-G2"
329,875,4624,12372,0.456511678150021,1.01040137021041,"HNRNPL_K-562"
550,875,8376,12372,0.999274325498577,0.793861510701619,"HNRNPL_Hep-G2"
233,875,4169,12372,0.999998753373394,0.697199579575591,"NCOR1_K-562"
289,875,4477,12372,0.980447210964579,0.860681399383529,"NCOR1_LS180"
583,875,8846,12372,0.999527125112335,0.781420376552357,"KLF9_HEK293"
349,875,5409,12372,0.99211500896806,0.844070689558588,"KLF9_MCF-7"
285,875,5001,12372,0.999999716463828,0.694585568615601,"EPAS1_501-mel"
348,875,5523,12372,0.998864486501118,0.806716082968538,"TWIST1_BE2C"
359,875,5675,12372,0.998757909631605,0.808958942067352,"TWIST1_SK-N-BE2-C"
237,875,3783,12372,0.991445457843755,0.832962814011857,"TWIST1_SHEP-21N"
477,875,7819,12372,0.999999980574328,0.678303738162063,"TCF12_Kasumi-1"
537,875,8734,12372,0.999999999491631,0.639636887311123,"USF1_SK-N-SH"
407,875,6678,12372,0.99999809005555,0.724764313702981,"USF1_Ishikawa"
302,875,5110,12372,0.999991610883832,0.733263761575098,"USF1_WA01"
273,875,4487,12372,0.999520237943277,0.783780915521855,"USF1_Hep-G2"
353,875,6024,12372,0.999999887722842,0.694752444484908,"USF1_A-549"
308,875,5112,12372,0.999947430763054,0.756825063180875,"ZBTB11_K-562"
527,875,7880,12372,0.987323697990007,0.853484364276808,"KDM5B_SUM159"
379,875,6532,12372,0.99999999769959,0.663676646674418,"SOX4_MRC-5"
555,875,8430,12372,0.999057069588597,0.797740482336005,"APC_HCT-116"
330,875,5395,12372,0.999892975279918,0.768942234501627,"ZNF503_Hep-G2"
452,875,7718,12372,0.999999999992179,0.622275669797868,"EZH1_ProEs"
659,875,10127,12372,0.999999795119496,0.653841673535562,"ATF3_Hep-G2"
525,875,8609,12372,0.999999999840109,0.633313096227499,"MLX_Hep-G2"
573,875,8829,12372,0.999963144732589,0.744838679877354,"PTBP1_Hep-G2"
547,875,8102,12372,0.974217131333918,0.870168973932149,"SKI_HL-60"
519,875,8348,12372,0.999999940353994,0.683037543016111,"SKI_Hep-G2"
566,875,8999,12372,0.999999975564245,0.665549075785927,"U2AF1_Hep-G2"
542,875,8493,12372,0.999994719461602,0.725893635288202,"BRD2_foreskin"
704,875,10373,12372,0.997519306172852,0.778360552966689,"BRD2_SUM149PT"
683,875,9836,12372,0.872801437893486,0.910984822039887,"BRD2_SK-MEL-147"
670,875,10162,12372,0.999993588320296,0.690386594345785,"BRD2_THP-1"
757,875,10846,12372,0.869707442618347,0.895280072177592,"BRD2_SUM159PT"
357,875,5759,12372,0.999830386394081,0.77761969708846,"RFX5_Hep-G2"
310,875,6438,12372,1,0.480739328839976,"DDX21_A-375"
587,875,9201,12372,0.999999761996844,0.682181553227069,"MXD4_Hep-G2"
425,875,7383,12372,0.999999999997675,0.616146717677446,"CHD2_Hep-G2"
639,875,9919,12372,0.999999956195593,0.646880349534277,"CHD2_HeLa-S3"
573,875,9722,12372,1,0.486960024855808,"CHD2_SK-N-SH"
440,875,7569,12372,0.999999999995323,0.619800705522384,"CHD2_K-562"
614,875,9692,12372,0.999999998332242,0.62689105370331,"MYC_K-562"
279,875,3964,12372,0.553808554051278,0.99239123864456,"MYC_IMEC"
432,875,6894,12372,0.999960391988603,0.759847408470426,"MYC_NCI-H128"
366,875,6403,12372,0.999999999576257,0.650360895571555,"MYC_Kelly"
385,875,6599,12372,0.999999996096021,0.668026325177337,"MYC_GP5D"
288,875,4487,12372,0.985673395910571,0.852772322080401,"MYC_LoVo"
73,875,817,12372,0.0213483792865092,1.31550795878459,"MYC_breast"
663,875,10106,12372,0.999997716733542,0.680273383088668,"MYC_P493-6"
343,875,5808,12372,0.999999280815107,0.711651037849406,"MYC_Raji"
232,875,3568,12372,0.947549641336598,0.882675359012427,"MYC_OVCAR-3"
342,875,5062,12372,0.880613331998592,0.921273436637645,"MYC_MDA-MB-231"
342,875,6201,12372,0.999999999995825,0.617477583878222,"MYC_G-401"
211,875,3112,12372,0.780265830464599,0.941597526038087,"MYC_DLD-1"
597,875,9734,12372,0.999999999999974,0.554721595231119,"MYC_LNCaP"
528,875,8439,12372,0.999999858610783,0.689745708755891,"MYC_MDA-MB-453"
483,875,8119,12372,0.99999999998573,0.623015044089607,"MYC_Jurkat"
538,875,8945,12372,0.999999999999765,0.586812506717425,"MYC_BE2C"
615,875,9759,12372,0.999999999807662,0.608706079832747,"MYC_MCF-7"
649,875,9793,12372,0.999900714383978,0.738981464972898,"MYC_U2OS"
401,875,5978,12372,0.941196025897854,0.898030461651411,"MYC_HT-1080"
430,875,6632,12372,0.997259990043583,0.824994228212507,"MYC_HeLa-S3"
277,875,3642,12372,0.073362579668992,1.11939615184007,"MYC_HCT-116"
481,875,7570,12372,0.99995593754164,0.759143136404041,"MYC_A-549"
223,875,3358,12372,0.881884050905192,0.912291913264797,"MYC_HeLa"
577,875,9113,12372,0.999999936752509,0.671674277830908,"MYC_MM1-S"
583,875,8751,12372,0.997259640924682,0.813775973567943,"MYC_MCF-10A"
401,875,6466,12372,0.999966435680104,0.757717552586419,"MYC_BJ"
535,875,8285,12372,0.999925400473639,0.760821798003018,"MYC_endothelial"
223,875,3444,12372,0.951339705746286,0.878807390025057,"MYC_NB4"
601,875,9330,12372,0.999998813896448,0.695567622819232,"MYC_CD34"
582,875,9342,12372,0.999999999803796,0.620647016644857,"TBX2_Hep-G2"
289,875,4897,12372,0.999985994614168,0.737317794816851,"TBX2_Kelly"
110,875,1938,12372,0.99677018265857,0.760583890681894,"TBX2_SK-N-BE2-C"
486,875,8121,12372,0.99999999994407,0.631965050852695,"MTA2_RH4"
573,875,8547,12372,0.991979132745075,0.838297980177409,"HNRNPC_Hep-G2"
493,875,7574,12372,0.998996750254437,0.804879646353038,"YY1AP1_PC-9"
219,875,3713,12372,0.999692775480534,0.764656652106724,"YY1AP1_T-47D"
698,875,10475,12372,0.999977174477131,0.693776915224079,"SUPT5H_HCT-116"
568,875,8797,12372,0.999984047659679,0.734770499164425,"IRF1_K-562"
240,875,4037,12372,0.999755713159332,0.766466643969954,"NR4A1_Kasumi-1"
482,875,8088,12372,0.999999999973064,0.627425211379323,"TBL1XR1_Hep-G2"
372,875,6085,12372,0.999982391070876,0.74877426091324,"GTF2B_IMR-90"
637,875,9988,12372,0.999999998806883,0.614262796635994,"GTF2B_HeLa"
424,875,6864,12372,0.999993438273005,0.738264372114359,"KDM5B_HCC2157"
574,875,9329,12372,0.999999999994436,0.597278852156748,"KDM5B_K-562"
657,875,10118,12372,0.999999884631396,0.648585283727921,"KDM5B_T-47D"
667,875,10197,12372,0.999999408982171,0.661897328914908,"KDM5B_SUM185"
615,875,9408,12372,0.999978489545111,0.727416990467176,"KDM5B_Hep-G2"
407,875,7356,12372,1,0.569222164457492,"ZNF574_HEK293"
566,875,8985,12372,0.999999961692132,0.669701496570462,"ZNF697_Hep-G2"
586,875,9320,12372,0.999999997017951,0.641482307492922,"FOXP1_H9"
376,875,5733,12372,0.98258289271554,0.863653257675013,"FOXP1_B-cell"
450,875,7324,12372,0.999999393722854,0.712130138376178,"FOXP1_Hep-G2"
650,875,10036,12372,0.999999905980839,0.649764283796665,"RBM39_Hep-G2"
361,875,5296,12372,0.840417838339948,0.933873196789181,"PARP1_MCF-10A"
437,875,6486,12372,0.940572495002093,0.898596869705567,"SMARCA4_TOV-21G"
648,875,9874,12372,0.999992145068601,0.702694562093282,"SMARCA4_22Rv1"
673,875,10027,12372,0.999335232375088,0.76330625861932,"SMARCA4_MCF-7"
542,875,8337,12372,0.999815014507686,0.773036114814006,"SMARCA4_CTV-1"
568,875,8839,12372,0.9999944652812,0.721651336963469,"SMARCA4_K-562"
642,875,9849,12372,0.99999835588207,0.685348179478393,"SMARCA4_BIN-67"
417,875,6132,12372,0.885930095669749,0.921178338910125,"SMARCA4_J-Lat"
623,875,9683,12372,0.99999986215447,0.6650140417424,"SMARCA4_TTC-1240"
610,875,9660,12372,0.999999999180688,0.622426600902908,"SMARCA4_NGP"
667,875,9893,12372,0.997851130434595,0.789359929273215,"SMARCA4_A-549"
464,875,6589,12372,0.570037739778542,0.990161272957634,"EP300_pulmonary-artery"
463,875,7530,12372,0.999999698688156,0.704493446424187,"EP300_Hep-G2"
349,875,5304,12372,0.970659365836868,0.876025937868413,"EP300_fibroblast"
443,875,6656,12372,0.976411183005662,0.872141460419636,"EP300_AML"
287,875,3738,12372,0.0462103037292906,1.13797053717804,"EP300_osteoblast"
209,875,3988,12372,0.999999992164399,0.640935852904809,"EP300_Kasumi-1"
553,875,8656,12372,0.999996450031229,0.71935220017088,"EP300_HeLa-S3"
513,875,8410,12372,0.999999999346673,0.646040111251729,"EP300_PC-3"
451,875,7186,12372,0.999977696496479,0.752105249617098,"ZNF12_Hep-G2"
597,875,9036,12372,0.999541785594758,0.778175413452531,"LDB1_Kasumi-1"
357,875,6020,12372,0.999999455462994,0.710022990022959,"SMAD3_BG03"
71,875,591,12372,6.29239553909309e-06,1.86411489552435,"SMAD3_HMLE"
421,875,5621,12372,0.0530681947318625,1.12292826041062,"SMAD3_NCI-H441"
662,875,9649,12372,0.960539252714889,0.868068613908776,"SMAD3_PC-3"
607,875,9461,12372,0.999999764711577,0.676124473004482,"SMAD3_Hep-G2"
592,875,9297,12372,0.999999909913198,0.670960933864344,"RB1_K-562"
592,875,8966,12372,0.99951508975022,0.780142151427819,"RB1_GM12878"
520,875,8444,12372,0.999999995381646,0.660500813762996,"REST_hiPSC"
416,875,6400,12372,0.995411183064178,0.834995965353623,"REST_GM12878"
574,875,9140,12372,0.999999992819825,0.652528546975392,"REST_K-562"
512,875,8479,12372,0.999999999964142,0.624967574821828,"REST_hippocampus"
475,875,7318,12372,0.998887983497735,0.807653207968581,"REST_liver"
430,875,7308,12372,0.999999999680424,0.648966214644289,"REST_Hep-G2"
523,875,8924,12372,1,0.547615429804475,"REST_neural"
544,875,8772,12372,0.999999996760339,0.652991681021604,"GMEB1_Hep-G2"
413,875,6526,12372,0.999711601718847,0.787352555594294,"SRSF3_Hep-G2"
476,875,6490,12372,0.12325484624272,1.08761383959437,"FOSL1_BT-549"
524,875,8032,12372,0.999417174129041,0.793197777656827,"EHMT2_Rh41"
92,875,1587,12372,0.986822490873562,0.786104250332841,"CTBP2_LNCaP"
621,875,9618,12372,0.999999506236529,0.679383806534889,"ZNF276_Hep-G2"
312,875,4545,12372,0.764805309757233,0.950984184359433,"BACH1_WA01"
523,875,7782,12372,0.978100767283069,0.867462267775808,"BACH1_GM12878"
630,875,9899,12372,0.999999998706165,0.618125269539965,"KDM3A_Hep-G2"
239,875,3126,12372,0.080717468902354,1.12069714544395,"DAXX_PC-3"
320,875,4516,12372,0.495696861941889,1.00323774897663,"SMARCD3_MCF-7"
332,875,5283,12372,0.998655616470229,0.808405086177435,"RAD21_RH4"
737,875,10794,12372,0.997085417199407,0.764703535879537,"KDM4A_hiPSC"
167,875,2475,12372,0.772028070988284,0.939128185505317,"SNAPC1_MCF-10A"
97,875,1330,12372,0.386831184609868,1.03787960326143,"NAB2_HL-60"
646,875,9725,12372,0.999800578118594,0.751322123572907,"MTA1_Hep-G2"
433,875,7507,12372,0.999999999998622,0.612564399837082,"E4F1_K-562"
157,875,2730,12372,0.999204475382786,0.758421148849865,"TBX3_Hep-G2"
460,875,7311,12372,0.999977699672178,0.751712904859814,"VEZF1_K-562"
289,875,4903,12372,0.999987736802923,0.73571779652126,"ARNT_HCT-116"
670,875,10131,12372,0.999983684536832,0.703356627884251,"ARNT_MCF-7"
543,875,8516,12372,0.999995856016579,0.722899501091057,"ARNT_SK-MEL-28"
449,875,7798,12372,0.999999999999916,0.59496098048504,"ARNT_501-mel"
698,875,10483,12372,0.999982223204829,0.68998588113969,"CREB1_A-549"
654,875,10192,12372,0.999999998499778,0.607831660520505,"CREB1_WA01"
507,875,8241,12372,0.999999988313792,0.670336958896264,"CREB1_GM12878"
465,875,7978,12372,0.999999999999668,0.601417036413382,"CREB1_MCF-7"
485,875,8254,12372,0.99999999999977,0.596754901400862,"CREB1_K-562"
511,875,8903,12372,1,0.519425884087662,"CREB1_LNCaP"
580,875,9485,12372,0.999999999999836,0.572315749080169,"CREB1_Hep-G2"
405,875,6947,12372,0.999999999499504,0.652700275276644,"CREB1_MDA-MB-134-VI"
625,875,9949,12372,0.999999999988951,0.582665867911624,"CREB1_LNCaP-abl"
481,875,7819,12372,0.999999906300437,0.691974995194465,"SMARCC1_TTC-1240"
685,875,10494,12372,0.999999964118184,0.620447473947672,"SMARCC1_BIN-67"
612,875,9835,12372,0.999999999998629,0.573769483178808,"SMARCC1_SCCOHT-1"
301,875,4689,12372,0.9881240930713,0.849597892359233,"SMARCC1_HCT-116"
694,875,10182,12372,0.991944755749076,0.811883989040637,"SMARCC1_Aska-SS"
599,875,9107,12372,0.999820415234073,0.762472108654191,"SUPT5H_U2OS"
669,875,10320,12372,0.999999984992868,0.62120986871574,"SUPT5H_DLD-1"
672,875,10495,12372,0.999999999970796,0.564171977687685,"SUPT5H_HEK293"
710,875,10583,12372,0.999915375973005,0.707824098675285,"SUPT5H_HeLa"
442,875,7916,12372,1,0.54946189012835,"SUPT5H_MOLT-4"
396,875,6591,12372,0.999999646702714,0.707578463876903,"ZNF524_HEK293"
508,875,7674,12372,0.994361251722486,0.836602303730658,"IRF2_keratinocyte"
632,875,9748,12372,0.99999929629462,0.679330325262293,"HIVEP1_Hep-G2"
625,875,9601,12372,0.999996087133997,0.70217219497828,"ELF1_ME-1"
559,875,9188,12372,0.999999999999309,0.587987770897862,"ELF1_MCF-7"
564,875,8967,12372,0.999999970512223,0.667759353052335,"ELF1_A-549"
514,875,8591,12372,0.999999999998636,0.602907959020134,"ELF1_K-562"
195,875,3000,12372,0.926892133693958,0.88862306552926,"ELF1_HCT-116"
641,875,10141,12372,0.999999999987329,0.575863334953635,"ELF1_Hep-G2"
542,875,8773,12372,0.999999998718098,0.645855227339953,"ELF1_SK-N-MC"
322,875,5532,12372,0.999999637255193,0.702667432952317,"ELF1_SK-N-SH"
701,875,10377,12372,0.99906289569826,0.758217198956211,"ELF1_GM12878"
615,875,9265,12372,0.99941195743806,0.778538386232063,"EGR1_K-562"
289,875,4187,12372,0.713129973436154,0.961424574360929,"EGR1_HCT-116"
235,875,3757,12372,0.991844384258503,0.831465394930619,"EGR1_WA01"
620,875,9191,12372,0.992316780388448,0.83007392036062,"EGR1_fibroblast"
328,875,4772,12372,0.76392943774079,0.951667879382565,"EGR1_liver"
257,875,3555,12372,0.34557936195595,1.03384212167187,"EGR1_A-375"
393,875,6189,12372,0.999246731259536,0.802005058819431,"EGR1_T-HESCs"
267,875,4179,12372,0.984922056507106,0.851447947315866,"EGR1_MCF-7"
140,875,2396,12372,0.996638923258069,0.780246139186908,"EGR1_HL-60"
244,875,4082,12372,0.999678889285373,0.771671920904196,"EGR1_A2780"
673,875,10036,12372,0.999459058970825,0.759370341006744,"CBFB_ME-1"
496,875,8077,12372,0.999999980930341,0.67601624561183,"CBFB_SKNO-1"
642,875,9909,12372,0.999999766072812,0.663072638055333,"CBFB_Hep-G2"
391,875,5383,12372,0.244068562260802,1.05266409914591,"GLIS3_H9"
87,875,1061,12372,0.0776340544259132,1.19279011887072,"CEBPD_HAEC"
657,875,9946,12372,0.999972696846635,0.71639403430424,"AFF4_HeLa"
515,875,8183,12372,0.999998680233779,0.714338644066651,"AFF4_CD4"
306,875,4990,12372,0.999679573264892,0.782238891374278,"ESRRA_SK-BR-3"
451,875,7147,12372,0.999948818253814,0.762679077395479,"NELFE_U2OS"
637,875,9851,12372,0.999999805233865,0.66318763202719,"NELFE_HCT-116"
531,875,8216,12372,0.999898207441874,0.765718748209427,"CTCF_gastrocnemius-medialis"
349,875,5303,12372,0.970324165537666,0.876336918811617,"CTCF_B-cell"
435,875,6152,12372,0.516631333410604,0.999530940667668,"CTCF_Kelly"
436,875,6517,12372,0.962779399386327,0.884566278341987,"CTCF_breast"
211,875,3084,12372,0.73024766380789,0.953885642360834,"CTCF_HeLa-Kyoto"
387,875,5957,12372,0.992770006421918,0.843873445657774,"CTCF_Kasumi-1"
385,875,5780,12372,0.956236596121319,0.888688969467171,"CTCF_DOHH2"
317,875,4237,12372,0.106955030213843,1.09807463804737,"CTCF_HeLa"
490,875,7509,12372,0.998507990825565,0.81200004252885,"CTCF_neutrophil"
676,875,10044,12372,0.998906827888602,0.772026580542071,"CTCF_gastroesophageal-sphincter"
591,875,9079,12372,0.999970977563226,0.737729799020747,"CTCF_spleen"
605,875,9469,12372,0.999999921072017,0.665623272297705,"CTCF_retina"
418,875,6131,12372,0.870768353718522,0.926056348528669,"CTCF_plasmablast"
555,875,8097,12372,0.909277922098891,0.909509909808157,"CTCF_erythroid"
610,875,9275,12372,0.999889439531627,0.752348904957874,"CTCF_MM1-S"
524,875,7844,12372,0.988248035747233,0.851896096321231,"CTCF_cortical-interneuron"
619,875,8993,12372,0.915405328266148,0.901771330737478,"CTCF_SUM159"
422,875,6377,12372,0.98078246908403,0.866971004511341,"CTCF_GM04604"
473,875,7019,12372,0.954522306285536,0.889931947905151,"CTCF_HEK293"
371,875,5345,12372,0.70243875822035,0.965348028665234,"CTCF_primary-epidermal-keratinocyte"
415,875,6354,12372,0.992799038679991,0.844310587830514,"CTCF_HEC-1-B"
375,875,5535,12372,0.884265556701704,0.921054241068322,"CTCF_GM12871"
540,875,8081,12372,0.990508176104302,0.845642779683599,"CTCF_colon"
642,875,9340,12372,0.938992116921727,0.88669219545892,"CTCF_esophagus"
390,875,5786,12372,0.917133800053131,0.909209536651239,"CTCF_DND41"
547,875,8113,12372,0.977497415246922,0.866480057020599,"CTCF_hiPSC"
531,875,7665,12372,0.799181942333897,0.944040022952342,"CTCF_HeLa-S3"
334,875,4939,12372,0.871292004124256,0.923975114146829,"CTCF_GSC23"
224,875,3473,12372,0.958810542392896,0.873520787664751,"CTCF_GP5D"
511,875,7328,12372,0.710746878451587,0.963747373782917,"CTCF_leukemia"
618,875,9565,12372,0.999999228791483,0.685382019297724,"CTCF_anterior-temporal-cortex"
599,875,9135,12372,0.999904234630422,0.752856705180723,"RARA_TSU-1621MT"
688,875,9811,12372,0.711180036014259,0.95739197194452,"STAT1_CD14"
499,875,8514,12372,0.99999999999999,0.576604203533019,"MAX_NCI-H128"
495,875,8208,12372,0.999999999820762,0.639078799631515,"E2F4_MCF-10A"
605,875,9609,12372,0.99999999948759,0.62043642010746,"E2F4_Hep-G2"
590,875,9636,12372,0.999999999999954,0.560954667352606,"E2F4_K-562"
195,875,3913,12372,0.999999999914558,0.600007478404688,"ZNF143_HeLa-S3"
184,875,3821,12372,0.999999999994884,0.5754886195734,"ZNF143_WA09"
592,875,9521,12372,0.999999999975851,0.601655407281022,"ZNF143_Hep-G2"
121,875,2790,12372,0.999999999994076,0.530806108102318,"ZNF143_CUTLL1"
378,875,6578,12372,0.999999999637173,0.649822100646026,"ZNF143_K-562"
643,875,10067,12372,0.999999999021347,0.609687753104728,"ZNF143_MCF-7"
428,875,6768,12372,0.999838787474854,0.778853806443241,"ZNF143_WA01"
182,875,3785,12372,0.999999999994031,0.575424959712476,"ZNF143_FLP143HA"
181,875,3847,12372,0.999999999999658,0.557137720082984,"ZNF143_HeLa"
577,875,9339,12372,0.999999999982291,0.604412742510417,"TARDBP_K-562"
364,875,5421,12372,0.920376074126727,0.907172877990719,"HDAC1_NB4"
214,875,3391,12372,0.981584939125589,0.847867847925355,"HDAC1_VCaP"
666,875,9994,12372,0.999834446459617,0.740986882875246,"HDAC1_MCF-7"
563,875,9120,12372,0.99999999991351,0.620009106650866,"HDAC1_Hep-G2"
550,875,8849,12372,0.999999996570263,0.65215109462327,"AHR_GM01310"
411,875,6821,12372,0.999999785061806,0.702984551763515,"AHR_MCF-7"
639,875,9929,12372,0.999999969528802,0.643269729654775,"ATRX_metastatic-neuroblastoma"
469,875,6980,12372,0.962179835514077,0.884619371012057,"ZFP36_K-562"
737,875,10608,12372,0.914621569967714,0.879707346654776,"SMARCB1_proliferating-human-fibroblast"
616,875,9485,12372,0.999996191574402,0.704766175108293,"SMARCB1_HeLa-S3"
406,875,6933,12372,0.999999998803311,0.659202426547544,"SMARCB1_Hep-G2"
691,875,10289,12372,0.999658337152603,0.743046603135228,"SMARCB1_MCF-7"
575,875,8989,12372,0.999998819462573,0.70231331790921,"CDK6_KB"
406,875,6978,12372,0.999999999708718,0.64876290997512,"ZNF528_HEK293"
462,875,7507,12372,0.99999961504833,0.706952208499233,"CREBBP_MCF-7"
605,875,9604,12372,0.999999999377378,0.6220260297785,"NFKBIZ_Hep-G2"
634,875,9245,12372,0.948725894073702,0.881709864086449,"CHD1_hMSC-TERT"
250,875,3817,12372,0.940529548243324,0.889261038899158,"CREBBP_LS180"
316,875,3557,12372,5.92901953987971e-07,1.43996607444176,"CREBBP_monocyte"
359,875,5639,12372,0.997791072578051,0.819217311005814,"CREBBP_tonsil"
475,875,8776,12372,1,0.457230522096834,"CREBBP_retina"
669,875,10177,12372,0.999997325807,0.679391322406974,"NELFCD_DLD-1"
567,875,8337,12372,0.957566218129108,0.883035060550776,"ZBTB7A_Ishikawa"
353,875,5277,12372,0.92928702992881,0.902749554143365,"ZBTB7A_HEK293"
453,875,7441,12372,0.999999919651719,0.69268846863075,"ZBTB7A_HUDEP-2"
664,875,10018,12372,0.999954921675943,0.720979936763978,"ZBTB7A_K-562"
223,875,3756,12372,0.999576819725219,0.770975498372282,"HAND2_SK-N-BE2-C"
550,875,8907,12372,0.99999999954534,0.63588098958597,"SP140L_Hep-G2"
659,875,9479,12372,0.837874439312204,0.925999493070744,"SIRT6_SK-MEL-239"
602,875,9414,12372,0.999999865763586,0.67192219698908,"ZBTB7B_Hep-G2"
648,875,9455,12372,0.958990557140872,0.871941867654942,"HIF1A_PC-3"
722,875,10444,12372,0.949713348770518,0.861607198349554,"HIF1A_BEAS-2B"
204,875,3536,12372,0.999883494425462,0.744998421904652,"HIF1A_501-mel"
427,875,7421,12372,0.999999999998415,0.613703978064107,"BRD9_G-401"
388,875,6930,12372,0.999999999999737,0.603480365532339,"CHD8_T-47D"
610,875,9685,12372,0.999999999694624,0.614371670918503,"DRAP1_Hep-G2"
625,875,9863,12372,0.999999999552061,0.611361933192618,"TFDP2_Hep-G2"
499,875,7792,12372,0.99992389029335,0.76504790266628,"CCNT2_K-562"
418,875,7555,12372,1,0.558817256210063,"ZNF217_MCF-7"
622,875,9602,12372,0.999998794159705,0.689114121858475,"ZNF217_Hep-G2"
188,875,3832,12372,0.999999999967986,0.589760052246259,"YY1_HEK293T"
659,875,9423,12372,0.744263467700476,0.951413011052541,"NCAPH2_HEK293"
537,875,8070,12372,0.993892977267236,0.836055400641286,"RAD21_lymphoblast"
533,875,7791,12372,0.910268238373209,0.91023116707318,"RAD21_peripheral-blood-neutrophil"
652,875,9494,12372,0.950111653654975,0.877949864644749,"RAD21_HCT-116"
645,875,9351,12372,0.914628288425811,0.899044573750084,"HEXIM1_HCT-116"
323,875,5195,12372,0.99933397256248,0.795701712045335,"ZNF264_Hep-G2"
588,875,9343,12372,0.999999996718203,0.641688042140895,"ZFP64_Hep-G2"
445,875,7303,12372,0.999999829176611,0.700069178783877,"ETS1_CTV-1"
334,875,5862,12372,0.999999994886036,0.666651689506492,"ETS1_DU145"
337,875,6444,12372,1,0.552884978472673,"ETS1_hESC"
298,875,4928,12372,0.999885987802962,0.766012680041458,"ETS1_HEY-A8"
709,875,10528,12372,0.999721196512024,0.729920273042996,"ETS1_HUVEC-C"
658,875,10356,12372,0.999999999992464,0.562527598075135,"ETS1_cardiomyocyte"
560,875,9110,12372,0.999999999971401,0.612788267074098,"ETS1_K-562"
353,875,5624,12372,0.999308210859712,0.798782840273115,"ETS1_Hep-G2"
379,875,6024,12372,0.999582873038672,0.792149491970029,"SMARCE1_K-562"
410,875,6957,12372,0.999999996845302,0.66667806172871,"NR2F2_K-562"
351,875,6416,12372,0.999999999999806,0.59996779146904,"GMEB2_Hep-G2"
628,875,9907,12372,0.999999999660326,0.607775864033821,"CREM_K-562"
86,875,1719,12372,0.999930249123809,0.658421326461955,"FOXP1_LNCaP"
139,875,1892,12372,0.321121396551832,1.04976868600105,"STAT5A_MV4-11"
465,875,6962,12372,0.975465265207675,0.87283462541296,"KAT7_OCI-AML-3"
453,875,7067,12372,0.999581752016897,0.792538014634986,"FIP1L1_K-562"
340,875,6170,12372,0.999999999995483,0.617775011938611,"FOXK2_K-562"
117,875,1149,12372,2.50984309061451e-05,1.56514903241556,"RELA_GM18951"
105,875,873,12372,2.97736639584099e-08,1.90491691916898,"RELA_HeLa"
601,875,9061,12372,0.999185730834391,0.787404347366198,"RELA_CD4"
277,875,3302,12372,0.000395492290690579,1.29728323639815,"RELA_SW480"
387,875,5596,12372,0.74304634156178,0.957296880650099,"RELA_THP-1"
231,875,3525,12372,0.928756144603003,0.893266014662329,"RELA_HeLa-B2"
455,875,5403,12372,1.73345337014563e-07,1.43379688847102,"RELA_Detroit-562"
480,875,7638,12372,0.999992956579575,0.736654428666692,"RELA_KB"
437,875,6690,12372,0.99499321148057,0.836737426657341,"RELA_BJAB"
155,875,1190,12372,9.16857749588716e-15,2.17579052574697,"RELA_mammary-epithelial-cell"
551,875,7204,12372,0.00169362312262416,1.23818494726029,"RELA_FaDu"
386,875,5092,12372,0.035588575038298,1.1390806849296,"RELA_786-M1A"
377,875,5801,12372,0.991274698755175,0.847621131824541,"RELA_MCF-7"
518,875,7876,12372,0.997902232297006,0.816226024540988,"TARDBP_Hep-G2"
275,875,4562,12372,0.999795756722921,0.770854227701725,"TARDBP_MCF-7"
449,875,7255,12372,0.999997595976619,0.726489745800574,"TEAD4_hMSC-TERT4"
264,875,4202,12372,0.994024618605534,0.829358873308916,"TEAD4_PC-9"
422,875,7025,12372,0.999999944568074,0.690490610408464,"TEAD4_MCF-7"
79,875,1165,12372,0.675994549072513,0.951426947908695,"TEAD4_SNU-216"
256,875,4292,12372,0.999829644101806,0.764559996090198,"TEAD4_T-47D"
105,875,1516,12372,0.610270559562932,0.974743005127485,"TEAD4_HEK293"
420,875,6252,12372,0.944082788469486,0.896652916069124,"TEAD4_BJ"
470,875,7326,12372,0.999722365707682,0.785592313128962,"TEAD4_Ishikawa"
371,875,5532,12372,0.928495139456172,0.903730379728809,"NR1H2_HT29"
144,875,1775,12372,0.0378625878287473,1.19155418404102,"TEAD1_keratinocyte"
81,875,1081,12372,0.303799645833853,1.07086753683844,"TEAD1_MSTO"
229,875,2983,12372,0.0762118330204277,1.12535449470021,"TEAD1_H69"
90,875,1147,12372,0.155494500704938,1.13235625290644,"TEAD1_HUCCT1"
278,875,4540,12372,0.999312381707196,0.790510470992592,"TEAD1_adipocyte"
31,875,532,12372,0.893531180757866,0.806136659883829,"TEAD1_CCLP1"
529,875,8750,12372,0.999999999994204,0.609281095752121,"ZHX1_HeLa-S3"
434,875,6887,12372,0.99991876574569,0.769267859830994,"MORC2_HeLa"
370,875,5853,12372,0.999123347490768,0.803644411117625,"FOSL2_Hep-G2"
490,875,7985,12372,0.999999973569605,0.67957437221559,"ATF3_HCT-116"
451,875,6463,12372,0.678332235204819,0.970432909812708,"SRSF7_Hep-G2"
484,875,7556,12372,0.999861719143441,0.774561442252551,"BHLHE40_Hep-G2"
680,875,9996,12372,0.991993781901174,0.816409494262719,"BHLHE40_GM12878"
615,875,9540,12372,0.9999994954987,0.681678082145047,"KLF6_Hep-G2"
490,875,8042,12372,0.999999995352145,0.664843067326054,"SP1_HEK293T"
513,875,7470,12372,0.871391626572768,0.924795630447253,"SP1_HEK293"
649,875,9792,12372,0.999898206536427,0.739376344609857,"SP1_A-549"
387,875,6510,12372,0.999999894168041,0.696051717522811,"SP1_K-562"
470,875,7861,12372,0.999999999741235,0.644695946954019,"SP1_WA01"
363,875,5614,12372,0.992636408154867,0.843340380558967,"SP1_HCT-116"
652,875,10195,12372,0.999999999536084,0.598692309955011,"SP1_Hep-G2"
450,875,7281,12372,0.999998212617287,0.723275663307592,"SP1_A-375"
337,875,5374,12372,0.999020540752711,0.80337108113112,"PKNOX1_MCF-7"
612,875,9757,12372,0.999999999956105,0.598508200797731,"GTF2F1_K-562"
432,875,6929,12372,0.999981255981142,0.750502194280714,"GTF2F1_MCF-7"
384,875,6527,12372,0.999999979249625,0.681656686804027,"GTF2F1_Hep-G2"
472,875,7262,12372,0.998588707426179,0.811936823065744,"GTF2F1_GM12878"
315,875,5723,12372,0.999999999922142,0.633358461618157,"ELF4_K-562"
576,875,7877,12372,0.0894019968345716,1.10715519640469,"TRIM25_BT-549"
401,875,6760,12372,0.999999975104132,0.683582174685486,"SRF_Ishikawa"
245,875,4279,12372,0.999993238245449,0.719472478610821,"SRF_Hep-G2"
412,875,6781,12372,0.999999143883103,0.716489538379102,"SRF_K-562"
257,875,4140,12372,0.996755087281129,0.815419047927342,"PBX1_RCH-ACV"
350,875,5669,12372,0.999860600012358,0.774348351243477,"MXI1_K-562"
499,875,8259,12372,0.999999999805302,0.639117199227545,"MXI1_Hep-G2"
231,875,3487,12372,0.896009699751693,0.907874904077717,"SMAD4_Hep-G2"
538,875,8670,12372,0.999999993070423,0.660625988513494,"SMAD4_Caco-2"
433,875,7370,12372,0.999999999837168,0.644003084796802,"PML_MCF-7"
477,875,8269,12372,0.999999999999998,0.569866534030899,"PML_K-562"
163,875,2797,12372,0.998724589574501,0.770348609164397,"PRKDC_MCF-7"
347,875,6504,12372,0.999999999999999,0.570024291872825,"CXXC5_prostate-cancer"
144,875,2300,12372,0.959500912063782,0.853484895427139,"CBX3_HCT-116"
487,875,7210,12372,0.951844234661688,0.891294840619125,"VDR_THP-1"
447,875,7071,12372,0.999922437866314,0.768340631998019,"MAFF_HeLa-S3"
468,875,7614,12372,0.999999800553424,0.700170286971634,"CDK8_myometrium"
553,875,8342,12372,0.99729341364805,0.817605042729631,"CDK8_HCT-116"
582,875,9386,12372,0.9999999999655,0.607619223497991,"CEBPD_Hep-G2"
328,875,4409,12372,0.125684577049126,1.08964706794651,"STAT3_MCF10A-Er-Src"
368,875,4872,12372,0.0502447266394059,1.12693694295221,"STAT3_MCF-10A"
543,875,8006,12372,0.958603264355983,0.884078037789854,"STAT3_SUM159PT"
311,875,4288,12372,0.296181006352064,1.04264044255693,"STAT3_NCI-H358"
571,875,8264,12372,0.850746262500598,0.928775111657742,"STAT3_FaDu"
626,875,9473,12372,0.999847481691354,0.75307027936681,"STAT3_monocyte"
658,875,10103,12372,0.999999693589586,0.65880718903178,"STAT3_MCF-7"
271,875,5152,12372,0.999999999994032,0.608186446771083,"STAT3_SU-DHL-2"
121,875,2409,12372,0.999997730302427,0.645943932731378,"STAT3_breast-cancer"
177,875,2403,12372,0.279034042939666,1.05613638134005,"STAT3_Th1"
299,875,4572,12372,0.965017048077054,0.877577722461665,"STAT3_A-137"
270,875,5071,12372,0.999999999945571,0.622456358233627,"STAT3_MDA-MB-453"
201,875,3351,12372,0.998258440786692,0.790267201889598,"STAT3_A139"
472,875,7086,12372,0.982032786857541,0.864700827638128,"STAT3_MDA-MB-231"
374,875,6400,12372,0.999999986277817,0.677780669074413,"STAT3_BT-474"
623,875,9112,12372,0.958724304280214,0.876031880230772,"STAT3_WA01"
657,875,9996,12372,0.999993524024062,0.696424720051148,"STAT3_T-47D"
410,875,6628,12372,0.999984150597995,0.748592445672534,"STAT3_HCC1187"
380,875,5499,12372,0.746534206736377,0.956478698739424,"STAT3_MDA-MB-468"
320,875,5164,12372,0.999463038869298,0.79191539467008,"STAT3_B-cell"
555,875,8346,12372,0.996044128137946,0.825031062299932,"STAT3_HCC70"
426,875,7089,12372,0.99999995601001,0.688369645668449,"ZNF3_Hep-G2"
599,875,9400,12372,0.999999939976435,0.664846493425918,"NFYB_Hep-G2"
248,875,4442,12372,0.999999634656235,0.688762750984244,"TRIM28_K-562"
499,875,8114,12372,0.999999978841374,0.676546377773978,"CBX1_K-562"
577,875,9068,12372,0.999999745439323,0.685494535413128,"CBX1_Hep-G2"
160,875,2542,12372,0.962192275540508,0.856318202249123,"ZNF75A_K-562"
402,875,5843,12372,0.79520098260927,0.945945223509401,"SRSF3_K-562"
467,875,8049,12372,0.999999999999942,0.591026861532186,"SIN3B_Hep-G2"
182,875,3393,12372,0.99999878924322,0.677723076722569,"KDM5A_WA01"
319,875,6611,12372,1,0.474646251632686,"KDM5A_T-47D"
231,875,4758,12372,0.999999999999998,0.552293195902661,"KDM5A_HCT-116"
193,875,3765,12372,0.999999996278392,0.627878838097328,"SFPQ_LTAD"
227,875,3716,12372,0.997522903199604,0.804070653810963,"ELK1_HeLa-S3"
233,875,3931,12372,0.999745259794189,0.765412121603344,"ELK1_K-562"
87,875,1017,12372,0.0338733835746584,1.25444868795478,"ELK1_IMR-90"
263,875,4343,12372,0.999542483900873,0.78124786431456,"ELK1_MCF-7"
640,875,9768,12372,0.999991477500727,0.706830011387826,"STAT1_SET-2"
269,875,3556,12372,0.0943550560252107,1.10870711589051,"STAT1_FaDu"
416,875,6408,12372,0.995916751162686,0.832671367309875,"SMAD5_GM12878"
537,875,9029,12372,0.999999999999997,0.562252293722372,"SMAD5_K-562"
569,875,9350,12372,0.999999999999855,0.575182229783023,"PHF5A_Hep-G2"
176,875,2781,12372,0.963670635614716,0.859476082929245,"ZSCAN29_K-562"
201,875,3313,12372,0.996666742192045,0.803553696998681,"RXRA_Hep-G2"
382,875,5187,12372,0.148865653038444,1.07913565654812,"MAF1_THP-1"
635,875,9603,12372,0.99988338612553,0.746151147440101,"HDAC2_Hep-G2"
710,875,10137,12372,0.752341387225439,0.944865709677007,"HDAC2_WA01"
325,875,5650,12372,0.999999948896024,0.684922704220977,"YAP1_OVCAR-5"
494,875,7973,12372,0.99999982291891,0.696566595106534,"STAT5B_CD8"
428,875,7550,12372,0.99999999999998,0.588232892589476,"ZNF639_K-562"
501,875,7780,12372,0.999829651173433,0.776280658586901,"ATF1_HCT-116"
648,875,9698,12372,0.999335264826219,0.771870222342098,"TAF15_Hep-G2"
438,875,7502,12372,0.999999999980963,0.629031418633976,"MCRS1_Huh-7"
517,875,8372,12372,0.999999987244729,0.669588291187468,"HSF1_NCI-H838"
496,875,8311,12372,0.999999999992885,0.616604333605888,"HSF1_MO91"
192,875,2632,12372,0.321214027713606,1.04345820031845,"ERF_HAEC"
223,875,3987,12372,0.999997279569221,0.702695875517558,"ERF_VCaP"
240,875,3927,12372,0.998205690366136,0.800584449057916,"CDK9_A-375"
564,875,9191,12372,0.9999999999913,0.603338044090718,"NFYC_Hep-G2"
293,875,5420,12372,0.999999999958235,0.62551553697286,"PHF20_K-562"
457,875,7473,12372,0.999999848495298,0.698312604648278,"IRF2_K-562"
236,875,2983,12372,0.0230919550327802,1.17636305222585,"SUPT16H_hiF-T"
309,875,5067,12372,0.999828998175862,0.773254177457509,"ZFX_DAOY"
477,875,8057,12372,0.99999999999269,0.619329584386032,"ZFX_MCF-7"
585,875,8971,12372,0.99994329170414,0.748360963646005,"ZFX_HEK293T"
466,875,7416,12372,0.999986290310443,0.745454753676943,"ZFX_HCT-116"
490,875,8386,12372,0.999999999999985,0.58048586720092,"ZFX_K-562"
366,875,6659,12372,0.999999999999936,0.594659272128266,"ASH2L_VCaP"
551,875,8732,12372,0.99999979196529,0.689332321121231,"L3MBTL2_K-562"
233,875,3424,12372,0.774880688793326,0.94468757539656,"ARID1B_K-562"
557,875,8691,12372,0.999994286225657,0.724197516475875,"SNAI2_PC-9"
91,875,1634,12372,0.996164081097137,0.748802570511258,"ZNF664_HEK293"
482,875,7687,12372,0.999995781843418,0.730639711080302,"ATF1_K-562"
78,875,1026,12372,0.262070958314285,1.08905163938675,"MAFG_K-562"
104,875,1989,12372,0.99987981748789,0.68785484311732,"PBX2_K-562"
172,875,3073,12372,0.999929098552929,0.72501558546663,"NFATC3_K-562"
132,875,2470,12372,0.999952729076333,0.695998338366249,"FOXK2_Hep-G2"
227,875,3932,12372,0.999960653840117,0.736752809794122,"MTA1_K-562"
386,875,6023,12372,0.997766473499107,0.820607949027581,"ID3_K-562"
573,875,8736,12372,0.999714730324321,0.774924980724674,"ZEB2_HEK293"
312,875,5356,12372,0.999999215689916,0.708998788803998,"ZEB2_K-562"
409,875,6492,12372,0.999810203659133,0.781175590656877,"ZNF207_GM12878"
268,875,4425,12372,0.999609663231207,0.77960780046578,"CHD4_SCMC"
112,875,1768,12372,0.914045266279571,0.872322721734608,"CEBPG_K-562"
52,875,840,12372,0.865828230337005,0.858652092362421,"ZNF317_HEK293"
106,875,2122,12372,0.999991948628587,0.648280465827328,"HMBOX1_K-562"
65,875,1042,12372,0.878390738134228,0.864105854335269,"TCF12_K-562"
98,875,649,12372,2.74358577303225e-13,2.50529153438008,"IRF1_CD14"
113,875,1223,12372,0.00155550574631056,1.3876396342931,"IRF1_U-937"
86,875,760,12372,7.2528897480499e-06,1.75018727404329,"IRF1_AsPC-1"
116,875,1503,12372,0.161520778861534,1.11403858989407,"IRF1_monocyte"
408,875,6298,12372,0.996097313206825,0.831698530899259,"IRF1_PDAC"
579,875,8896,12372,0.999949726689002,0.747917079703344,"ZNF561_HEK293"
4,875,15,12372,0.0180800564483596,4.79417324188445,"IRF3_HBTEC"
29,875,109,12372,2.66437627367666e-10,4.8908454770494,"STAT2_THP-1"
57,875,559,12372,0.00315225986953494,1.5261299758542,"STAT2_K-562"
99,875,1331,12372,0.307236208869119,1.06298140570889,"SMARCC2_K-562"
532,875,8187,12372,0.999756224761261,0.778486694384379,"DMAP1_Hep-G2"
373,875,5682,12372,0.980728274695309,0.866059955110238,"ZNF629_Hep-G2"
542,875,8729,12372,0.999999994354715,0.658072928660173,"ZNF629_HEK293"
494,875,7593,12372,0.99908244823914,0.80329158068809,"ASH2L_GM12878"
373,875,5718,12372,0.987704062144391,0.855223256680686,"ASH2L_Hep-G2"
58,875,849,12372,0.632265326914123,0.960852919267606,"MEIS1_SEM"
55,875,549,12372,0.00532407789499506,1.49387285927383,"IRF2_CD34"
255,875,4346,12372,0.999958296384844,0.744587790189126,"ZNF148_K-562"
373,875,5473,12372,0.84828360365294,0.931975403406877,"NFATC3_Hep-G2"
439,875,7604,12372,0.999999999999214,0.608816682500038,"GABPB1_K-562"
274,875,4043,12372,0.823675936499705,0.934796499825843,"SMARCA4_NSC"
616,875,9200,12372,0.997350580404608,0.807101931223629,"SMARCA4_Aska-SS"
592,875,8111,12372,0.093357262259792,1.10673199679758,"SMARCA4_hiPSC"
212,875,2800,12372,0.129786325486872,1.10075006162826,"SMARCA4_endometrial-epithelial-cells"
333,875,5240,12372,0.996687005045151,0.825127812265166,"MTA2_K-562"
135,875,2160,12372,0.955838744609262,0.853345012245329,"IRF2BP2_HEK293"
198,875,2909,12372,0.751031565731353,0.947862158624277,"STAT1_GM12878"
114,875,1611,12372,0.513752152343808,1.00069744071568,"STAT1_HeLa-S3"
70,875,731,12372,0.00538455648776865,1.42545449376973,"STAT1_K-562"
322,875,4456,12372,0.320478614312375,1.03705157767266,"STAT1_NCI-H358"
81,875,1167,12372,0.591339197479917,0.977973991753502,"STAT1_AGS"
503,875,7713,12372,0.999007152646552,0.804001857943264,"KLF10_HEK293"
52,875,797,12372,0.75364745600398,0.911873053169699,"HSF1_U2OS"
427,875,7005,12372,0.999999400790141,0.712773367225938,"PCGF1_WA01"
193,875,3849,12372,0.999999999745951,0.606952037137333,"NR3C1_K-562"
533,875,8638,12372,0.999999997744698,0.652258875286484,"NR3C1_Ishikawa"
123,875,1888,12372,0.859287803523783,0.901879043200637,"DPF2_MCF-7"
291,875,5261,12372,0.999999997603236,0.6544143249802,"TAF7_K-562"
162,875,3189,12372,0.99999994258207,0.635780469987158,"MAFK_OCI-Ly7"
523,875,6763,12372,0.000893125599971133,1.25171082609408,"SMARCC1_hiPSC"
387,875,6653,12372,0.999999998195639,0.662072959408573,"SMARCC1_HS-SY-2"
125,875,1910,12372,0.848001032296126,0.906826621306127,"HDAC1_AML"
323,875,5392,12372,0.999985995213707,0.742041282687758,"WDR5_breast-cancer"
356,875,5885,12372,0.999990565763329,0.740417724360612,"RBFOX2_K-562"
234,875,2670,12372,9.7989193335542e-05,1.35782873759471,"SS18_SYO-1"
332,875,4564,12372,0.262716156354359,1.04959429846561,"SS18_Aska-SS"
538,875,8132,12372,0.997110528274018,0.82053025248902,"SS18_BIN-67"
256,875,4701,12372,0.999999992167138,0.656151879072618,"CHD2_GM12878"
204,875,3501,12372,0.999760389603465,0.75612845850518,"ZNF281_K-562"
475,875,7426,12372,0.999846028757413,0.776659925095083,"NONO_K-562"
87,875,1208,12372,0.44464011810851,1.02192175840685,"TEAD1_HEK293"
80,875,1423,12372,0.991420489698001,0.760839995452407,"TEAD1_pancreas"
195,875,3379,12372,0.999818155703495,0.748751225847628,"REST_WA01"
49,875,322,12372,2.51819507949984e-07,2.43868893761091,"CDK8_monocyte"
490,875,7409,12372,0.993034315081152,0.842124887277943,"ZGPAT_Hep-G2"
192,875,3523,12372,0.999997744868471,0.689171695464536,"VDR_LNCaP"
172,875,2857,12372,0.995076563364081,0.802998881568586,"VDR_LCLGM10861"
240,875,2872,12372,0.00146683287784442,1.27297941401358,"VDR_LX2"
341,875,5071,12372,0.902338800429512,0.913568013504371,"TP53_HCT-116"
344,875,5415,12372,0.997448566118164,0.820952887261274,"TP53_MCF-7"
167,875,2444,12372,0.710217948973862,0.955083819256745,"TP53_GM06170"
349,875,4944,12372,0.532294003087565,0.996619142436667,"TP53_lymphocyte"
195,875,3488,12372,0.999983648073653,0.714434783729456,"TP53_SaOS-2"
596,875,9312,12372,0.999999712008036,0.681617145079416,"MAX_NCI-H2171"
670,875,10329,12372,0.99999998288304,0.62194834802591,"MAX_Ishikawa"
441,875,6969,12372,0.999888363863941,0.773482950388224,"MAX_MDA-MB-231"
693,875,10481,12372,0.999997595690497,0.664854728896247,"MAX_SK-N-SH"
362,875,6349,12372,0.999999999612893,0.649460818121984,"CREM_Hep-G2"
326,875,5248,12372,0.999437989777329,0.793245829901109,"ARNT_A-549"
196,875,3716,12372,0.999999935948335,0.654179683505136,"ARNT_K-562"
267,875,3911,12372,0.776454366182348,0.946379723950653,"MXI1_GM12878"
188,875,3344,12372,0.999961196344439,0.72323308874232,"BRD9_K-562"
439,875,7134,12372,0.999998445810745,0.722218031535601,"ZNF444_MCF-7"
539,875,8621,12372,0.999999950721455,0.677851187444862,"ZKSCAN1_K-562"
324,875,5466,12372,0.999996340649312,0.726756353056972,"KLF13_K-562"
10,875,27,12372,8.27639502437477e-06,7.80412526599637,"IRF9_THP-1"
44,875,525,12372,0.13476232680253,1.21261480776982,"IRF9_K-562"
378,875,6209,12372,0.999992478953958,0.739063512737636,"ATF2_WA01"
266,875,4888,12372,0.999999997415404,0.649713934970816,"ATF2_macrophage"
546,875,8628,12372,0.999999391374069,0.701257789004138,"ZNF598_Hep-G2"
24,875,371,12372,0.706739814175146,0.906207637004907,"ZNF140_HEK293"
424,875,7751,12372,1,0.535068330417917,"GMEB1_K-562"
495,875,7924,12372,0.999999045246638,0.713347319920907,"BHLHE40_K-562"
176,875,2935,12372,0.996372656106591,0.79745940021054,"BHLHE40_HeLa-S3"
258,875,4073,12372,0.989194645178406,0.841992894308399,"TCF3_K-562"
209,875,3325,12372,0.983339752150429,0.844073548460292,"JMJD1C_THP-1"
522,875,8805,12372,0.999999999999986,0.573840191912315,"NR2C2_Hep-G2"
358,875,5970,12372,0.999997402440055,0.726163244961503,"EP300_WA01"
142,875,2126,12372,0.794123725784836,0.928904101935796,"EP300_GM12878"
441,875,6862,12372,0.999195464760531,0.80330057932604,"EP300_Ishikawa"
401,875,6530,12372,0.999991635184028,0.740973514641347,"EP300_K-562"
345,875,5301,12372,0.984652415019391,0.859135532018157,"ZFP36_GM12878"
526,875,8135,12372,0.999867057129353,0.770160678272891,"JUN_Karpas-299"
245,875,3325,12372,0.229233432710668,1.06275153477821,"JUN_T-cell"
583,875,8805,12372,0.99895522858974,0.795266150906194,"ZFP64_HEK293"
584,875,9405,12372,0.999999999955419,0.608846631096533,"HNRNPLL_K-562"
320,875,4910,12372,0.977053514243714,0.867660260959598,"STAT3_MDA-MB-157"
47,875,424,12372,0.00137789795596271,1.67419934157872,"TSC22D4_Hep-G2"
210,875,3670,12372,0.999954410914038,0.73353280827415,"USF2_Hep-G2"
265,875,4006,12372,0.921395775468267,0.900668266752696,"MYC_GEN2-2"
397,875,7049,12372,0.999999999999666,0.604968290907236,"MYC_SK-N-AS"
583,875,9285,12372,0.99999999737383,0.641306486770627,"MYC_NCI-H2171"
452,875,7268,12372,0.999995237516131,0.733881121313681,"MYC_MIA-PaCa-2"
560,875,8504,12372,0.999153505903432,0.795161941095763,"MYC_U-87MG"
315,875,4848,12372,0.979611859950717,0.864195450803027,"SRF_GM12878"
238,875,4397,12372,0.999999979501261,0.659235185619982,"SRF_MCF-7"
82,875,1419,12372,0.982987003165733,0.785798498112512,"SRF_HCT-116"
95,875,1923,12372,0.999985859044532,0.644246969872267,"SRF_WA01"
41,875,555,12372,0.408088818188091,1.05046144188754,"SRF_HCASMC"
362,875,6020,12372,0.999996925397355,0.728248694285613,"RFX5_HeLa-S3"
143,875,2271,12372,0.951122679997162,0.860106639555237,"ATF3_liver"
446,875,6652,12372,0.960300524632232,0.886356221921052,"SMAD3_HCC1954"
593,875,8860,12372,0.995690518749119,0.821638386956932,"SMAD3_SUM159PT"
293,875,4193,12372,0.616641784447009,0.980669299885105,"MED1_P493-6"
612,875,9515,12372,0.999999671655595,0.678022809527563,"RUNX1_NB4"
424,875,7358,12372,0.999999999996514,0.61871025608502,"RUNX1_THP-1"
411,875,6605,12372,0.999964967529894,0.758380310148447,"KLF4_keratinocyte"
115,875,1968,12372,0.992116740879109,0.787544493780314,"KLF4_hiPSC"
460,875,7001,12372,0.994060695918363,0.839855993572264,"KLF4_HAP1"
520,875,7094,12372,0.103505089541076,1.09694497163271,"ZNF800_Hep-G2"
500,875,7703,12372,0.999432761280686,0.794881124910441,"EGR1_Hep-G2"
151,875,2387,12372,0.949681752441352,0.863833688100304,"XBP1_HS578T"
301,875,5624,12372,0.999999999997739,0.608252160068577,"RBPJ_MUTUL"
80,875,1103,12372,0.42173370498133,1.03029291336628,"RBPJ_LCL"
598,875,8669,12372,0.883655253800987,0.916401920228043,"RAD21_HeLa-S3"
366,875,4373,12372,2.2328919952347e-05,1.34400463199851,"RAD21_HUVEC-C"
622,875,9264,12372,0.996427627792552,0.812190795678149,"RAD21_HEK293"
474,875,7258,12372,0.99763510791272,0.821212606190998,"RAD21_MCF-7"
312,875,4283,12372,0.262723366285137,1.05028801561078,"RAD21_Hep-G2"
289,875,3691,12372,0.0182922134124311,1.17346441733229,"BRD7_SUM159PT"
23,875,237,12372,0.0756641357822758,1.42325097542245,"ELL2_HCT-116"
17,875,336,12372,0.947232916950394,0.694324278304266,"MEF2A_K-562"
489,875,8306,12372,0.999999999999762,0.596401722962105,"CREB1_GM23338"
536,875,8194,12372,0.999389695861207,0.792660084185784,"YY1_Huh-7"
428,875,7981,12372,1,0.499999098550516,"YY1_RH4"
456,875,7612,12372,0.999999998272606,0.660239231786737,"YY1_liver"
375,875,6735,12372,0.999999999999582,0.605813473503131,"HDAC3_RH4"
168,875,3099,12372,0.999991134809863,0.694459008861776,"HIF1A_LNCaP"
428,875,6709,12372,0.999519684719909,0.795161751489119,"MBD1_Hep-G2"
377,875,6493,12372,0.999999996834741,0.66608028842212,"RUVBL2_Huh-7"
535,875,7754,12372,0.843149021295062,0.932484077022568,"SMC1A_monocyte"
326,875,5090,12372,0.993205870335932,0.839244220211114,"DR1_Hep-G2"
37,875,674,12372,0.961662394996409,0.752770637759812,"SMARCA2_SK-N-MC"
113,875,1577,12372,0.455067971686581,1.01627937487737,"RELA_HEK293"
101,875,1186,12372,0.0259869344719015,1.25220645200444,"RELA_HDF"
357,875,6242,12372,0.999999998836596,0.657246051848083,"ETS1_OVCAR-8"
429,875,7064,12372,0.999999731860772,0.704881805157745,"ETS1_CD4-pos"
482,875,7771,12372,0.99999949561522,0.708091790321678,"ETS1_THP-6"
589,875,9081,12372,0.999985738512639,0.728778593500501,"ETS1_SCC-25"
602,875,9118,12372,0.999663995375843,0.77190773721047,"ETS1_786-O"
584,875,8669,12372,0.987787811610296,0.846959268652709,"UBTF_K-562"
333,875,5498,12372,0.999968094294189,0.753227439691114,"TBL1XR1_K-562"
572,875,8110,12372,0.562065461050299,0.991475879020691,"STAG2_OCI-AML-3"
547,875,8443,12372,0.999917184463602,0.760542097406623,"CTCF_uterus"
410,875,5846,12372,0.609185925189123,0.983095050462081,"CTCF_peripheral-blood-neutrophil"
457,875,6187,12372,0.092130873785821,1.10034916602715,"CTCF_endothelial"
225,875,3165,12372,0.476685815504936,1.00749555593537,"CTCF_BE2C"
317,875,4575,12372,0.695353012512964,0.965824144370785,"CTCF_Hep-G2"
317,875,4759,12372,0.92646169276006,0.902271404534119,"CTCF_vagina"
471,875,6914,12372,0.904049247022313,0.914513445893798,"CTCF_pancreas"
525,875,7370,12372,0.408553873570821,1.0194299081558,"CTCF_primary-glioblastoma"
418,875,6462,12372,0.997224081311409,0.82523777740514,"CTCF_skin"
92,875,1473,12372,0.916828579519101,0.860689218850537,"CTCF_U-937"
386,875,5552,12372,0.692905931385549,0.967375566188991,"CTCF_hepatocyte"
473,875,7066,12372,0.972980903417116,0.875201734605306,"CTCF_thyroid-gland"
285,875,4177,12372,0.790520341649968,0.943885320791378,"CTCF_fetal"
524,875,7139,12372,0.0931551094568025,1.10179867891126,"CTCF_keratinocyte"
348,875,5065,12372,0.777450524252164,0.94914040477111,"CTCF_islet"
393,875,5106,12372,0.0129034352809787,1.17361686219791,"CTCF_HT-1080"
520,875,7850,12372,0.995117724839072,0.832732789872603,"CTCF_esophagus-muscularis-mucosa"
350,875,5524,12372,0.998221232946705,0.814728788819034,"CTCF_tibial-nerve"
461,875,6344,12372,0.203384771961262,1.06263195855672,"CTCF_bonchial"
374,875,5107,12372,0.190151025071078,1.06683809004295,"CTCF_GM09237"
647,875,9357,12372,0.893237591710592,0.908019271791668,"CTCF_prostate"
430,875,6469,12372,0.975357654857272,0.873337779151726,"CTCF_ascending-aorta"
344,875,5524,12372,0.99958428071455,0.790048596498685,"CTCF_HUDEP-2"
370,875,5220,12372,0.49031509423949,1.00413999056425,"CTCF_epithelial"
626,875,9390,12372,0.999080684210111,0.78400814685231,"CTCF_nerve"
163,875,2369,12372,0.671253499596606,0.964182365010147,"CTCF_esophagus-squamous-epithelium"
370,875,5318,12372,0.679821894805214,0.969739310123694,"CTCF_stomach"
448,875,6072,12372,0.102570684902817,1.09562113560234,"CTCF_HCT-116"
34,875,299,12372,0.00403684298520834,1.71344192345151,"AFF4_HCT-116"
374,875,6109,12372,0.999980607483782,0.750041994567421,"AFF4_MCF-7"
140,875,1993,12372,0.551533040505243,0.991339742406514,"FOS_CD4"
314,875,4693,12372,0.908656005991844,0.90979816850258,"FOS_myometrium"
599,875,9493,12372,0.999999997665228,0.635203018946065,"TCF12_A-549"
445,875,7301,12372,0.999999819742929,0.70057518620743,"CUX1_Hep-G2"
98,875,1680,12372,0.987006527084082,0.790495951445657,"CUX1_MCF-7"
39,875,724,12372,0.974681110312408,0.736348621900987,"HSF1_SW620"
541,875,8421,12372,0.999978159220173,0.743480232144248,"STAG1_MCF-7"
454,875,6529,12372,0.719197506017836,0.962458141636338,"STAG1_Hep-G2"
418,875,7100,12372,0.999999998797421,0.659134983270568,"MBD2_MCF-7"
218,875,2924,12372,0.188120749037371,1.07795885199544,"FOSL1_K-562"
339,875,6098,12372,0.999999999968488,0.630184590418764,"NFYB_K-562"
290,875,4564,12372,0.992528009266875,0.837804875601627,"RXRA_GM12878"
130,875,1715,12372,0.201501830000544,1.09125094115908,"CDK9_P493-6"
210,875,2502,12372,0.00260602682117927,1.26822963569743,"FOSL1_143B"
185,875,2803,12372,0.875618662331992,0.909328340182162,"ZEB1_RKO"
424,875,6621,12372,0.999165418710571,0.804068965603414,"ZNF609_Hep-G2"
316,875,4743,12372,0.925254200350365,0.902774011571442,"JUND_Kasumi-1"
261,875,3748,12372,0.635057472545722,0.976457395065,"JUND_liver"
183,875,3236,12372,0.999920812414317,0.731466190847076,"ZXDC_MCF-7"
424,875,5892,12372,0.316567205665606,1.03659805524179,"CTBP2_WA01"
503,875,7389,12372,0.924200625151547,0.905435047056616,"TRIM28_AF22"
156,875,2175,12372,0.435405883926983,1.01853479010558,"ZMYM3_Hep-G2"
315,875,5030,12372,0.998468758667175,0.809107376075137,"HDGF_K-562"
237,875,3337,12372,0.482381651780637,1.00621302016841,"FOS_MNNG-HOS"
365,875,5472,12372,0.944186447840458,0.895510083239774,"BRD4_HCT-116"
551,875,8597,12372,0.999991943347607,0.729414313008362,"BRD4_Jurkat"
337,875,4556,12372,0.149610716742552,1.08055509936985,"BRD4_402-91"
597,875,9113,12372,0.999913916901866,0.751737979437587,"BRD4_COLO-741"
648,875,9441,12372,0.951167117134481,0.877872421728472,"BRD4_HCC1395"
170,875,2083,12372,0.0201114726545009,1.2080490866943,"BRD4_P493-6"
264,875,4081,12372,0.970206858829664,0.869356698303821,"BRD4_MDA-MB-436"
608,875,8971,12372,0.982211294363242,0.853382655239828,"BRD4_HCC1937"
279,875,4229,12372,0.936644664077025,0.894400834610863,"BRD4_HAP1"
165,875,3487,12372,0.999999999984487,0.571914748044836,"TOP1_LNCaP"
458,875,6728,12372,0.901519289000388,0.915625166453236,"ZNF3_K-562"
365,875,5814,12372,0.999497896737527,0.794376723767071,"HDAC8_K-562"
452,875,7234,12372,0.999989550518791,0.742915420054573,"PAF1_HCT-116"
83,875,1725,12372,0.999985720563901,0.629004548579354,"SETX_A-549"
119,875,2050,12372,0.994616197620548,0.779799592589879,"MAFF_GM12878"
111,875,1895,12372,0.990242076839147,0.791037139694454,"BMI1_MCF-7"
59,875,1296,12372,0.999969314155119,0.599730415032381,"YAP1_hiPSC"
399,875,5210,12372,0.0166803383907453,1.16490372784953,"ZNF335_HEK293"
437,875,6936,12372,0.999929491419588,0.767309280997552,"ZNF394_HEK293"
303,875,4498,12372,0.872749610469304,0.922049345104815,"NFE2L2_A-549"
61,875,1042,12372,0.955034762826471,0.803330472143796,"MAFF_K-562"
323,875,5910,12372,0.999999999992532,0.619001268538208,"ZEB1_HEK293"
294,875,5130,12372,0.999999691532281,0.697007321328176,"SETDB1_K-562"
93,875,1495,12372,0.924609235052168,0.856327406324244,"MAFK_K-562"
92,875,1362,12372,0.70257513318924,0.946166978567889,"MAFK_Hep-G2"
38,875,513,12372,0.406602213112853,1.05348903995693,"MAFK_WA01"
11,875,205,12372,0.866467198450339,0.741767396646986,"MAFK_MCF-7"
188,875,1573,12372,3.80977177523322e-14,1.99785463136133,"JARID2_AMIPS6"
488,875,6038,12372,1.09723581456487e-05,1.35114101484472,"JARID2_MRC-5"
84,875,1076,12372,0.1778819391332,1.12453182383915,"TAF15_K-562"
561,875,8375,12372,0.991090685980073,0.842120299386051,"ZNF189_HEK293"
110,875,1693,12372,0.852142755578211,0.900550337287104,"ZNF189_HEK293T"
31,875,269,12372,0.00483407327916681,1.73746806655078,"BACH1_AsPC-1"
254,875,3014,12372,0.000593847785942531,1.29474946644099,"NFKB1_MCF10A-Er-Src"
164,875,2144,12372,0.136122428478677,1.10869983547335,"NFKB1_CD4"
102,875,956,12372,1.30797381406531e-05,1.64438947663942,"NFKB1_CD4-pos"
293,875,5011,12372,0.999996017987485,0.723375643016961,"SREBF1_K-562"
154,875,2610,12372,0.996738761622729,0.786294561426491,"GLI4_HEK293"
47,875,1052,12372,0.999897918000566,0.592619305975767,"ZSCAN18_HEK293"
79,875,790,12372,0.000964936015121336,1.50551742126504,"EBF1_GM12878"
148,875,2404,12372,0.978361285223491,0.833901172666643,"EBF1_LCL"
60,875,1015,12372,0.94461571994569,0.812682146026371,"EBF1_ASC"
253,875,4109,12372,0.997916107576236,0.806058455020883,"RUNX1_K-562"
337,875,4672,12372,0.329398893770732,1.03491022359232,"KDM1A_pancreatic-progenitor"
421,875,6907,12372,0.999999142726793,0.71645900016241,"ZNF24_HEK293"
209,875,3047,12372,0.714121189982559,0.957501787895746,"RELA_AC16"
71,875,762,12372,0.00951941094744588,1.38093970080396,"RELA_Huh-7"
62,875,448,12372,2.21838955133332e-07,2.19496992228914,"RELA_GM19193"
91,875,1674,12372,0.998393195785455,0.726950501358993,"ZNF280D_HEK293"
160,875,2657,12372,0.993122239241954,0.806581220796329,"ZNF146_HEK293"
368,875,5407,12372,0.854060586378148,0.930222451011708,"REST_CD4"
439,875,7030,12372,0.999982528830655,0.749496672284986,"ZNF35_HEK293"
256,875,4116,12372,0.996243783092391,0.818231490225552,"PRDM4_HEK293"
468,875,7466,12372,0.99999177405486,0.739287181134234,"ZBTB11_HEK293"
393,875,4735,12372,1.85934795508133e-05,1.34352154224544,"STAG2_HCAEC"
326,875,5938,12372,0.999999999987411,0.622720600383112,"SMARCC1_Hep-G2"
327,875,4605,12372,0.475374935957503,1.00694026332273,"SMARCC1_MCF-7"
169,875,2168,12372,0.0820120058116195,1.13738639211318,"NR3C1_U2OS"
117,875,1521,12372,0.169853186977286,1.10963082521574,"NR3C1_IMR-90"
115,875,1465,12372,0.1194680010081,1.13728734566667,"NR3C1_MDA-MB-231"
321,875,4823,12372,0.931141869196076,0.900264765029837,"NR3C1_SUM159PT"
156,875,2291,12372,0.720425171444351,0.951386256570259,"MBD3_HEK293T"
191,875,3068,12372,0.98512416686965,0.836669700176954,"TRIM28_hESC"
312,875,4080,12372,0.0440996453622735,1.13671383118162,"SMC1A_Hep-G2"
380,875,4693,12372,0.000317551470298544,1.27864219086557,"SMC1A_A-549"
224,875,3799,12372,0.999754574506994,0.762474154547118,"HSF1_GM12878"
133,875,2480,12372,0.999945612387218,0.698835711551805,"PRPF4_Hep-G2"
310,875,5137,12372,0.999942890453343,0.758179014170955,"PRPF4_K-562"
290,875,3774,12372,0.0434019648737421,1.14011960962073,"NFE2L2_IMR-90"
52,875,661,12372,0.226625158934299,1.12959710931147,"SMARCB1_TTC-1240"
495,875,6328,12372,0.000484591162140336,1.26486306291929,"SMARCB1_hiPSC"
284,875,4535,12372,0.99682729516018,0.819132128196485,"STAT3_HCC1937"
124,875,2002,12372,0.959253962161937,0.845711485749582,"STAT3_TMD8"
63,875,767,12372,0.116345790134899,1.18945297867544,"STAT3_HeLa-S3"
130,875,1304,12372,2.35480846942933e-05,1.53428556935789,"STAT3_HCC1143"
446,875,6704,12372,0.977965061105259,0.870354225397103,"EP300_A-549"
250,875,3232,12372,0.048383714707114,1.14215660839562,"EP300_SK-N-SH"
233,875,3167,12372,0.245941438233009,1.05922071075833,"MED1_A-549"
437,875,6373,12372,0.84090900621334,0.934716932342674,"MED1_HUVEC-C"
298,875,5456,12372,0.999999999859507,0.634741351226502,"ZFX_LNCaP-C4-2B"
355,875,6157,12372,0.99999999379303,0.670128547638262,"ZFX_PrEC"
259,875,3146,12372,0.00211209491455505,1.25393622938622,"FOSL2_NPC"
520,875,7765,12372,0.983972009958656,0.859682198483483,"FOSL2_A-549"
527,875,7985,12372,0.997313822552869,0.820155558251479,"RAD21_hiPSC"
353,875,5015,12372,0.561176597505738,0.991449603029218,"RAD21_SLK"
105,875,1561,12372,0.731123088874665,0.940391689536836,"RAD21_LoVo"
299,875,4013,12372,0.135829777339846,1.08780196325606,"RAD21_HeLa-Tet-On"
304,875,4456,12372,0.802346779063811,0.941827099512159,"RAD21_K-562"
329,875,4207,12372,0.0113380835071101,1.18381074798778,"BRD4_MDA-MB-157"
486,875,7739,12372,0.999995479791446,0.731085183905247,"BRD4_keratinocyte"
446,875,5982,12372,0.0577904051162934,1.11942842910009,"BRD4_MCF-10A"
240,875,3866,12372,0.995216514989173,0.820461498618553,"YY1AP1_MCF-7"
399,875,5555,12372,0.345471893127096,1.03089581853682,"SMARCA4_MCF-10A"
320,875,4655,12372,0.758784033030225,0.952580293135254,"SMARCA4_HS-SY-2"
112,875,1131,12372,0.000122157776578655,1.50931324848592,"SMARCA4_SYO-1"
355,875,5139,12372,0.737609280084219,0.957963975786681,"SMARCA4_NCI-H1703"
120,875,1748,12372,0.657913455908227,0.963497898193187,"TP53_U2OS"
348,875,4862,12372,0.396157339536223,1.02153270604228,"RXRA_JMSU-1"
163,875,2283,12372,0.459459229490705,1.01259414966371,"MYC_HFF"
474,875,7960,12372,0.999999999944354,0.63333861564383,"MYC_SK-N-SH"
450,875,7798,12372,0.999999999999858,0.597914205867086,"MYC_NB69"
55,875,475,12372,0.000187685177041687,1.76887079973009,"GPS2_hMADS"
295,875,5310,12372,0.999999996790807,0.657426908965241,"USF1_K-562"
265,875,4921,12372,0.999999999399602,0.638319869983914,"NR2C2_K-562"
19,875,476,12372,0.998512682909074,0.536228643978028,"ZNF410_K-562"
312,875,5236,12372,0.999987034377376,0.739780301876171,"TCF3_NPC"
9,875,142,12372,0.68169416293569,0.887985376223247,"NFIX_K-562"
87,875,1797,12372,0.99998795987102,0.631923177949538,"USF2_SK-N-SH"
483,875,7191,12372,0.967847178796728,0.879667196628056,"ZBTB7A_Hep-G2"
247,875,2682,12372,1.29093019542003e-06,1.4636848218528,"FOS_endothelial"
417,875,6972,12372,0.999999965193253,0.686469749756662,"FOS_Hep-G2"
302,875,3982,12372,0.068435638380992,1.11953664337263,"HMGB1_HUVEC-C"
60,875,759,12372,0.19603468487222,1.13723227077042,"GTF2A2_K-562"
449,875,6460,12372,0.721896220083794,0.961924146873155,"KDM5B_MCF-7"
152,875,1873,12372,0.0328920276686288,1.19417002534412,"DDX5_NTERA2"
518,875,8193,12372,0.999997102115858,0.722551946494025,"RBM22_K-562"
395,875,5213,12372,0.0336232337346831,1.1407613454906,"TRIM28_HCT-116"
350,875,6207,12372,0.999999999846449,0.641995212185635,"SIN3B_K-562"
560,875,7608,12372,0.0608183361048948,1.12223056277716,"WDR5_SMMC-7721"
244,875,2757,12372,3.23331750418369e-05,1.38237330930162,"STAG1_HCAEC"
97,875,641,12372,3.22134416268401e-13,2.51003000647324,"JARID2_UTEIPS11"
295,875,4396,12372,0.885582208217641,0.917273760526319,"CTCF_GM12868"
356,875,4866,12372,0.207256355379732,1.06266043090621,"CTCF_choroid-plexus"
548,875,7965,12372,0.876452547555536,0.921866891736793,"CTCF_lung"
307,875,4273,12372,0.374592936511967,1.02635400659022,"CTCF_osteoblast"
472,875,6612,12372,0.39299489752893,1.02185836469512,"CTCF_fibroblast"
353,875,4697,12372,0.071481865286137,1.11351932821889,"CTCF_OVCAR-8"
409,875,6127,12372,0.959237192293136,0.88705470771251,"CTCF_GM04648"
473,875,7134,12372,0.988362456443238,0.854258120200691,"CTCF_HAP1"
249,875,3545,12372,0.566457381000499,0.989703140010533,"CTCF_GM06990"
417,875,6105,12372,0.85796606961829,0.929881066168689,"CTCF_adrenal-gland"
353,875,4803,12372,0.17819763138892,1.07089222708607,"CTCF_GM04025"
312,875,4192,12372,0.132980977191937,1.08791402616081,"CTCF_GM17942"
492,875,7122,12372,0.806719075395792,0.943024061989359,"CTCF_SK-N-SH"
324,875,4651,12372,0.652302856883532,0.974374440100623,"CTCF_BJ"
326,875,4853,12372,0.898763895658938,0.914244122718953,"CTCF_GM12866"
304,875,4377,12372,0.670741320368243,0.970423634269801,"CTCF_GM12867"
335,875,4968,12372,0.886276865520674,0.919095270800768,"CTCF_GM12869"
443,875,6169,12372,0.331776512923542,1.03352844088241,"CTCF_MCF-7L"
340,875,4743,12372,0.3841264486455,1.02393396281734,"CTCF_GM09236"
338,875,4583,12372,0.165740070100791,1.07527499728834,"CTCF_cardiac"
320,875,4283,12372,0.110997954512325,1.09611035238331,"CTCF_D54"
411,875,6188,12372,0.971548232093129,0.877046188788173,"CTCF_artery"
468,875,6686,12372,0.647282436885726,0.976225821677009,"CTCF_Peyers-patch"
467,875,6701,12372,0.699521550572064,0.966314735525299,"CTCF_MCF-7"
659,875,9337,12372,0.562274127945617,0.991076887802739,"CTCF_T-47D"
487,875,6848,12372,0.43929521336501,1.0134370711626,"CTCF_786-O"
247,875,3426,12372,0.36937842865851,1.02911785583351,"CTCF_GM12873"
215,875,2997,12372,0.415420027951178,1.02047971216977,"UBTF_GM12878"
228,875,2696,12372,0.00105720027399294,1.28918582590641,"ZNF217_GM12878"
469,875,6676,12372,0.601749613182624,0.984509769649211,"CDK9_HCT-116"
151,875,1116,12372,7.99965061757431e-16,2.27603730117329,"JARID2_UTEIPS6"
79,875,495,12372,3.98795152333062e-12,2.64328940469965,"JARID2_EDOMIPS2"
84,875,618,12372,3.3359558960652e-09,2.18005452738374,"JARID2_UTEIPS7"
407,875,7020,12372,0.999999999882522,0.642319049024975,"MXI1_neural"
375,875,6116,12372,0.999977362414837,0.751979968893201,"RAD21_neural"
240,875,3346,12372,0.408873179928755,1.02105538544069,"MED1_UCSD-AML1"
243,875,3995,12372,0.998805104655034,0.793675336988615,"MGA_K-562"
340,875,5004,12372,0.848344033729501,0.931052261048198,"MYC_GM12878"
419,875,6971,12372,0.999999922557929,0.693524373058546,"MYC_BL41"
102,875,1227,12372,0.044302665380137,1.21652010275423,"ZSCAN29_GM12878"
431,875,5368,12372,0.000167928308411894,1.28979883780568,"JUN_786-O"
379,875,5797,12372,0.986657646412007,0.857346510950569,"ZEB1_PDAC"
439,875,6601,12372,0.976783097655038,0.871758593548632,"KLF4_PDAC"
297,875,4664,12372,0.992396014936524,0.838978426215238,"SREBF2_HeLa-S3"
462,875,6712,12372,0.823648943044621,0.93914942631253,"EP300_MCF-7"
226,875,3094,12372,0.292894714982492,1.04771873712624,"HDAC2_GM12878"
280,875,4161,12372,0.86391947573564,0.923471653794957,"MORC2_H9"
229,875,3425,12372,0.859264919279677,0.920725313997429,"USF2_K-562"
469,875,6770,12372,0.766170332545223,0.952568399257512,"CTCF_hESC"
399,875,6048,12372,0.979945008665373,0.867774873072709,"CTCF_neuron"
104,875,1387,12372,0.271365139492156,1.07387378157749,"CTCF_omental-fat-pad"
484,875,7177,12372,0.95624898094212,0.888496601731547,"CTCF_neural"
510,875,7039,12372,0.204373598635592,1.06320378632584,"SMARCA5_GM12878"
21,875,252,12372,0.247029746748663,1.19925610303007,"ZNF460_HEK293T"
296,875,4140,12372,0.419116156818517,1.01780587739083,"ZNF263_HEK293T"
218,875,3536,12372,0.994718687064184,0.817956336715551,"ZNF121_HEK293"
451,875,7008,12372,0.999274112362581,0.801388901194201,"KLF6_PDAC"
131,875,1965,12372,0.790965757985762,0.927736072930942,"MIER1_K-562"
111,875,2018,12372,0.999168115959117,0.730651389318321,"ZNF513_HEK293"
212,875,3096,12372,0.725892932579171,0.954972877942183,"SNAI2_keratinocyte"
42,875,707,12372,0.902975184008167,0.821320489754905,"ZNF444_K-562"
110,875,1792,12372,0.95898308944239,0.839076989602125,"TP53_Calu-1"
51,875,715,12372,0.496457209640969,1.00977256567527,"TP53_keratinocyte"
112,875,1672,12372,0.753920474259899,0.93501004092996,"TP53_GM00011"
319,875,5396,12372,0.999996544164534,0.725530475931443,"KDM1A_NCI-H526"
253,875,3494,12372,0.335848953015891,1.03614405599554,"KDM1A_Kasumi-1"
1,875,20,12372,0.769652105802324,0.691195649042477,"ZNF749_HEK293T"
349,875,5538,12372,0.998876997542678,0.806595255801808,"RUNX1_Kasumi-1"
21,875,169,12372,0.00815880914591594,1.88558958593385,"JARID2_hESC"
38,875,299,12372,0.000301563292919985,1.95435865228798,"PCGF1_HEK293T"
99,875,1116,12372,0.00977098059355188,1.3146267959171,"MBD3_MCF-7"
33,875,378,12372,0.121671142060884,1.26685226369901,"MBD2_HeLa"
49,875,1028,12372,0.999376436534443,0.637353766480519,"ELK1_WA01"
77,875,1034,12372,0.330166367490593,1.06272652385528,"SMARCA4_HeLa-S3"
120,875,2305,12372,0.999974806886954,0.677399963363687,"ASH1L_K-562"
252,875,4197,12372,0.999659288793718,0.774367252730487,"REST_PFSK1"
451,875,6687,12372,0.942666858809886,0.897381435570208,"REST_colorectal-cancer"
174,875,3023,12372,0.999602167152614,0.753484111595874,"KLF6_K-562"
194,875,3426,12372,0.999952257186101,0.728489691790184,"CHD2_A-549"
156,875,3650,12372,1,0.496989491285824,"BRD2_MM1-S"
145,875,2917,12372,0.999999939532586,0.625197689514271,"BRD2_HUVEC-C"
214,875,3901,12372,0.999999238348682,0.685808209552062,"HSF1_MCF-7"
123,875,1671,12372,0.325710611700278,1.05122953357157,"CHD4_SCC-9"
86,875,1026,12372,0.0524446686121416,1.22412477458853,"JUND_HT29"
123,875,1788,12372,0.650180033361904,0.965857021963256,"RELA_U2OS"
134,875,2182,12372,0.973826939939582,0.834352251405876,"MAX_melanocyte"
181,875,2636,12372,0.692348941324168,0.960557103169718,"MAX_GM12878"
94,875,1667,12372,0.994899832808719,0.759354708425304,"FOS_MG-63-3"
70,875,1225,12372,0.980197820259078,0.778633446088484,"TRPS1_T-47D"
271,875,4181,12372,0.96976424122871,0.870604861852336,"CTCF_RH4"
371,875,5622,12372,0.972085682273972,0.875604848964127,"CTCF_thoracic-aorta"
393,875,5541,12372,0.482225869083841,1.00556994791016,"CTCF_WA01"
497,875,7340,12372,0.946491658599022,0.894229952934487,"CTCF_K-562"
297,875,3988,12372,0.139235575419083,1.08669873670671,"CTCF_ID00014"
271,875,4023,12372,0.853202950758393,0.926170029566668,"CTCF_GM12870"
326,875,5176,12372,0.998123644433129,0.813835439213241,"CTCF_testis"
215,875,3413,12372,0.983325075982576,0.845380043144082,"TCF25_Hep-G2"
83,875,1152,12372,0.445276674319656,1.02229571990733,"RUNX1_MCF-10A"
133,875,2312,12372,0.997819193155133,0.76652245996587,"RUNX1_hiPSC"
202,875,3086,12372,0.913585020384498,0.89639648629262,"ZNF282_K-562"
585,875,8955,12372,0.99991807134684,0.753644478952997,"TAF1_HeLa-S3"
124,875,1855,12372,0.773821881310365,0.93151485017372,"ELF1_SEM"
376,875,6323,12372,0.999999759906995,0.703230886929007,"NR3C1_GM12878"
25,875,363,12372,0.585904874935728,0.971025012219088,"NR3C1_Hep-G2"
331,875,5706,12372,0.999999883260322,0.693039853052218,"BRD4_OCI-Ly1"
247,875,4305,12372,0.999992610779696,0.721025906052746,"RBM25_K-562"
77,875,1322,12372,0.975462730373246,0.794574906748506,"CBFB_SaOS-2"
241,875,3765,12372,0.976017699756426,0.860050295277751,"MYC_CUTLL1"
286,875,4367,12372,0.957288235435177,0.882365760584797,"MYC_Hep-G2"
334,875,5677,12372,0.999999256653314,0.711106570208075,"ZNF384_Hep-G2"
292,875,4827,12372,0.999851383182228,0.768918446673833,"ZNF384_K-562"
32,875,444,12372,0.482579976088924,1.0213192579758,"ZNF384_GM12878"
46,875,744,12372,0.853755074159383,0.858468897513249,"ZNF384_HEK293T"
340,875,5645,12372,0.999988151790144,0.741791951610773,"TAF7_WA01"
84,875,2200,12372,0.999999999999293,0.470842297489883,"YY1_JL-LCLs"
50,875,1183,12372,0.999992947264879,0.554410942666785,"YY1_HeLa"
81,875,2171,12372,0.999999999999763,0.459207264960044,"YY1_JD-LCLs"
110,875,2864,12372,1,0.456510113095412,"YY1_BH-LCLs"
54,875,1487,12372,0.999999999203381,0.461955470692668,"YY1_HEP14-0079-LCLs"
64,875,1685,12372,0.999999999546124,0.480821214652429,"YY1_HEP14-00120-LCLs"
97,875,2520,12372,0.999999999999985,0.466911778804746,"YY1_HEP10-01008-LCLs"
131,875,3255,12372,1,0.471944300837718,"YY1_AB-LCL"
130,875,3208,12372,1,0.477310466028904,"YY1_PK-LCLs"
60,875,1697,12372,0.999999999988878,0.443443114305135,"YY1_HEP14-0080-LCLs"
279,875,5788,12372,1,0.508852873944302,"YY1_NT2-D1"
126,875,2189,12372,0.997045737098193,0.769300953270016,"USF2_A-549"
126,875,2392,12372,0.999968850966564,0.685326032799114,"USF2_WA01"
110,875,1969,12372,0.998290097895847,0.745504546232796,"EGR1_macrophage"
21,875,499,12372,0.997540407230603,0.566880905598035,"ARHGAP35_K-562"
98,875,1554,12372,0.90685538129858,0.869812148780704,"MED1_LNCaP"
272,875,5720,12372,1,0.500868286997422,"OGT_LNCaP"
128,875,2292,12372,0.999319939437466,0.739038519250192,"USF1_GM12878"
91,875,1794,12372,0.999917026802194,0.667553756942843,"USF1_HCT-116"
215,875,3548,12372,0.997888705069529,0.797960400014979,"CREBBP_fibroblast"
272,875,4219,12372,0.977228423880814,0.862830977382899,"GATAD1_HeLa"
308,875,5958,12372,1,0.562179764558347,"NKX3-1_islet"
290,875,4897,12372,0.999980701440671,0.741401947494631,"TFDP1_K-562"
316,875,5123,12372,0.999602276471259,0.786748431904405,"E4F1_GM12878"
45,875,883,12372,0.994488193824415,0.689633766879281,"E4F1_MCF-7"
377,875,6403,12372,0.999999958531894,0.687332138653111,"ESRRA_K-562"
138,875,2565,12372,0.999953734537747,0.699792888177552,"ESRRA_BT-474"
207,875,2900,12372,0.451419487735975,1.01306483923543,"NCOR2_LS180"
103,875,1624,12372,0.90162586863686,0.875088110898966,"CHD4_501-mel"
81,875,1669,12372,0.999972003752248,0.636590861802745,"NOTCH3_TALL-1"
141,875,2228,12372,0.941904116550487,0.866154984251195,"JUN_myometrium"
141,875,2763,12372,0.999999136171275,0.650265404034612,"NCOA3_MCF-7"
213,875,2334,12372,1.80020677980061e-05,1.42227864668381,"FOS_MCF-10A"
211,875,3500,12372,0.998263369778067,0.793062293424791,"NFYB_GM12878"
171,875,3019,12372,0.999833658808352,0.737686017316777,"NFYB_HeLa-S3"
72,875,1327,12372,0.995488507510123,0.731759674734315,"SMARCC2_HeLa-S3"
82,875,1599,12372,0.999697276177466,0.68029824120564,"CDK9_Kelly"
146,875,2987,12372,0.999999988787266,0.610207117536234,"SETDB1_U2OS"
144,875,2970,12372,0.999999993120566,0.604433211457164,"SETDB1_HEK293"
430,875,7699,12372,1,0.562095548129678,"KDM1A_SH-SY5Y"
202,875,3844,12372,0.999999977060062,0.647376264841517,"KDM1A_SU-DHL-4"
355,875,5640,12372,0.999141941251301,0.802453212610988,"CEBPD_K-562"
370,875,5944,12372,0.999828094633151,0.778565213471655,"ATF3_A-549"
280,875,5072,12372,0.999999994747527,0.65847294042361,"ZHX1_K-562"
151,875,2730,12372,0.999888758192292,0.721231333212728,"GATA6_pancreatic-progenitor"
79,875,1103,12372,0.470159506683289,1.01504472617443,"GATA6_foregut"
318,875,5548,12372,0.999999948296837,0.684138969653886,"ATF3_K-562"
124,875,2676,12372,0.999999997644325,0.578732370593249,"ATF3_WA01"
90,875,2026,12372,0.999999962055796,0.566234569467543,"ATF3_GM12878"
247,875,3794,12372,0.952333617471435,0.881557718207998,"ETS1_PANC-1"
459,875,7799,12372,0.999999999987147,0.62488394382634,"ETS1_A-549"
233,875,3031,12372,0.0705038494658789,1.12831963667428,"NFE2L2_BEAS-2B"
196,875,4104,12372,0.999999999999835,0.560576893115943,"KDM5A_A-549"
400,875,7005,12372,0.999999999992748,0.623744176158009,"ARID5B_Jurkat"
36,875,743,12372,0.995782870466657,0.654870565778991,"SP1_MCF-7"
169,875,3247,12372,0.999999739268396,0.654760825009753,"CDK8_MV4-11"
11,875,290,12372,0.993862066756961,0.511941107970921,"HMBOX1_WI-38VA13"
117,875,1998,12372,0.992037619212224,0.789098781403106,"NR2F2_Hep-G2"
119,875,1967,12372,0.977602416499393,0.821888245487903,"NR2F6_K-562"
164,875,2831,12372,0.999113420895897,0.763708756840239,"NR2F6_Hep-G2"
256,875,4488,12372,0.999997690526965,0.70998803171898,"SOX4_MDA-MB-231"
147,875,2292,12372,0.921710052720991,0.880375414411579,"SOX4_HCC1954"
79,875,1104,12372,0.473628198932195,1.01395753414456,"HIF1A_HUVEC-C"
148,875,2363,12372,0.961465508921885,0.853102777895998,"STAG1_HL-60"
231,875,3515,12372,0.921037700055611,0.897077641109758,"CTCF_OCI-Ly7"
5,875,34,12372,0.0886978410625742,2.27239721639403,"YBX1_HEL"
145,875,2622,12372,0.999843074190127,0.723342569185408,"ZMYND11_DU145"
38,875,440,12372,0.1153074366728,1.25299789384682,"STAT5A_GM12878"
12,875,103,12372,0.0593688281739365,1.74275645132129,"TSC22D4_GM12878"
84,875,1082,12372,0.192193392043452,1.11713025719815,"RPA2_HeLa"
41,875,582,12372,0.535145359653667,0.995572084403405,"HMGB2_HUVEC-C"
20,875,432,12372,0.986764952656629,0.629392282924199,"HNRNPUL1_K-562"
12,875,351,12372,0.998976050225738,0.45769596807149,"ZNF506_HEK293T"
538,875,8251,12372,0.999653075191267,0.783252123456137,"JUND_WA01"
11,875,293,12372,0.994586540632623,0.506359437236462,"CCAR2_K-562"
101,875,1295,12372,0.15370540933722,1.12595859511312,"FOSL2_MCF-7"
99,875,1646,12372,0.969822553758791,0.820565360443798,"NR3C1_HCC1937"
53,875,515,12372,0.00358639454374652,1.53997104100037,"NR3C1_MCF-10A"
34,875,503,12372,0.63602537479544,0.950621403711185,"ZNF397_K-562"
55,875,945,12372,0.951345400565567,0.799391259653924,"HSF1_BT-20"
262,875,4655,12372,0.999999671850884,0.691186639849689,"KLF13_HEK293"
14,875,269,12372,0.913046970148896,0.716839202663768,"SMAD3_K-562"
27,875,336,12372,0.271126893452156,1.15280629890291,"HNRNPK_primary-keratinocyte"
13,875,287,12372,0.971843066933667,0.617764633281916,"SNRNP70_K-562"
15,875,205,12372,0.48454122739518,1.0379814625559,"FOXO3_K-562"
12,875,228,12372,0.890118745746943,0.726205711552759,"DNMT1_K-562"
80,875,1375,12372,0.978312108639657,0.79276833719572,"SIRT6_K-562"
147,875,2694,12372,0.999939170168689,0.709579653768063,"DDX20_K-562"
77,875,1444,12372,0.998087074201041,0.715056306517157,"ZNF281_HEK293"
303,875,4658,12372,0.974838877440812,0.868757109494138,"POU2F2_GM12891"
138,875,2933,12372,0.999999999075754,0.582984601677202,"ZNF207_WA09"
268,875,4604,12372,0.999990165137063,0.729191242179584,"ARNT_T-47D"
83,875,1427,12372,0.980484399429068,0.791691552894186,"ARNT_PC-3"
335,875,4806,12372,0.650473241163996,0.974887814451729,"ARNT_RCC4"
74,875,855,12372,0.038587069595456,1.26756764162162,"NR4A1_MOLM-14"
50,875,758,12372,0.72206477220793,0.923555480699129,"STAT2_GM12878"
29,875,361,12372,0.262434420916979,1.15277018604906,"GLIS3_SK-N-SH"
109,875,1783,12372,0.962506146126193,0.835012240740394,"KLF16_K-562"
271,875,4573,12372,0.999949482771487,0.750417057908751,"U2AF2_Hep-G2"
180,875,3501,12372,0.999999975972074,0.637637981209534,"RUVBL1_Hep-G2"
256,875,4241,12372,0.999549961293488,0.779642280943897,"GTF2F1_WA01"
13,875,180,12372,0.510533130448505,1.02317634959379,"ZNF436_K-562"
366,875,5984,12372,0.999975502558675,0.75248262289622,"TCF12_WA01"
182,875,2894,12372,0.973693536524511,0.85074171861174,"CREBBP_NCI-H3396"
14,875,301,12372,0.968224999820047,0.635150255905755,"ZNF324_K-562"
107,875,1705,12372,0.925761658286824,0.863062533228688,"SHOX2_K-562"
262,875,3906,12372,0.867317859327802,0.921081397479401,"PTBP1_K-562"
97,875,1659,12372,0.98561157485404,0.793025556084566,"PCBP2_Hep-G2"
31,875,435,12372,0.509990909726874,1.00852538922734,"SFPQ_Hep-G2"
171,875,3073,12372,0.999949968929198,0.719446599478472,"ZNF24_Hep-G2"
155,875,2633,12372,0.997170398523237,0.783553012809795,"TP53_H9"
127,875,1993,12372,0.917391628083179,0.876327837477552,"CHD4_RH5"
64,875,906,12372,0.524379122902971,0.998620619566041,"CHD4_pre-B-cell"
258,875,4828,12372,0.99999999958404,0.633839546630039,"KLF7_HEK293"
75,875,1477,12372,0.999624567902597,0.675061150955301,"RBBP5_GM12878"
166,875,2793,12372,0.996850689762186,0.79056552863621,"ZKSCAN1_HeLa-S3"
237,875,4367,12372,0.999999968666636,0.662646874004664,"ZFX_NOMO1"
205,875,2883,12372,0.477565358207256,1.00759872695901,"CDK8_SW480"
87,875,1319,12372,0.778113595610271,0.91988680392895,"ZEB1_NCI-H1975"
79,875,1221,12372,0.821660889134132,0.899888043585957,"ZEB1_MIA-PaCa-2"
56,875,599,12372,0.0187613602584431,1.37931129762609,"SMC1A_HCT-116"
90,875,1905,12372,0.999997941593693,0.611619776377022,"BRF1_H9"
8,875,144,12372,0.807385145387181,0.770810916175193,"TCFL5_K-562"
326,875,5341,12372,0.999900536751255,0.767525925012821,"BRD4_OCI-AML3"
151,875,3019,12372,0.999999949906233,0.627514530826816,"WDR5_K-562"
108,875,1546,12372,0.57302873889868,0.984973094613039,"SMARCC1_TTC-549"
112,875,1781,12372,0.927364672076721,0.864385425705824,"SMARCC1_SK-N-MC"
185,875,2469,12372,0.192428592785455,1.08150732365395,"SMARCC1_SYO-1"
232,875,3024,12372,0.0759805000088799,1.12491697875172,"RAD21_Ishikawa"
176,875,2142,12372,0.0141320976963031,1.22062703165189,"RAD21_WA09"
225,875,3139,12372,0.418143114644708,1.01957292304563,"RAD21_T-47D"
122,875,2169,12372,0.998717084229565,0.747981916521671,"SPIN1_T778"
269,875,3927,12372,0.756045581534235,0.951255477998284,"TCF4_CAL-1"
110,875,2022,12372,0.999465381401091,0.720856526214704,"ZNF76_K-562"
40,875,707,12372,0.947348138649858,0.777843680490898,"ZNF134_K-562"
244,875,3146,12372,0.0463434410577938,1.14524035091542,"RBM14_K-562"
71,875,856,12372,0.0864871162571644,1.20502464823806,"SRSF4_K-562"
193,875,2415,12372,0.0286703430014028,1.18126145071443,"FOSL1_MNNG-HOS"
174,875,1880,12372,6.27729141589927e-05,1.42450808612273,"CHD4_keratinocyte"
41,875,668,12372,0.852923914246002,0.852263345343981,"AHRR_MCF-7"
134,875,2199,12372,0.979739300199273,0.825995667175982,"SMARCA5_MCF-7"
173,875,2277,12372,0.149943493646659,1.10019895104301,"CTCF_DU145"
397,875,5256,12372,0.0396570572088382,1.13461256849579,"CTCF_A-549"
296,875,3816,12372,0.0265420596521007,1.1585095552695,"CTCF_NB69"
219,875,2765,12372,0.0277638208035898,1.17363317726353,"CTCF_RWPE-1"
308,875,4319,12372,0.439069440032193,1.01383340928816,"CTCF_VCaP"
302,875,3976,12372,0.0643014668111959,1.12222507851327,"CTCF_cardiac-muscle"
329,875,4603,12372,0.41409709770833,1.01833119295798,"CTCF_astrocyte"
187,875,2551,12372,0.297200021784905,1.05007285750316,"CTCF_lymphoblast"
158,875,1991,12372,0.0571300375121206,1.16182807727511,"CTCF_IMR-5"
269,875,3650,12372,0.212427082806174,1.06554952346314,"CTCF_ID00016"
264,875,3358,12372,0.0208983230994901,1.17344190691196,"CTCF_HSPC-CD34"
299,875,3932,12372,0.0627233700598989,1.1236215740558,"CTCF_PC-3"
219,875,3292,12372,0.872520674713454,0.915165789823611,"CTCF_sigmoid-colon"
157,875,2167,12372,0.379511604618729,1.03206750717003,"CTCF_GM20000"
335,875,4658,12372,0.356096390850635,1.02951873202639,"CTCF_IMR-90"
326,875,4601,12372,0.496105009142266,1.00315169993074,"CTCF_22Rv1"
208,875,2802,12372,0.216422316022749,1.07029741378751,"CTCF_LNCaP-C4-2B"
230,875,3161,12372,0.314906744611725,1.04214922972838,"CTCF_smooth-muscle-cell"
264,875,3545,12372,0.160705907368257,1.0819641161868,"CTCF_SEM"
294,875,4138,12372,0.473618090233034,1.0074419014532,"CTCF_WERI-Rb-1"
241,875,3236,12372,0.17636313897095,1.07906567065591,"CTCF_Caco-2"
287,875,3998,12372,0.388105069382085,1.02408291928582,"CTCF_SK-N-AS"
285,875,4226,12372,0.85630939848797,0.92614178202329,"CTCF_glioblastoma"
199,875,2935,12372,0.771998722963418,0.942640599599388,"CTCF_neuroblastoma"
295,875,4196,12372,0.565130726075098,0.99038328428479,"CTCF_A-673"
302,875,4062,12372,0.144262963444304,1.08450939711033,"CTCF_HL-60"
222,875,3117,12372,0.463858294892993,1.01016049425328,"CTCF_GM12865"
243,875,3492,12372,0.63453745221001,0.97607108490547,"CTCF_Loucy"
265,875,3656,12372,0.322942803266539,1.03845906855753,"CTCF_GM12875"
279,875,3646,12372,0.0569253938298549,1.13030910053854,"CTCF_FT282"
261,875,3723,12372,0.583316867572455,0.986577825855201,"CTCF_LNCaP"
215,875,2863,12372,0.158823888702552,1.08860871086919,"CTCF_NB4"
235,875,3334,12372,0.538694126977651,0.995043503473271,"CTCF_BC-3"
313,875,4528,12372,0.712768110316143,0.962190659112342,"CTCF_OCI-Ly3"
225,875,3246,12372,0.655292999198602,0.971183491625069,"CTCF_KARPAS422"
214,875,2941,12372,0.323479811253376,1.04118152655389,"CTCF_CUTLL1"
256,875,3843,12372,0.89196344478908,0.91199890434503,"CTCF_ovary"
221,875,3255,12372,0.779632715738915,0.942595871093994,"CTCF_delta-47"
225,875,3008,12372,0.168020919348828,1.08386220217812,"CTCF_GM13977"
325,875,4521,12372,0.363624380455718,1.02819287109018,"CTCF_MDA-MB-157"
327,875,4712,12372,0.686425264547501,0.967808289073315,"CTCF_coronary-artery"
257,875,3661,12372,0.572082229172451,0.988701024690947,"CTCF_MDA-MB-435"
318,875,4480,12372,0.479781716094653,1.00616723626314,"CTCF_CD14"
254,875,3736,12372,0.793273795298053,0.941494100150025,"CTCF_OCI-Ly1"
304,875,4094,12372,0.149217176616719,1.08262987389467,"CTCF_KB"
333,875,4552,12372,0.220863057709229,1.05985193493571,"CTCF_RWPE-2"
289,875,4363,12372,0.930149689777323,0.89857654436331,"CTCF_tibial-artery"
300,875,4180,12372,0.385801086724708,1.02426442967428,"CTCF_GM12878"
359,875,5065,12372,0.491244391881688,1.00398341764706,"CTCF_GM06077"
319,875,4440,12372,0.370521039745147,1.02693025989319,"CTCF_SH-SY5Y"
284,875,4032,12372,0.547964323479037,0.993521204508585,"CTCF_GM12874"
221,875,3050,12372,0.346487233209315,1.03538064393581,"CTCF_SU-DHL-6"
197,875,2796,12372,0.538979304419609,0.994769883697837,"CTCF_HEK293T"
420,875,6775,12372,0.999986242644162,0.746910843574724,"SOX9_HT29"
378,875,5353,12372,0.530114836176094,0.997064391296635,"SMC1A_MCF-7"
99,875,1085,12372,0.00443358935057131,1.35996423199523,"FOSL2_hESC"
130,875,1132,12372,9.71361390065624e-09,1.82748109373378,"FOSL2_SK-N-SH"
177,875,2442,12372,0.366626437088955,1.03358294795844,"JUND_HeLa-S3"
170,875,2269,12372,0.205899702500906,1.07965539080076,"JUND_SK-N-SH"
127,875,1276,12372,3.20549823295373e-05,1.52904373082535,"FOSL1_MDA-MB-231"
65,875,478,12372,2.15714830291451e-07,2.15346660276931,"FOSL1_HCT-116"
41,875,330,12372,0.00028743139301872,1.90647480066613,"FOSL1_MG-63-3"
37,875,626,12372,0.895585648333544,0.817670965367229,"ZNF830_K-562"
187,875,2055,12372,8.25980814191435e-05,1.40101914306548,"FOS_CFPAC-1"
273,875,4092,12372,0.896560869121242,0.911724229801588,"FOS_HCT-116"
84,875,1212,12372,0.598278465026608,0.976181691477146,"FOS_HeLa-S3"
202,875,3365,12372,0.998230537363774,0.790876405627352,"FOS_K-562"
133,875,1551,12372,0.00900237382395549,1.27402944783633,"FOS_MCF-7"
136,875,1763,12372,0.139351535458474,1.11643081185877,"ZNF24_GM12878"
145,875,2368,12372,0.981016022826784,0.828667707000862,"SMARCA4_501-mel"
40,875,437,12372,0.0552118289853739,1.33934577416656,"SMARCA4_BT-16"
86,875,633,12372,2.18330548623105e-09,2.18181840729677,"SMAD3_LX2"
40,875,877,12372,0.999423725277966,0.610126902905423,"CHAMP1_K-562"
70,875,744,12372,0.00806179896966322,1.39628722677517,"JUND_HCT-116"
34,875,496,12372,0.602713373427334,0.965637262467165,"TEAD1_K-562"
42,875,879,12372,0.998462119768307,0.642169423021785,"KDM1A_HeLa"
47,875,786,12372,0.906778259804812,0.826369050847009,"BACH1_K-562"
16,875,277,12372,0.833725934837983,0.80185541052958,"ADNP_K-562"
249,875,3591,12372,0.662334650832009,0.97060665762268,"U2AF1_K-562"
67,875,602,12372,0.000127047813606835,1.69893047041147,"JUN_HeLa-S3"
114,875,1124,12372,3.83980228433519e-05,1.55535568296595,"JUN_endothelial"
58,875,593,12372,0.00705964050382973,1.45453491677617,"JUN_BT-549"
90,875,1503,12372,0.966515223163446,0.81822066688411,"ATF7_MCF-7"
89,875,1451,12372,0.940246507680047,0.84259713757024,"ATF7_Hep-G2"
20,875,259,12372,0.374381222602373,1.10183083664227,"CEBPG_MCF-7"
27,875,730,12372,0.999975319954642,0.488893939897402,"ZZZ3_K-562"
316,875,4982,12372,0.995953975318725,0.827602009474532,"SMAD4_HGrC1"
11,875,308,12372,0.997151461953912,0.480142596843744,"HDAC3_K-562"
41,875,687,12372,0.894428346800749,0.825743881444265,"ATF4_HUDEP-2"
51,875,1047,12372,0.999048975818006,0.652570921303141,"ATF4_Jurkat"
140,875,2585,12372,0.999939235588493,0.705222921577677,"ATF4_K-562"
7,875,225,12372,0.996876068039717,0.417266878573037,"PSIP1_T-REx-293"
8,875,122,12372,0.639423000410996,0.921349504969459,"NR3C1_ZR751"
63,875,853,12372,0.375953039563894,1.05154816857438,"NR3C1_HCC70"
70,875,1261,12372,0.990459251504681,0.752471432483122,"STAT5A_K-562"
76,875,1430,12372,0.998174960081511,0.712567705306166,"EHMT2_K-562"
77,875,834,12372,0.00880156966603713,1.36893347802787,"ATF3_primary-dermal-fibroblasts"
28,875,618,12372,0.997076102369745,0.611142415003836,"ZNF133_HEK293"
12,875,167,12372,0.520686901034779,1.01748692206113,"ZNF133_HEK293T"
23,875,309,12372,0.430489967548895,1.05821316597829,"LDB1_K-562"
5,875,153,12372,0.986064256760381,0.440724467709553,"ZNF584_K-562"
75,875,1146,12372,0.784386118749123,0.91262767326753,"ATF2_Hep-G2"
124,875,2078,12372,0.987409596576553,0.806399771883629,"ATF2_HEK293"
136,875,2204,12372,0.970629149786242,0.839104996340609,"ATF2_K-562"
174,875,3233,12372,0.999996877593473,0.684687159814529,"TRIM28_U2OS"
206,875,3664,12372,0.999986744789588,0.715859520302046,"TRIM28_HEK293"
4,875,63,12372,0.659943807516745,0.89031129090792,"HOXA9_HEK293-FT"
53,875,965,12372,0.982891838159808,0.748358063822683,"GATA6_AGS"
16,875,454,12372,0.999641097107024,0.47031418107332,"ZNF83_K-562"
13,875,197,12372,0.643511422207478,0.927251340899277,"NFIL3_Hep-G2"
50,875,813,12372,0.872419804062879,0.852597134995464,"RARA_hiPSC"
76,875,1311,12372,0.977381394232418,0.790387014954317,"GTF2B_K-562"
145,875,2304,12372,0.953246517791217,0.859116751897964,"HEXIM1_A-375"
385,875,5191,12372,0.108672631415804,1.09387664482462,"GATA6_OACP4-C"
251,875,3804,12372,0.921167344577927,0.899358395055539,"STAG1_HeLa-Kyoto"
87,875,1117,12372,0.178698009575094,1.1219200122048,"STAG1_K-562"
252,875,3813,12372,0.91683105232896,0.901450420045193,"STAG1_HeLa"
163,875,2681,12372,0.990360405740002,0.816374350133408,"STAG1_CHRF28811"
17,875,307,12372,0.882947876606851,0.76568189243885,"TARDBP_HEK293T"
353,875,5249,12372,0.908305977769367,0.911723486966936,"MTA1_MCF-7"
271,875,4587,12372,0.999962365213041,0.74652779096091,"ZNF12_K-562"
8,875,115,12372,0.571921165865135,0.982225941928891,"ZNF12_HEK293T"
118,875,2269,12372,0.99997192826642,0.677314561652212,"BCLAF1_K-562"
390,875,6291,12372,0.999949909951542,0.762581909846784,"FOXO3_Hep-G2"
95,875,1519,12372,0.918200683726951,0.861554956482566,"SREBF1_A-549"
209,875,3146,12372,0.870547373417222,0.914630114899109,"SAFB_K-562"
325,875,5833,12372,0.999999999760669,0.642537732472629,"EP300_neural"
87,875,1722,12372,0.999899797916846,0.665971134870024,"EP300_LNCaP-FGC"
286,875,4704,12372,0.999708069342233,0.778046796393546,"PBX3_A-549"
170,875,3479,12372,0.999999999674249,0.596701651823924,"ZNF143_FLP76"
73,875,1126,12372,0.806930366687462,0.902775334468398,"SMAD4_hESC"
82,875,1661,12372,0.999943474983488,0.649528759188888,"WDR5_MV4-11"
170,875,2613,12372,0.906627172602009,0.893678202856354,"TCF3_Hep-G2"
32,875,396,12372,0.238907755098488,1.16098710095811,"RYBP_HEK293T"
216,875,3628,12372,0.999337792723153,0.776720617357417,"ZBTB7B_MCF-7"
105,875,1601,12372,0.818668148816005,0.911644418654972,"ESRRA_MCF-7"
81,875,1196,12372,0.682368331563613,0.9498810031785,"ESRRA_A-549"
269,875,3149,12372,0.000145852171870852,1.32810575509857,"STAG2_MCF-10A"
171,875,2178,12372,0.0661004737816598,1.14854902779465,"RAD21_IMR-5"
220,875,2965,12372,0.209697065355135,1.07089435193875,"RAD21_SK-N-SH"
194,875,2363,12372,0.0101632276835759,1.22511267683375,"RAD21_A-549"
99,875,1409,12372,0.545756212259972,0.992084470345478,"RAD21_neuroblastoma"
19,875,250,12372,0.406386659604838,1.08248344851484,"ZNF333_HEK293T"
46,875,638,12372,0.468026232966334,1.02213407945601,"HIVEP1_K-562"
88,875,1574,12372,0.994962250751706,0.753314848887044,"LDB1_H9"
164,875,3100,12372,0.999998266975756,0.672575829990819,"NCOA2_MCF-7"
248,875,4304,12372,0.999989347026709,0.725651890325544,"ARID1B_Hep-G2"
215,875,3196,12372,0.82208606356427,0.930617045533666,"ZFP36_HeLa-S3"
168,875,2583,12372,0.905799407105843,0.893631662057954,"ZNF121_Hep-G2"
87,875,1488,12372,0.980295818259551,0.795631770978139,"JMJD6_HeLa"
65,875,1002,12372,0.79195905159105,0.904372736500197,"HIF1A_RCC10"
52,875,513,12372,0.00527353912549877,1.51249574468087,"HIF1A_786-O"
192,875,3358,12372,0.999891141775701,0.739707023595816,"HIF1A_K-562"
116,875,1691,12372,0.658798369009652,0.962792583772764,"SMAD2_hESC"
83,875,1409,12372,0.973069938101454,0.803860130843277,"CBX5_K-562"
74,875,1582,12372,0.999988591639937,0.611980095483057,"FOXK1_HEK293T"
81,875,1227,12372,0.767452800685666,0.921418158668757,"MYC_PAVE"
53,875,768,12372,0.597489673565028,0.972294443762537,"MYC_CA46"
211,875,3317,12372,0.972703764923833,0.858489293111382,"MYC_BLUE1"
250,875,3858,12372,0.962231904807225,0.874608541942072,"MYC_Ramos"
236,875,3827,12372,0.996485021732943,0.813153097710696,"MYC_WA01"
206,875,3167,12372,0.932210246295328,0.887692292733638,"SSRP1_Hep-G2"
60,875,784,12372,0.275882896488163,1.09540487261064,"BACH1_Hep-G2"
69,875,1371,12372,0.99953671057976,0.670353236179577,"BHLHE40_A-549"
11,875,86,12372,0.03942149343374,1.93882374607713,"SRSF7_K-562"
151,875,2336,12372,0.907343528990062,0.888861888196723,"SMAD3_hESC"
68,875,1003,12372,0.666032656915871,0.951851924043359,"MED1_adipocyte"
102,875,1662,12372,0.952537444069941,0.84053819386402,"MED1_NCI-H2171"
126,875,2056,12372,0.97128970699467,0.833900012936784,"PREB_Hep-G2"
109,875,1946,12372,0.998001605904743,0.74830208079158,"TBX18_K-562"
212,875,3289,12372,0.954111188996132,0.875011025846087,"HNRNPUL1_Hep-G2"
146,875,2357,12372,0.972246327807042,0.841147473620832,"E2F6_HeLa-S3"
69,875,1209,12372,0.980029066879818,0.77777063468565,"CREB3_K-562"
94,875,1267,12372,0.322521285856497,1.05932815702452,"KDM1A_A-549"
93,875,1563,12372,0.973622296170182,0.811217192487981,"SRSF1_K-562"
84,875,1613,12372,0.999517456848635,0.692335307889842,"STAT3_SU-DHL-4"
177,875,2327,12372,0.142508429822549,1.10244060742463,"CTCF_GM10266"
218,875,2932,12372,0.201060782945727,1.07380295363007,"CTCF_myoblast"
198,875,2614,12372,0.139268154191497,1.09929826493749,"CTCF_HFF"
228,875,3150,12372,0.350244188930989,1.03415108015468,"CTCF_liver"
189,875,2527,12372,0.196892022809513,1.07930160030791,"CTCF_COLO-829"
288,875,4242,12372,0.822237044604118,0.93596879850441,"CTCF_erythroblast"
146,875,1833,12372,0.0602816479027751,1.16455348061633,"CTCF_MIA-PaCa-2"
207,875,3132,12372,0.887484505131579,0.908142827635141,"CTCF_T-cell"
147,875,1974,12372,0.252988780551256,1.06875056156858,"CTCF_MDM"
299,875,3870,12372,0.0310159174324188,1.15213497304597,"CTCF_SK-MEL-147"
137,875,1903,12372,0.422652408045162,1.02289468096618,"CTCF_ZR751"
185,875,2415,12372,0.113355960190475,1.11419397544152,"CTCF_MCF-10A"
217,875,2995,12372,0.348874830193735,1.03506557592744,"CTCF_GM12864"
184,875,2417,12372,0.133657493511097,1.1047217992381,"CTCF_PANC-1"
114,875,1502,12372,0.216096256227368,1.09105224755262,"CTCF_WI-38VA13"
178,875,2242,12372,0.0437571993049964,1.16717258110006,"CTCF_WI-38"
226,875,3025,12372,0.17261758939771,1.0821332014972,"CTCF_myotube"
186,875,2644,12372,0.548140295754386,0.99273225183328,"CTCF_SLK"
307,875,4504,12372,0.809755643700126,0.940097599833866,"CTCF_aorta"
95,875,1398,12372,0.682555707649447,0.95285556204096,"CTCF_GM13976"
170,875,2622,12372,0.915322328073274,0.8895133492616,"CTCF_aggregated-lymphoid-nodules"
150,875,2102,12372,0.465340497767131,1.01169393315731,"CTCF_ASC"
223,875,3267,12372,0.751027888507374,0.949785224711004,"CTCF_NCI-H929"
164,875,2338,12372,0.56285891063681,0.989168278200915,"CTCF_medulloblastoma"
143,875,2379,12372,0.990040335379343,0.809133094662214,"REPIN1_HEK293"
161,875,3009,12372,0.999994474179409,0.684773686072263,"REST_HL-60"
318,875,5391,12372,0.999997234057432,0.722977237555296,"KLF6_786-M1A"
223,875,3039,12372,0.267535252587709,1.05437275772105,"FUS_K-562"
36,875,502,12372,0.490895815411137,1.01570997533571,"CHD4_GM12878"
128,875,2099,12372,0.976401307847809,0.828171857438262,"TCF12_Hep-G2"
32,875,372,12372,0.143751981083412,1.24561001848643,"TEAD4_HUCCT1"
294,875,4704,12372,0.997816702340115,0.81321599752113,"MAZ_GM12878"
303,875,4909,12372,0.999371683016288,0.792525321337173,"ZBTB1_Jurkat"
331,875,5593,12372,0.999998003813325,0.720986563301602,"RB1_MCF-7"
28,875,293,12372,0.0636032306585097,1.40110097192965,"HDAC6_K-562"
103,875,1722,12372,0.976495916753552,0.814046869700311,"RELA_K-562"
142,875,2162,12372,0.854144856193314,0.908881580107532,"ZFP91_K-562"
53,875,1216,12372,0.999985988180712,0.572941531382819,"E2F4_HeLa-S3"
362,875,6293,12372,0.999999997854375,0.662254214825272,"TFDP1_MM1-S"
118,875,2230,12372,0.999924096879486,0.692697445785009,"TFDP1_U266B1"
259,875,3835,12372,0.832682345945896,0.931326503180222,"BCL6_OCI-Ly7"
68,875,1025,12372,0.734337982819633,0.928028867645776,"GATAD2A_K-562"
60,875,1078,12372,0.983690890579032,0.757835207868565,"ZBTB1_HEK293"
196,875,3217,12372,0.995244117838669,0.80991595656354,"RFX5_MCF-7"
38,875,1010,12372,0.999998707635159,0.491625464618201,"WDR5_LoVo"
228,875,4234,12372,0.999999971431129,0.65898170341373,"NFE2L2_A-375"
148,875,2447,12372,0.988816631547786,0.814498925537252,"KLF4_MCF-7"
334,875,4861,12372,0.769703599631816,0.950539645219409,"HNRNPK_K-562"
141,875,2738,12372,0.999998257465445,0.658371366593102,"FOXJ3_Hep-G2"
181,875,2761,12372,0.893959356738864,0.901409679173296,"SRSF4_Hep-G2"
127,875,1318,12372,0.000138181849078478,1.46914237847273,"FOSL2_LPS141"
44,875,548,12372,0.20713802234584,1.15486509870722,"TCF3_SEM"
91,875,1965,12372,0.999999479558404,0.596057796084891,"STAT3_OCI-Ly7"
298,875,4910,12372,0.999838103335797,0.77101762505743,"ETS1_GM12878"
184,875,3526,12372,0.999999927949131,0.649787307014656,"KLF10_MCF-7"
46,875,869,12372,0.988205435197116,0.719682758586706,"ATRX_erythroid"
150,875,2591,12372,0.998499413997986,0.767600412460313,"ELF4_HEK293T"
24,875,253,12372,0.0863759692831654,1.38764105967919,"SIRT6_WA01"
109,875,1960,12372,0.998512576734718,0.741566812758153,"RFX5_SK-N-SH"
339,875,5806,12372,0.999999824964423,0.697617537992918,"TAF1_MCF-7"
154,875,2293,12372,0.782120240257743,0.934475351337991,"ZNF75A_MCF-7"
64,875,1045,12372,0.907317299291918,0.845968963003037,"REST_SK-N-SH"
115,875,1814,12372,0.915731229693444,0.872635974416318,"MYC_LS174T"
63,875,1049,12372,0.932007389748123,0.827105549308962,"ZKSCAN5_HEK293T"
160,875,3119,12372,0.999999822164924,0.645698859904857,"CREB1_KG-1"
270,875,4745,12372,0.999999315972594,0.700307192102942,"CREB1_Ishikawa"
347,875,5417,12372,0.99529141429988,0.833110362366045,"NR3C1_ALL"
84,875,1762,12372,0.999992259127609,0.621435808417856,"CDK8_K-562"
101,875,1339,12372,0.253999313692778,1.08136190968754,"AATF_NALM-6"
123,875,1487,12372,0.0327113632978909,1.21505551373661,"KAT7_MOLM-13"
73,875,944,12372,0.222245213251363,1.11041202244466,"ZMYM3_K-562"
112,875,1956,12372,0.995836846244643,0.76843118856754,"CARM1_MCF-7"
20,875,297,12372,0.624292161163115,0.947497504775077,"CTCF_monocyte"
156,875,2069,12372,0.193732862953765,1.08700392620965,"CTCF_SiHa"
153,875,2053,12372,0.244105794548685,1.07038125521563,"CTCF_U2OS"
85,875,1301,12372,0.803863239866173,0.909671976345122,"CTCF_MCF-10AT1"
101,875,1371,12372,0.342517446628476,1.05081772779541,"CTCF_A-375"
130,875,1659,12372,0.106253417494351,1.1375434318017,"CTCF_macrophage"
132,875,1845,12372,0.456368094352523,1.01471485133707,"CTCF_NPC"
70,875,950,12372,0.374891628658017,1.04911869335039,"CTCF_CaSki"
79,875,1234,12372,0.847985704811764,0.888697460803205,"CTCF_UPCI-SCC-090"
129,875,2193,12372,0.993590217604115,0.790315626927185,"CTCF_lymphocyte"
120,875,1645,12372,0.368476065486428,1.03931611005773,"CTCF_VU-SCC-147"
104,875,1497,12372,0.596508697684521,0.97841031813979,"CTCF_A2780cis"
96,875,1493,12372,0.861881060039127,0.890983881957223,"CTCF_BL41"
83,875,1329,12372,0.905113749255957,0.862200635439051,"CTCF_CHRF28811"
196,875,2697,12372,0.34100333337477,1.03829765136072,"CTCF_GM12872"
141,875,1895,12372,0.262213596256937,1.06705974054037,"CTCF_HMS001"
88,875,1275,12372,0.616541622336573,0.971215695535928,"CTCF_GM12801"
121,875,1625,12372,0.278983221288341,1.0662656097692,"CTCF_KMS-11"
149,875,2013,12372,0.278046888496844,1.06063773074935,"CTCF_ID00015"
136,875,1776,12372,0.161110912109067,1.10611950998863,"CTCF_TALL-1"
129,875,1726,12372,0.255650518147211,1.07197512836439,"CTCF_HUES-64"
70,875,1071,12372,0.780276306735556,0.911773261812813,"CTCF_MCF-10CA1a"
126,875,1645,12372,0.171759939481071,1.10504971545847,"CTCF_GM10248"
144,875,1973,12372,0.349242190754868,1.04128277209583,"CTCF_kidney"
177,875,2289,12372,0.0944223950956876,1.12684314502636,"CTCF_Jurkat"
86,875,1288,12372,0.737126964271376,0.933553545500093,"CTCF_81-3"
95,875,1352,12372,0.545132788739769,0.992187739870087,"CTCF_BJAB"
105,875,1626,12372,0.862569862540771,0.89440476900066,"SMARCA5_K-562"
148,875,2401,12372,0.977388836413674,0.83528246437722,"ARNT_GM12878"
104,875,1777,12372,0.98813396152977,0.792099627768035,"TRIM22_MCF-7"
202,875,2700,12372,0.184950693404665,1.08128290515325,"HDAC2_A-549"
45,875,836,12372,0.982404882432985,0.73382926412356,"MLLT1_MCF-7"
154,875,2340,12372,0.858920653641992,0.909777232326903,"RAD21_HEC-1-B"
40,875,506,12372,0.251185348352298,1.13394998347578,"ZKSCAN1_MCF-7"
11,875,321,12372,0.998396214891559,0.459463252142337,"NR2C2_GM12878"
27,875,594,12372,0.996384408154965,0.613789405513518,"NR2C2_HeLa"
46,875,1153,12372,0.999998475310522,0.520823901419898,"NR2C2_WI-38VA13"
46,875,1028,12372,0.999873186342157,0.59417860780999,"NR2C2_HeLa-S3"
182,875,2903,12372,0.976702914485871,0.847059741021748,"TRPS1_MCF-7"
11,875,290,12372,0.993862066756961,0.511941107970921,"YY1_GM12878"
12,875,235,12372,0.911178668270936,0.702971062956534,"KAT8_K-562"
99,875,1680,12372,0.982945011267298,0.800176922859322,"ZNF623_HEK293"
88,875,1261,12372,0.572337794362854,0.984142801002233,"MTA3_MCF-7"
41,875,631,12372,0.740898861494696,0.908803874897358,"STAT3_OCI-Ly10"
152,875,2788,12372,0.999958742575038,0.706749843069358,"STAT3_MDA-MB-361"
159,875,2641,12372,0.993008339873589,0.806599927081425,"STAT3_OCI-Ly3"
173,875,2116,12372,0.0178968837323273,1.21175341414048,"CDKN1B_MDA-BoM-1833"
106,875,1768,12372,0.976685735168481,0.815699436530543,"ATF1_Hep-G2"
31,875,688,12372,0.998350908491205,0.606035341198672,"ZNF207_MCF-7"
162,875,2933,12372,0.999948130454298,0.715531217542029,"BRD4_HFOB"
210,875,3433,12372,0.995846361148023,0.81071499240302,"BRD4_BT-474"
7,875,101,12372,0.578201743997163,0.978295963028868,"BRD4_LP1"
142,875,1938,12372,0.331509042352131,1.04639466270926,"BRD4_GM15850"
57,875,741,12372,0.268710372663636,1.10152877930043,"BRD4_Hs-352-Sk"
98,875,1416,12372,0.610341209541406,0.974079683202929,"HIF1A_MDA-MB-231"
212,875,3993,12372,0.999999973740131,0.65256224800667,"RUVBL2_Hep-G2"
55,875,886,12372,0.867493332827214,0.860874134003141,"POU2F2_pre-B-cell"
62,875,1705,12372,0.999999999959473,0.457408627496333,"ZNF143_HEK293T"
56,875,1567,12372,0.999999999873838,0.451916073744597,"ZNF143_HPBALL"
85,875,1596,12372,0.998921116786508,0.711100563146491,"ETS1_ALL-SIL"
91,875,1542,12372,0.977585547625343,0.803634684792033,"CDK7_SK-MEL-147"
31,875,756,12372,0.999841889261123,0.545751503769355,"MED1_RH4"
106,875,2273,12372,0.999999920432765,0.593512595302482,"E2F4_MCF-7"
10,875,221,12372,0.955391542089278,0.618406112508326,"ETS2_DU145"
147,875,2950,12372,0.999999941373527,0.626301880718841,"DDX21_HeLa"
40,875,718,12372,0.958374148800483,0.76444235283058,"HSF1_ZR751"
274,875,4349,12372,0.994152033068259,0.830405461172193,"NR3C1_MCF-7"
152,875,2386,12372,0.938747953758611,0.871724082163408,"RBPJ_NHEK"
233,875,3649,12372,0.976173189372154,0.858574320366484,"CDK9_MV4-11"
69,875,896,12372,0.24107372506495,1.10447665990278,"CHD4_HaCaT"
86,875,1796,12372,0.999992433550745,0.623868734464486,"TERF2_LCL"
93,875,1422,12372,0.811872295953172,0.909862641308332,"JUND_MCF-7"
125,875,1753,12372,0.475034127976749,1.01033945795116,"NFE2L2_Hep-G2"
76,875,1257,12372,0.942491608140604,0.830872724501271,"NCOR2_B-cell"
115,875,2125,12372,0.999695325091694,0.714219274652811,"IRF3_SK-N-SH"
61,875,1159,12372,0.996263885902282,0.709750714931908,"IRF3_HeLa-S3"
8,875,265,12372,0.998769108199636,0.403576752716291,"ICE1_HCT-116"
76,875,1269,12372,0.95271071774514,0.821559173415398,"ZC3H11A_K-562"
14,875,271,12372,0.918010902063528,0.711133434039655,"ICE2_HCT-116"
114,875,1695,12372,0.740301995915547,0.939545658020407,"TEAD4_A-549"
90,875,1195,12372,0.274046430288384,1.07824210483545,"TEAD4_MDA-MB-231"
26,875,417,12372,0.778006809000431,0.869852665849815,"TEAD4_SK-N-BE2"
23,875,403,12372,0.884695934974698,0.789744700861557,"TEAD4_BE2C"
96,875,1209,12372,0.119877150305939,1.14971180712807,"TEAD4_SK-N-SH"
172,875,3146,12372,0.999987226369964,0.70116353189135,"CTNNB1_LS180"
29,875,784,12372,0.999987171577524,0.487736958171517,"PAX8_K-562"
6,875,188,12372,0.993106593521167,0.429275045751867,"PAX8_GM12878"
168,875,3010,12372,0.999926357194822,0.72369798551187,"HAND2_CLB-Ga"
60,875,862,12372,0.573502901377336,0.981748946925978,"SNIP1_MCF-7"
42,875,517,12372,0.191836284848813,1.16994368129753,"TEAD1_HCT-116"
238,875,3877,12372,0.997477011935505,0.806844175723309,"ZNF24_MCF-7"
38,875,342,12372,0.0036573636706149,1.67150279969537,"TP53_UO-31"
44,875,638,12372,0.594063618304903,0.971878092257349,"NCAPH2_RMG-I"
184,875,3184,12372,0.999671798491433,0.754234174077032,"BAP1_PANC-1"
170,875,3410,12372,0.999999996893336,0.614543405285535,"OGT_PC-3"
102,875,1696,12372,0.971954761980953,0.819796694539675,"BMI1_K-562"
61,875,1034,12372,0.948070142941311,0.810551073879053,"REST_GM23338"
347,875,5911,12372,0.999999772729509,0.700804879177802,"ZKSCAN1_Hep-G2"
62,875,1091,12372,0.976235861368783,0.775814408816886,"RFX5_K-562"
15,875,542,12372,0.999997774987286,0.363088686512793,"NA_NA"
65,875,1045,12372,0.883598473579677,0.861213725251739,"BRD9_U-937"
51,875,1076,12372,0.999590569352967,0.632358123088556,"SREBF1_MCF-7"
54,875,902,12372,0.920067452820162,0.825997639934904,"SREBF1_TE-5"
108,875,1996,12372,0.999528577496376,0.716668119504631,"ZBTB11_MCF-7"
40,875,782,12372,0.991007917344956,0.694370706931248,"RXRA_WA01"
166,875,2354,12372,0.531924221273333,0.996133680993952,"CDK9_BT-474"
25,875,364,12372,0.591578567546467,0.968073977731348,"ARNT_HEK293T"
20,875,429,12372,0.985426709417267,0.634181107106742,"HSF1_breast"
107,875,1655,12372,0.861913647719649,0.895444856155199,"REST_MCF-7"
19,875,291,12372,0.676050774851119,0.916006194762764,"HDGF_MCF-7"
91,875,1428,12372,0.876189353393797,0.882059325650354,"MED1_dopaminergic-neuron"
133,875,1929,12372,0.644831423575029,0.968179090735554,"NCOR2_AML"
336,875,5471,12372,0.999868817850781,0.772348537252619,"EP300_T-47D"
45,875,573,12372,0.249699508327966,1.12630779612586,"EPAS1_ccRCC"
99,875,1591,12372,0.930954219029523,0.855514071089121,"SND1_NHEK"
5,875,100,12372,0.844441624048398,0.68977239071438,"ZBTB1_MCF-7"
88,875,1544,12372,0.990785485643633,0.771138838974805,"ZC3H8_HCT-116"
19,875,365,12372,0.940545330665864,0.715392251422191,"YBX3_K-562"
7,875,89,12372,0.442701475337325,1.12262315463139,"MCM3_K-562"
13,875,268,12372,0.946616679605441,0.664920009284247,"GLYR1_HeLa"
61,875,825,12372,0.375111200638498,1.05277943801721,"ZMYND11_HeLa"
288,875,3899,12372,0.18739506261964,1.07147138462701,"SMARCE1_MCF-7"
126,875,2180,12372,0.996491030309169,0.773408367456234,"YAP1_MDA-MB-231"
101,875,1543,12372,0.819641361584262,0.909940551913392,"VDR_primary-prostate-epithelial-cell"
48,875,613,12372,0.247775021433221,1.12298916497424,"RXRA_SK-N-SH"
22,875,367,12372,0.820559637699244,0.833691463935592,"CHD4_macrophage"
32,875,148,12372,9.08175494023103e-09,3.72345391121275,"FOS_THP-1"
53,875,767,12372,0.593525818236373,0.973746507100041,"JUN_Hep-G2"
55,875,471,12372,0.000150702190547135,1.78651347867533,"JUN_HUVEC-C"
90,875,930,12372,0.00121886251541766,1.45449280271763,"JUN_A-549"
55,875,481,12372,0.000258723330015584,1.74301488561887,"JUN_primary-lung-fibroblast"
84,875,745,12372,1.06967631626988e-05,1.74078784547613,"SSRP1_hiF-T"
79,875,1068,12372,0.350816297536804,1.05448767937379,"MED1_MDA-MB-231"
55,875,789,12372,0.56724203520802,0.983527503380709,"BRD4_SUM159"
24,875,431,12372,0.91291460574698,0.768441284082522,"BRD4_BCBL-1"
63,875,1098,12372,0.971882348930586,0.784272360963842,"PML_fibroblast"
38,875,433,12372,0.097380971019561,1.27600519310901,"HCFC1R1_cartilage"
58,875,885,12372,0.753022489468021,0.915930014084269,"FOSL1_WA01"
5,875,63,12372,0.462812807690386,1.13345930181165,"RBM15_K-562"
78,875,1061,12372,0.373850557110621,1.04677528867689,"ELF1_Ramos"
52,875,711,12372,0.420157497566868,1.03912943626471,"PCBP2_K-562"
45,875,665,12372,0.64678777761041,0.951157152722619,"GATA6_ESO-26"
43,875,718,12372,0.895024824681501,0.828649136514021,"GATA6_endoderm"
29,875,542,12372,0.95841850857414,0.733990280890296,"SS18_NGP"
72,875,1153,12372,0.888597511458702,0.863985155853942,"REST_Ishikawa"
8,875,124,12372,0.657571689266868,0.905305226376076,"STAT3_U2932"
53,875,901,12372,0.938024839267607,0.809709662207971,"STAT3_SU-DHL-10"
28,875,300,12372,0.0799853434463217,1.36419790880201,"PRDM4_HCT-116"
66,875,868,12372,0.2823235949607,1.08795755510321,"CDK7_MM1-S"
119,875,1808,12372,0.823529995560876,0.914086262641028,"NR3C1_macrophage"
116,875,2119,12372,0.999499136630069,0.724432911862484,"ZEB1_Hep-G2"
140,875,2496,12372,0.999541639688476,0.739051032809404,"IRF3_GM12878"
63,875,849,12372,0.361060849441681,1.05729661926512,"ELK1_GM12878"
41,875,467,12372,0.0875151068540047,1.27757144428764,"ELK1_A-549"
76,875,1305,12372,0.974743019870176,0.794709741375635,"DDX20_MCF-7"
13,875,145,12372,0.225622068382062,1.29843704628265,"TCF12_RPMI8402"
32,875,531,12372,0.853325609791256,0.836625041895761,"TCF12_MCF-7"
52,875,899,12372,0.951831413268635,0.794472904889677,"FOS_MV4-11"
97,875,997,12372,0.000657939105220478,1.46796364536802,"DRAP1_GM12878"
6,875,40,12372,0.0602486304260885,2.3276365438033,"TOP1_HCT-116"
55,875,1216,12372,0.999955809385697,0.597152821236924,"SREBF1_GM12878"
84,875,1335,12372,0.892740449340873,0.869779698992566,"ZFP36_Hep-G2"
25,875,333,12372,0.407632588768578,1.06848974150049,"ZFP36_A-549"
68,875,985,12372,0.604794770590451,0.97219180610995,"ESRRA_GM12878"
214,875,2728,12372,0.0421183607660356,1.15677999106854,"STAG2_HL-60"
52,875,853,12372,0.89092081633437,0.843746592997794,"HSF1_HCT-116"
22,875,331,12372,0.651795346815073,0.933831908150626,"HSF1_BPE"
18,875,335,12372,0.914030766956523,0.740742121527899,"HSF1_MCF-10A"
57,875,789,12372,0.453036325477648,1.02476726227254,"GTF3C2_T98G"
38,875,477,12372,0.242431524325289,1.1435716747815,"SMARCA4_TTC-549"
14,875,138,12372,0.109364683854762,1.49127409900458,"BRD4_SGBS"
81,875,1604,12372,0.99982716563759,0.668110630522269,"BRD9_HeLa-S3"
7,875,131,12372,0.827598040602769,0.739656732582226,"MLLT1_MOLM-13"
29,875,157,12372,1.50894259192105e-06,3.04422779869327,"NR3C1_THP-1"
23,875,446,12372,0.96056883869754,0.706764725402211,"CUX1_K-562"
82,875,1455,12372,0.991551956441577,0.762485461407037,"BRD4_thyroid-cancer"
28,875,228,12372,0.002967739879217,1.86724847741363,"SMAD3_MDA-MB-231"
21,875,193,12372,0.0319964194100343,1.61900213004011,"EP300_NB4"
94,875,1695,12372,0.997148282157792,0.743970746581287,"KDM1A_OCI-Ly1"
86,875,1284,12372,0.72651984157823,0.937035721348041,"CTCF_A2780"
20,875,385,12372,0.946025831272949,0.713460524513576,"ATF4_CD34-pos"
36,875,466,12372,0.313046586696931,1.1043039160603,"SMAD2_HASMC"
70,875,1241,12372,0.985577856778647,0.766807298080964,"GTF3C2_K-562"
42,875,754,12372,0.962099850358224,0.763758700604173,"GTF3C5_IMR-5"
5,875,109,12372,0.89230393986439,0.629579598889628,"SMARCE1_HMLE-Twist-ER"
30,875,709,12372,0.999553546135236,0.565663560976095,"ZFX_RPMI8402"
32,875,622,12372,0.98112540417142,0.701757434797821,"RARA_U-937"
19,875,292,12372,0.681805187999973,0.912569492195415,"NCOA2_K-562"
28,875,687,12372,0.999731397737232,0.543695408441142,"BRD4_NCI-H2171"
79,875,1324,12372,0.959479961307533,0.817259736809174,"LDB1_HEP"
171,875,2695,12372,0.957452292212913,0.86353095964593,"RFX5_A-549"
55,875,904,12372,0.900207796726403,0.841253516931916,"KDM1A_keratinocyte"
68,875,1104,12372,0.905329809908379,0.85086666445049,"TCF4_LS180"
31,875,428,12372,0.472208353822302,1.02695857145165,"TRIM25_MDA-MB-231"
79,875,945,12372,0.064210777867139,1.21832328371806,"NR3C1_SUP-B15"
35,875,261,12372,0.00018400205499413,2.07782183589517,"MED1_myoblast"
42,875,586,12372,0.487784018853524,1.01516967191693,"ATOH8_A-549"
33,875,248,12372,0.000321166235035285,2.05643925574136,"FOSL2_MDA-MB-231"
35,875,475,12372,0.425135501206549,1.04707413755139,"YY1AP1_MCF-10A"
30,875,322,12372,0.0733032724461964,1.36231959473546,"JUND_Calu-3"
17,875,134,12372,0.013405437173957,1.92707415699485,"JUND_PC-3"
27,875,262,12372,0.0310596999575251,1.52578764922889,"TP53_MCF-10A"
140,875,2263,12372,0.970349459174317,0.841051085752428,"PBX1_A-549"
56,875,584,12372,0.0117740476394526,1.42043300385918,"SMARCB1_RMG-I"
12,875,91,12372,0.0262374083884505,2.00956790336168,"JUN_keratinocyte"
111,875,1422,12372,0.137887739822832,1.12878793005027,"RUNX1_keratinocyte"
22,875,347,12372,0.735324343205489,0.886587414567167,"NSD2_K-562"
10,875,245,12372,0.982164598902922,0.554068576629138,"BRD4_NMC24335"
7,875,170,12372,0.961070780671305,0.560803212392876,"BCL6_K-562"
3,875,73,12372,0.897750657184663,0.561608209890714,"SOX4_glioblastoma"
17,875,340,12372,0.953114256752734,0.685479762667566,"KLF4_WA09"
39,875,549,12372,0.51337725832043,1.00500259550537,"KLF4_foreskin"
48,875,646,12372,0.380510876717337,1.0578563648151,"RUNX1_HL-60"
69,875,604,12372,4.47055522551608e-05,1.75398161327548,"EPAS1_PC-3"
42,875,704,12372,0.897526032519128,0.82527193706871,"ZNF395_K-562"
9,875,53,12372,0.0112586853479898,2.70474190868779,"SMARCC1_BT-16"
27,875,797,12372,0.99999855446509,0.443584109971209,"ZNF644_K-562"
74,875,1029,12372,0.457370788080371,1.01980958750393,"VDR_LS180"
29,875,525,12372,0.937554152667373,0.760327219735189,"MED1_LS180"
10,875,131,12372,0.448826797636618,1.08685958381479,"FOSL1_BJ"
74,875,789,12372,0.00704564860653858,1.39308478102113,"PML_NB4"
13,875,74,12372,0.0018763738625504,2.82719290156271,"JUND_HFOB"
19,875,242,12372,0.351591270954032,1.12213466826003,"JUND_T-47D"
27,875,179,12372,0.000144001787472509,2.37621303178474,"JUN_Calu-3"
39,875,512,12372,0.336405961452447,1.08722518221858,"JUN_WA01"
40,875,437,12372,0.0552118289853739,1.33934577416656,"TP53_SJSA-1"
15,875,232,12372,0.679248610511569,0.906657951682509,"TP53_UACC-257"
25,875,261,12372,0.0746757682575581,1.40336111836871,"MEF2A_SK-N-SH"
34,875,601,12372,0.932799670853141,0.779365116311724,"HINFP_K-562"
43,875,690,12372,0.831912506025237,0.866693803944085,"CTBP2_MCF-7"
38,875,635,12372,0.882366211056584,0.828900563512073,"SRC_MDA-MB-231"
5,875,36,12372,0.107301140794222,2.12551651145087,"TEAD1_HFOB"
25,875,391,12372,0.730954543816011,0.894487808133802,"YAP1_MCF-10A"
3,875,45,12372,0.626015623174347,0.938322519253885,"YAP1_MSTO"
49,875,861,12372,0.959478730445564,0.780626355942443,"NR2F2_uterus"
29,875,385,12372,0.388991357025072,1.07278142391591,"TEAD4_MKN28"
29,875,423,12372,0.598395593008579,0.965989807503269,"TEAD4_Hep-G2"
19,875,256,12372,0.447978134398806,1.0545711556469,"TEAD4_HCT-116"
23,875,294,12372,0.3374576267429,1.11823919176677,"HSF1_hTERT-HME1"
38,875,781,12372,0.99627505162823,0.657131382246214,"HSF1_SK-BR-3"
59,875,693,12372,0.0766190220340089,1.23883622035973,"SAFB2_Hep-G2"
7,875,108,12372,0.649439463356961,0.909936572169957,"PTRF_K-562"
22,875,221,12372,0.0652625777221275,1.46420800267854,"TP53_MOLM-13"
25,875,316,12372,0.308075622215463,1.13258778338841,"TP53_A-549"
12,875,152,12372,0.389514344544699,1.12797659398243,"TP53_A-498"
7,875,140,12372,0.874179999087867,0.689055604728938,"TP53_NCI-H460"
33,875,584,12372,0.930994983034217,0.778623007375434,"SREBF1_KYSE-150"
3,875,13,12372,0.0591403724245627,3.9516406112451,"KDM3A_22Rv1"
54,875,920,12372,0.941942495986923,0.807454008071378,"ZNF316_K-562"
41,875,458,12372,0.0695682512056217,1.30620025584803,"STAG2_HMEC-1"
25,875,376,12372,0.657104210225576,0.933972243915232,"ZNF322_HEK293"
31,875,418,12372,0.418038215047994,1.05445454718928,"SREBF2_GM12878"
2,875,89,12372,0.988834369276765,0.300474823381702,"SREBF2_A-549"
59,875,1438,12372,0.999999778600764,0.530533941617602,"FOS_GM12878"
79,875,1171,12372,0.693927896280844,0.94565282065691,"RFX5_IMR-90"
37,875,588,12372,0.797330888008645,0.877120122271213,"RFX5_GM12878"
119,875,1904,12372,0.943582323661836,0.856448358651436,"SMC1A_LCL"
5,875,54,12372,0.334354436369293,1.34267256233269,"FOSL2_HFOB"
1,875,16,12372,0.690975400073395,0.875824420992598,"BRF1_K-562"
1,875,17,12372,0.712859223716627,0.82101354741035,"BRF1_HeLa-S3"
28,875,535,12372,0.967096572419408,0.716609786072072,"HSF1_Hep-G2"
18,875,264,12372,0.599888285073166,0.960613513681893,"ARNT_RCC10"
24,875,515,12372,0.991463347312508,0.632183675222284,"NR3C1_BT-474"
68,875,1020,12372,0.71953027905934,0.933346726238815,"NR3C1_MDA-MB-453"
36,875,716,12372,0.991025815156167,0.682574771923682,"NR3C1_MDA-MB-361"
75,875,1564,12372,0.999967239692242,0.630144526846113,"DEAF1_K-562"
8,875,112,12372,0.541320220884542,1.01082435334175,"HOXA9_SEM"
63,875,1294,12372,0.99974841588111,0.64705621761421,"SETDB1_WN8532"
8,875,128,12372,0.692211324113728,0.874820628430919,"GTF3C2_HeLa-S3"
16,875,333,12372,0.965482362924855,0.656955310732172,"ZNF274_K-562"
24,875,280,12372,0.189340956680568,1.23833472122068,"ZMYM2_MCF-10A"
2,875,35,12372,0.71924400791031,0.79586524679789,"NCOA2_hESC"
43,875,929,12372,0.999430961043935,0.618988184086921,"TAF2_hESC"
66,875,1085,12372,0.920467885013332,0.838900024270728,"BMI1_GM12878"
26,875,407,12372,0.735746857917867,0.893489232132411,"RFX5_WA01"
18,875,318,12372,0.867543622674309,0.78391379563282,"CDK9_MOLT-4"
42,875,852,12372,0.996670550862887,0.665254292345364,"SREBF1_Hep-G2"
28,875,292,12372,0.0614732076520897,1.40653258450265,"STAT3_Th17"
32,875,664,12372,0.994123776196722,0.652601348749104,"ATF4_HSPC"
109,875,1860,12372,0.989438258749604,0.792039026807527,"CEBPZ_GM12878"
1,875,22,12372,0.801132523495701,0.625256211223378,"TP53_Hep-G2"
36,875,883,12372,0.999958221242088,0.539541231522547,"ZNF574_MCF-7"
37,875,601,12372,0.836294318438123,0.855881389592184,"SNIP1_K-562"
91,875,1365,12372,0.748281503636445,0.931384587192768,"JUND_GM12878"
4,875,33,12372,0.202154336396657,1.81594305327511,"YAP1_H69"
60,875,1515,12372,0.999999976879488,0.508128631504181,"THAP11_HEK293"
5,875,116,12372,0.920198626582564,0.589511513214117,"ZNF267_HEK293T"
19,875,309,12372,0.770500999572187,0.857770360211257,"ESRRA_Hep-G2"
76,875,1388,12372,0.995241278800018,0.738421430131279,"PBX2_Hep-G2"
35,875,676,12372,0.983307359839163,0.705685844141073,"PRKDC_fibroblast"
29,875,465,12372,0.788316010744768,0.869629199208338,"NCOR2_OCI-Ly1"
34,875,630,12372,0.965133950800392,0.739466259254923,"NCOR1_OCI-Ly1"
21,875,259,12372,0.288260518831459,1.16326412859729,"MED1_OCI-Ly1"
42,875,607,12372,0.583978685289931,0.975564583761387,"TCF3_Ramos"
20,875,217,12372,0.134814841558724,1.34172128180389,"SMARCB1_K-562"
90,875,1371,12372,0.796732654248325,0.914314729490666,"HIF1A_macrophage"
18,875,380,12372,0.976886536257862,0.646095461536139,"ZNF512_K-562"
9,875,120,12372,0.477826094319839,1.06606052924063,"THRAP3_K-562"
39,875,261,12372,6.60868977539088e-06,2.36907549856921,"JARID2_UTEIPS4"
10,875,296,12372,0.997994335232056,0.453192111521433,"HDGF_HEK293T"
72,875,988,12372,0.410996098389548,1.03573768952302,"CTCF_WA09"
12,875,192,12372,0.713437055400172,0.874239580644126,"STAG1_HMEC-1"
74,875,1048,12372,0.525126345748421,0.998113385001311,"CTCF_Ishikawa"
63,875,758,12372,0.0987115191550156,1.20585907474706,"RAD21_liver"
8,875,243,12372,0.996434255784858,0.442220712828604,"ZNF557_HEK293T"
25,875,351,12372,0.515904606693868,1.00784900145389,"RBM34_K-562"
27,875,252,12372,0.0200026664834193,1.59500856806975,"NR3C1_NALM-6"
16,875,221,12372,0.499036518435701,1.02599462400133,"EP300_697"
26,875,366,12372,0.520650834469447,1.00492600500617,"RUNX1_U-937"
6,875,77,12372,0.464765943876023,1.11111390115263,"TEAD4_MCF-10A"
12,875,208,12372,0.80724259703441,0.801734337533586,"HSF1_WA09"
5,875,66,12372,0.504282048784361,1.07740411567664,"NFKBIA_dermal"
4,875,77,12372,0.803287671022564,0.71868124914469,"SMARCC1_G-401"
9,875,87,12372,0.160743474732633,1.5213740448755,"RBPJ_HKC"
5,875,26,12372,0.0331812027743938,3.14018768948974,"SMAD3_endoderm"
7,875,45,12372,0.0371920575832355,2.43174871945366,"STAT3_HepaRG"
30,875,604,12372,0.987496045589406,0.67562630022776,"ZNF134_HEK293"
23,875,461,12372,0.974052367965458,0.681632156451758,"CTBP1_HEK293T"
14,875,256,12372,0.874415088520111,0.756225293351926,"JMJD6_HEK293T"
33,875,580,12372,0.924812363914554,0.784604585879423,"HDAC3_AML"
7,875,105,12372,0.619781915159735,0.938038109768827,"ZNF780A_HEK293T"
34,875,323,12372,0.012757832402831,1.56779882701665,"SSRP1_HT-1080"
36,875,726,12372,0.993177350180479,0.672061164693393,"WDR5_HEK293T"
34,875,638,12372,0.971242505705715,0.729133636424149,"HSF1_BPLER"
18,875,167,12372,0.0482262458202633,1.59956181819055,"MYC_OSKM"
5,875,85,12372,0.727235451896174,0.820189309533476,"SAFB2_K-562"
37,875,562,12372,0.702375394710859,0.922750472982045,"MEIS1_A-673"
9,875,172,12372,0.866577197185398,0.722631777175258,"HSF1_NCI-H441"
24,875,410,12372,0.86051085310736,0.811789507725856,"BCLAF1_GM12878"
1,875,13,12372,0.614813079710776,1.0950308824504,"NR3C1_LCL"
7,875,126,12372,0.796368441584667,0.771075563057759,"YBX1_GM12878"
6,875,104,12372,0.753378268091527,0.803106157897294,"ZNF644_HEK293T"
9,875,118,12372,0.457473643521237,1.08575226338338,"ZNF649_HEK293T"
21,875,479,12372,0.995034561744382,0.592707965689238,"KLF4_WIBR3"
40,875,316,12372,0.000229969633368061,1.94747460144085,"JARID2_AMIPS8"
33,875,466,12372,0.523883389958694,1.0014426318811,"STAG1_MCF-10A"
10,875,221,12372,0.955391542089278,0.618406112508326,"ZNF548_HEK293"
71,875,1409,12372,0.999597222264276,0.670518358237254,"FOXK2_GM12878"
31,875,524,12372,0.875062882062366,0.819816891254689,"IRF3_Hep-G2"
11,875,230,12372,0.939828241244426,0.655689998080053,"FOXP1_U2932"
28,875,571,12372,0.987694649429904,0.666898595528391,"FOXP1_SU-DHL-6"
29,875,406,12372,0.506263264423253,1.01109296100766,"NR3C1_T-47D"
33,875,795,12372,0.999857368632064,0.552161465045362,"TP53_K-562"
4,875,49,12372,0.459757347240812,1.16870380018531,"ZNF264_HEK293T"
8,875,139,12372,0.775450102458986,0.800585108144291,"DEAF1_keratinocyte"
40,875,739,12372,0.974042827935839,0.740029806548132,"ZNF264_HEK293"
4,875,75,12372,0.786362064281027,0.739056187200172,"AEBP2_HEK293"
4,875,66,12372,0.695660623571901,0.847009221210202,"RUNX1_CCRF-CEM"
89,875,1741,12372,0.999856645356324,0.674819847451388,"STAT3_OCI-Ly19"
3,875,44,12372,0.610619556983157,0.961291355683219,"TCF12_CCRF-CEM"
3,875,15,12372,0.0847844031128443,3.29218210806719,"TCF3_RPMI8402"
5,875,53,12372,0.320085789048296,1.37076012651802,"TCF3_CCRF-CEM"
17,875,209,12372,0.309627921940314,1.16660782816239,"TCF3_697"
1,875,17,12372,0.712859223716627,0.82101354741035,"GATA6_H9"
8,875,140,12372,0.782128965814648,0.794449841702821,"GATA6_KATO-III"
22,875,396,12372,0.906261621064188,0.767037961968055,"GATA6_HUG1N"
13,875,196,12372,0.63620719125109,0.932400639632381,"PHB2_K-562"
51,875,1259,12372,0.999999155425264,0.527192364537326,"JDP2_Loucy"
16,875,182,12372,0.216825690512914,1.27138531276888,"BCL6_RS4-11"
14,875,311,12372,0.977422190438379,0.613216004256526,"NR2C2_erythroid"
7,875,139,12372,0.869577447424206,0.694337212250473,"BRD4_LREX"
17,875,355,12372,0.970398840004457,0.654177125354864,"BRD4_LNAR"
12,875,228,12372,0.890118745746943,0.726205711552759,"REST_GP5D"
30,875,447,12372,0.646488418085186,0.943341817019188,"NR2F2_hiPSC"
14,875,228,12372,0.746993143560661,0.857306891141445,"RBPJ_HUVEC-C"
48,875,950,12372,0.996530111881515,0.681776777008585,"MED1_K-562"
24,875,440,12372,0.92985000335011,0.751263889720376,"HSF1_HCT-15"
8,875,116,12372,0.581915679032943,0.973046369888729,"CDK9_CD4"
18,875,178,12372,0.0791349887411775,1.4881591110343,"CTCF_226LDM"
11,875,207,12372,0.874222804907288,0.734067717050167,"NBN_MCF-7"
45,875,673,12372,0.678508154464423,0.938349119012065,"SNAI2_SK-N-SH"
3,875,99,12372,0.974694424523403,0.408599860614492,"PPARA_SK-N-SH"
60,875,950,12372,0.844571258497311,0.877380058709656,"CEBPZ_K-562"
21,875,421,12372,0.968745145365408,0.682227928660147,"NR2F2_WI-38VA13"
21,875,407,12372,0.953586988130822,0.707867118962688,"ZNF768_HEK293"
23,875,308,12372,0.424200660320311,1.06202289225162,"HAND2_Kelly"
27,875,336,12372,0.271126893452156,1.15280629890291,"RING1_SYO-1"
4,875,186,12372,0.999354272416028,0.285529958719641,"EHMT2_A-549"
14,875,284,12372,0.944815206598452,0.676167266166037,"HNRNPC_K-562"
30,875,459,12372,0.702711636305342,0.915960625060176,"CHD1_GM12878"
25,875,276,12372,0.120472413634614,1.31774963220901,"MYC_HUVEC-C"
21,875,419,12372,0.966887962205503,0.685780249191998,"SOX4_HMLE"
24,875,751,12372,0.999999218512501,0.417815553557877,"E2F4_GM12878"
15,875,256,12372,0.811067629728462,0.814626974779749,"CEBPZ_Hep-G2"
12,875,212,12372,0.82675488653101,0.785420311077181,"ZNF148_HEK293"
23,875,268,12372,0.19382680744467,1.23977596319697,"TBL1XR1_GM12878"
43,875,735,12372,0.923274097067774,0.807016781625454,"HSF1_HT29"
36,875,874,12372,0.999941969897771,0.545796311931329,"NKX3-1_LNCaP"
8,875,179,12372,0.943482403977473,0.611203600454378,"PRMT5_K-562"
17,875,340,12372,0.953114256752734,0.685479762667566,"EPAS1_K-562"
8,875,163,12372,0.897907768694061,0.675186604206388,"SMAD2_K-562"
17,875,215,12372,0.352061172743929,1.13065560615515,"ELF2_Ramos"
9,875,473,12372,0.999999952300314,0.247131976465535,"E2F4_retina"
4,875,50,12372,0.475578469622521,1.14319986350528,"ZNF548_HEK293T"
20,875,362,12372,0.901568246181381,0.762958566456121,"JMJD6_CHP-134"
4,875,62,12372,0.647427553559516,0.90574053106778,"SMARCA4_WA09"
10,875,222,12372,0.956991926417977,0.615434536830234,"BHLHE40_HEK293T"
14,875,353,12372,0.995248129872207,0.535223473536152,"FOXK2_MCF-7"
9,875,267,12372,0.99699458565789,0.452744011940066,"ZNF585B_HEK293"
24,875,414,12372,0.872009945152251,0.803172904256215,"ZMYM3_GM12878"
26,875,348,12372,0.414525486446582,1.0628323258253,"RAD21_CHRF28811"
16,875,190,12372,0.269597895807728,1.21208017195876,"STAG1_U-937"
2,875,17,12372,0.340834221781676,1.75354096465243,"TP53_UACC-62"
2,875,29,12372,0.618100747171663,0.973231670474741,"TP53_RPE"
7,875,102,12372,0.588802689338143,0.967913808362551,"TP53_NCI-H1299"
8,875,71,12372,0.127246263598479,1.67457188779948,"TP53_LOX-IMVI"
7,875,47,12372,0.0456873915570447,2.30977773064495,"TP53_BC-3"
2,875,17,12372,0.340834221781676,1.75354096465243,"TP53_SK-MEL-5"
4,875,97,12372,0.919248928815474,0.563131032271841,"EP300_HCT-116"
8,875,83,12372,0.232050324776687,1.4051884234176,"PAX8_OVSAHO"
17,875,332,12372,0.940728911091121,0.703393398065246,"NONO_MCF-7"
9,875,134,12372,0.613061882270844,0.945480992405398,"STAT3_SU-DHL-6"
16,875,186,12372,0.242632201150141,1.24103506608259,"CDK8_MM1-S"
11,875,158,12372,0.566711429703111,0.983010159478952,"CHD4_K-562"
19,875,90,12372,1.34784353082799e-05,3.57139920131626,"RELA_L1236"
24,875,500,12372,0.986451326487423,0.652996927472044,"MORC2_K-562"
3,875,47,12372,0.655533628622748,0.895516020267575,"MECP2_cortical-interneuron"
18,875,132,12372,0.0053487592209962,2.09704706718236,"NR3C1_hMSC"
27,875,492,12372,0.936046937623023,0.755427213515192,"BRD4_CLB-Ga"
22,875,345,12372,0.725596402871484,0.892237134387816,"TCF4_SH-SY5Y"
28,875,414,12372,0.6269520271023,0.95157137557823,"TCF4_SW1783"
13,875,97,12372,0.018793388333843,2.04891159189346,"NFE2L2_HAEC"
3,875,78,12372,0.920954414557356,0.523936833656207,"ZNF528_HEK293T"
12,875,449,12372,0.999990944710574,0.351939838545312,"E2F4_GM06990"
7,875,103,12372,0.59926939491691,0.957747855848851,"RB1_fibroblast"
1,875,56,12372,0.983708102321678,0.238043419789355,"ZNF496_HEK293T"
3,875,22,12372,0.200816759064859,2.07817688646708,"ZNF621_HEK293T"
3,875,44,12372,0.610619556983157,0.961291355683219,"WRNIP1_GM12878"
11,875,156,12372,0.549329944479593,0.996743552339716,"CRY2_U2OS"
19,875,285,12372,0.640384454191925,0.93716877558794,"ZNF561_HEK293T"
33,875,688,12372,0.995223566214626,0.6487584650214,"NCOA3_NCI-H3396"
4,875,37,12372,0.26426995029656,1.59529075903598,"ZNF274_HEK293"
1,875,1,12372,0.0707242159715487,Inf,"YBX1_MCF-7"
9,875,109,12372,0.365091828367491,1.18442727759858,"YAP1_MCF-7"
15,875,218,12372,0.582910601690916,0.970387938859636,"HSF1_colon"
44,875,623,12372,0.527668320887065,0.998426806815387,"BACH1_A-549"
32,875,279,12372,0.00455561621807829,1.72883237275664,"BNC2_SK-N-SH"
5,875,27,12372,0.0384327857892042,2.99721967243355,"TCF12_Jurkat"
8,875,144,12372,0.807385145387181,0.770810916175193,"REST_LNCaP"
4,875,68,12372,0.717935180678535,0.820396097079918,"REST_hepatocyte"
2,875,65,12372,0.949865734688376,0.415809889645397,"SMAD4_KGN"
13,875,262,12372,0.935332132878895,0.681306257222747,"CBX5_GM12878"
3,875,101,12372,0.977389031744977,0.400191174838527,"HMBOX1_HeLa"
12,875,102,12372,0.0558719476658737,1.76227329788146,"SMARCC2_Hep-G2"
14,875,137,12372,0.104683163400647,1.5035288648172,"BACH1_SW1990"
18,875,263,12372,0.593297191455411,0.964619968854422,"NR3C1_LNCaP"
6,875,74,12372,0.426490312336375,1.16044590668748,"RAD21_Ramos"
2,875,30,12372,0.636724997039799,0.938393210872614,"ZNF7_HEK293T"
3,875,78,12372,0.920954414557356,0.523936833656207,"TEAD4_hESC"
6,875,105,12372,0.761475016754059,0.794923883028245,"TEAD2_K-562"
13,875,330,12372,0.994371232283126,0.531917600821187,"ETS1_RWPE-1"
3,875,106,12372,0.98298153634748,0.380598073808182,"ZNF317_HEK293T"
8,875,143,12372,0.801288139865509,0.776589334367624,"MYC_CC-LP-1"
13,875,222,12372,0.798345960054133,0.814528452063917,"NR3C1_monocyte"
4,875,69,12372,0.728612269405733,0.807703599393997,"GATA6_Caco-2"
3,875,88,12372,0.953556031788698,0.461920542201862,"FOXK2_HEK293T"
8,875,81,12372,0.21274564661938,1.44393351508648,"ARNT_786-M1A"
1,875,42,12372,0.954315543907303,0.319714875043544,"SMAD3_HCASMC"
10,875,64,12372,0.01378053442528,2.44970566720702,"EPAS1_786-O"
7,875,87,12372,0.41915177503199,1.15089259132249,"EPAS1_macrophage"
12,875,168,12372,0.529217300979429,1.01087450850082,"HIF1A_ccRCC"
9,875,79,12372,0.104630901582642,1.69642164628332,"HIF1A_NCI-H1299"
2,875,56,12372,0.913938570226085,0.485462456297861,"MBD4_Hep-G2"
5,875,138,12372,0.970898921425027,0.491103617578293,"ZNF426_HEK293"
6,875,139,12372,0.934368027978365,0.589994852844549,"HOXC6_22Rv1"
4,875,110,12372,0.95703518837191,0.493562579757236,"ATF4_Hep-G2"
6,875,84,12372,0.5508871665616,1.01079944897243,"UBTF_hESC"
3,875,19,12372,0.147033550163139,2.46826151591921,"NCOA2_THP-1"
21,875,304,12372,0.578031584257004,0.974397717269559,"HHEX_Hep-G2"
9,875,163,12372,0.823114061332822,0.765474256511679,"DDX5_HeLa"
7,875,129,12372,0.815586891251733,0.751915248909896,"HSF1_P12"
13,875,252,12372,0.91200760722778,0.710383873111313,"HSF1_NCI-H1703"
4,875,68,12372,0.717935180678535,0.820396097079918,"HSF1_HMLER"
1,875,20,12372,0.769652105802324,0.691195649042477,"SMARCA4_G-401"
2,875,46,12372,0.846359262152691,0.596319399825237,"THRA_K-562"
8,875,217,12372,0.988291373512084,0.498400136731636,"BRD4_GEN2-2"
5,875,84,12372,0.717556158336955,0.830644505042023,"ZNF263_HEK293"
3,875,103,12372,0.979809195188575,0.392118825157246,"EGR1_monocyte"
6,875,100,12372,0.719003154820127,0.837575922594527,"NCOA4_K-562"
5,875,95,12372,0.810986534355508,0.728414688962849,"ZNF436_HEK293"
5,875,91,12372,0.78028205106356,0.762563583086983,"FOSL1_CD4-pos"
5,875,38,12372,0.127642543705741,1.99638168991583,"CTBP1_LNCaP"
7,875,193,12372,0.98575154659384,0.490461937860483,"ZMYM3_MCF-7"
9,875,122,12372,0.498003918643596,1.04699806491059,"RARA_SK-N-SH"
8,875,107,12372,0.488577593063147,1.06236210638298,"KDM5B_WA01"
4,875,24,12372,0.0853250047659485,2.63501878579627,"SMARCA4_HCT-116"
3,875,81,12372,0.932458155545647,0.503652381736927,"RUNX1_PBMC"
3,875,74,12372,0.902832797034269,0.553649442761278,"CUX1_GM12878"
7,875,69,12372,0.213979990999123,1.48731134302536,"MBD2_HMEC-1"
8,875,94,12372,0.346748698863687,1.22430026790826,"SMAD4_endoderm"
1,875,4,12372,0.254302911370706,4.38281947101503,"ZNF830_HEK293"
1,875,22,12372,0.801132523495701,0.625256211223378,"C17orf49_HeLa"
12,875,132,12372,0.22324692300389,1.31827376790776,"UBTF_HeLa-S3"
1,875,43,12372,0.957557547076898,0.312075587892279,"YAP1_WA01"
12,875,175,12372,0.587415003620607,0.966867551855941,"CTCF_ocular-melanoma-cell"
1,875,11,12372,0.553888111307875,1.31426790889653,"BPTF_T-47D-MTVL"
14,875,196,12372,0.524947607025974,1.01089976089976,"HDAC6_WA01"
7,875,31,12372,0.00506686150211499,3.85411013996801,"STAT1_THP-1"
6,875,121,12372,0.865392985557574,0.683359074079649,"REST_HCT-116"
2,875,30,12372,0.636724997039799,0.938393210872614,"ZNF408_K-562"
4,875,28,12372,0.132233881506465,2.19525229158218,"RAD21_KMS-11"
6,875,141,12372,0.939659263537735,0.581152186542493,"NCOA4_erythroblast"
2,875,25,12372,0.536333492260476,1.14287179000633,"HKR1_HEK293T"
5,875,40,12372,0.149594159695172,1.88207056713714,"NR3C1_RS4-11"
5,875,91,12372,0.78028205106356,0.762563583086983,"HMGA1_IMR-90"
6,875,51,12372,0.149205226788011,1.75700979524142,"BACH1_HCT-116"
1,875,15,12372,0.667425798528735,0.938463739387225,"BMI1_LNCaP-C4-2"
3,875,29,12372,0.337515949812153,1.51778575011939,"TRIM28_WA01"
5,875,80,12372,0.676428144117928,0.875252839083367,"MED1_697"
3,875,75,12372,0.907685744232321,0.545911765293091,"HDAC3_VCaP"
14,875,303,12372,0.97029504518925,0.630641970229544,"THAP11_HeLa"
2,875,79,12372,0.978934942534475,0.339793854148513,"SMAD2_endoderm"
2,875,13,12372,0.233315368061676,2.39192454730579,"TERF2_HEK293"
16,875,466,12372,0.999786629975619,0.457276294932968,"XBP1_plasmablast"
11,875,141,12372,0.413210188146566,1.11319835546342,"ZEB2_liver"
3,875,75,12372,0.907685744232321,0.545911765293091,"ZNF622_GM12878"
1,875,7,12372,0.401648730689692,2.19120973394284,"STAT3_GM12878"
4,875,80,12372,0.826618731580425,0.690129488174264,"RUNX1_MCF-7"
14,875,265,12372,0.902370733813291,0.728523503416419,"ZNF791_HEK293"
1,875,14,12372,0.642083777603249,1.01073768688797,"TP53_foreskin"
1,875,16,12372,0.690975400073395,0.875824420992598,"TP53_MALME-3"
3,875,21,12372,0.182373755706612,2.19390280178564,"BAP1_UM-RC-6"
1,875,12,12372,0.585467101891615,1.19469631305321,"NBN_MCF-10A"
2,875,34,12372,0.704114215455383,0.820808214008432,"EWSR1_K-562"
2,875,58,12372,0.923572066010601,0.468070342957939,"PAX8_MCF-7"
3,875,11,12372,0.0378973795457214,4.93956898217302,"NBN_Hep-G2"
2,875,23,12372,0.491156902223818,1.25192353981929,"ZNF621_HEK293"
3,875,89,12372,0.956010774224139,0.456509585796536,"ZNF302_HEK293"
1,875,5,12372,0.307058809862834,3.28693692408661,"ZNF521_HEK293"
2,875,22,12372,0.467549487358741,1.31462790685637,"TRIM22_Hep-G2"
4,875,14,12372,0.014028780788152,5.27356311383782,"ATM_Hep-G2"
1,875,21,12372,0.785969658216748,0.656577402473425,"ZNF282_Hep-G2"
1,875,7,12372,0.401648730689692,2.19120973394284,"ZNF544_HEK293"
2,875,13,12372,0.233315368061676,2.39192454730579,"NME2_A-549"
1,875,9,12372,0.483339383665232,1.64307047603432,"YBX1_Hep-G2"
1,875,22,12372,0.801132523495701,0.625256211223378,"CTCF_subcutaneous-adipose-tissue"
13,875,199,12372,0.65788760053589,0.917118781921618,"KDM1A_SW480"
7,875,106,12372,0.629819520546992,0.92848175917063,"ZNF532_NMC24335"
3,875,60,12372,0.806669921613354,0.690485727588323,"NFE2L1_K-562"
1,875,43,12372,0.957557547076898,0.312075587892279,"CTNNB1_hESC"
2,875,86,12372,0.98647638818972,0.311287583692735,"PTTG1_K-562"
1,875,20,12372,0.769652105802324,0.691195649042477,"ZZZ3_HeLa-S3"
2,875,30,12372,0.636724997039799,0.938393210872614,"ZZZ3_GM12878"
1,875,39,12372,0.943028681831798,0.345045070258413,"XBP1_T-47D"
5,875,157,12372,0.988613405159126,0.428975660940323,"SREBF2_Hep-G2"
1,875,28,12372,0.872050690019732,0.48605287669111,"SP1_HL-60"
2,875,18,12372,0.36715149023098,1.64380726050576,"ZNF587_WA01"
3,875,19,12372,0.147033550163139,2.46826151591921,"ZNF587_HEK293T"
1,875,12,12372,0.585467101891615,1.19469631305321,"MBD2_HMLER"
1,875,13,12372,0.614813079710776,1.0950308824504,"YBX1_K-562"
6,875,88,12372,0.597167378862006,0.961157670520488,"NR2F2_HUVEC-C"
3,875,22,12372,0.200816759064859,2.07817688646708,"ARNT_HUVEC-C"
2,875,49,12372,0.870532655265411,0.558108840331388,"PSIP1_ML-2"
5,875,115,12372,0.916649492595273,0.594923292885223,"STAG2_HCT-116"
5,875,87,12372,0.745871074700343,0.800043830781737,"STAG1_HCT-116"
8,875,162,12372,0.894236911891055,0.679631223951777,"REST_metastatic-neuroblastoma"
2,875,104,12372,0.995770914941876,0.255951476656283,"POU2F2_BJAB"
3,875,135,12372,0.996925003922278,0.296228238143428,"WDR5_hESC"
1,875,35,12372,0.923533882880533,0.385771817951687,"KAT2A_HeLa-S3"
1,875,2,12372,0.136451829828544,13.1464151141703,"TCF3_Jurkat"
7,875,114,12372,0.70446270837129,0.858459536595335,"ZSCAN29_HEK293"
5,875,85,12372,0.727235451896174,0.820189309533476,"SMARCA4_LNCaP"
1,875,13,12372,0.614813079710776,1.0950308824504,"FOXP1_neural-progenitor"
1,875,25,12372,0.84048081314335,0.546953855213131,"MAX_MM1-S"
2,875,41,12372,0.796849594181544,0.673067745191954,"CBX3_T-47D-MTVL"
2,875,54,12372,0.90317425834738,0.504222668245929,"ZC3H11A_A-549"
1,875,17,12372,0.712859223716627,0.82101354741035,"MCM7_K-562"
1,875,15,12372,0.667425798528735,0.938463739387225,"WDR5_RS4-11"
1,875,21,12372,0.785969658216748,0.656577402473425,"EP300_hESC"
3,875,30,12372,0.357361249017764,1.46145155238323,"AFF4_HEK293T"
1,875,47,12372,0.968384385207477,0.284839785396242,"ZNF641_HEK293T"
2,875,20,12372,0.418450838294106,1.46092285462145,"ZNF302_HEK293T"
1,875,83,12372,0.997777355996391,0.159287680259359,"MEIS1_22Rv1"
1,875,7,12372,0.401648730689692,2.19120973394284,"ZNF324_HEK293T"
1,875,47,12372,0.968384385207477,0.284839785396242,"ZNF207_Hep-G2"
1,875,54,12372,0.981121174439081,0.247069164066721,"REST_NCI-H295R"
