primiRID,primiRname,miRname,locus,strand,Stars,nameStars,Pt134_0h,Pt151_0h,Pt157_0h,Pt2279_0h,Pt134_4h,Pt151_4h,Pt157_4h,Pt2279_4h,Pt134_8h,Pt151_8h,Pt157_8h,Pt2279_8h,Pt134_24h,Pt151_24h,Pt157_24h,Pt2279_24h,Hour0_meanrpm,Hour0_serpm,Hour4_meanrpm,Hour4_serpm,Hour8_meanrpm,Hour8_serpm,Hour24_meanrpm,Hour24_serpm,rpm_max_treatment,padj_LRT,LogFC_0_4,preadj_0_4,LogFC_4_8,preadj_4_8,LogFC_8_24,preadj_8_24,LogFC_0_8,preadj_0_8,LogFC_0_24,preadj_0_24,LogFC_4_24,preadj_4_24,DE_LRT,DE_pairs,DE_consensus
MI0000060,hsa-let-7a-1,hsa-let-7a-3p,chr9:94176013-94176033,+,<1% RPMM,hsa-let-7a-3p***,40.14534527,72.72064142,37.29907832,34.980152,39.59794302,72.68093494,25.27663479,28.31596175,42.15749155,32.65833186,15.2998646,65.62842389,30.44864324,45.84927391,20.02149264,27.12400976,46.28630425,8.874518143,41.46786862,10.85080964,38.93602797,10.49182029,30.86085489,5.448840922,46.28630425,0.95964879,-0.188844463,1,-0.076200837,1,-0.325856811,1,-0.2650453,1,-0.590902111,1,-0.402057648,1,NA,NA,Stable
MI0000060,hsa-let-7a-1,hsa-let-7a-5p,chr9:94175962-94175983,+,Single miR only,hsa-let-7a-5p,45764.57846,51221.06348,38222.59194,63433.82199,52410.37079,40051.19136,32095.66073,44082.78669,53995.83064,32690.26766,22419.74159,56259.59064,49697.70964,38980.99483,23759.52707,48277.1047,49660.51397,5308.355856,42160.00239,4227.934965,41341.35763,8243.978989,40178.83406,5966.709313,49660.51397,0.769167483,-0.206659813,1,-0.141311238,1,0.010880317,1,-0.347971052,0.930245516,-0.337090735,0.972720231,-0.130430921,1,NA,NA,Stable
MI0000061,hsa-let-7a-2,hsa-let-7a-2-3p,chr11:122146523-122146544,-,<1% RPMM,hsa-let-7a-2-3p***,18.16098953,8.167087421,11.99931589,8.32860762,10.26613338,9.9072523,14.16363156,11.47944395,17.85710341,15.89564825,17.67984353,12.85849527,15.62850715,10.99225494,15.56018178,15.01507683,11.66400012,2.339454166,11.4541153,0.963768909,16.07277261,1.1593628,14.29900518,1.110761662,16.07277261,0.643799133,0.046676186,1,0.438719263,0.915731374,-0.153779486,1,0.485395449,0.778209546,0.331615963,1,0.284939777,1,NA,NA,Stable
MI0000061,hsa-let-7a-2,hsa-let-7a-5p,chr11:122146568-122146589,-,Single miR only,hsa-let-7a-5p,95564.08272,72794.03333,53677.99995,96953.69146,107447.5518,61428.04467,56797.03418,78147.27132,102176.5048,63385.48696,41249.28494,85543.72815,96928.40554,66556.22343,42135.34007,66888.53461,79747.45187,10304.47656,75954.97549,11455.15516,73088.7512,13257.47841,68127.12591,11214.15951,79747.45187,0.950666237,-0.037763255,1,-0.13969039,1,-0.054649642,1,-0.177453644,1,-0.232103286,1,-0.194340032,1,NA,NA,Stable
MI0000062,hsa-let-7a-3,hsa-let-7a-3p,chr22:46112800-46112820,+,<1% RPMM,hsa-let-7a-3p***,27.71940507,30.20703567,22.26379094,18.50801693,19.65231246,34.96677282,17.32321091,17.79313812,16.56844646,30.92426114,20.22982097,35.56960379,17.51470629,23.14158936,15.2337444,14.53071952,24.67456215,2.641297493,22.43385858,4.207789841,25.82303309,4.452991162,17.60518989,1.952264244,25.82303309,0.753923614,-0.148581674,1,0.19396961,1,-0.525526256,0.792515632,0.045387935,1,-0.480138321,0.932295531,-0.331556647,1,NA,NA,Stable
MI0000062,hsa-let-7a-3,hsa-let-7a-5p,chr22:46112752-46112773,+,Single miR only,hsa-let-7a-5p,32073.26334,18632.7065,21682.61925,28891.01443,26122.32303,16073.64269,22009.08499,25316.95701,24316.22021,24808.19372,24523.47297,23286.40094,22765.21105,16829.86549,18766.66735,20148.0535,25319.90088,3113.266544,22380.50193,2282.878623,24233.57196,331.4358199,19627.44935,1247.798002,25319.90088,0.728163779,-0.135247315,1,0.095748915,1,-0.294563172,0.905874565,-0.0394984,1,-0.334061571,0.701151093,-0.198814257,1,NA,NA,Stable
MI0000063,hsa-let-7b,hsa-let-7b-3p,chr22:46113745-46113766,+,<10% RPMM,hsa-let-7b-3p**,404.0023635,285.1767923,299.8383273,398.1074442,265.1595592,221.7892448,250.1515236,442.7238884,290.8682823,481.2046242,323.507137,301.7571551,250.8644855,178.6241428,273.3368995,467.8891684,346.7812318,31.50050429,294.956054,50.06994432,349.3342997,44.47722704,292.678674,61.79919365,349.3342997,0.978328934,-0.236103342,1,0.270567166,1,-0.321512735,1,0.034463824,1,-0.287048911,1,-0.050945569,1,NA,NA,Stable
MI0000063,hsa-let-7b,hsa-let-7b-5p,chr22:46113691-46113712,+,Single miR only,hsa-let-7b-5p,29178.01928,14963.44669,15270.64746,20601.82889,23357.06668,12435.18347,13786.66106,21543.47246,21723.62653,17902.25708,16108.88744,16462.88178,19279.91923,10515.39357,10262.75598,15261.85689,20003.48558,3320.790969,17780.59592,2735.282069,18049.41321,1284.660159,13829.98141,2149.877505,20003.48558,0.07573713,-0.12757918,1,0.022023318,1,-0.411208105,0.253277248,-0.105555862,1,-0.516763966,0.03642412,-0.389184786,0.341571729,NA,NA,Stable
MI0000064,hsa-let-7c,hsa-let-7c-3p,chr21:16539883-16539904,+,<1% RPMM,hsa-let-7c-3p***,4.301286993,5.817651313,3.035971491,6.107645588,1.173272386,0.416271105,0.435804048,2.29588879,1.656844646,2.890117863,0.169998496,1.33594756,3.502941258,3.905143204,2.82912396,7.023181099,4.815638846,0.713272045,1.080309082,0.441834186,1.513227141,0.559176872,4.31509738,0.92958299,4.815638846,0.000270349,-2.30421534,0.001872366,0.549251141,1,1.58710931,0.139484481,-1.754964199,0.053453484,-0.167854888,1,2.136360452,0.00622781,DE,DE,DE
MI0000064,hsa-let-7c,hsa-let-7c-5p,chr21:16539838-16539859,+,Single miR only,hsa-let-7c-5p,3128.310099,3563.535185,2222.620272,4311.627625,2799.86789,2862.613135,2079.656918,3977.053357,2603.271127,3497.042615,2003.43227,3337.530992,2608.343952,2980.492074,1660.369327,3648.421492,3306.523295,436.1665901,2929.797825,391.6715548,2860.319251,345.6246428,2724.406711,414.8322097,3306.523295,0.456224907,-0.132611856,1,-0.080982025,1,-0.066866492,1,-0.21359388,0.859379507,-0.280460372,0.341571729,-0.147848517,1,NA,NA,Stable
MI0000065,hsa-let-7d,hsa-let-7d-3p,chr9:94178895-94178916,+,<10% RPMM,hsa-let-7d-3p**,146.5623716,91.96364192,144.2809309,104.0150552,100.6081071,72.84744338,116.1417788,130.865661,103.4607435,152.5982232,209.7781435,91.01142753,112.3635773,76.65651474,102.7189622,128.3546891,121.7054999,13.91954293,105.1157476,12.40360729,139.2121344,27.01885006,105.0234358,10.83288921,139.2121344,0.970837113,-0.175992112,1,0.355475517,1,-0.375013947,1,0.179483405,1,-0.195530542,1,-0.01953843,1,NA,NA,Stable
MI0000065,hsa-let-7d,hsa-let-7d-5p,chr9:94178841-94178862,+,Single miR only,hsa-let-7d-5p,1823.267764,1157.488856,1276.409157,1578.178604,1864.036503,1043.341898,1221.231894,1505.146426,1739.686878,1291.593673,1232.659091,1371.517164,1655.54393,1040.792981,1035.676994,1292.991858,1458.836095,150.3171154,1408.43918,179.1795667,1408.864202,113.8855649,1256.251441,146.0193436,1458.836095,0.751700386,-0.024790785,1,-0.027592039,1,-0.15377856,1,-0.052382824,1,-0.206161384,0.781915601,-0.181370598,0.972720231,NA,NA,Stable
MI0000066,hsa-let-7e,hsa-let-7e-3p,chr19:51692838-51692859,+,<1% RPMM,hsa-let-7e-3p***,23.89603885,16.78168648,23.56492158,21.83945998,22.14551628,16.56758998,19.9380352,38.0734891,17.67300956,30.34623757,30.08973371,22.21012819,15.08959311,19.52571602,20.78317986,30.51451098,21.52052672,1.64268412,24.18115764,4.770667404,25.07977725,3.108192955,21.47824999,3.25018539,25.07977725,0.992535394,0.152250415,1,0.054992856,1,-0.239276724,1,0.207243271,1,-0.032033453,1,-0.184283868,1,NA,NA,Stable
MI0000066,hsa-let-7e,hsa-let-7e-5p,chr19:51692793-51692814,+,Single miR only,hsa-let-7e-5p,8040.698459,7288.286439,5632.739107,8825.732954,8500.945071,5936.192466,5517.061347,7782.297703,9021.887286,5706.971239,4747.717983,8482.599033,8693.62656,6618.783826,4291.019359,7522.069136,7446.86424,681.3048099,6934.124147,717.5340181,6989.793885,1042.049627,6781.37472,932.4537941,7446.86424,0.991300861,-0.072274711,1,-0.063260336,1,-0.012071482,1,-0.135535047,1,-0.147606529,1,-0.075331818,1,NA,NA,Stable
MI0000067,hsa-let-7f-1,hsa-let-7f-1-3p,chr9:94176409-94176430,+,<1% RPMM,hsa-let-7f-1-3p***,25.48910811,17.67670976,18.07125888,13.32577219,23.02547057,22.47863967,18.19481901,17.79313812,19.6980419,23.69896648,18.18983902,23.3790823,17.6494348,18.51327148,18.93336804,22.03825793,18.64071223,2.523269895,20.37301684,1.38050348,21.24148243,1.36330778,19.28358306,0.956325636,21.24148243,0.992535394,0.164698958,1,0.021545963,1,-0.11533687,1,0.186244921,1,0.070908051,1,-0.093790907,1,NA,NA,Stable
MI0000067,hsa-let-7f-1,hsa-let-7f-5p,chr9:94176353-94176374,+,Single miR only,hsa-let-7f-5p,4350.034912,2777.480991,2794.973183,3758.793159,4046.763117,2647.400974,2467.849373,3200.086325,3897.266795,2851.101272,2132.801125,4070.799209,3989.17645,2888.070352,2343.276326,3222.429231,3420.320561,385.4904377,3090.524948,354.7861868,3237.9921,456.3754311,3110.73809,344.3238961,3420.320561,0.992535394,-0.111454067,1,0.006546275,1,-0.01525044,1,-0.104907792,1,-0.120158233,1,-0.008704166,1,NA,NA,Stable
MI0000068,hsa-let-7f-2,hsa-let-7f-2-3p,chrX:53557196-53557217,-,<1% RPMM,hsa-let-7f-2-3p***,3.345445439,8.95023279,3.035971491,2.961282709,4.253112398,11.65559094,4.793844529,2.678536922,3.865970841,4.913200368,3.229971415,8.68365914,4.041855298,6.797841873,2.39387412,4.843573172,4.573233107,1.461367685,5.845271198,1.988057871,5.173200441,1.220515895,4.519286116,0.914799376,5.845271198,0.992535394,0.402824906,1,-0.112911135,1,-0.257914658,1,0.289913771,1,0.031999113,1,-0.370825793,1,NA,NA,Stable
MI0000068,hsa-let-7f-2,hsa-let-7f-5p,chrX:53557246-53557267,-,Single miR only,hsa-let-7f-5p,21437.61437,19757.86264,20129.21384,22430.0508,27175.48166,18957.4024,18811.80859,13516.08863,24098.2531,13593.66937,13540.38017,23584.48424,25008.7102,18590.21727,15399.24815,13676.31321,20938.68541,613.9141823,19615.19532,2820.093877,18704.19672,2967.821053,18168.62221,2496.911742,20938.68541,0.992535394,-0.094684784,1,-0.111174306,1,-0.017524224,1,-0.20585909,1,-0.223383314,1,-0.12869853,1,NA,NA,Stable
MI0000069,hsa-mir-15a,hsa-miR-15a-5p,chr13:50049167-50049188,-,Single miR only,hsa-miR-15a-5p,130.4723721,272.5345885,161.9184795,170.2737558,143.7258673,304.2941778,136.8424711,111.3506063,172.495937,111.9920672,102.6790913,200.392134,206.4040772,235.0317669,147.0056334,137.0731208,183.799799,30.79424094,174.0532806,43.96846693,146.8898074,23.61251878,181.3786496,23.53970608,183.799799,0.992535394,-0.090500287,1,-0.171724596,1,0.269942424,1,-0.262224883,1,0.007717541,1,0.098217828,1,NA,NA,Stable
MI0000069,hsa-mir-15a,hsa-miR-15a-3p,chr13:50049130-50049151,-,<1% RPMM,hsa-miR-15a-3p***,0,0.447511639,0.144570071,0.185080169,0,0.333016884,0,0,0,0,0,0.66797378,0.13472851,0,0.32643738,0,0.19429047,0.093285715,0.083254221,0.083254221,0.166993445,0.166993445,0.115291472,0.077214334,0.19429047,NA,-1.146546157,NA,0.879103672,1,0.593297378,1,-0.267442486,NA,0.325854892,NA,1.472401049,NA,NA,NA,Stable
MI0000070,hsa-mir-16-1,hsa-miR-16-5p,chr13:50049027-50049048,-,Single miR only,hsa-miR-16-5p,599.1533474,1597.616553,898.0692812,728.1053861,343.0355138,1123.598967,618.1880423,738.8935423,575.4773738,337.5657664,396.946487,1103.492685,1132.123669,1491.041529,784.2113991,1142.114554,955.7361419,222.5426887,705.9290163,161.9992336,603.370578,174.2037255,1137.372788,144.2955828,1137.372788,0.486483077,-0.439430679,1,-0.182080235,1,0.919293368,0.448355809,-0.621510914,1,0.297782454,1,0.737213133,0.864943757,NA,NA,Stable
MI0000070,hsa-mir-16-1,hsa-miR-16-1-3p,chr13:50048985-50049006,-,<1% RPMM,hsa-miR-16-1-3p***,0,0.559389549,0.144570071,0,0.146659048,0.582779547,0,0,0.18409385,0,0,0.33398689,0,0.723174667,0.32643738,0.968714634,0.175989905,0.132264693,0.182359649,0.137876971,0.129520185,0.080795975,0.50458167,0.213997733,0.50458167,NA,-0.022093426,NA,0.068677772,1,1.626054275,1,0.046584346,NA,1.672638621,1,1.694732047,NA,NA,NA,Stable
MI0000071,hsa-mir-17,hsa-miR-17-3p,chr13:91350655-91350676,+,<20% RPMM,hsa-miR-17-3p*,4.77920777,12.86595964,12.14388597,11.10481016,5.133066688,15.73504777,8.716080962,11.47944395,11.22972482,9.826400735,7.309935307,17.03333139,18.45780586,12.14933441,10.55480862,11.14021829,10.22346588,1.850394117,10.26590984,2.238529709,11.34984806,2.06070779,13.0755418,1.82405682,13.0755418,0.989342575,0.00920437,1,0.137223913,1,0.286429054,1,0.146428283,1,0.432857337,1,0.423652967,1,NA,NA,Stable
MI0000071,hsa-mir-17,hsa-miR-17-5p,chr13:91350618-91350640,+,Single miR only,hsa-miR-17-5p,85.0698983,123.5132125,67.94793338,144.3625321,77.28931841,139.2010575,66.24221531,117.6643005,94.99242638,95.0848777,56.7794975,154.3019432,100.6421969,104.7156918,73.88366033,152.8147336,105.2233941,17.46905107,100.0992229,17.08818824,100.2896862,20.13622651,108.0140707,16.42459571,108.0140707,0.992535394,-0.028650552,1,-0.06740096,1,0.162983782,1,-0.096051512,1,0.06693227,1,0.095582822,1,NA,NA,Stable
MI0000072,hsa-mir-18a,hsa-miR-18a-3p,chr13:91350797-91350819,+,>20% RPMM,hsa-miR-18a-3p,3.66405929,0.895023279,5.204522557,4.812084402,1.319931434,3.413423061,3.486432385,6.313694173,3.865970841,7.803318231,4.759957874,4.67581646,3.907126788,3.76050827,5.005373159,6.538823782,3.643922382,0.972836368,3.633370263,1.024943209,5.276265852,0.866123507,4.802958,0.641834409,5.276265852,0.970837113,-0.012866412,1,0.63322049,1,-0.179118622,1,0.620354078,1,0.441235456,1,0.454101868,1,NA,NA,Stable
MI0000072,hsa-mir-18a,hsa-miR-18a-5p,chr13:91350756-91350778,+,Single miR only,hsa-miR-18a-5p,2.708217736,9.397744429,3.325111633,5.55240508,5.279725736,9.574235416,3.813285421,3.443833185,2.761407744,2.601106077,3.059972919,8.01568536,2.964027218,5.062222672,1.95862428,4.117037196,5.24586972,1.512751818,5.52776994,1.405870381,4.109543025,1.305513823,3.525477841,0.675881155,5.52776994,0.967009342,0.189044702,1,-0.467242157,1,-0.240624442,1,-0.278197455,1,-0.518821897,1,-0.707866599,1,NA,NA,Stable
MI0000073,hsa-mir-19a,hsa-miR-19a-3p,chr13:91350939-91350961,+,Single miR only,hsa-miR-19a-3p,2.708217736,13.42534918,6.071942983,7.773367112,2.199885723,17.98291174,5.120697565,4.400453515,2.761407744,2.456600184,4.589959379,10.85457393,5.119683377,8.388826141,4.026061019,6.054466465,7.494719254,2.23951083,7.425987135,3.573385495,5.165635308,1.953940609,5.897259251,0.928198378,7.494719254,0.997263686,-0.083755189,1,-0.293084682,1,0.227931302,1,-0.376839871,1,-0.14890857,1,-0.06515338,1,NA,NA,Stable
MI0000073,hsa-mir-19a,hsa-miR-19a-5p,chr13:91350904-91350925,+,<1% RPMM,hsa-miR-19a-5p***,0,0,0.289140142,0,0,0.083254221,0,0,0,0,0,0,0,0.144634933,0.21762492,0,0.072285036,0.072285036,0.020813555,0.020813555,0,0,0.090564963,0.05436897,0.090564963,NA,NA,NA,NA,NA,NA,NA,NA,NA,NA,NA,NA,NA,NA,NA,Stable
MI0000074,hsa-mir-19b-1,hsa-miR-19b-3p,chr13:91351245-91351267,+,Single miR only,hsa-miR-19b-3p,14.01900946,48.6668908,47.85269351,33.86967099,16.57247245,66.76988525,40.42082546,24.1068323,23.93220044,16.04015414,30.76972769,70.1372469,23.44276073,44.40292458,29.05292682,33.9050122,36.10206619,8.106566488,36.96750386,11.11103635,35.21983229,12.02185496,32.70090608,4.447921954,36.96750386,0.997263686,0.06241877,1,0.002666344,1,-0.099873303,1,0.065085115,1,-0.034788189,1,-0.097206959,1,NA,NA,Stable
MI0000074,hsa-mir-19b-1,hsa-miR-19b-1-5p,chr13:91351207-91351229,+,<1% RPMM,hsa-miR-19b-1-5p***,0,0.671267459,0.144570071,0.555240508,0,0.249762663,0,0.573972198,0.368187699,0,0,0.500980335,0,0.144634933,0,0,0.34276951,0.16068312,0.205933715,0.136073109,0.217292009,0.128348552,0.036158733,0.036158733,0.34276951,NA,-1.095618475,NA,0.735620655,1,-2.090552557,1,-0.35999782,NA,-2.450550376,NA,-1.354931902,NA,NA,NA,Stable
MI0000075,hsa-mir-19b-2,hsa-miR-19b-3p,chrX:134169683-134169705,-,Single miR only,hsa-miR-19b-3p,1.274455405,8.72647697,3.035971491,2.035881863,0.439977145,13.23742114,1.852167205,0.765296263,2.577313894,2.74561197,1.019990973,6.01176402,2.694570199,6.074667206,1.95862428,3.148322562,3.768196432,1.691654943,4.073715438,3.069452587,3.088670214,1.048931418,3.469046061,0.90246477,4.073715438,0.997263686,-0.314957097,1,0.434712755,1,-0.004137282,1,0.119755658,1,0.115618376,1,0.430575474,1,NA,NA,Stable
MI0000076,hsa-mir-20a,hsa-miR-20a-3p,chr13:91351108-91351129,+,<1% RPMM,hsa-miR-20a-3p***,0.318613851,0.33563373,0.289140142,0.370160339,0.586636193,1.248813315,0.54475506,0.573972198,0.18409385,0,0.169998496,1.168954115,0.67364255,1.012444534,0.5440623,0.484357317,0.328387015,0.016914878,0.738544191,0.170315586,0.380761615,0.266039804,0.678626675,0.118077432,0.738544191,NA,1.229742623,1,-1.196196553,1,1.093205357,1,0.03354607,1,1.126751428,1,-0.102991195,1,NA,NA,Stable
MI0000076,hsa-mir-20a,hsa-miR-20a-5p,chr13:91351072-91351094,+,Single miR only,hsa-miR-20a-5p,56.71326554,148.2382306,49.44296429,108.4569792,56.90371071,173.7515592,39.98502141,55.86662723,90.94236169,34.39240257,21.07981344,154.6359301,95.52251354,108.1869302,31.22917602,90.57481831,90.71285991,23.24363487,81.62672965,30.9513417,75.26262695,30.48514372,81.37835953,17.1227724,90.71285991,0.997263686,-0.160831745,1,-0.169026553,1,0.160855161,1,-0.329858298,1,-0.169003137,1,-0.008171392,1,NA,NA,Stable
MI0000077,hsa-mir-21,hsa-miR-21-3p,chr17:59841311-59841331,+,<10% RPMM,hsa-miR-21-3p**,697.1271067,1966.5899,864.8181648,1218.197675,705.1367038,2629.418062,665.6906835,604.2014,704.3430685,493.4876252,420.7462764,1327.263901,1267.795278,1675.161799,514.9005606,596.2438574,1186.683211,281.7371547,1151.111712,493.2061635,736.4602177,205.9108781,1013.525374,277.6638424,1186.683211,0.989342575,-0.150690732,1,-0.41553884,1,0.338597259,1,-0.566229572,1,-0.227632313,1,-0.076941582,1,NA,NA,Stable
MI0000077,hsa-mir-21,hsa-miR-21-5p,chr17:59841273-59841294,+,Single miR only,hsa-miR-21-5p,20857.73716,45935.61538,31168.58446,30877.66497,24721.87578,54623.92695,24874.49661,17318.84576,25211.6527,16447.22724,16323.42554,43567.25385,26550.40854,36368.45402,19258.39086,19401.17452,32209.90049,5164.994773,30384.78627,8269.857866,25387.38983,6407.159376,25394.60698,4034.595985,32209.90049,0.992535394,-0.095814323,1,-0.190761836,1,-0.038594543,1,-0.286576159,1,-0.325170702,1,-0.229356379,1,NA,NA,Stable
MI0000078,hsa-mir-22,hsa-miR-22-5p,chr17:1713952-1713973,-,<1% RPMM,hsa-miR-22-5p***,25.32980118,15.99854111,19.37238952,16.65721524,22.29217533,17.06711531,18.41272103,16.45386966,26.14132664,17.77422486,19.0398315,12.52450838,27.48461603,16.92228722,14.90730702,15.74161281,19.33948676,2.126057536,18.55647033,1.310701582,18.86997284,2.804267892,18.76395577,2.936124925,19.33948676,0.997263686,-0.013526928,1,-0.045872736,1,0.013199128,1,-0.059399663,1,-0.046200535,1,-0.032673607,1,NA,NA,Stable
MI0000078,hsa-mir-22,hsa-miR-22-3p,chr17:1713914-1713935,-,Single miR only,hsa-miR-22-3p,41138.14603,43561.34238,41720.32023,37919.59525,49892.08827,46433.87621,41222.70491,34066.01522,55526.20281,40558.61354,38802.1566,41147.01786,52142.76264,39850.68468,40653.85842,41909.25905,41084.85097,1174.68134,42903.67115,3442.747588,44008.4977,3871.404637,43639.1412,2866.013287,44008.4977,0.993959075,0.081558329,1,-0.009373877,1,0.017480129,1,0.072184452,1,0.089664581,1,0.008106252,1,NA,NA,Stable
MI0000079,hsa-mir-23a,hsa-miR-23a-5p,chr19:13836630-13836651,-,<10% RPMM,hsa-miR-23a-5p**,75.83009661,55.37956539,94.69339652,112.1585826,101.0480842,109.3960464,78.22682664,165.3039929,135.3089794,105.7783138,54.56951706,184.6947502,127.1837134,83.74362648,51.25066865,170.0094183,84.51541028,12.22043545,113.4937375,18.48364801,120.0878901,27.23837536,108.0468567,25.855419,120.0878901,0.970837113,0.398957459,1,-0.018060502,1,-0.144565507,1,0.380896958,1,0.236331451,1,-0.162626008,1,NA,NA,Stable
MI0000079,hsa-mir-23a,hsa-miR-23a-3p,chr19:13836595-13836615,-,Single miR only,hsa-miR-23a-3p,3163.039009,2423.834917,2764.324328,3049.19579,2617.424034,2199.743028,2837.629108,3275.276683,2906.841885,2946.908679,3404.219873,3439.897974,2570.889426,2128.447681,2707.471629,3480.349503,2850.098511,164.9821564,2732.518213,224.1151352,3174.467103,143.3660745,2721.78956,281.4314045,3174.467103,0.847045307,-0.037433033,1,0.179632894,1,-0.213041685,0.925277432,0.142199861,1,-0.070841824,1,-0.033408791,1,NA,NA,Stable
MI0000080,hsa-mir-24-1,hsa-miR-24-1-5p,chr9:95086027-95086048,+,<1% RPMM,hsa-miR-24-1-5p***,2.548910811,2.125680288,2.168551065,1.110481016,1.61324953,2.414372409,1.63426518,1.530592527,1.656844646,0.578023573,1.52998646,3.3398689,3.502941258,2.748063736,0.76168722,0.484357317,1.988405795,0.307708519,1.798119912,0.206632418,1.776180895,0.574133694,1.874262383,0.740820675,1.988405795,0.997263686,-0.096651275,1,-0.025940257,1,-0.030944669,1,-0.122591532,1,-0.153536201,1,-0.056884927,1,NA,NA,Stable
MI0000080,hsa-mir-24-1,hsa-miR-24-3p,chr9:95086064-95086085,+,Single miR only,hsa-miR-24-3p,842.4150229,110.9828866,285.6704603,207.8450302,203.1227818,123.8822809,254.2916621,265.3664793,203.4237038,66.47271086,309.2272633,134.0957363,215.2961589,190.3395725,280.3008969,286.4973531,361.72835,164.1640043,211.665801,32.24858714,178.3048536,51.82704266,243.1084953,23.8466507,361.72835,0.707658112,-0.506468034,1,-0.442223354,1,0.704844941,1,-0.948691388,0.544742117,-0.243846448,1,0.262621586,1,NA,NA,Stable
MI0000081,hsa-mir-24-2,hsa-miR-24-2-5p,chr19:13836326-13836347,-,<10% RPMM,hsa-miR-24-2-5p**,85.70712601,122.5063113,120.8605794,94.20580619,106.1811509,149.2748183,102.1960493,82.07802425,141.936358,59.68093388,71.73936511,177.0130517,141.1954784,106.7405809,81.50053253,90.57481831,105.8199557,9.327688224,109.9325107,14.13510735,112.5924272,28.10646715,105.0028525,13.14487569,112.5924272,0.997263686,0.068829348,1,-0.027567471,1,-0.073624503,1,0.041261877,1,-0.032362626,1,-0.101191974,1,NA,NA,Stable
MI0000081,hsa-mir-24-2,hsa-miR-24-3p,chr19:13836289-13836310,-,Single miR only,hsa-miR-24-3p,2288.125373,1588.554442,2429.355473,1816.191702,2197.24586,1807.782155,2309.979357,1462.672483,2414.206743,1046.222667,1972.152546,1784.32496,2251.178672,2099.809964,2208.675313,1483.586463,2030.556748,197.2097934,1944.419964,193.2841452,1804.226729,285.0790734,2010.812603,178.6088447,2030.556748,0.992535394,-0.028305352,1,-0.167481326,1,0.214996813,1,-0.195786678,1,0.019210135,1,0.047515487,1,NA,NA,Stable
MI0000082,hsa-mir-25,hsa-miR-25-5p,chr7:100093610-100093630,-,<10% RPMM,hsa-miR-25-5p**,8.602573986,8.95023279,13.73415675,21.65437981,5.866361929,6.160812355,11.65775829,20.28035098,9.941067877,19.0747779,17.50984504,17.53431173,14.9548646,16.34374748,32.0996757,59.81812867,13.23533583,3.040747088,10.99132089,3.370574084,16.01500063,2.05746126,30.80410411,10.42350083,30.80410411,5.39E-05,-0.302986296,1,0.685355022,0.525419428,0.745546185,0.302903331,0.382368727,1,1.127914912,0.005258799,1.430901208,6.73E-05,DE,DE,DE
MI0000082,hsa-mir-25,hsa-miR-25-3p,chr7:100093571-100093592,-,Single miR only,hsa-miR-25-3p,1106.227292,1082.978168,1373.415675,1229.117404,836.9831882,1020.030716,1220.79609,1225.621966,880.1526948,1386.967563,1463.687046,1132.716537,805.1375753,995.666882,1232.953984,1244.071769,1197.934635,66.70281515,1075.85799,92.92208058,1215.88096,132.3846263,1069.457553,105.091754,1215.88096,0.970837113,-0.135553253,1,0.123578546,1,-0.157498258,1,-0.011974707,1,-0.169472965,1,-0.033919712,1,NA,NA,Stable
MI0000083,hsa-mir-26a-1,hsa-miR-26a-1-3p,chr3:37969452-37969473,+,<1% RPMM,hsa-miR-26a-1-3p***,1.433762331,0.895023279,1.734840852,1.295561185,1.026613338,0.999050652,0.435804048,0.956620329,0.736375398,0.867035359,1.869983451,0.33398689,0.943099569,0.867809601,1.41456198,0.242178659,1.339796912,0.174324792,0.854522092,0.140312969,0.951845274,0.326387638,0.866912452,0.240834937,1.339796912,NA,-0.571573224,1,-0.002267213,1,-0.023760732,1,-0.573840437,1,-0.597601169,1,-0.026027945,1,NA,NA,Stable
MI0000083,hsa-mir-26a-1,hsa-miR-26a-5p,chr3:37969413-37969434,+,Single miR only,hsa-miR-26a-5p,10499.44155,6901.636382,9430.016592,5656.605215,9479.747559,10916.45997,7925.096615,8242.623405,10208.55624,7657.367279,12797.82674,8121.726198,13565.14002,6455.490986,10647.40802,7893.571198,8121.924935,1115.4444,9140.981886,680.2272629,9696.369114,1173.25771,9640.402557,1570.899575,9696.369114,0.970837113,0.258743091,1,-0.001944622,1,-0.005103847,1,0.25679847,1,0.251694623,1,-0.007048468,1,NA,NA,Stable
MI0000084,hsa-mir-26b,hsa-miR-26b-3p,chr2:218402692-218402713,+,<1% RPMM,hsa-miR-26b-3p***,23.25881115,30.5426694,22.55293108,31.64870895,22.73215247,22.89491078,23.75132062,26.21139702,21.5389804,29.76821399,21.07981344,20.37320029,17.6494348,22.99695442,16.75711884,25.91311647,27.00078014,2.379319143,23.89744522,0.803051878,23.19005203,2.205788086,20.82915613,2.183997054,27.00078014,0.769167483,-0.127079948,1,-0.098506486,1,-0.14489361,1,-0.225586434,1,-0.370480044,0.774128548,-0.243400096,1,NA,NA,Stable
MI0000084,hsa-mir-26b,hsa-miR-26b-5p,chr2:218402657-218402677,+,Single miR only,hsa-miR-26b-5p,3900.630075,3475.599148,3267.428175,2757.324363,3012.230191,3688.911279,2716.693485,1882.054836,3324.734923,1802.2775,2135.011105,3191.411728,3091.749846,3305.342135,2455.135535,1969.154673,3350.24544,237.530858,2824.972448,374.4188522,2613.358814,379.3492859,2705.345547,304.670073,3350.24544,0.970837113,-0.226774775,1,-0.118947166,1,0.044778685,1,-0.345721941,1,-0.300943256,1,-0.074168481,1,NA,NA,Stable
MI0000085,hsa-mir-27a,hsa-miR-27a-5p,chr19:13836487-13836508,-,<10% RPMM,hsa-miR-27a-5p**,50.81890929,37.47909981,130.1130639,64.59297909,86.82215655,114.0582828,85.96234849,99.87116237,74.18982138,80.92330017,66.46941175,148.2901792,64.80441327,75.78870514,61.80547727,82.82510124,70.75101303,20.54686399,96.67848755,6.609547085,92.46817812,18.84014815,71.30592423,4.876088773,96.67848755,0.919266405,0.539699008,1,-0.145485689,1,-0.318834266,1,0.394213319,1,0.075379053,1,-0.464319955,1,NA,NA,Stable
MI0000085,hsa-mir-27a,hsa-miR-27a-3p,chr19:13836447-13836467,-,Single miR only,hsa-miR-27a-3p,3773.821762,4389.19416,4505.381693,2749.180835,4118.186074,5007.574885,3803.044026,1740.283703,4882.537078,1741.72953,2696.00614,3291.941781,7007.36453,4341.217528,3585.696994,2265.096994,3854.394613,401.8482522,3667.272172,691.1013714,3153.053633,658.9847645,4299.844011,999.2739245,4299.844011,0.992535394,-0.097648703,1,-0.192201236,1,0.371220164,1,-0.289849939,1,0.081370226,1,0.179018928,1,NA,NA,Stable
MI0000086,hsa-mir-28,hsa-miR-28-5p,chr3:188688794-188688815,+,<20% RPMM,hsa-miR-28-5p*,384.4076116,413.1651212,388.6043509,396.0715624,378.5270035,410.2768011,389.71777,344.9572907,389.7266795,393.2005353,369.4067308,389.0947269,377.1050993,346.2560307,350.4849336,372.4707769,395.5621615,6.344018112,380.8697163,13.65727922,385.3571681,5.392872121,361.5792101,7.732842617,395.5621615,0.970837113,-0.021039536,1,-0.030117651,1,-0.065491661,1,-0.051157186,1,-0.116648848,1,-0.095609312,1,NA,NA,Stable
MI0000086,hsa-mir-28,hsa-miR-28-3p,chr3:188688834-188688855,+,Single miR only,hsa-miR-28-3p,2053.784886,3510.84069,2830.39285,3193.373242,2503.763271,3412.673773,3266.24239,4145.801183,2783.683099,4967.679089,3769.716638,3218.130679,2536.398928,3204.965491,3075.692994,3805.111084,2897.097917,313.5928483,3332.120154,336.536366,3684.802376,472.8267404,3155.542124,260.4637984,3684.802376,0.635987125,0.246959562,1,0.090661295,1,-0.18659988,1,0.337620856,0.545143502,0.151020977,1,-0.095938585,1,NA,NA,Stable
MI0000087,hsa-mir-29a,hsa-miR-29a-5p,chr7:130876786-130876807,-,<1% RPMM,hsa-miR-29a-5p***,6.212970101,5.146383854,3.325111633,6.107645588,4.399771447,7.742642554,2.723775301,3.061185054,4.23415854,3.034623757,2.549977433,9.01764603,3.368212748,7.810286408,3.37318626,2.906143903,5.198027794,0.668829479,4.481843589,1.145593751,4.70910144,1.479155706,4.36445733,1.153817493,5.198027794,0.997263686,-0.212266609,1,0.044776666,1,-0.059669496,1,-0.167489944,1,-0.22715944,1,-0.014892831,1,NA,NA,Stable
MI0000087,hsa-mir-29a,hsa-miR-29a-3p,chr7:130876748-130876769,-,Single miR only,hsa-miR-29a-3p,3183.908216,3732.247073,2994.335311,2937.222287,3327.253827,3975.305799,2608.178277,2219.550488,4162.546033,2630.585279,2247.720108,3237.668912,4342.838789,3082.170432,2388.215872,2509.697439,3211.928222,181.2748497,3032.572098,389.0906499,3069.630083,417.4324964,3080.730633,447.0807788,3211.928222,0.997263686,-0.077003894,1,-0.020734616,1,0.011332105,1,-0.09773851,1,-0.086406405,1,-0.009402511,1,NA,NA,Stable
MI0000088,hsa-mir-30a,hsa-miR-30a-3p,chr6:71403554-71403575,-,<10% RPMM,hsa-miR-30a-3p**,1389.156392,867.725069,633.5060512,824.5321543,1357.329491,754.6162592,565.6736545,661.7899438,1306.698144,964.7213428,592.7847539,604.5162709,1050.61292,571.4526222,476.3809498,572.5103489,928.7299166,161.6911755,834.8523372,178.3788011,867.180128,170.0430089,667.7392103,129.5987091,928.7299166,0.012715008,-0.14432688,1,0.016741294,1,-0.344351088,0.152370231,-0.127585586,1,-0.471936674,0.004557035,-0.327609794,0.213603689,DE,NA,Stable
MI0000088,hsa-mir-30a,hsa-miR-30a-5p,chr6:71403595-71403616,-,Single miR only,hsa-miR-30a-5p,13994.95411,15050.59958,8218.953107,9367.09245,15113.06826,15130.03935,6716.176186,4984.948536,15122.94155,4423.180884,4696.718434,9858.458026,16111.2394,8975.465432,4482.855726,4644.744493,11657.89981,1684.398689,10486.05808,2699.537012,8525.324725,2529.683815,8553.576263,2725.588531,11657.89981,0.893973937,-0.215255931,1,-0.28847334,1,-0.0890795,1,-0.503729271,1,-0.592808772,1,-0.37755284,1,NA,NA,Stable
MI0000089,hsa-mir-31,hsa-miR-31-3p,chr9:21512121-21512142,-,<10% RPMM,hsa-miR-31-3p**,37.43712753,36.13656489,28.62487406,51.08212673,52.79725736,64.27225862,73.97773717,187.3062605,77.13532297,106.5008433,129.0288581,225.2741573,77.60362172,67.54451393,113.6002082,240.7255866,38.3201733,4.676307289,94.5883784,31.2075967,134.4847954,32.07353407,124.8684826,39.86419344,134.4847954,1.01E-09,1.140201977,0.000206631,0.534085783,0.615382304,-0.147778872,1,1.674287761,3.45E-10,1.526508889,2.26E-08,0.386306911,1,DE,DE,DE
MI0000089,hsa-mir-31,hsa-miR-31-5p,chr9:21512158-21512178,-,Single miR only,hsa-miR-31-5p,5944.537931,5323.150952,5016.292324,8624.735891,6475.730274,6087.715149,5184.542858,7904.171132,7322.701054,4699.331646,5270.123359,9390.3754,8765.03267,5226.672591,6389.141213,8892.558165,6227.179274,822.1758871,6413.039853,565.8653852,6670.632865,1067.303758,7318.35116,904.1370401,7318.35116,0.893973937,0.093832952,1,-0.026494071,1,0.180851359,1,0.067338882,1,0.248190241,0.932295531,0.154357289,1,NA,NA,Stable
MI0000090,hsa-mir-32,hsa-miR-32-5p,chr9:109046272-109046293,-,>20% RPMM,hsa-miR-32-5p,1.11514848,1.901924468,2.168551065,0.740320677,2.786521916,2.747389293,1.63426518,0.191324066,1.288656947,0.144505893,0.169998496,1.33594756,3.907126788,2.748063736,0.87049968,0,1.481486173,0.33321116,1.839875114,0.610990873,0.734777224,0.33361452,1.881422551,0.885826378,1.881422551,0.992535394,0.096137486,1,-0.989362817,1,0.877445268,1,-0.893225332,1,-0.015780064,1,-0.11191755,1,NA,NA,Stable
MI0000090,hsa-mir-32,hsa-miR-32-3p,chr9:109046231-109046252,-,Single miR only,hsa-miR-32-3p,1.433762331,2.685069837,0.578280284,1.850801693,0.733295241,3.912948387,0.653706072,0.382648132,0.736375398,1.445058932,0.169998496,3.00588201,2.829298708,2.314158936,1.74099936,0.968714634,1.636978536,0.438401883,1.420649458,0.834149201,1.339328709,0.613695407,1.96329291,0.399131701,1.96329291,0.986580855,-0.279965627,1,-0.023262865,1,0.874356201,1,-0.303228492,1,0.571127709,1,0.851093336,1,NA,NA,Stable
MI0000091,hsa-mir-33a,hsa-miR-33a-5p,chr22:41900949-41900969,+,>20% RPMM,hsa-miR-33a-5p,0.159306926,1.342534918,0.433710213,0,0.293318096,2.164609746,0.54475506,0,0.368187699,0,0,1.502941005,0.13472851,1.446349335,0.5440623,0,0.483888014,0.299901763,0.750670726,0.484278052,0.467782176,0.355798771,0.531285036,0.326219098,0.750670726,NA,0.620740769,1,0.733255588,1,-1.168023632,1,1.353996357,1,0.185972725,1,-0.434768044,1,NA,NA,Stable
MI0000091,hsa-mir-33a,hsa-miR-33a-3p,chr22:41900989-41901010,+,Single miR only,hsa-miR-33a-3p,2.230296959,3.468215206,3.469681704,4.256843895,2.053226675,2.414372409,1.852167205,4.59177758,1.472750797,4.768694475,2.039981946,5.844770575,2.694570199,1.880254135,3.04674888,8.234074392,3.356259441,0.41875237,2.727885967,0.632088549,3.531549448,1.054551457,3.963911901,1.444193366,3.963911901,0.992535394,-0.34929146,1,0.313302082,1,0.13872318,1,-0.035989378,1,0.102733802,1,0.452025263,1,NA,NA,Stable
MI0000093,hsa-mir-92a-1,hsa-miR-92a-1-5p,chr13:91351324-91351346,+,<1% RPMM,hsa-miR-92a-1-5p***,4.77920777,2.573191927,7.662213764,9.439088636,4.253112398,6.077558134,10.67719918,30.99449867,7.547847832,21.2423663,16.99984955,15.86437728,4.715497847,9.97981041,10.44599616,23.49132988,6.113425524,1.521297995,13.00059209,6.148344145,15.41361024,2.865948963,12.15815857,3.994899576,15.41361024,0.178550443,0.851998713,0.829413609,0.558983355,1,-0.536512763,1,1.410982067,0.051392223,0.874469304,0.792515632,0.022470592,1,NA,NA,Stable
MI0000093,hsa-mir-92a-1,hsa-miR-92a-3p,chr13:91351361-91351382,+,Single miR only,hsa-miR-92a-3p,4390.817485,6422.239538,9241.20808,10966.74035,4668.597482,6214.095056,10040.70737,15213.70707,5394.686168,12406.55346,14750.59946,10523.42592,5887.09697,6826.913495,9852.533002,15190.89854,7755.251364,1461.108733,9034.276743,2348.950863,10768.81625,1989.100953,9439.360501,2095.518171,10768.81625,0.728163779,0.20844189,1,0.285102447,1,-0.20428091,1,0.493544336,0.583576367,0.289263426,1,0.080821536,1,NA,NA,Stable
MI0000094,hsa-mir-92a-2,hsa-miR-92a-3p,chrX:134169544-134169565,-,Single miR only,hsa-miR-92a-3p,361.3081074,283.4986236,300.4166076,459.5540604,247.7071324,195.3144025,306.8060499,635.1958986,298.0479425,470.8001999,517.8154173,510.6659548,331.1626774,300.117487,407.1762253,686.5764971,351.1943498,39.7965717,346.2558709,98.9687698,449.3323786,51.47781249,431.2582217,88.02668847,449.3323786,0.805676231,-0.100284914,1,0.450600956,0.925277432,-0.110293037,1,0.350316042,1,0.240023006,1,0.34030792,1,NA,NA,Stable
MI0000095,hsa-mir-93,hsa-miR-93-3p,chr7:100093777-100093798,-,<10% RPMM,hsa-miR-93-3p**,10.83287094,12.97783755,11.85474582,14.06609287,8.066247652,10.32352341,14.27258258,17.60181406,10.30925558,21.38687219,17.33984654,14.86241661,6.871154006,11.13688988,12.73105782,17.19468476,12.4328868,0.698726884,12.56604192,2.112429876,15.97459773,2.318218923,11.98344662,2.132450069,15.97459773,0.919266405,-0.000702338,1,0.327067584,1,-0.426687241,1,0.326365246,1,-0.100321995,1,-0.099619657,1,NA,NA,Stable
MI0000095,hsa-mir-93,hsa-miR-93-5p,chr7:100093815-100093837,-,Single miR only,hsa-miR-93-5p,308.0995942,374.5672423,296.0795054,414.209419,300.6510488,376.309079,270.8522159,324.8682638,309.0935734,263.1452315,262.4776771,411.4718485,312.570143,306.481424,273.9897742,422.1174019,348.2389402,27.95391637,318.1701519,22.30639965,311.5470826,35.04939883,328.7896858,32.24105175,348.2389402,0.986580855,-0.087523878,1,-0.091531436,1,0.103083572,1,-0.179055314,1,-0.075971742,1,0.011552136,1,NA,NA,Stable
MI0000097,hsa-mir-95,hsa-miR-95-3p,chr4:8005312-8005333,-,Single miR only,hsa-miR-95-3p,0,0.11187791,0.722850355,0.740320677,0,0.249762663,0.871608096,0.956620329,0,0,0.339996991,0,0,0.144634933,0.97931214,0.726535976,0.393762236,0.196407148,0.519497772,0.234110511,0.084999248,0.084999248,0.462620762,0.23305117,0.519497772,NA,0.517901579,1,-2.293123945,0.960791005,1.983933229,1,-1.775222365,1,0.208710863,1,-0.309190716,NA,NA,NA,Stable
MI0000098,hsa-mir-96,hsa-miR-96-5p,chr7:129774739-129774761,-,Single miR only,hsa-miR-96-5p,0,0,0,0,0,0,0.435804048,0,0,0.289011786,0,0.33398689,0.26945702,0,0,0,0,0,0.108951012,0.108951012,0.155749669,0.090389536,0.067364255,0.067364255,0.155749669,NA,NA,NA,NA,NA,NA,NA,NA,NA,NA,NA,NA,NA,NA,NA,Stable
MI0000100,hsa-mir-98,hsa-miR-98-3p,chrX:53556241-53556262,-,<1% RPMM,hsa-miR-98-3p***,10.67356402,26.29130882,15.03528739,8.698767958,13.19931434,36.54860302,13.40097448,6.122370107,8.284223231,7.080788765,4.92995637,18.87025929,11.18246632,22.99695442,7.181622359,9.202789026,15.17473205,3.934848032,17.31781549,6.62988739,9.791306913,3.104812329,12.64095803,3.547290179,17.31781549,0.987220453,0.130089516,1,-0.615325506,1,0.192173451,1,-0.48523599,1,-0.293062539,1,-0.423152055,1,NA,NA,Stable
MI0000100,hsa-mir-98,hsa-miR-98-5p,chrX:53556299-53556320,-,Single miR only,hsa-miR-98-5p,3470.819989,4406.982748,2965.855007,4504.666241,4284.204117,3649.365524,2685.097691,2321.143567,4018.216455,1880.888705,1537.636392,4651.602411,4368.03302,4185.445705,2075.380049,2581.140143,3837.080996,372.3394414,3234.952725,448.1493599,3022.085991,772.0924771,3302.499729,573.0864646,3837.080996,0.986580855,-0.220172862,1,-0.201145218,1,0.179640603,1,-0.421318081,1,-0.241677478,1,-0.021504615,1,NA,NA,Stable
MI0000101,hsa-mir-99a,hsa-miR-99a-3p,chr21:16539138-16539159,+,<1% RPMM,hsa-miR-99a-3p***,3.504752365,7.607697871,6.939363409,9.624168805,2.053226675,6.743591902,5.011746553,2.869860988,5.706909337,4.624188581,4.419960883,5.176796795,6.332239967,8.678096008,2.61149904,6.538823782,6.918995612,1.27311117,4.169606529,1.060778122,4.981963899,0.289734981,6.040164699,1.259907359,6.918995612,0.95964879,-0.688171354,1,0.260877028,1,0.240004662,1,-0.427294327,1,-0.187289664,1,0.50088169,1,NA,NA,Stable
MI0000101,hsa-mir-99a,hsa-miR-99a-5p,chr21:16539101-16539122,+,Single miR only,hsa-miR-99a-5p,706.5262153,1358.869093,815.6643407,980.3696569,708.3632029,1326.989029,821.9264348,1024.731697,708.9454147,1373.094997,808.1728477,854.0044778,683.7471879,1311.694212,914.8951635,1192.972072,965.3573266,142.7347233,970.5025908,135.6513021,936.0544343,148.7920405,1025.827159,141.1211088,1025.827159,0.970837113,0.044840338,1,-0.104455294,1,0.164702437,1,-0.059614956,1,0.10508748,1,0.060247142,1,NA,NA,Stable
MI0000102,hsa-mir-100,hsa-miR-100-3p,chr11:122152240-122152261,-,<1% RPMM,hsa-miR-100-3p***,119.1615804,185.9410862,109.1504036,151.950819,156.7785225,407.6959203,137.8230302,75.57300601,204.7123607,56.06828655,62.55944635,267.189512,267.3013637,342.4955225,148.9642577,95.9027488,141.5509723,17.39185812,194.4676198,73.1615307,147.6324014,52.57805251,213.6659732,55.92278671,213.6659732,0.992535394,0.370521212,1,-0.269834912,1,0.443993988,1,0.1006863,1,0.544680288,1,0.174159076,1,NA,NA,Stable
MI0000102,hsa-mir-100,hsa-miR-100-5p,chr11:122152275-122152296,-,Single miR only,hsa-miR-100-5p,206629.5259,154981.0003,170408.0678,101033.9689,165537.4409,181827.4684,182494.1436,135035.1864,151208.9811,180820.9466,175463.9471,101119.3738,135341.5246,176247.5016,229519.21,134393.6561,158263.1407,21933.15037,166223.5598,11110.80276,152153.3122,18190.13835,168875.4731,22445.36149,168875.4731,0.989342575,0.126148956,1,-0.201545288,1,0.194164538,1,-0.075396332,1,0.118768207,1,-0.00738075,1,NA,NA,Stable
MI0000103,hsa-mir-101-1,hsa-miR-101-5p,chr1:65058477-65058498,-,<10% RPMM,hsa-miR-101-5p**,1.593069257,2.237558197,1.879410923,1.850801693,0.586636193,1.165559094,0.871608096,0.765296263,0.736375398,0,1.359987964,1.836927895,0.53891404,0.578539734,0.21762492,0.484357317,1.890210018,0.13248051,0.847274912,0.121295083,0.983322814,0.39774626,0.454859003,0.081400416,1.890210018,NA,-1.107898752,1,0.063163348,1,-1.012330334,1,-1.044735404,1,-2.057065738,0.258033327,-0.949166986,1,NA,NA,Stable
MI0000103,hsa-mir-101-1,hsa-miR-101-3p,chr1:65058442-65058462,-,Single miR only,hsa-miR-101-3p,36.79989983,87.2647697,61.73142032,46.64020267,35.34483062,41.29409362,23.96922265,36.35157251,47.49621319,5.780235727,37.39966901,70.30424035,27.88880155,28.34844696,21.98011692,25.18658049,58.10907313,10.98784138,34.23992985,3.662063323,40.24508957,13.39170735,25.85098648,1.466715879,58.10907313,0.711625862,-0.763716678,1,0.166855646,1,-0.574488604,1,-0.596861031,1,-1.171349635,0.580956841,-0.407632957,1,NA,NA,Stable
MI0000105,hsa-mir-29b-1,hsa-miR-29b-1-5p,chr7:130877507-130877530,-,Single miR only,hsa-miR-29b-1-5p,25.80772196,17.67670976,13.73415675,50.89704656,36.8114211,56.69612451,26.58404694,80.73875579,47.31211934,56.50180423,18.69983451,87.33757174,28.69717261,33.84457443,25.0268658,63.69298721,27.02890876,8.343627092,50.20758708,11.94355577,52.46283245,14.13927924,37.81540001,8.813368885,52.46283245,0.002716054,0.973195574,0.002834784,-0.030531232,1,-0.36679186,1,0.942664342,0.005112073,0.575872482,0.458060658,-0.397323092,1,DE,DE,DE
MI0000105,hsa-mir-29b-1,hsa-miR-29b-3p,chr7:130877467-130877489,-,>20% RPMM,hsa-miR-29b-3p,25.96702888,36.02468698,12.72216625,12.77053168,26.98526487,54.86453165,12.31146436,3.443833185,37.37105146,10.69343609,8.839921767,27.38692498,52.67884738,29.50552643,9.249059099,8.960610368,21.87110345,5.654083998,24.40127352,11.25486894,21.07283358,6.848817903,25.09851082,10.37518555,25.09851082,0.997263686,-0.029320981,1,0.141727949,1,-0.115287443,1,0.112406968,1,-0.002880475,1,0.026440506,1,NA,NA,Stable
MI0000107,hsa-mir-29b-2,hsa-miR-29b-2-5p,chr1:207802492-207802513,-,>20% RPMM,hsa-miR-29b-2-5p,2.708217736,1.678168648,3.180541562,0.740320677,3.813135254,1.831592862,1.525314168,2.487212856,2.025032345,0.578023573,2.379978937,3.506862345,2.694570199,0.578539734,1.95862428,2.421786586,2.076812156,0.544825486,2.414313785,0.507600546,2.1224743,0.603991024,1.9133802,0.47015786,2.414313785,0.993959075,0.202369224,1,-0.314778709,1,-0.152717848,1,-0.112409485,1,-0.265127333,1,-0.467496557,1,NA,NA,Stable
MI0000107,hsa-mir-29b-2,hsa-miR-29b-3p,chr1:207802450-207802472,-,Single miR only,hsa-miR-29b-3p,1.752376182,4.810750125,4.915382415,0.185080169,3.226499061,3.163660398,0.653706072,0.382648132,1.472750797,0.144505893,0.679993982,1.33594756,4.041855298,0.723174667,0.32643738,0.484357317,2.915897223,1.169029211,1.856628416,0.774839673,0.908299558,0.307813825,1.393956166,0.886391752,2.915897223,0.964791628,-0.920892335,1,-0.607697289,1,0.017536364,1,-1.528589624,1,-1.51105326,1,-0.590160925,1,NA,NA,Stable
MI0000108,hsa-mir-103a-2,hsa-miR-103a-2-5p,chr20:3917504-3917526,+,<1% RPMM,hsa-miR-103a-2-5p***,0.796534628,0.447511639,0.578280284,0.370160339,0.586636193,0.582779547,0.762657084,0.382648132,0.552281549,0.144505893,0.849992478,0.66797378,0.80837106,0.578539734,0.65287476,0.484357317,0.548121723,0.093278773,0.578680239,0.077651019,0.553688425,0.149524122,0.631035718,0.06843193,0.631035718,NA,0.153819115,1,-0.190987663,1,0.262144076,1,-0.037168548,1,0.224975529,1,0.071156413,1,NA,NA,Stable
MI0000108,hsa-mir-103a-2,hsa-miR-103a-3p,chr20:3917541-3917563,+,Single miR only,hsa-miR-103a-3p,1383.262036,1406.417205,1318.189908,1397.910519,1327.411045,1289.441375,1355.023737,1253.363955,1607.323401,1156.336157,1433.427314,1680.455037,1372.883516,1081.724667,1305.205458,1575.856531,1376.444917,19.99839441,1306.310028,22.18504827,1469.385477,116.5011073,1333.917543,101.8489288,1469.385477,0.992535394,-0.043321525,1,0.110578351,1,-0.114154246,1,0.067256826,1,-0.04689742,1,-0.003575896,1,NA,NA,Stable
MI0000109,hsa-mir-103a-1,hsa-miR-103a-3p,chr5:168560904-168560926,-,Single miR only,hsa-miR-103a-3p,158.8290049,89.27857208,357.3772156,281.3218574,185.0837189,191.4014541,202.1041273,282.0116731,120.0291899,167.6268361,209.608145,141.6104414,243.7238745,89.52902382,150.5964446,137.7996567,221.7016625,60.17423956,215.1502433,22.56223396,159.7186531,19.26711701,155.4122499,32.23990531,221.7016625,0.919266405,0.103850226,1,-0.466958304,1,-0.050368618,1,-0.363108078,1,-0.413476696,1,-0.517326922,1,NA,NA,Stable
MI0000111,hsa-mir-105-1,hsa-miR-105-5p,chrX:152392265-152392287,-,Single miR only,hsa-miR-105-5p,0,0.22375582,0,0,0,0,0,0,0,0.43351768,0,0,0,0,0,0,0.055938955,0.055938955,0,0,0.10837942,0.10837942,0,0,0.10837942,NA,NA,NA,NA,NA,NA,NA,NA,NA,NA,NA,NA,NA,NA,NA,Stable
MI0000112,hsa-mir-105-2,hsa-miR-105-5p,chrX:152394458-152394480,-,Single miR only,hsa-miR-105-5p,0,0.22375582,0,0,0,0.083254221,0,0,0,0.289011786,0,0,0,0,0.43524984,0,0.055938955,0.055938955,0.020813555,0.020813555,0.072252947,0.072252947,0.10881246,0.10881246,0.10881246,NA,NA,NA,NA,NA,NA,NA,NA,NA,NA,NA,NA,NA,NA,NA,Stable
MI0000113,hsa-mir-106a,hsa-miR-106a-5p,chrX:134170244-134170266,-,Single miR only,hsa-miR-106a-5p,0,0,0,0.185080169,0,0.083254221,0,0,0,0,0,0,0.13472851,0,0,0,0.046270042,0.046270042,0.020813555,0.020813555,0,0,0.033682127,0.033682127,0.046270042,NA,NA,NA,NA,NA,NA,NA,NA,NA,NA,NA,NA,NA,NA,NA,Stable
MI0000114,hsa-mir-107,hsa-miR-107,chr10:89592756-89592778,-,Single miR only,hsa-miR-107,168.0688066,202.4990169,224.8064604,210.0659922,203.709418,186.7392177,196.4386747,159.1816228,206.1851115,150.4306348,169.6584985,207.7398456,203.5747785,165.317729,194.8831158,152.5725549,201.360069,12.02473744,186.5172333,9.752312086,183.5035226,14.10482904,179.0870446,12.04774251,201.360069,0.992535394,-0.081410272,1,-0.068014116,1,-0.011141263,1,-0.149424388,1,-0.160565651,1,-0.079155378,1,NA,NA,Stable
MI0000115,hsa-mir-16-2,hsa-miR-16-2-3p,chr3:160404797-160404818,+,<1% RPMM,hsa-miR-16-2-3p***,46.35831537,60.97346088,56.23775763,71.25586519,63.06339073,62.94019108,54.25760399,54.3360347,59.46231341,62.28203996,51.67954264,68.6343059,56.31651715,53.08102058,64.41697631,64.41952318,58.70634977,5.173635334,58.64930513,2.513085664,60.51455048,3.514482104,59.55850931,2.882454551,60.51455048,0.997263686,0.046066217,1,-0.009983203,1,0.00996247,1,0.036083014,1,0.046045484,1,-2.07E-05,1,NA,NA,Stable
MI0000115,hsa-mir-16-2,hsa-miR-16-5p,chr3:160404754-160404775,+,Single miR only,hsa-miR-16-5p,6942.1179,9766.829654,8446.361829,12202.8908,7897.883065,10078.42298,8418.862602,9949.808045,7819.386261,8191.605566,7705.691805,11941.70125,7754.434117,7557.030639,8698.576864,11519.71225,9339.550047,1115.30094,9086.244172,546.7907604,8914.596221,1014.355916,8882.438468,913.6975172,9339.550047,0.993959075,0.017841781,1,-0.092762812,1,0.025580739,1,-0.074921031,1,-0.049340292,1,-0.067182073,1,NA,NA,Stable
MI0000234,hsa-mir-192,hsa-miR-192-5p,chr11:64891203-64891223,-,Single miR only,hsa-miR-192-5p,200.0894986,259.3329951,230.010983,167.3124731,246.387201,277.4030644,199.8161561,107.9067731,260.1246094,113.1481143,157.2486083,186.5316781,288.3190112,263.5248488,191.836367,108.0116817,214.1864874,19.75795226,207.8782987,36.94131909,179.2632526,30.88587205,212.9229772,40.51351257,214.1864874,0.993959075,-0.073358238,1,-0.170447898,1,0.181940899,1,-0.243806136,1,-0.061865237,1,0.011493001,1,NA,NA,Stable
MI0000234,hsa-mir-192,hsa-miR-192-3p,chr11:64891159-64891180,-,<1% RPMM,hsa-miR-192-3p***,0,0,0,0,0,0.166508442,0,0,0,0,0,0,0,0.289269867,0,0,0,0,0.041627111,0.041627111,0,0,0.072317467,0.072317467,0.072317467,NA,NA,NA,NA,NA,NA,NA,NA,NA,NA,NA,NA,NA,NA,NA,Stable
MI0000238,hsa-mir-196a-1,hsa-miR-196a-5p,chr17:48632532-48632553,-,Single miR only,hsa-miR-196a-5p,4.938514696,3.132581476,8.385064119,5.182244741,4.253112398,5.661287029,6.101256674,1.530592527,1.840938496,5.49122394,9.009920262,3.172875455,3.772398278,3.905143204,4.026061019,1.69525061,5.409601258,1.092085614,4.386562157,1.030350755,4.878739538,1.570031814,3.349713278,0.553914705,5.409601258,0.970837113,-0.319126984,1,0.060806089,1,-0.417441571,1,-0.258320895,1,-0.675762466,1,-0.356635482,1,NA,NA,Stable
MI0000239,hsa-mir-197,hsa-miR-197-5p,chr1:109598901-109598923,+,<1% RPMM,hsa-miR-197-5p***,0.477920777,0.783145369,1.156560568,2.220962032,1.173272386,1.082304873,0.326853036,0.573972198,1.472750797,1.445058932,1.359987964,0.500980335,0.67364255,2.458793869,1.30574952,2.179607927,1.159647187,0.38001132,0.789100623,0.202795,1.194694507,0.232479197,1.654448466,0.408894362,1.654448466,0.978328934,-0.478732522,1,0.582192607,1,0.411499869,1,0.103460086,1,0.514959955,1,0.993692477,1,NA,NA,Stable
MI0000239,hsa-mir-197,hsa-miR-197-3p,chr1:109598940-109598961,+,Single miR only,hsa-miR-197-3p,497.8341427,202.9465285,435.734194,352.7628027,290.3849155,252.3435439,468.9251558,626.0123435,336.3394632,445.078151,679.8239836,313.7806832,333.0488765,236.912021,350.2673087,429.3827617,372.319417,63.79982813,409.4164896,86.26290782,443.7555702,83.74651053,337.402742,39.52126246,443.7555702,0.986346122,0.149752578,1,0.12151705,1,-0.391251018,1,0.271269628,1,-0.11998139,1,-0.269733968,1,NA,NA,Stable
MI0000240,hsa-mir-198,hsa-miR-198,chr3:120395703-120395724,-,Single miR only,hsa-miR-198,0,0.11187791,0,1.480641355,0.146659048,0,0.108951012,0,0,0,0,0,0,0.289269867,0,0.726535976,0.398129816,0.361799448,0.063902515,0.037688497,0,0,0.253951461,0.171650372,0.398129816,NA,-0.433882671,NA,-1.63974729,1,1.958311103,1,-2.073629961,NA,-0.115318858,NA,0.318563813,NA,NA,NA,Stable
MI0000242,hsa-mir-199a-1,hsa-miR-199a-5p,chr19:10817469-10817491,-,>20% RPMM,hsa-miR-199a-5p,10.99217787,78.98580437,34.11853676,43.67891996,14.51924577,61.27510666,50.22641655,34.82097998,15.46388336,33.814379,45.21959981,51.09999417,21.01764755,54.52736992,19.25980542,52.55276891,41.94385974,14.12550408,40.21043724,10.13707596,36.39946409,7.846876151,36.83939795,9.657226305,41.94385974,0.997263686,0.083586617,1,-0.124279574,1,0.032566195,1,-0.040692958,1,-0.008126763,1,-0.09171338,1,NA,NA,Stable
MI0000242,hsa-mir-199a-1,hsa-miR-199a-3p,chr19:10817429-10817450,-,Single miR only,hsa-miR-199a-3p,53.04920625,59.51904805,35.56423747,41.08779759,90.9286099,46.28934688,54.91131006,31.75979493,118.5564391,68.20678157,65.61941927,44.08626948,143.8900486,68.2676886,40.80467249,48.19355306,47.30507234,5.467159422,55.97226544,12.59323325,74.11722736,15.76876682,75.28899069,23.59154999,75.28899069,0.589031581,0.185450467,1,0.350968861,1,-0.020136446,1,0.536419328,0.703188515,0.516282882,0.781624796,0.330832415,1,NA,NA,Stable
MI0000252,hsa-mir-129-1,hsa-miR-129-1-3p,chr7:128207920-128207941,+,NA,hsa-miR-129-1-3p,0.318613851,0,0.144570071,0.185080169,0,0.083254221,0,0.191324066,0,0,0,0,0,0,0.5440623,0,0.162066023,0.065579708,0.068644572,0.045357703,0,0,0.136015575,0.136015575,0.162066023,NA,-0.908569374,NA,-1.403380679,1,1.61919955,1,-2.311950053,NA,-0.692750503,NA,0.215818871,NA,NA,NA,Stable
MI0000252,hsa-mir-129-1,hsa-miR-129-5p,chr7:128207876-128207896,+,Single miR only,hsa-miR-129-5p,0,0,0.144570071,0.555240508,0,0.333016884,0,0.191324066,0,0,0,0,0,0,0.10881246,0,0.174952645,0.131262719,0.131085237,0.081020463,0,0,0.027203115,0.027203115,0.174952645,NA,NA,NA,NA,NA,NA,NA,NA,NA,NA,NA,NA,NA,NA,NA,Stable
MI0000253,hsa-mir-148a,hsa-miR-148a-5p,chr7:25949960-25949981,-,<10% RPMM,hsa-miR-148a-5p**,5.257128547,43.52050694,45.53957237,70.88570485,4.546430495,27.80690982,36.60754004,47.25704427,7.179660133,66.61721675,65.78941776,97.69116533,5.119683377,56.11835419,49.72729421,72.16924026,41.30072818,13.53177476,29.05448115,9.085625019,59.31936499,18.89899492,45.78364301,14.35303683,59.31936499,2.92E-05,-0.437987025,0.372423032,0.94820475,4.24E-06,-0.340681658,0.807877018,0.510217724,0.124886828,0.169536066,1,0.607523091,0.024637117,DE,DE,DE
MI0000253,hsa-mir-148a,hsa-miR-148a-3p,chr7:25949922-25949943,-,Single miR only,hsa-miR-148a-3p,250.749101,2959.841984,2558.601117,2815.624616,283.3452812,3079.157364,2117.57187,1711.011121,316.8255151,1296.940391,1428.497358,3363.080989,300.3098486,2854.948952,1788.441592,1856.299418,2146.204204,637.243503,1797.771409,580.6057286,1601.336063,637.4586571,1699.999953,526.4100924,2146.204204,0.992535394,-0.14539291,1,-0.137413473,1,0.073618229,1,-0.282806382,1,-0.209188153,1,-0.063795244,1,NA,NA,Stable
MI0000254,hsa-mir-30c-2,hsa-miR-30c-2-3p,chr6:71376964-71376985,-,<10% RPMM,hsa-miR-30c-2-3p**,88.25603682,36.36032071,37.00993818,31.64870895,63.06339073,25.97531696,35.19117689,26.40272109,60.56687651,45.66386224,41.6496314,27.72091187,65.2085988,28.49308189,35.03761211,27.36618842,48.31875117,13.36590938,37.65815142,8.730623694,43.90032051,6.756003711,39.02637031,8.889737939,48.31875117,0.868671818,-0.297824863,1,0.230887158,1,-0.197433253,1,-0.066937704,1,-0.264370957,1,0.033453906,1,NA,NA,Stable
MI0000254,hsa-mir-30c-2,hsa-miR-30c-5p,chr6:71377003-71377025,-,Single miR only,hsa-miR-30c-5p,1899.097861,1230.097619,983.9439033,928.5472095,1809.03936,1139.167506,838.3780376,823.4587794,1908.500939,1634.650664,907.9619645,786.539126,1593.838272,682.676886,717.2917362,775.2138861,1260.421648,222.7493804,1152.510921,230.6083292,1309.413173,273.7465248,942.2551952,218.0314889,1309.413173,0.271013438,-0.112467214,1,0.130634489,1,-0.444649507,0.256549913,0.018167275,1,-0.426482232,0.32287544,-0.314015018,0.894819368,NA,NA,Stable
MI0000255,hsa-mir-30d,hsa-miR-30d-3p,chr8:134804879-134804900,-,<1% RPMM,hsa-miR-30d-3p***,13.0631679,25.95567509,20.23980994,24.80074269,13.63929148,36.88161991,17.75901496,9.948851424,13.99113257,15.17311878,9.349917253,23.54607575,16.03269268,26.17892296,13.16630766,10.41368232,21.01484891,2.923677355,19.55719444,5.991041911,15.51506109,2.957271795,16.4479014,3.440516389,21.01484891,0.989342575,-0.143584757,1,-0.268823462,1,0.058972641,1,-0.41240822,1,-0.353435579,1,-0.209850821,1,NA,NA,Stable
MI0000255,hsa-mir-30d,hsa-miR-30d-5p,chr8:134804919-134804940,-,Single miR only,hsa-miR-30d-5p,2324.288045,3077.537545,3273.933828,4253.512451,2458.592284,3010.722394,3335.099429,4100.840027,2616.709978,3286.353022,3860.325836,4142.439397,2470.112501,2496.254317,2951.21154,4715.945019,3232.317967,397.182302,3226.313534,343.08726,3476.457058,337.4157056,3158.380844,530.8052161,3476.457058,0.978328934,0.038904791,1,0.064135561,1,-0.140116407,1,0.103040353,1,-0.037076054,1,-0.075980845,1,NA,NA,Stable
MI0000261,hsa-mir-139,hsa-miR-139-5p,chr11:72615102-72615124,-,Single miR only,hsa-miR-139-5p,2.548910811,0.22375582,0.867420426,0.555240508,1.906567627,0.416271105,0.980559108,2.104564724,3.129595443,0.578023573,1.019990973,0.834967225,2.425113179,0.4339048,0.5440623,0.726535976,1.048831891,0.517004986,1.351990641,0.396595493,1.390644303,0.586690181,1.032404064,0.468141095,1.390644303,0.992535394,0.572279991,1,-0.102660691,1,-0.441227569,1,0.4696193,1,0.02839173,1,-0.543888261,1,NA,NA,Stable
MI0000261,hsa-mir-139,hsa-miR-139-3p,chr11:72615066-72615088,-,>20% RPMM,hsa-miR-139-3p,0.318613851,0.11187791,0,0.370160339,0.146659048,0.166508442,0,0.573972198,0.18409385,0.144505893,0,0.33398689,0.943099569,0.289269867,0,0,0.200163025,0.086981408,0.221784922,0.123127243,0.165646658,0.068656439,0.308092359,0.222379227,0.308092359,NA,0.123899361,NA,-0.241620493,1,0.732807712,1,-0.117721132,NA,0.61508658,1,0.491187219,NA,NA,NA,Stable
MI0000263,hsa-mir-7-1,hsa-miR-7-1-3p,chr9:83969771-83969792,-,>20% RPMM,hsa-miR-7-1-3p,7.009504729,6.488918773,4.192532059,4.441924064,5.719702881,7.576134112,5.665452626,4.974425712,5.891003186,5.780235727,7.479933803,9.01764603,4.580769338,6.942476807,6.528747599,3.874858537,5.533219906,0.711872397,5.983928833,0.557184638,7.042204686,0.764406405,5.48171307,0.742955421,7.042204686,0.992396461,0.141829501,1,0.207425277,1,-0.333343061,1,0.349254778,1,0.015911718,1,-0.125917783,1,NA,NA,Stable
MI0000263,hsa-mir-7-1,hsa-miR-7-5p,chr9:83969812-83969834,-,Single miR only,hsa-miR-7-5p,4.460593919,4.922628034,1.734840852,7.773367112,3.519817157,10.07376074,2.396922265,4.59177758,9.941067877,1.300553039,0.679993982,13.86045594,13.87703652,28.20381203,5.331810539,6.538823782,4.722857479,1.236343494,5.145569436,1.702740113,6.445517708,3.252077608,13.48787072,5.256115086,13.48787072,0.436869657,0.221324337,1,0.073924479,1,1.295230422,0.843602801,0.295248816,1,1.590479238,0.463259914,1.369154901,0.754497102,NA,NA,Stable
MI0000264,hsa-mir-7-2,hsa-miR-7-5p,chr15:88611856-88611878,+,Single miR only,hsa-miR-7-5p,0,0,0.144570071,0,0,0.166508442,0,0.382648132,0.736375398,0,0.339996991,2.170914785,0.40418553,1.446349335,0.21762492,0,0.036142518,0.036142518,0.137289143,0.090715406,0.811821794,0.477362475,0.517039946,0.320589525,0.811821794,NA,1.1544689,1,2.773175397,1,-0.324056691,1,3.927644297,0.675318008,3.603587606,0.828155436,2.449118706,1,NA,NA,Stable
MI0000264,hsa-mir-7-2,hsa-miR-7-2-3p,chr15:88611896-88611917,+,NA,hsa-miR-7-2-3p,0,0.11187791,0.144570071,0.185080169,0,0.249762663,0.108951012,0.191324066,0.368187699,0,0.339996991,0.166993445,0.13472851,0.4339048,0,0,0.110382038,0.039723067,0.137509435,0.054176586,0.218794534,0.085421872,0.142158328,0.102302324,0.218794534,NA,0.270427574,NA,0.935419228,1,-0.909332038,1,1.205846802,NA,0.296514764,NA,0.02608719,NA,NA,NA,Stable
MI0000266,hsa-mir-10a,hsa-miR-10a-3p,chr17:48579864-48579885,-,<1% RPMM,hsa-miR-10a-3p***,0.477920777,4.251360575,1.156560568,0.740320677,0.439977145,2.580880851,0.326853036,0.956620329,0.552281549,3.612647329,0.509995487,0.33398689,0.13472851,4.049778137,0.97931214,0.726535976,1.656540649,0.876150404,1.07608284,0.519989111,1.252227814,0.788224814,1.472588691,0.877101843,1.656540649,0.992535394,-0.594707437,1,0.056836982,1,0.289798497,1,-0.537870454,1,-0.248071958,1,0.346635479,1,NA,NA,Stable
MI0000266,hsa-mir-10a,hsa-miR-10a-5p,chr17:48579904-48579926,-,Single miR only,hsa-miR-10a-5p,602.8174067,8474.192283,1155.259437,2987.564093,668.0319646,6877.714452,1227.2242,3147.663531,672.6789263,8569.343971,1417.447456,3127.119251,616.7871184,7982.835883,1059.289298,3034.014235,3304.958305,1796.860449,2980.158537,1403.498845,3446.647401,1783.177686,3173.231634,1687.103911,3446.647401,0.986580855,0.040344277,1,0.078024971,1,-0.143605741,1,0.118369248,1,-0.025236492,1,-0.065580769,1,NA,NA,Stable
MI0000267,hsa-mir-10b,hsa-miR-10b-3p,chr2:176150368-176150389,+,<1% RPMM,hsa-miR-10b-3p***,6.212970101,24.38938435,17.20383845,9.439088636,6.892975266,20.31402993,13.94572954,7.461638568,3.865970841,16.47367182,13.93987663,6.846731245,6.332239967,19.52571602,12.73105782,8.476253051,14.31132039,4.074881937,12.15359333,3.155590536,10.28156263,2.953576394,11.76631671,2.908216979,14.31132039,0.589031581,-0.182421977,1,-0.314447475,1,0.26328953,1,-0.496869452,0.386762728,-0.233579922,1,-0.051157945,1,NA,NA,Stable
MI0000267,hsa-mir-10b,hsa-miR-10b-5p,chr2:176150329-176150351,+,Single miR only,hsa-miR-10b-5p,13282.05562,56579.12034,46988.16448,26408.90428,14251.29969,45963.98939,50004.59229,28743.57103,14263.40737,58596.56166,57374.32224,30468.28803,12239.14203,50730.41365,41814.66975,28995.80861,35814.56118,9798.794638,34740.8631,8239.790213,40175.64482,10804.32594,33445.00851,8358.232533,40175.64482,0.919266405,0.041460149,1,0.104359519,1,-0.209432898,0.98237429,0.145819669,1,-0.06361323,1,-0.105073379,1,NA,NA,Stable
MI0000268,hsa-mir-34a,hsa-miR-34a-3p,chr1:9151693-9151714,-,<10% RPMM,hsa-miR-34a-3p**,8.602573986,8.72647697,6.505653196,10.54956965,8.506224797,12.57138737,4.684893517,6.887666371,5.706909337,6.069247513,4.249962388,4.67581646,7.005882516,8.678096008,6.202310219,7.023181099,8.596068451,0.826793585,8.162543014,1.665217259,5.175483924,0.426954722,7.227367461,0.520104422,8.596068451,0.26514059,-0.070890032,1,-0.673313181,0.372423032,0.525780743,0.86842762,-0.744203213,0.209186374,-0.21842247,1,-0.147532438,1,NA,NA,Stable
MI0000268,hsa-mir-34a,hsa-miR-34a-5p,chr1:9151735-9151756,-,Single miR only,hsa-miR-34a-5p,281.0174169,532.7626068,294.6338047,409.7674949,316.0502489,574.6206334,236.4236961,172.7656315,362.1126021,155.1993293,147.8986911,448.5443933,418.4667518,395.576543,158.6485667,201.9770013,379.5453308,58.67042835,324.9650525,88.22868881,278.4387539,75.3690394,293.6672157,66.2052152,379.5453308,0.989342575,-0.247077204,1,-0.200588964,1,0.022428226,1,-0.447666168,1,-0.425237942,1,-0.178160738,1,NA,NA,Stable
MI0000269,hsa-mir-181a-2,hsa-miR-181a-2-3p,chr9:124692518-124692539,+,<10% RPMM,hsa-miR-181a-2-3p**,91.92009611,160.4329228,172.0383845,133.9980426,102.0746976,141.5321757,172.469452,144.8323178,87.9968601,280.7749504,204.3381916,110.0486803,97.94762672,158.809157,158.3221293,138.0418354,139.5973615,17.77407896,140.2271608,14.48587338,170.7896706,44.50316695,138.2801871,14.28837024,170.7896706,0.992535394,0.069517574,1,0.132704079,1,-0.188391844,1,0.202221653,1,0.013829809,1,-0.055687765,1,NA,NA,Stable
MI0000269,hsa-mir-181a-2,hsa-miR-181a-5p,chr9:124692480-124692502,+,Single miR only,hsa-miR-181a-5p,7417.171152,4789.493322,12882.06075,7642.885592,7842.885922,4510.463932,14185.85757,8738.726708,5999.25037,8156.924152,17776.23268,7271.395576,6409.843588,6200.499598,12619.0898,8004.731202,8182.902703,1694.974849,8819.483533,2006.777782,9800.950694,2695.049791,8308.541046,1492.258404,9800.950694,0.992535394,0.129487673,1,0.088872761,1,-0.156841637,1,0.218360434,1,0.061518798,1,-0.067968876,1,NA,NA,Stable
MI0000270,hsa-mir-181b-1,hsa-miR-181b-3p,chr1:198858887-198858907,-,<10% RPMM,hsa-miR-181b-3p**,3.504752365,9.17398861,4.481672202,7.218126604,3.519817157,9.657489637,2.832726313,2.104564724,4.23415854,2.601106077,1.019990973,5.510783685,8.218439106,8.388826141,3.2643738,1.210893293,6.094634945,1.292729447,4.528649458,1.733856162,3.341509819,0.976397217,5.270633085,1.800908377,6.094634945,0.970837113,-0.522752437,1,-0.342243317,1,0.603247858,1,-0.864995754,1,-0.261747895,1,0.261004541,1,NA,NA,Stable
MI0000270,hsa-mir-181b-1,hsa-miR-181b-5p,chr1:198858925-198858947,-,Single miR only,hsa-miR-181b-5p,132.3840552,160.6566786,129.6793537,229.49941,123.6335776,110.4783513,201.1235682,275.5066548,155.1911152,130.3443156,197.0282563,200.0581471,207.6166338,146.9490924,230.0295404,218.9295074,163.0548744,23.22938545,177.685538,38.24998096,170.6554586,16.89224851,200.8811935,18.55039408,200.8811935,0.970837113,0.09514312,1,-0.051148616,1,0.276221555,1,0.043994504,1,0.320216059,1,0.225072939,1,NA,NA,Stable
MI0000271,hsa-mir-181c,hsa-miR-181c-3p,chr19:13874763-13874784,+,>20% RPMM,hsa-miR-181c-3p,31.70207821,29.20013448,50.02124457,31.83378912,31.97167251,35.13328127,45.75942505,28.69860988,35.71420682,21.38687219,33.65970211,24.88202331,38.12816831,29.93943123,40.47823511,28.33490305,35.68931159,4.815572016,35.39074718,3.697415119,28.91070111,3.436070271,34.22018443,2.99161218,35.68931159,0.728163779,0.037328002,1,-0.348731323,0.758773204,0.279514212,1,-0.311403321,0.932295531,-0.031889109,1,-0.069217111,1,NA,NA,Stable
MI0000271,hsa-mir-181c,hsa-miR-181c-5p,chr19:13874725-13874746,+,Single miR only,hsa-miR-181c-5p,84.75128445,69.81181576,199.0729878,62.37201706,91.22192799,68.26846123,168.9830197,54.9100069,99.41067877,29.91271989,142.2887407,95.3532571,144.2942341,69.28013313,159.6278788,71.9270616,104.0020263,32.03007304,95.84585394,25.50601541,91.74134912,23.18347596,111.2823269,23.69968283,111.2823269,0.992535394,-0.059792146,1,-0.106640911,1,0.333970406,1,-0.166433057,1,0.167537349,1,0.227329495,1,NA,NA,Stable
MI0000272,hsa-mir-182,hsa-miR-182-5p,chr7:129770447-129770470,-,Single miR only,hsa-miR-182-5p,29.1531674,16.44605275,16.33641802,26.83662455,33.43826299,15.73504777,23.31551657,28.88993394,31.11186058,14.7396011,23.96978787,25.2160102,25.7331454,15.90984268,16.53949392,21.79607927,22.19306568,3.38297372,25.34469032,3.813762873,23.75931494,3.386018126,19.99464032,2.323776223,25.34469032,0.839442385,0.217793233,1,-0.134214543,1,-0.205280127,1,0.08357869,1,-0.121701437,1,-0.33949467,0.829413609,NA,NA,Stable
MI0000273,hsa-mir-183,hsa-miR-183-5p,chr7:129774967-129774988,-,Single miR only,hsa-miR-183-5p,3.186138513,2.349436107,2.602261278,3.146362879,3.959794302,2.913897735,1.961118217,1.913240659,4.602346239,2.023082504,2.039981946,2.33790823,3.098755728,2.458793869,2.06743674,1.937429269,2.821049694,0.206035244,2.687012728,0.482795315,2.75082973,0.62139213,2.390603901,0.260757413,2.821049694,0.997263686,-0.047812412,1,-0.047807069,1,-0.124443965,1,-0.095619481,1,-0.220063447,1,-0.172251035,1,NA,NA,Stable
MI0000273,hsa-mir-183,hsa-miR-183-3p,chr7:129774928-129774949,-,<10% RPMM,hsa-miR-183-3p**,0,0,0,0,0.146659048,0.083254221,0,0,0.368187699,0,0,0.166993445,0,0,0.21762492,0,0,0,0.057478317,0.03561965,0.133795286,0.087485369,0.05440623,0.05440623,0.133795286,NA,NA,NA,NA,NA,NA,NA,NA,NA,NA,NA,NA,NA,NA,NA,Stable
MI0000274,hsa-mir-187,hsa-miR-187-3p,chr18:35904835-35904856,-,Single miR only,hsa-miR-187-3p,0.955841554,0.33563373,1.156560568,0,0,0.166508442,1.743216192,0,1.104563097,2.167588398,2.889974424,0,0.53891404,1.301714401,1.95862428,0,0.612008963,0.268591316,0.477431159,0.423749701,1.54053148,0.630971626,0.94981318,0.429390798,1.54053148,NA,-0.816665164,1,1.989543013,0.754497102,-0.633329349,1,1.172877849,1,0.5395485,1,1.356213664,1,NA,NA,Stable
MI0000274,hsa-mir-187,hsa-miR-187-5p,chr18:35904871-35904892,-,NA,hsa-miR-187-5p,0,0,0,0,0,0,0.217902024,0,0,0,0,0,0,0,0,0,0,0,0.054475506,0.054475506,0,0,0,0,0.054475506,NA,NA,NA,NA,NA,NA,NA,NA,NA,NA,NA,NA,NA,NA,NA,Stable
MI0000279,hsa-mir-196a-2,hsa-miR-196a-3p,chr12:53991799-53991820,+,<10% RPMM,hsa-miR-196a-3p**,20.86920726,63.54665281,5.493662699,38.12651488,19.79897151,51.61761703,5.120697565,17.41048999,16.93663416,13.72805985,2.889974424,39.57744647,24.3858603,37.74971764,4.134873479,23.49132988,32.00900941,12.44724075,23.48694402,9.912862887,18.28302873,7.707998375,22.44044532,6.918313722,32.00900941,0.948926464,-0.336710264,1,-0.374983146,1,0.309622738,1,-0.71169341,0.972720231,-0.402070672,1,-0.065360408,1,NA,NA,Stable
MI0000279,hsa-mir-196a-2,hsa-miR-196a-5p,chr12:53991762-53991783,+,Single miR only,hsa-miR-196a-5p,1171.702438,1059.036295,1567.28414,1120.105185,1018.107113,985.1471972,1386.292677,1039.846298,909.239523,980.3279792,1636.405518,1202.853784,927.2016053,805.9058493,1169.95157,979.8548526,1229.532014,114.914381,1107.348321,93.65877108,1182.206701,163.806025,970.7284693,75.73760546,1229.532014,0.128659853,-0.115434943,1,0.027219823,1,-0.236092044,0.531632013,-0.088215119,1,-0.324307163,0.063426286,-0.208872221,0.759652516,NA,NA,Stable
MI0000281,hsa-mir-199a-2,hsa-miR-199a-5p,chr1:172144592-172144614,-,>20% RPMM,hsa-miR-199a-5p,1085.836005,2673.098901,1940.853203,1997.200107,1034.092949,2787.684336,1773.395623,1489.457853,1120.211075,1551.559775,1438.357271,2196.130795,1139.129551,2138.861396,1598.1286,1797.207825,1924.247054,325.2319796,1771.15769,371.4779785,1576.564729,225.8036237,1668.331843,208.7643488,1924.247054,0.989342575,-0.095734473,1,-0.148120387,1,0.083489604,1,-0.243854861,1,-0.160365257,1,-0.064630784,1,NA,NA,Stable
MI0000281,hsa-mir-199a-2,hsa-miR-199a-3p,chr1:172144554-172144575,-,Single miR only,hsa-miR-199a-3p,5938.484268,2203.323557,2317.458238,1958.888512,7739.491293,2310.554396,2020.496518,1686.330316,7998.325482,3416.98635,2440.498402,2190.286025,9056.585166,2670.973316,2948.382416,1888.024822,3104.538644,947.6042696,3439.218131,1439.085873,4011.524065,1355.024301,4140.99143,1653.838712,4140.99143,0.473769343,0.041347765,1,0.270717773,1,-0.002071724,1,0.312065538,0.792515632,0.309993814,0.793953262,0.268646049,1,NA,NA,Stable
MI0000282,hsa-mir-199b,hsa-miR-199b-5p,chr9:128244783-128244805,-,<10% RPMM,hsa-miR-199b-5p**,29.63108817,485.6620068,412.8921228,584.1130144,35.93146681,540.4864028,361.2815559,453.8206842,35.53011297,297.6821399,273.5275793,726.2544923,25.05950285,292.0179307,248.7452835,488.9587117,378.074558,121.3301347,347.8800274,110.2316289,333.2485811,143.7363044,263.6953572,95.18242254,378.074558,0.593990071,0.007627576,1,-0.186090926,1,-0.312841716,1,-0.17846335,1,-0.491305066,0.67249678,-0.498932642,0.640511989,NA,NA,Stable
MI0000282,hsa-mir-199b,hsa-miR-199b-3p,chr9:128244745-128244766,-,Single miR only,hsa-miR-199b-3p,2269.805077,9488.029903,8866.627026,9001.374035,2386.436033,9995.585029,7017.752587,5733.599605,2546.754315,6330.369662,5499.961325,8832.4503,2307.49519,7386.506052,5728.431956,5998.038837,7406.45901,1717.410735,6283.343313,1576.076353,5802.383901,1295.847688,5355.118009,1078.859457,7406.45901,0.883480796,-0.17136698,1,-0.106686452,1,-0.102795816,1,-0.278053432,1,-0.380849248,0.905874565,-0.209482268,1,NA,NA,Stable
MI0000283,hsa-mir-203a,hsa-miR-203a-3p,chr14:104117469-104117490,+,Single miR only,hsa-miR-203a-3p,0.796534628,0.671267459,1.44570071,0,0.586636193,1.581830199,2.941677325,2.104564724,0.552281549,0.578023573,1.019990973,1.502941005,0,4.628317871,0.43524984,0.484357317,0.728375699,0.296225325,1.80367711,0.492948822,0.913309275,0.223942716,1.386981257,1.085913698,1.80367711,0.989342575,1.216069323,1,-0.855940614,1,-0.040444597,1,0.360128709,1,0.319684112,1,-0.896385211,1,NA,NA,Stable
MI0000284,hsa-mir-204,hsa-miR-204-3p,chr9:70809993-70810013,-,<1% RPMM,hsa-miR-204-3p***,5.735049324,0.22375582,1.301130639,1.850801693,2.639862868,0.249762663,1.307412144,0.573972198,1.472750797,0.722529466,3.059972919,0.500980335,4.580769338,0.4339048,1.0881246,1.210893293,2.277684369,1.200967697,1.192752468,0.53067521,1.439058379,0.57892884,1.828423008,0.933161116,2.277684369,0.992535394,-0.782733075,1,0.530785436,1,0.012734232,1,-0.25194764,1,-0.239213408,1,0.543519667,1,NA,NA,Stable
MI0000284,hsa-mir-204,hsa-miR-204-5p,chr9:70810031-70810052,-,Single miR only,hsa-miR-204-5p,6280.675544,1114.192104,3448.285334,1244.108898,6497.729131,1002.297567,3485.996581,1889.516474,6099.21333,1853.577092,4250.982379,1321.920111,4663.7621,857.3958856,2468.19303,1122.740261,3021.81547,1211.105318,3218.884938,1207.706089,3381.423228,1107.489017,2278.022819,869.903026,3381.423228,0.124479179,0.183511575,1,0.093383857,1,-0.626130717,0.077250421,0.276895433,1,-0.349235284,1,-0.53274686,0.258033327,NA,NA,Stable
MI0000285,hsa-mir-205,hsa-miR-205-3p,chr1:209432203-209432223,+,NA,hsa-miR-205-3p,0,0,0,0,0,0,0.108951012,0,0,0,0,0,0,0,0,0,0,0,0.027237753,0.027237753,0,0,0,0,0.027237753,NA,NA,NA,NA,NA,NA,NA,NA,NA,NA,NA,NA,NA,NA,NA,Stable
MI0000285,hsa-mir-205,hsa-miR-205-5p,chr1:209432166-209432187,+,Single miR only,hsa-miR-205-5p,0,0,0,0,0,0,0.217902024,0.191324066,0.18409385,0.144505893,0.339996991,0,0,0,0,0,0,0,0.102306522,0.059315324,0.167149183,0.069889827,0,0,0.167149183,NA,NA,NA,NA,NA,NA,NA,NA,NA,NA,NA,NA,NA,NA,NA,Stable
MI0000286,hsa-mir-210,hsa-miR-210-5p,chr11:568150-568171,-,>20% RPMM,hsa-miR-210-5p,12.90386098,14.65600619,20.09523987,13.51085236,11.58606481,16.15131888,23.75132062,19.70637878,13.07066332,26.87809613,33.65970211,9.35163292,14.01176503,13.30641388,26.1149904,14.0463622,15.29148985,1.641932176,17.79877077,2.588172315,20.74002362,5.723551903,16.86988288,3.086414195,20.74002362,0.989342575,0.241564587,1,0.096164016,1,-0.210156882,1,0.337728603,1,0.127571722,1,-0.113992865,1,NA,NA,Stable
MI0000286,hsa-mir-210,hsa-miR-210-3p,chr11:568112-568133,-,Single miR only,hsa-miR-210-3p,23.25881115,35.1296637,68.95992388,22.20962032,19.79897151,36.63185724,53.60389792,17.98446219,20.802605,16.04015414,44.19960883,14.69542316,17.24524927,19.67035095,30.4674888,7.991895733,37.38950476,10.92361219,32.00479722,8.334080689,23.93444778,6.88091951,18.84374619,4.619817081,37.38950476,0.00190794,-0.170133078,1,-0.465109558,0.754497102,-0.295281548,1,-0.635242636,0.174674023,-0.930524184,0.002597946,-0.760391106,0.038575649,DE,DE,DE
MI0000287,hsa-mir-211,hsa-miR-211-5p,chr15:31065095-31065116,-,Single miR only,hsa-miR-211-5p,0.477920777,0.11187791,0,0,0,0,0.108951012,0,0.368187699,0,0.169998496,0,0.26945702,0,0.10881246,0.242178659,0.147449672,0.113269337,0.027237753,0.027237753,0.134546549,0.087583567,0.155112035,0.062489177,0.155112035,NA,-1.401070594,NA,1.155640892,1,0.410043269,1,-0.245429702,NA,0.164613567,NA,1.565684161,NA,NA,NA,Stable
MI0000288,hsa-mir-212,hsa-miR-212-3p,chr17:2050290-2050310,-,Single miR only,hsa-miR-212-3p,26.60425659,19.01924468,43.80473152,56.81961198,32.41164966,23.97721565,61.12151775,61.79767327,37.55514531,30.77975524,60.85946139,68.80129934,41.49638106,34.85701897,60.49972775,58.36505672,36.56196119,8.513386132,44.82701408,9.756918449,49.49891532,9.104507272,48.80454612,6.298964376,49.49891532,0.112721696,0.339264142,0.777370158,0.124657287,1,0.056267681,1,0.463921428,0.199859121,0.520189109,0.079573392,0.180924967,1,NA,NA,Stable
MI0000288,hsa-mir-212,hsa-miR-212-5p,chr17:2050328-2050350,-,>20% RPMM,hsa-miR-212-5p,30.58692973,15.77478529,27.17917335,40.90271742,25.22535629,28.88921469,45.86837606,45.72645174,23.19582505,26.30007256,52.18953812,42.58332848,21.6912901,28.05917709,46.46292041,38.50640672,28.61090145,5.178554745,36.4273497,5.461336934,36.06719105,6.852364486,33.67994858,5.492571281,36.4273497,0.970837113,0.368332782,1,-0.084464298,1,-0.042337909,1,0.283868484,1,0.241530575,1,-0.126802207,1,NA,NA,Stable
MI0000289,hsa-mir-181a-1,hsa-miR-181a-3p,chr1:198859069-198859090,-,<10% RPMM,hsa-miR-181a-3p**,139.5528669,247.9214483,216.1322562,301.4955958,142.2592768,217.4600253,183.9093083,278.7591639,172.495937,260.9776431,197.3682533,256.1679446,187.4073573,173.7065551,201.6294884,326.6990104,226.2755418,33.85054207,205.5969436,28.83206658,221.7524445,21.87813817,222.3606028,35.24347238,226.2755418,0.996194823,-0.099116749,1,0.088257799,1,0.012057804,1,-0.01085895,1,0.001198854,1,0.100315603,1,NA,NA,Stable
MI0000289,hsa-mir-181a-1,hsa-miR-181a-5p,chr1:198859108-198859130,-,Single miR only,hsa-miR-181a-5p,11257.4239,7401.059372,16286.25221,17235.59077,10875.2084,6932.245967,15162.38549,16896.59355,11836.49815,7682.366798,17318.76673,16740.42489,12219.87585,6742.446694,16194.34079,18825.51585,13045.08156,2293.401058,12466.60835,2237.06847,13394.51414,2266.62227,13495.5448,2628.747428,13495.5448,0.989342575,-0.035220453,1,0.064630545,1,0.010343524,1,0.029410092,1,0.039753616,1,0.074974069,1,NA,NA,Stable
MI0000290,hsa-mir-214,hsa-miR-214-5p,chr1:172138857-172138878,-,<20% RPMM,hsa-miR-214-5p*,86.82227449,127.5408173,102.3556103,105.8658569,88.87538322,109.1462837,85.30864242,63.71091393,96.83336487,76.73262927,69.18938767,103.7029293,123.4113151,97.91784996,83.45915681,72.65359758,105.6461397,8.389431181,86.76030583,9.304959937,86.61457779,8.153350669,94.36047986,10.9796535,105.6461397,0.978328934,-0.263284097,1,-0.030055175,1,0.130818048,1,-0.293339271,1,-0.162521223,1,0.100762873,1,NA,NA,Stable
MI0000290,hsa-mir-214,hsa-miR-214-3p,chr1:172138816-172138837,-,Single miR only,hsa-miR-214-3p,1022.750463,686.7066108,633.9397614,856.3659435,737.8416716,604.0926276,598.3589581,1010.573716,799.5195887,913.4217507,803.2428913,744.4567778,747.7432301,634.9473579,592.2662197,947.6450911,799.9406946,88.13165769,737.7167433,96.49133798,815.1602521,35.4035747,730.6504747,79.41878157,815.1602521,0.992535394,-0.090357967,1,0.134781974,1,-0.16716111,1,0.044424008,1,-0.122737102,1,-0.032379135,1,NA,NA,Stable
MI0000291,hsa-mir-215,hsa-miR-215-5p,chr1:220117916-220117936,-,Single miR only,hsa-miR-215-5p,4.301286993,9.397744429,8.385064119,3.701603387,4.10645335,6.077558134,5.992305662,4.59177758,4.23415854,4.768694475,7.139936812,2.33790823,2.964027218,5.062222672,7.072809899,2.663965244,6.446424732,1.431906386,5.192023681,0.496939034,4.620174514,0.988644187,4.440756258,1.026792816,6.446424732,0.847045307,-0.246352668,1,-0.257919845,1,-0.01485622,1,-0.504272513,1,-0.519128733,1,-0.272776065,1,NA,NA,Stable
MI0000291,hsa-mir-215,hsa-miR-215-3p,chr1:220117877-220117899,-,<1% RPMM,hsa-miR-215-3p***,0,0,0,0,0,0,0,0,0,0,0,0,0.13472851,0,0,0,0,0,0,0,0,0,0.033682127,0.033682127,0.033682127,NA,NA,NA,NA,NA,NA,NA,NA,NA,NA,NA,NA,NA,NA,NA,Stable
MI0000292,hsa-mir-216a,hsa-miR-216a-5p,chr2:55989020-55989041,-,>20% RPMM,hsa-miR-216a-5p,0.637227703,0,1.156560568,0.370160339,0.146659048,0.083254221,0.217902024,0.382648132,0.736375398,0,0.169998496,0.500980335,1.886199139,0.289269867,0.43524984,0,0.540987152,0.243249147,0.207615856,0.064500421,0.351838557,0.165067671,0.652679711,0.421001133,0.652679711,NA,-1.053034368,1,0.416124736,1,1.0181921,1,-0.636909632,1,0.381282468,1,1.434316836,1,NA,NA,Stable
MI0000292,hsa-mir-216a,hsa-miR-216a-3p,chr2:55988981-55989002,-,Single miR only,hsa-miR-216a-3p,5.735049324,0.33563373,1.879410923,0.925400847,2.199885723,0.166508442,1.852167205,0.382648132,2.945501593,0.43351768,0.679993982,0.166993445,1.751470629,0.144634933,1.0881246,0.484357317,2.218873706,1.214440571,1.150302375,0.512459997,1.056501675,0.63831893,0.86714687,0.35348397,2.218873706,0.753923614,-0.794260713,1,-0.253286192,1,-0.177095459,1,-1.047546905,1,-1.224642364,0.8545839,-0.430381651,1,NA,NA,Stable
MI0000293,hsa-mir-217,hsa-miR-217,chr2:55983020-55983042,-,Single miR only,hsa-miR-217,1.433762331,0.22375582,1.011990497,0.185080169,1.026613338,0.083254221,0.980559108,0,1.104563097,0,0.339996991,0,0.80837106,0,0.43524984,0.242178659,0.713647204,0.306451627,0.522606667,0.278371973,0.361140022,0.260443392,0.37144989,0.170698715,0.713647204,NA,-0.605798456,1,-0.778492602,1,0.24517951,1,-1.384291058,1,-1.139111548,1,-0.533313093,1,NA,NA,Stable
MI0000294,hsa-mir-218-1,hsa-miR-218-5p,chr4:20528299-20528319,+,>20% RPMM,hsa-miR-218-5p,38.55227601,76.18885662,54.79205692,90.5042028,32.41164966,76.17761222,39.44026635,37.88216504,43.8143362,33.38086132,28.89974424,111.2176344,79.48982086,102.256898,59.73804053,78.22370672,65.00934809,11.47220819,46.47792332,10.01393717,54.32814403,19.21879817,79.92711652,8.704935196,79.92711652,0.597937745,-0.415377171,1,0.107055662,1,0.684612708,0.88244103,-0.308321509,1,0.376291199,1,0.79166837,0.633927322,NA,NA,Stable
MI0000294,hsa-mir-218-1,hsa-miR-218-1-3p,chr4:20528342-20528363,+,Single miR only,hsa-miR-218-1-3p,58.14702787,65.22482146,73.44159608,79.95463315,77.43597746,63.0234453,77.0283655,104.654264,78.79216762,90.02717144,86.01923873,89.84247341,73.02285238,79.11530861,80.95647023,127.8703317,69.19201964,4.757653957,80.53551307,8.70963963,86.1702628,2.627101887,90.24124074,12.65706231,90.24124074,0.565937818,0.242332508,1,0.071620765,1,0.057035313,1,0.313953273,0.792515632,0.370988587,0.463259914,0.128656079,1,NA,NA,Stable
MI0000295,hsa-mir-218-2,hsa-miR-218-2-3p,chr5:168768168-168768189,-,NA,hsa-miR-218-2-3p,0,0.11187791,0.433710213,0,0.586636193,0,0.108951012,0,0,0,0.169998496,0,0,0.289269867,0,0,0.136397031,0.102552676,0.173896801,0.139955932,0.042499624,0.042499624,0.072317467,0.072317467,0.173896801,NA,0.716213944,NA,-1.796725388,1,0.888710542,1,-1.080511443,NA,-0.191800902,NA,-0.908014846,NA,NA,NA,Stable
MI0000295,hsa-mir-218-2,hsa-miR-218-5p,chr5:168768211-168768231,-,Single miR only,hsa-miR-218-5p,0,0.11187791,0,0,0.293318096,0.083254221,0.108951012,0,0,0,0,0.166993445,0.13472851,0.867809601,0.10881246,0.242178659,0.027969477,0.027969477,0.121380832,0.06184919,0.041748361,0.041748361,0.338382307,0.178821509,0.338382307,NA,1.590829376,NA,-1.355352384,1,2.461876678,1,0.235476992,NA,2.69735367,NA,1.106524294,NA,NA,NA,Stable
MI0000298,hsa-mir-221,hsa-miR-221-5p,chrX:45746221-45746242,-,<20% RPMM,hsa-miR-221-5p*,435.7044417,908.4486282,527.247049,1147.126889,1017.960454,2428.359118,1237.138742,2591.675796,929.8580342,1853.143574,1023.560941,2019.785717,734.6745646,1424.364825,1035.676994,2355.913991,754.6317521,166.1150447,1818.783527,402.9653741,1456.587067,279.7923162,1387.657594,352.2717996,1818.783527,9.45E-26,1.297213748,3.94E-27,-0.334441675,0.159621718,-0.087846957,1,0.962772073,1.15E-14,0.874925116,5.31E-12,-0.422288632,0.016072346,DE,DE,DE
MI0000298,hsa-mir-221,hsa-miR-221-3p,chrX:45746180-45746202,-,Single miR only,hsa-miR-221-3p,7313.462343,6415.862498,5650.521226,8831.65552,6935.946367,7126.311556,5299.92198,8131.081475,8481.019556,6660.999146,6125.895786,9935.442004,9435.711193,6561.797662,5222.236392,8670.480335,7052.875397,683.3951357,6873.315344,586.3355158,7800.839123,871.9635523,7472.556395,965.3332806,7800.839123,0.978328934,0.001169682,1,0.124693569,1,-0.043797993,1,0.125863251,1,0.082065258,1,0.080895576,1,NA,NA,Stable
MI0000299,hsa-mir-222,hsa-miR-222-5p,chrX:45747073-45747094,-,<10% RPMM,hsa-miR-222-5p**,75.35217584,48.10750125,31.80541562,201.1821441,369.5808015,614.9989306,285.1247985,599.4182983,212.996584,303.3178698,79.7292944,259.0068332,122.7376725,153.1683945,77.58328397,151.8460189,89.11180919,38.42141708,467.2807072,82.66753855,213.7626453,48.33278802,126.3338425,17.70243327,467.2807072,2.04E-13,2.614948885,3.03E-13,-1.248727662,0.009435275,-0.630247342,0.891821717,1.366221223,0.002698118,0.735973882,0.633927322,-1.878975003,1.50E-06,DE,DE,DE
MI0000299,hsa-mir-222,hsa-miR-222-3p,chrX:45747036-45747056,-,Single miR only,hsa-miR-222-3p,5698.090117,7890.972739,6213.910792,15801.58962,8100.125892,10251.342,9051.867981,20827.72913,9514.338334,15100.14331,11652.20688,17311.54247,8839.806993,9580.039454,8991.717631,16931.92092,8901.140816,2347.292273,12057.76625,2956.26114,13394.55775,1740.298841,11085.87125,1955.20907,13394.55775,0.002943178,0.48958052,0.063750602,0.182024201,1,-0.273664511,0.972720231,0.671604721,0.000884357,0.39794021,0.304291667,-0.09164031,1,DE,DE,DE
MI0000301,hsa-mir-224,hsa-miR-224-3p,chrX:151958584-151958606,-,<10% RPMM,hsa-miR-224-3p**,4.77920777,7.160186232,8.095923977,4.997164572,5.866361929,6.244066576,7.626570842,5.165749778,5.522815487,4.913200368,8.499924776,4.842809905,6.062782947,10.41371521,9.575496479,5.327930489,6.258120638,0.814884292,6.225687281,0.517638449,5.944687634,0.865318509,7.844981281,1.261772974,7.844981281,0.919266405,0.027150319,1,-0.122364062,1,0.440385278,1,-0.095213744,1,0.345171534,1,0.318021216,1,NA,NA,Stable
MI0000301,hsa-mir-224,hsa-miR-224-5p,chrX:151958631-151958651,-,Single miR only,hsa-miR-224-5p,577.8062194,629.313243,436.7461845,561.1630734,587.5161472,662.2873281,456.5047404,791.6989845,595.5436034,886.2546428,461.5459153,602.5123496,560.6053298,650.8572006,700.3169925,853.6797715,551.2571801,40.83349858,624.5018,70.10325431,636.4641278,89.35831196,691.3648236,61.3495425,691.3648236,0.919266405,0.200750867,1,-0.024680956,1,0.176735659,1,0.176069911,1,0.352805569,0.932295531,0.152054703,1,NA,NA,Stable
MI0000342,hsa-mir-200b,hsa-miR-200b-3p,chr1:1167160-1167181,+,Single miR only,hsa-miR-200b-3p,5.416435472,2.349436107,5.059952486,4.997164572,2.933180964,3.829694166,5.665452626,7.078990436,2.209126195,4.046165009,7.649932298,3.840849235,2.694570199,3.037333603,5.875872839,4.601394513,4.455747159,0.708146946,4.876829548,0.928515897,4.436518184,1.14726132,4.052292788,0.736008927,4.876829548,0.993959075,0.126549397,1,-0.193337872,1,-0.089297161,1,-0.066788475,1,-0.156085636,1,-0.282635032,1,NA,NA,Stable
MI0000342,hsa-mir-200b,hsa-miR-200b-5p,chr1:1167124-1167145,+,<10% RPMM,hsa-miR-200b-5p**,0,0,0,0,0,0.083254221,0,0,0,0,0.169998496,0.166993445,0.40418553,0,0.10881246,0,0,0,0.020813555,0.020813555,0.084247985,0.048644465,0.128249497,0.095487503,0.128249497,NA,NA,NA,NA,NA,NA,NA,NA,NA,NA,NA,NA,NA,NA,NA,Stable
MI0000433,hsa-let-7g,hsa-let-7g-3p,chr3:52268280-52268300,-,<1% RPMM,hsa-let-7g-3p***,2.389603885,2.125680288,2.602261278,1.110481016,1.319931434,2.913897735,1.525314168,1.339268461,1.104563097,0.43351768,2.379978937,1.836927895,1.616742119,2.748063736,1.6321869,0.484357317,2.057006617,0.330220933,1.77460295,0.382576769,1.438746902,0.424914742,1.620337518,0.462094036,2.057006617,0.993959075,-0.181853669,1,-0.291869504,1,0.142125718,1,-0.473723173,1,-0.331597456,1,-0.149743786,1,NA,NA,Stable
MI0000433,hsa-let-7g,hsa-let-7g-5p,chr3:52268336-52268357,-,Single miR only,hsa-let-7g-5p,4815.370442,4624.920916,4123.716706,5103.400589,5488.71488,4804.184823,3502.883988,3331.334635,5053.560265,2959.19168,2592.477057,4967.220022,5204.292881,3891.981425,2791.910098,3144.205524,4666.852163,206.0312601,4281.779581,519.5850904,3893.112256,649.6285244,3758.097482,533.8373223,4666.852163,0.917019776,-0.115118943,1,-0.197798843,1,-0.022439656,1,-0.312917786,1,-0.335357442,1,-0.220238499,1,NA,NA,Stable
MI0000434,hsa-let-7i,hsa-let-7i-3p,chr12:62603747-62603768,+,<1% RPMM,hsa-let-7i-3p***,23.41811807,18.79548886,23.27578143,15.17657388,12.61267815,21.8126059,17.86796597,13.01003648,16.38435261,13.43904806,22.6097999,13.02548871,26.00260242,20.10425575,20.78317986,22.52261525,20.16649056,1.979471422,16.32582163,2.184507507,16.36467232,2.211926579,22.35316332,1.31876056,22.35316332,0.590815312,-0.25939461,1,-0.064700404,1,0.496907504,0.649881205,-0.324095014,1,0.17281249,1,0.4322071,0.870861291,NA,NA,Stable
MI0000434,hsa-let-7i,hsa-let-7i-5p,chr12:62603691-62603712,+,Single miR only,hsa-let-7i-5p,20577.35697,16575.04798,27257.09662,20786.5389,19513.13302,15539.56686,23064.38449,13363.2207,16844.21905,13453.64316,23457.5824,20223.24018,19944.80442,15623.61015,21898.39876,15176.36782,21299.01012,2209.789263,17870.07627,2149.098544,18494.6712,2155.504471,18160.79529,1645.612451,21299.01012,0.950666237,-0.221341682,1,0.006873578,1,0.006960738,1,-0.214468104,1,-0.207507366,1,0.013834316,1,NA,NA,Stable
MI0000437,hsa-mir-1-2,hsa-miR-1-3p,chr18:21829015-21829036,-,Single miR only,hsa-miR-1-3p,0,0.447511639,0,0,0,1.165559094,0.108951012,0,0.18409385,0.144505893,0,0,0,1.157079468,0.21762492,0,0.11187791,0.11187791,0.318627527,0.28347609,0.082149936,0.048112759,0.343676097,0.275943905,0.343676097,NA,1.009842203,NA,-0.662112213,1,1.034143366,1,0.34772999,NA,1.381873355,1,0.372031153,NA,NA,NA,Stable
MI0000438,hsa-mir-15b,hsa-miR-15b-3p,chr3:160404645-160404666,+,<10% RPMM,hsa-miR-15b-3p**,25.17049425,21.59243661,26.456323,23.13502117,18.77235817,15.31877667,16.99635788,12.62738835,17.12072801,19.65280147,20.90981495,15.02941005,18.45780586,14.31885841,16.53949392,23.24915122,24.08856876,1.076907286,15.92872027,1.306935036,18.17818862,1.312418089,18.14132735,1.901033984,24.08856876,0.178550443,-0.559041802,0.138746727,0.143182995,1,0.003108007,1,-0.415858807,0.661967711,-0.4127508,0.67249678,0.146291003,1,NA,NA,Stable
MI0000438,hsa-mir-15b,hsa-miR-15b-5p,chr3:160404607-160404628,+,Single miR only,hsa-miR-15b-5p,329.7653361,416.4095806,360.413187,657.2196813,386.299933,387.2153819,379.3674239,633.0913339,340.7577156,436.1187856,380.116636,581.9721558,313.7826996,285.2200888,350.4849336,664.5382392,440.9519462,74.2871764,446.4935182,62.22393866,434.7413232,52.83274746,403.5064903,88.02977279,446.4935182,0.970837113,0.069211396,1,-0.078207766,1,-0.132788202,1,-0.00899637,1,-0.141784572,1,-0.210995968,1,NA,NA,Stable
MI0000439,hsa-mir-23b,hsa-miR-23b-5p,chr9:95085227-95085248,+,<1% RPMM,hsa-miR-23b-5p***,2.070990034,1.118779099,2.313121136,2.220962032,1.466590482,1.66508442,0.980559108,2.487212856,1.840938496,2.312094291,1.699984955,2.170914785,1.751470629,1.012444534,1.74099936,1.69525061,1.930963075,0.275286902,1.649861717,0.313972264,2.005983132,0.14194515,1.550041283,0.179614119,2.005983132,0.993959075,-0.20212185,1,0.283356311,1,-0.348006768,1,0.081234462,1,-0.266772307,1,-0.064650457,1,NA,NA,Stable
MI0000439,hsa-mir-23b,hsa-miR-23b-3p,chr9:95085265-95085285,+,Single miR only,hsa-miR-23b-3p,2552.57487,1124.820506,1609.06489,1294.820865,1733.656609,976.405504,1539.041996,1335.824628,1863.766133,1389.135151,1929.312926,1185.65346,1489.558406,904.402239,1270.711908,1405.120577,1645.320283,318.6161744,1396.232184,161.8006487,1591.966917,181.1786628,1267.448282,129.1316023,1645.320283,0.813815722,-0.171277824,1,0.152782488,1,-0.300300163,1,-0.018495336,1,-0.318795498,0.953869053,-0.147517675,1,NA,NA,Stable
MI0000440,hsa-mir-27b,hsa-miR-27b-5p,chr9:95085463-95085484,+,<1% RPMM,hsa-miR-27b-5p***,146.4030647,150.0282771,143.8472207,131.9621607,149.7388882,113.8085201,144.0332379,137.9446515,114.8745621,139.4481869,135.4888009,102.8679621,103.6062241,90.10756355,129.16039,108.9803964,143.0601808,3.910612916,136.3813244,7.900167595,123.169878,8.649273844,107.9636435,8.104332911,143.0601808,0.318700185,-0.037990559,1,-0.197180325,1,-0.165322072,1,-0.235170885,1,-0.400492956,0.327758526,-0.362502397,0.544636574,NA,NA,Stable
MI0000440,hsa-mir-27b,hsa-miR-27b-3p,chr9:95085505-95085525,+,Single miR only,hsa-miR-27b-3p,46200.12359,32910.45348,42271.99963,26826.26006,49658.60707,34221.7308,35919.95021,17291.48642,50461.04464,18157.59899,28354.72906,28835.42612,66375.21297,33008.43988,34855.89531,18649.93632,37052.20919,4403.168613,34272.94362,6632.016924,31452.1997,6797.820865,38222.37112,10058.91374,38222.37112,0.992535394,-0.138389363,1,-0.134599104,1,0.227854837,1,-0.272988467,1,-0.04513363,1,0.093255733,1,NA,NA,Stable
MI0000441,hsa-mir-30b,hsa-miR-30b-3p,chr8:134800532-134800553,-,<10% RPMM,hsa-miR-30b-3p**,3.345445439,6.153285043,5.204522557,6.662886096,4.399771447,5.827795471,4.249089469,16.07122153,6.995566284,5.92474162,4.079963892,11.52254771,3.098755728,5.930032272,3.37318626,9.444967685,5.341534784,0.730756047,7.636969479,2.833826923,7.130704875,1.582927504,5.461735486,1.472841693,7.636969479,0.970837113,0.351828072,1,-0.018996917,1,-0.408903493,1,0.332831155,1,-0.076072338,1,-0.42790041,1,NA,NA,Stable
MI0000441,hsa-mir-30b,hsa-miR-30b-5p,chr8:134800570-134800591,-,Single miR only,hsa-miR-30b-5p,114.8602934,175.5364406,190.1096434,154.7270216,118.64717,202.7240282,155.5820452,121.4907818,116.8995945,135.4020219,132.5988265,186.1976912,115.0581475,131.6177895,132.8600136,150.8773043,158.8083497,16.34953848,149.6110063,19.59198939,142.7745335,15.03601796,132.6033137,7.318975014,158.8083497,0.986346122,-0.050968161,1,-0.102087683,1,-0.080143315,1,-0.153055844,1,-0.233199159,1,-0.182230998,1,NA,NA,Stable
MI0000442,hsa-mir-122,hsa-miR-122-5p,chr18:58451088-58451109,+,Single miR only,hsa-miR-122-5p,2.708217736,0.895023279,1.879410923,12.03021101,3.373158109,0.749287989,1.63426518,11.86209208,4.41825239,1.011541252,1.52998646,8.34967225,3.368212748,0.867809601,0.97931214,3.39050122,4.378215736,2.577443503,4.40470084,2.544833351,3.827363088,1.683429592,2.151458927,0.709307135,4.40470084,0.959058619,0.006852996,1,-0.054381958,1,-0.615086872,1,-0.047528962,1,-0.662615834,1,-0.66946883,1,NA,NA,Stable
MI0000442,hsa-mir-122,hsa-miR-122-3p,chr18:58451124-58451145,+,<10% RPMM,hsa-miR-122-3p**,0.796534628,0,0,0.185080169,0.439977145,0.249762663,0,0.382648132,0,0,0,0.166993445,0.26945702,0,0,0,0.245403699,0.188818736,0.268096985,0.09784209,0.041748361,0.041748361,0.067364255,0.067364255,0.268096985,NA,0.811665409,NA,-1.892044111,1,-0.04520323,1,-1.080378702,NA,-1.125581932,NA,-1.937247341,NA,NA,NA,Stable
MI0000443,hsa-mir-124-1,hsa-miR-124-3p,chr8:9903401-9903420,-,Single miR only,hsa-miR-124-3p,0,0,0.144570071,0,0,0,0,0,0.368187699,0,0,0,0,0,0,0,0.036142518,0.036142518,0,0,0.092046925,0.092046925,0,0,0.092046925,NA,NA,NA,NA,NA,NA,NA,NA,NA,NA,NA,NA,NA,NA,NA,Stable
MI0000444,hsa-mir-124-2,hsa-miR-124-3p,chr8:64379210-64379229,+,Single miR only,hsa-miR-124-3p,0,0,0,0,0,0.166508442,0,0,0.18409385,0,0,0,0,0,0,0,0,0,0.041627111,0.041627111,0.046023462,0.046023462,0,0,0.046023462,NA,NA,NA,NA,NA,NA,NA,NA,NA,NA,NA,NA,NA,NA,NA,Stable
MI0000445,hsa-mir-124-3,hsa-miR-124-3p,chr20:63178552-63178571,+,Single miR only,hsa-miR-124-3p,0,0,0,0,0,0.083254221,0,0,0,0,0,0.166993445,0,0,0,0,0,0,0.020813555,0.020813555,0.041748361,0.041748361,0,0,0.041748361,NA,NA,NA,NA,NA,NA,NA,NA,NA,NA,NA,NA,NA,NA,NA,Stable
MI0000446,hsa-mir-125b-1,hsa-miR-125b-1-3p,chr11:122099769-122099790,-,<20% RPMM,hsa-miR-125b-1-3p*,2616.934868,2684.734203,3089.606988,3774.524973,2706.446076,3675.424095,3995.342562,4526.34475,2706.915964,3562.937302,3461.679364,4314.442645,2886.019411,3276.704418,3436.406299,3623.961447,3041.450258,265.7030405,3725.889371,382.4422845,3511.493819,328.7856766,3305.772894,156.8829193,3725.889371,0.302390282,0.317450971,0.149096703,-0.128270667,1,-0.043155242,1,0.189180303,1,0.146025061,1,-0.17142591,1,NA,NA,Stable
MI0000446,hsa-mir-125b-1,hsa-miR-125b-5p,chr11:122099809-122099830,-,Single miR only,hsa-miR-125b-5p,17542.71935,18485.69893,25013.9474,22372.12071,19973.78909,20403.69472,28205.23799,38233.81867,21485.77728,33800.93995,36004.83136,25842.40261,19616.06686,19528.03018,31735.48039,35192.67613,20853.62159,1736.454285,26704.13512,4283.495647,29283.4878,3393.97984,26518.06339,4071.941253,29283.4878,0.565937818,0.364602015,0.909046061,0.117204418,1,-0.156318793,1,0.481806432,0.397199254,0.325487639,1,-0.039114375,1,NA,NA,Stable
MI0000447,hsa-mir-128-1,hsa-miR-128-1-5p,chr2:135665411-135665433,+,<20% RPMM,hsa-miR-128-1-5p*,17.20514797,17.45295394,14.60157717,22.949941,14.66590482,19.31497927,18.19481901,29.65523021,19.14576036,32.94734364,24.81978034,24.71502986,23.17330371,25.45574829,35.14642457,50.13098233,18.05240502,1.755260132,20.45773333,3.221876968,25.40697855,2.841413289,33.47661473,6.128136894,33.47661473,0.011092634,0.180209161,1,0.309045887,1,0.37733089,1,0.489255048,0.701690353,0.866585938,0.008668764,0.686376777,0.107809413,DE,DE,DE
MI0000447,hsa-mir-128-1,hsa-miR-128-3p,chr2:135665446-135665466,+,Single miR only,hsa-miR-128-3p,365.2907805,188.4024002,312.7050636,178.7874436,270.732603,213.6303311,252.0036908,132.5875776,284.7931853,198.6956031,282.5374995,149.4591333,347.8690126,191.4966519,213.381234,137.0731208,261.296422,46.16902368,217.2385506,30.61730868,228.8713553,33.19661521,222.4550048,44.77675402,261.296422,0.893973937,-0.215222133,1,0.026231927,1,-0.039584852,1,-0.188990206,1,-0.228575059,1,-0.013352926,1,NA,NA,Stable
MI0000448,hsa-mir-130a,hsa-miR-130a-5p,chr11:57641218-57641239,+,<1% RPMM,hsa-miR-130a-5p***,1.752376182,0.33563373,1.590270781,0.555240508,1.319931434,0.249762663,0.653706072,0,0.552281549,0.722529466,1.699984955,0.33398689,0.40418553,0.867809601,1.0881246,0.726535976,1.0583803,0.358242239,0.555850042,0.28810515,0.827195715,0.301599738,0.771663927,0.143314413,1.0583803,NA,-0.937725051,1,0.648718444,1,0.070289607,1,-0.289006607,1,-0.218717,1,0.719008051,1,NA,NA,Stable
MI0000448,hsa-mir-130a,hsa-miR-130a-3p,chr11:57641252-57641273,+,Single miR only,hsa-miR-130a-3p,352.5462265,443.148401,552.2576713,344.6192753,367.8208929,420.2673077,503.2447246,339.0262447,426.9136372,353.4614147,546.3751646,408.298973,455.247635,339.7474587,503.4752523,367.6272037,423.1428935,48.49458233,407.5897925,36.04755063,433.7622974,40.64600703,416.5243875,38.01926504,433.7622974,0.997263686,-0.015520038,1,0.043868993,1,-0.032099596,1,0.028348955,1,-0.003750641,1,0.011769397,1,NA,NA,Stable
MI0000449,hsa-mir-132,hsa-miR-132-5p,chr17:2049965-2049986,-,<20% RPMM,hsa-miR-132-5p*,12.26663328,7.495819962,25.58890257,28.13218574,19.21233532,20.23077571,29.63467527,43.23923888,18.04119726,19.65280147,39.43965096,33.56568245,13.20339397,10.99225494,25.46211564,38.50640672,18.37088539,5.024205563,28.07925629,5.571245638,27.67483303,5.246212731,22.04104282,6.344234247,28.07925629,0.022495406,0.742225216,0.028982019,-0.067107685,1,-0.400387991,0.925277432,0.675117531,0.08747971,0.27472954,1,-0.467495676,0.648073565,DE,DE,DE
MI0000449,hsa-mir-132,hsa-miR-132-3p,chr17:2049929-2049950,-,Single miR only,hsa-miR-132-3p,372.937513,88.60730462,243.0222894,262.2585999,132.5797796,123.6325182,271.723824,418.2344079,134.9407917,178.1757663,356.9968406,263.3486628,127.8573559,110.5010892,256.4709682,351.8855909,241.7064267,58.51286362,236.5426324,69.40616339,233.3655153,49.08922856,211.6787511,56.95557202,241.7064267,0.993959075,-0.115209745,1,0.044811416,1,-0.213241393,1,-0.07039833,1,-0.283639723,1,-0.168429978,1,NA,NA,Stable
MI0000450,hsa-mir-133a-1,hsa-miR-133a-3p,chr18:21825712-21825733,-,Single miR only,hsa-miR-133a-3p,1.752376182,5.258261764,1.734840852,0.925400847,0.586636193,3.912948387,0.871608096,0.956620329,0.920469248,4.624188581,1.019990973,1.502941005,0,2.169524002,1.0881246,0.968714634,2.417719911,0.966294481,1.581953251,0.781015678,2.016897452,0.878355262,1.056590809,0.443820631,2.417719911,0.728163779,-0.735440207,1,0.381582835,1,-0.90038935,1,-0.353857372,1,-1.254246722,0.640511989,-0.518806516,1,NA,NA,Stable
MI0000450,hsa-mir-133a-1,hsa-miR-133a-5p,chr18:21825749-21825770,-,NA,hsa-miR-133a-5p,0,0.11187791,0.144570071,0,0,0,0,0,0,0,0,0,0,0,0,0.242178659,0.064111995,0.037611812,0,0,0,0,0.060544665,0.060544665,0.064111995,NA,NA,NA,NA,NA,NA,NA,NA,NA,NA,NA,NA,NA,NA,NA,Stable
MI0000451,hsa-mir-133a-2,hsa-miR-133a-3p,chr20:62564970-62564991,+,Single miR only,hsa-miR-133a-3p,0.637227703,5.034505944,1.734840852,1.110481016,1.466590482,3.663185724,1.63426518,1.147944395,1.104563097,3.17912965,0.679993982,0.834967225,0.40418553,2.024889069,1.19693706,1.69525061,2.129263879,0.994153386,1.977996446,0.570711293,1.449663489,0.583123066,1.330315567,0.352504918,2.129263879,0.978328934,0.075396836,1,-0.574837762,1,-0.038809086,1,-0.499440926,1,-0.538250012,1,-0.613646848,1,NA,NA,Stable
MI0000451,hsa-mir-133a-2,hsa-miR-133a-5p,chr20:62564933-62564954,+,<1% RPMM,hsa-miR-133a-5p***,0,0.11187791,0,0,0,0,0,0,0,0,0,0,0,0,0,0,0.027969477,0.027969477,0,0,0,0,0,0,0.027969477,NA,NA,NA,NA,NA,NA,NA,NA,NA,NA,NA,NA,NA,NA,NA,Stable
MI0000452,hsa-mir-135a-1,hsa-miR-135a-5p,chr3:52294270-52294292,-,Single miR only,hsa-miR-135a-5p,0,0,0,0,0,0,0.108951012,0,0,0,0,0,0,0,0,0,0,0,0.027237753,0.027237753,0,0,0,0,0.027237753,NA,NA,NA,NA,NA,NA,NA,NA,NA,NA,NA,NA,NA,NA,NA,Stable
MI0000454,hsa-mir-137,hsa-miR-137,chr1:98046091-98046113,-,Single miR only,hsa-miR-137,36.32197905,39.49290219,16.33641802,13.51085236,33.87824014,40.54480563,12.31146436,4.59177758,39.21198996,10.83794199,10.19990973,12.02352804,36.10724066,25.60038322,12.5134329,7.023181099,26.41553791,6.691254238,22.83157193,8.559353012,18.06834243,7.058000989,20.31105947,6.550235223,26.41553791,0.970837113,-0.374036389,1,-0.175046815,1,0.080182957,1,-0.549083204,1,-0.468900248,1,-0.094863858,1,NA,NA,Stable
MI0000455,hsa-mir-138-2,hsa-miR-138-5p,chr16:56858527-56858549,+,Single miR only,hsa-miR-138-5p,1.11514848,13.08971546,0,19.80357812,1.466590482,9.574235416,0.980559108,7.652962634,0.368187699,1.734070718,0,28.88986599,1.212556589,5.785397339,0,11.38239695,8.502110513,4.792549603,4.91858691,2.171332462,7.748031101,7.057141633,4.59508772,2.58264644,8.502110513,0.959058619,0.683915165,1,-1.506498805,1,0.168652894,1,-0.82258364,1,-0.653930746,1,-1.33784591,1,NA,NA,Stable
MI0000455,hsa-mir-138-2,hsa-miR-138-2-3p,chr16:56858574-56858595,+,NA,hsa-miR-138-2-3p,0,0.22375582,0,0,0,0,0,0,0,0,0,0,0,0,0,0,0.055938955,0.055938955,0,0,0,0,0,0,0.055938955,NA,NA,NA,NA,NA,NA,NA,NA,NA,NA,NA,NA,NA,NA,NA,Stable
MI0000456,hsa-mir-140,hsa-miR-140-5p,chr16:69933103-69933124,+,<10% RPMM,hsa-miR-140-5p**,28.03801892,83.23716495,22.98664129,20.72897896,31.38503632,99.57204833,15.57999472,8.035610766,38.29152071,21.96489576,9.689914244,27.55391843,36.6461547,47.15098831,13.16630766,9.687146343,38.74770103,14.90831714,38.64317253,20.88408775,24.37506229,5.952838379,26.66264925,9.081856243,38.74770103,0.989342575,-0.25293145,1,-0.143635432,1,-0.169530613,1,-0.396566883,1,-0.566097496,1,-0.313166046,1,NA,NA,Stable
MI0000456,hsa-mir-140,hsa-miR-140-3p,chr16:69933142-69933162,+,Single miR only,hsa-miR-140-3p,945.1679899,1334.703465,771.4258989,665.3632087,816.1576033,1293.187815,685.8466207,601.331539,842.4134556,1429.307789,767.3732087,598.6715003,760.0035245,959.3635137,602.8210283,609.321505,929.1651406,146.9667058,849.1308945,154.4722362,909.4414885,180.6274042,732.8773929,83.771766,929.1651406,0.086941403,-0.109711781,1,0.041270091,1,-0.235034035,0.308040763,-0.06844169,1,-0.303475725,0.038575649,-0.193763944,0.682119706,NA,NA,Stable
MI0000457,hsa-mir-141,hsa-miR-141-3p,chr12:6964155-6964176,+,Single miR only,hsa-miR-141-3p,0.159306926,1.118779099,1.734840852,0.185080169,0.733295241,1.831592862,1.198461132,1.147944395,0.368187699,0,0,1.66993445,1.886199139,1.301714401,0,0.242178659,0.799501761,0.383423238,1.227823408,0.226630842,0.509530537,0.396417055,0.85752305,0.444360491,1.227823408,NA,0.488115117,1,-1.514808435,1,0.942448404,1,-1.026693317,1,-0.084244913,1,-0.57236003,1,NA,NA,Stable
MI0000457,hsa-mir-141,hsa-miR-141-5p,chr12:6964113-6964134,+,NA,hsa-miR-141-5p,0,0.22375582,0,0,0,0.333016884,0.108951012,0,0,0,0,0.166993445,0,0.144634933,0,0.242178659,0.055938955,0.055938955,0.110491974,0.078494513,0.041748361,0.041748361,0.096703398,0.059275893,0.110491974,NA,NA,NA,NA,NA,NA,NA,NA,NA,NA,NA,NA,NA,NA,NA,Stable
MI0000458,hsa-mir-142,hsa-miR-142-5p,chr17:58331283-58331303,-,Single miR only,hsa-miR-142-5p,0.159306926,1.678168648,0.433710213,1.665721524,0.586636193,1.498575978,0.653706072,1.913240659,0.920469248,0.43351768,0.509995487,2.170914785,0.13472851,0.867809601,0.87049968,1.210893293,0.984226828,0.40099373,1.163039725,0.324942023,1.0087243,0.401877755,0.770982771,0.226866297,1.163039725,NA,0.356452779,1,-0.224083526,1,-0.338298134,1,0.132369253,1,-0.205928881,1,-0.56238166,1,NA,NA,Stable
MI0000458,hsa-mir-142,hsa-miR-142-3p,chr17:58331245-58331267,-,<10% RPMM,hsa-miR-142-3p**,0,0.11187791,0.289140142,0,0,0.249762663,0,0,0,0,0,0,0,0,0,0,0.100254513,0.06826103,0.062440666,0.062440666,0,0,0,0,0.100254513,NA,NA,NA,NA,NA,NA,NA,NA,NA,NA,NA,NA,NA,NA,NA,Stable
MI0000459,hsa-mir-143,hsa-miR-143-5p,chr5:149428944-149428965,+,<1% RPMM,hsa-miR-143-5p***,23.73673192,40.16416964,25.29976243,19.06325744,21.26556199,41.87687317,24.40502669,18.94108252,23.93220044,31.6467906,20.05982247,19.03725273,18.72726288,30.51797096,14.47205718,30.75668964,27.06598036,4.562615821,26.62213609,5.206678783,23.66901656,2.860560298,23.61849517,4.144655874,27.06598036,0.992535394,-0.004102244,1,-0.188377677,1,0.005345454,1,-0.192479921,1,-0.187134467,1,-0.183032223,1,NA,NA,Stable
MI0000459,hsa-mir-143,hsa-miR-143-3p,chr5:149428978-149428998,+,Single miR only,hsa-miR-143-3p,51063.76403,68633.29386,60490.43083,32517.10511,57790.26466,68577.58415,53935.21795,18914.10583,58942.80057,36565.4822,39581.7697,34007.7141,78772.93046,88982.0145,48768.33,24712.63686,53176.14846,7765.738378,49804.29314,10752.83067,42274.44164,5671.681657,60308.97795,14615.47873,60308.97795,0.978328934,-0.150685699,1,-0.126789085,1,0.379453157,1,-0.277474784,1,0.101978374,1,0.252664073,1,NA,NA,Stable
MI0000460,hsa-mir-144,hsa-miR-144-5p,chr17:28861583-28861604,-,Single miR only,hsa-miR-144-5p,0,0,0.289140142,0,0.146659048,0.083254221,0,0,0,0,0.169998496,0,0.13472851,0.289269867,0,0,0.072285036,0.072285036,0.057478317,0.03561965,0.042499624,0.042499624,0.105999594,0.068850788,0.105999594,NA,NA,NA,NA,NA,NA,NA,NA,NA,NA,NA,NA,NA,NA,NA,Stable
MI0000461,hsa-mir-145,hsa-miR-145-3p,chr5:149430699-149430720,+,>20% RPMM,hsa-miR-145-3p,288.5048424,512.2889493,240.8537383,137.8847261,251.8135858,619.4946585,198.7266459,93.36614414,203.2396099,216.7588398,109.4790311,149.7931202,200.8802083,571.741892,188.1367433,123.0267586,294.883064,78.99031945,290.8502586,114.3888612,169.8176502,24.76932482,270.9464005,101.7041702,294.883064,0.769167483,-0.130838543,1,-0.490765152,1,0.428659824,1,-0.621603695,0.738800721,-0.192943871,1,-0.062105328,1,NA,NA,Stable
MI0000461,hsa-mir-145,hsa-miR-145-5p,chr5:149430661-149430683,+,Single miR only,hsa-miR-145-5p,435.8637486,427.1498599,368.0754008,214.6929964,193.0033075,449.1565223,354.0907891,283.5422656,235.0878459,609.6703633,698.5238181,259.0068332,129.0699125,301.1299315,261.0410915,413.3989702,361.4455014,51.18218402,319.9482211,54.23782871,450.5722151,118.9968582,276.1599764,58.6814193,450.5722151,0.959058619,-0.247605084,1,0.393357961,1,-0.591793827,1,0.145752877,1,-0.446040949,1,-0.198435865,1,NA,NA,Stable
MI0000462,hsa-mir-152,hsa-miR-152-5p,chr17:48037210-48037232,-,<10% RPMM,hsa-miR-152-5p**,33.61376131,58.84778059,37.15450825,49.23132504,26.98526487,46.78887221,31.59579349,28.88993394,45.10299315,30.92426114,28.38974875,52.26894829,42.70893765,42.08876564,27.85598976,43.34997989,44.7118438,5.777334847,33.56496613,4.508304628,39.17148783,5.70810003,39.00091823,3.723886608,44.7118438,0.978328934,-0.365471421,1,0.176007299,1,0.008779153,1,-0.189464122,1,-0.180684969,1,0.184786451,1,NA,NA,Stable
MI0000462,hsa-mir-152,hsa-miR-152-3p,chr17:48037174-48037194,-,Single miR only,hsa-miR-152-3p,596.4451297,502.1080595,545.8965882,542.6550565,491.0144934,500.7741394,518.8247193,556.3703835,545.2859824,529.4695926,608.5946139,507.8270663,456.1907346,450.8270876,478.8836364,578.5648154,546.7762085,19.32184189,516.7459339,14.40955587,547.7943138,21.6720721,491.1165685,29.77680396,547.7943138,0.970837113,-0.048931611,1,0.03657096,1,-0.133596404,1,-0.012360651,1,-0.145957055,1,-0.097025444,1,NA,NA,Stable
MI0000463,hsa-mir-153-1,hsa-miR-153-3p,chr2:219294126-219294147,-,Single miR only,hsa-miR-153-3p,0,0.22375582,0,0,0,0.999050652,0.217902024,0,0,0,0,0.834967225,0.13472851,0.4339048,0.43524984,0,0.055938955,0.055938955,0.304238169,0.237230557,0.208741806,0.208741806,0.250970788,0.109514925,0.304238169,NA,1.762910956,NA,0.106660212,1,0.476753553,1,1.869571168,NA,2.346324721,1,0.583413765,NA,NA,NA,Stable
MI0000464,hsa-mir-153-2,hsa-miR-153-5p,chr7:157574387-157574408,-,Single miR only,hsa-miR-153-5p,0,0,0.144570071,0,0,0,0,0,0,0,0,0,0,0,0,0,0.036142518,0.036142518,0,0,0,0,0,0,0.036142518,NA,NA,NA,NA,NA,NA,NA,NA,NA,NA,NA,NA,NA,NA,NA,Stable
MI0000465,hsa-mir-191,hsa-miR-191-3p,chr3:49020631-49020652,-,<1% RPMM,hsa-miR-191-3p***,6.531583952,6.936430412,7.951353906,11.4749705,11.43940576,11.73884516,10.8951012,27.93331361,9.020598629,17.19620129,11.04990221,12.02352804,9.969909735,10.26908028,7.072809899,15.01507683,8.223584692,1.124175695,15.50166644,4.147560332,12.32255754,1.740794987,10.58171919,1.64416033,15.50166644,0.17350909,0.882593191,0.090921869,-0.277371817,1,-0.240251439,1,0.605221375,0.742613777,0.364969936,1,-0.517623255,0.932295531,NA,NA,Stable
MI0000465,hsa-mir-191,hsa-miR-191-5p,chr3:49020672-49020694,-,Single miR only,hsa-miR-191-5p,53545.1287,44815.38187,45832.32676,53428.20296,49347.68989,38779.56638,49597.00655,70331.10925,53051.98148,68805.614,69294.61674,52488.87865,43603.40022,48436.79287,52739.76717,70620.50774,49405.26007,2365.646778,52013.84302,6605.665444,60910.27272,4702.005404,53850.117,5893.34487,60910.27272,0.970837113,0.089548625,1,0.205150386,1,-0.176016229,1,0.294699011,1,0.118682782,1,0.029134157,1,NA,NA,Stable
MI0000466,hsa-mir-9-1,hsa-miR-9-3p,chr1:156420354-156420375,-,NA,hsa-miR-9-3p,0,0,0,0,0.146659048,0.083254221,0,0,0,0,0,0,0,0,0,0,0,0,0.057478317,0.03561965,0,0,0,0,0.057478317,NA,NA,NA,NA,NA,NA,NA,NA,NA,NA,NA,NA,NA,NA,NA,Stable
MI0000466,hsa-mir-9-1,hsa-miR-9-5p,chr1:156420392-156420414,-,Single miR only,hsa-miR-9-5p,0.159306926,0.33563373,0,0.185080169,0.439977145,0.416271105,0.108951012,0,0.18409385,0,0,0,0.26945702,0,0.32643738,0,0.170005206,0.068724259,0.241299815,0.110238166,0.046023462,0.046023462,0.1489736,0.086792816,0.241299815,NA,0.245231105,NA,-2.006598536,1,1.640295071,1,-1.761367431,NA,-0.121072361,NA,-0.366303465,NA,NA,NA,Stable
MI0000467,hsa-mir-9-2,hsa-miR-9-5p,chr5:88666902-88666924,-,Single miR only,hsa-miR-9-5p,0.159306926,0.447511639,0.144570071,0.185080169,0.146659048,0.166508442,0,0,1.288656947,0.578023573,0.169998496,0.166993445,0.26945702,0.144634933,0.43524984,0,0.234117201,0.071622321,0.078291873,0.045383063,0.550918115,0.264179737,0.212335448,0.092476755,0.550918115,NA,-1.542104908,1,2.529880474,0.88244103,-0.989034505,1,0.987775566,NA,-0.001258939,1,1.540845969,NA,NA,NA,Stable
MI0000467,hsa-mir-9-2,hsa-miR-9-3p,chr5:88666866-88666887,-,NA,hsa-miR-9-3p,0,0,0,0,0.146659048,0,0,0,0,0,0,0,0,0,0,0,0,0,0.036664762,0.036664762,0,0,0,0,0.036664762,NA,NA,NA,NA,NA,NA,NA,NA,NA,NA,NA,NA,NA,NA,NA,Stable
MI0000468,hsa-mir-9-3,hsa-miR-9-5p,chr15:89368032-89368054,+,Single miR only,hsa-miR-9-5p,0.318613851,0.22375582,0.144570071,0.185080169,0.293318096,0.166508442,0,0.191324066,0.368187699,0.144505893,0.169998496,0,0,0,0.10881246,0,0.218004978,0.037228961,0.162787651,0.06080446,0.170673022,0.07573336,0.027203115,0.027203115,0.218004978,NA,-0.502534968,NA,0.020490258,1,-1.685888863,1,-0.482044711,NA,-2.167933574,NA,-1.665398605,NA,NA,NA,Stable
MI0000469,hsa-mir-125a,hsa-miR-125a-3p,chr19:51693306-51693327,+,<1% RPMM,hsa-miR-125a-3p***,62.60762178,40.16416964,46.26242273,53.30308877,53.8238707,35.13328127,44.88781696,62.1803214,44.36661775,46.24188581,52.18953812,58.6146992,47.96334953,41.36559097,48.85679453,62.48209392,50.58432573,4.82363814,49.00632258,5.817977732,50.35318522,3.219298294,50.16695724,4.431883091,50.58432573,0.997712769,-0.029311917,1,0.018150414,1,0.009373095,1,-0.011161503,1,-0.001788408,1,0.027523509,1,NA,NA,Stable
MI0000469,hsa-mir-125a,hsa-miR-125a-5p,chr19:51693268-51693291,+,Single miR only,hsa-miR-125a-5p,17907.05429,15851.08603,16195.0285,19331.25353,19057.61002,15961.16624,19028.6211,28346.38227,20812.36198,26922.89296,22709.92902,19885.24544,19047.10836,18276.5041,21346.50196,29866.92525,17321.10558,806.8992986,20598.44491,2682.86858,22582.60735,1561.618281,22134.25992,2658.750653,22582.60735,0.751700386,0.265347814,1,0.118911519,1,-0.037892122,1,0.384259333,0.778094716,0.346367211,0.932295531,0.081019397,1,NA,NA,Stable
MI0000470,hsa-mir-125b-2,hsa-miR-125b-2-3p,chr21:16590290-16590311,+,<20% RPMM,hsa-miR-125b-2-3p*,210.9223696,393.1389753,246.9256813,490.8326091,170.1244959,281.7322839,198.0729399,306.8838016,175.8096263,265.8908434,200.5982247,327.6411391,238.4694626,372.4349537,242.4341608,472.9749202,335.4549088,65.07396991,239.2033803,32.727349,242.4849584,34.1559035,331.5783743,56.47875966,335.4549088,1.50E-07,-0.41580058,0.001206244,-0.030224135,1,0.460608049,0.000191505,-0.446024715,0.000340064,0.014583334,1,0.430383914,0.000653206,DE,NA,Stable
MI0000470,hsa-mir-125b-2,hsa-miR-125b-5p,chr21:16590253-16590274,+,Single miR only,hsa-miR-125b-5p,1684.511432,2974.945501,2590.984813,3188.005917,1604.596647,1755.331996,2040.761406,3295.939682,1829.524677,3175.227991,3180.331854,2279.126537,1988.32335,2443.607201,3106.813357,5520.704701,2609.611916,332.1854556,2174.157433,384.7081309,2616.052765,337.0501371,3264.862152,786.2260085,3264.862152,0.751700386,-0.239623493,1,0.262217744,1,0.256212131,1,0.02259425,1,0.278806381,1,0.518429874,0.62944609,NA,NA,Stable
MI0000471,hsa-mir-126,hsa-miR-126-3p,chr9:136670653-136670674,+,>20% RPMM,hsa-miR-126-3p,14.49693024,9.17398861,20.38438001,24.80074269,9.826156231,10.49003185,16.3426518,25.63742482,15.09569566,6.647271086,16.82985106,22.87810197,15.49377864,10.41371521,12.5134329,8.718431709,17.21401039,3.411185343,15.57406618,3.660006659,15.36272994,3.349922778,11.78483961,1.459735035,17.21401039,0.992535394,-0.101732593,1,-0.089994219,1,-0.186251629,1,-0.191726812,1,-0.377978442,1,-0.276245849,1,NA,NA,Stable
MI0000471,hsa-mir-126,hsa-miR-126-5p,chr9:136670616-136670636,+,Single miR only,hsa-miR-126-5p,60.05871097,85.58660105,72.71874572,91.79976399,61.59680025,88.49923693,53.60389792,48.21366459,69.77156899,30.92426114,35.52968556,84.99966351,73.15758089,85.04534088,60.39091529,37.29551342,77.54095543,7.052946267,62.97839992,8.940081266,55.3062948,13.15465108,63.97233762,10.21811992,77.54095543,0.986346122,-0.283237827,1,-0.219156131,1,0.243204472,1,-0.502393957,1,-0.259189486,1,0.024048341,1,NA,NA,Stable
MI0000472,hsa-mir-127,hsa-miR-127-5p,chr14:100883001-100883022,+,<1% RPMM,hsa-miR-127-5p***,1.911683108,19.2430005,22.84207122,26.28138404,3.079840013,20.56379259,18.30377002,15.30592527,2.761407744,7.225294658,16.82985106,32.56372178,3.233484238,13.88495361,15.2337444,15.49943415,17.56953472,5.41344595,14.31333197,3.896242173,14.84506881,6.595237211,11.9629041,2.931189839,17.56953472,0.992535394,-0.093421932,1,-0.144135848,1,-0.093614949,1,-0.23755778,1,-0.331172729,1,-0.237750797,1,NA,NA,Stable
MI0000472,hsa-mir-127,hsa-miR-127-3p,chr14:100883035-100883056,+,Single miR only,hsa-miR-127-3p,4869.534797,21990.27445,29330.52058,32169.89471,4909.411639,20264.41041,30826.16354,39861.4125,5742.43945,33804.11908,37998.40371,31487.78301,5027.259619,22530.07286,33087.36639,40961.85613,22090.05613,6127.695207,23965.34952,7508.779895,27258.18631,7297.364575,25401.63875,7770.413921,27258.18631,0.893973937,0.111863093,1,0.190840195,1,-0.136207254,1,0.302703288,0.905874565,0.166496033,1,0.05463294,1,NA,NA,Stable
MI0000473,hsa-mir-129-2,hsa-miR-129-2-3p,chr11:43581450-43581471,+,>20% RPMM,hsa-miR-129-2-3p,0.477920777,0.11187791,1.301130639,5.922565418,0.293318096,0.333016884,1.961118217,12.24474021,1.104563097,1.156047145,4.249962388,10.85457393,0.40418553,0.723174667,3.37318626,18.88993537,1.953373686,1.346228435,3.708048353,2.871963512,4.341286639,2.292258372,5.847620457,4.398065212,5.847620457,0.128659853,0.747881572,1,0.845146443,1,-0.171808074,1,1.593028015,0.111253424,1.42121994,0.251304519,0.673338369,1,NA,NA,Stable
MI0000473,hsa-mir-129-2,hsa-miR-129-5p,chr11:43581408-43581428,+,Single miR only,hsa-miR-129-5p,0.318613851,0.783145369,1.879410923,11.66005067,0.293318096,1.332067536,2.179020241,23.5328601,0.736375398,1.156047145,2.889974424,17.53431173,1.482013609,0.723174667,0.87049968,13.56200488,3.660305203,2.686578706,6.834316493,5.579520181,5.579177173,4.012209095,4.159423209,3.138496008,6.834316493,0.970837113,0.663444026,1,-0.017169589,1,-0.390366729,1,0.646274438,1,0.255907709,1,-0.407536317,1,NA,NA,Stable
MI0000474,hsa-mir-134,hsa-miR-134-3p,chr14:101054732-101054754,+,<10% RPMM,hsa-miR-134-3p**,0.159306926,5.146383854,5.782802841,3.886683556,0.293318096,5.578032808,4.684893517,3.826481317,0.18409385,4.479682688,2.889974424,5.844770575,0.67364255,7.376381607,4.134873479,2.663965244,3.743794294,1.25809977,3.595681435,1.1574027,3.349630384,1.215683893,3.71221572,1.412341649,3.743794294,0.997263686,-0.00191313,1,-0.139706043,1,0.273977184,1,-0.141619173,1,0.132358011,1,0.134271141,1,NA,NA,Stable
MI0000474,hsa-mir-134,hsa-miR-134-5p,chr14:101054694-101054715,+,Single miR only,hsa-miR-134-5p,47.63277077,150.1401551,192.2781945,232.2756125,31.82501346,133.2900078,184.0182593,256.1829242,32.40051752,161.7020945,263.3276696,211.2467079,38.39762533,133.4980436,154.4048807,225.2261525,155.5816832,39.69799602,151.3290512,47.1429927,167.1692474,49.48212218,137.8816755,38.53393141,167.1692474,0.989342575,-0.125445353,1,0.102660521,1,-0.1737101,1,-0.022784832,1,-0.196494933,1,-0.07104958,1,NA,NA,Stable
MI0000475,hsa-mir-136,hsa-miR-136-5p,chr14:100884716-100884738,+,>20% RPMM,hsa-miR-136-5p,5.257128547,37.14346608,38.16649875,34.60999166,5.426384784,44.20799136,33.12110766,24.68080449,5.338721638,11.12695377,25.15977734,42.91731537,8.487896125,36.59263817,32.53492554,22.03825793,28.79427126,7.881240348,26.85907207,8.186895138,21.13569203,8.368350558,24.91342944,6.275321208,28.79427126,0.992535394,-0.047109803,1,-0.339277469,1,0.365578702,1,-0.386387272,1,-0.02080857,1,0.026301233,1,NA,NA,Stable
MI0000475,hsa-mir-136,hsa-miR-136-3p,chr14:100884750-100884771,+,Single miR only,hsa-miR-136-3p,20.39128648,210.3304706,181.7245793,155.0971819,24.05208391,359.3252179,149.6986905,83.79994084,25.58904509,77.59966463,78.53930493,238.8006264,35.43359811,215.6506858,92.27296607,61.27120062,141.8858796,42.03892907,154.2189833,73.02468974,105.1321603,46.24174185,101.1571127,39.89378888,154.2189833,0.993959075,0.046478489,1,-0.286416343,1,-0.050274437,1,-0.239937854,1,-0.290212291,1,-0.33669078,1,NA,NA,Stable
MI0000476,hsa-mir-138-1,hsa-miR-138-1-3p,chr3:44114274-44114295,+,>20% RPMM,hsa-miR-138-1-3p,3.66405929,12.75408173,0.433710213,56.26437148,7.332952411,15.65179355,0,70.21593217,18.40938496,34.39240257,0.339996991,62.95652877,5.658597417,12.58323921,0.43524984,72.65359758,18.27905568,12.92756753,23.30016953,15.9620288,29.02457832,13.27804684,22.83267101,16.79228209,29.02457832,0.211949091,0.312067896,1,0.889100953,0.680228467,-0.908232467,0.64484503,1.201168849,0.163463998,0.292936382,1,-0.019131514,1,NA,NA,Stable
MI0000476,hsa-mir-138-1,hsa-miR-138-5p,chr3:44114234-44114256,+,Single miR only,hsa-miR-138-5p,18.16098953,54.70829793,1.590270781,203.5881863,15.25254101,64.10575018,1.416363156,109.2460416,28.35045283,25.57754309,1.359987964,188.368606,25.7331454,48.45270271,1.6321869,112.3708976,69.51193612,46.0487612,47.50517399,24.58306443,60.91414746,42.91503886,47.04723315,23.78019702,69.51193612,0.997263686,-0.232627472,1,0.098941183,1,-0.005925602,1,-0.133686289,1,-0.139611891,1,0.093015581,1,NA,NA,Stable
MI0000477,hsa-mir-146a,hsa-miR-146a-5p,chr5:160485372-160485393,+,Single miR only,hsa-miR-146a-5p,330.08395,138.0573408,269.1894722,149.1746165,1213.896942,436.7516434,765.3808595,757.8346248,3252.754228,1225.120962,1619.745665,2904.183002,12258.67766,13062.99329,8277.907893,11210.20793,221.6263449,46.77814178,793.4660175,159.7043308,2250.450964,489.9887921,11202.44669,1046.033975,11202.44669,8.12E-67,1.85705445,6.13E-07,1.458683933,0.00038129,2.468079396,7.78E-13,3.315738383,1.64E-23,5.783817778,1.08E-73,3.926763329,2.85E-33,DE,DE,DE
MI0000477,hsa-mir-146a,hsa-miR-146a-3p,chr5:160485408-160485429,+,<1% RPMM,hsa-miR-146a-3p***,0.159306926,0,0,0,1.466590482,2.414372409,1.743216192,1.913240659,3.129595443,3.034623757,2.209980442,2.33790823,5.119683377,5.496127472,5.984685299,5.327930489,0.039826731,0.039826731,1.884354936,0.1992068,2.678026968,0.23555319,5.482106659,0.184368923,5.482106659,1.42E-20,5.423744589,9.35E-05,0.456869257,1,1.073736643,0.156386207,5.880613846,1.09E-05,6.954350489,2.29E-08,1.5306059,0.003063584,DE,DE,DE
MI0000478,hsa-mir-149,hsa-miR-149-5p,chr2:240456015-240456037,+,Single miR only,hsa-miR-149-5p,111.514848,62.65162953,73.29702601,63.11233774,89.31536036,68.85124078,76.81046348,92.60084787,101.9879927,117.4832911,140.0787603,64.79345666,64.93914178,48.30806778,66.59322551,58.84941404,77.64396031,11.5544757,81.89447812,5.520183359,106.0858752,15.83054484,59.67246228,4.137851168,106.0858752,0.100322483,0.140944281,1,0.304462209,1,-0.794743055,0.035925016,0.44540649,0.88244103,-0.349336565,1,-0.490280846,0.738987462,NA,DE,Stable
MI0000478,hsa-mir-149,hsa-miR-149-3p,chr2:240456056-240456076,+,<1% RPMM,hsa-miR-149-3p***,0.159306926,0,0.144570071,0,0.146659048,0.333016884,0.108951012,0.765296263,0,0.578023573,0.169998496,0,0.26945702,0.144634933,0,0.242178659,0.075969249,0.043963901,0.338480802,0.150466165,0.187005517,0.136359355,0.164067653,0.060898873,0.338480802,NA,1.958044909,NA,-0.814522751,1,-0.256637352,1,1.143522158,NA,0.886884806,NA,-1.071160103,NA,NA,NA,Stable
MI0000479,hsa-mir-150,hsa-miR-150-5p,chr19:49500832-49500853,-,Single miR only,hsa-miR-150-5p,0.477920777,0.22375582,0,0,0.146659048,0.166508442,0.217902024,0.573972198,0.18409385,0.289011786,1.189989469,0.33398689,0.26945702,0,0,0,0.175419149,0.113793462,0.276260428,0.100366004,0.499270499,0.232371185,0.067364255,0.067364255,0.499270499,NA,0.844473669,1,0.865556417,1,-3.013518468,0.899108629,1.710030086,NA,-1.303488382,1,-2.147962051,NA,NA,NA,Stable
MI0000479,hsa-mir-150,hsa-miR-150-3p,chr19:49500797-49500818,-,NA,hsa-miR-150-3p,0.159306926,0,0,0.185080169,0,0.083254221,0.108951012,0.191324066,0,0.144505893,0,0,0,0.144634933,0.21762492,0,0.086096774,0.049985621,0.095882325,0.039404744,0.036126473,0.036126473,0.090564963,0.05436897,0.095882325,NA,NA,NA,NA,NA,NA,NA,NA,NA,NA,NA,NA,NA,NA,NA,Stable
MI0000480,hsa-mir-154,hsa-miR-154-3p,chr14:101059805-101059826,+,<10% RPMM,hsa-miR-154-3p**,0,0.33563373,0.578280284,0.185080169,0,0.83254221,1.08951012,0,0,0.144505893,1.019990973,0.834967225,0.53891404,0.578539734,1.6321869,0.726535976,0.274748546,0.122258504,0.480513083,0.282339563,0.499866023,0.251490497,0.869044162,0.257564578,0.869044162,NA,0.775420705,1,0.062833464,1,1.180828573,1,0.838254168,1,2.019082741,0.920929045,1.243662036,1,NA,NA,Stable
MI0000480,hsa-mir-154,hsa-miR-154-5p,chr14:101059769-101059790,+,Single miR only,hsa-miR-154-5p,2.548910811,7.831453691,17.63754866,14.80641355,1.759908579,9.490981195,13.29202347,6.505018239,1.840938496,6.936282872,20.56981796,11.52254771,2.964027218,6.074667206,12.83987028,9.444967685,10.70608168,3.41151089,7.76198287,2.435426727,10.21739676,3.977088603,7.830883097,2.130449914,10.70608168,0.978328934,-0.372292679,1,0.219758014,1,-0.189174844,1,-0.152534664,1,-0.341709509,1,0.03058317,1,NA,NA,Stable
MI0000481,hsa-mir-184,hsa-miR-184,chr15:79209840-79209861,+,Single miR only,hsa-miR-184,10.99217787,2.125680288,1.011990497,1.110481016,8.066247652,0.749287989,1.961118217,1.530592527,9.756974027,2.456600184,2.379978937,1.00196067,8.083710596,2.024889069,1.74099936,0.726535976,3.810082418,2.407226477,3.076811596,1.68194836,3.898878455,1.981090582,3.14403375,1.669972384,3.898878455,0.993959075,-0.172257718,1,0.356703379,1,-0.293729934,1,0.18444566,1,-0.109284274,1,0.062973444,1,NA,NA,Stable
MI0000482,hsa-mir-185,hsa-miR-185-3p,chr22:20033188-20033209,+,<10% RPMM,hsa-miR-185-3p**,3.186138513,2.461314017,3.903391917,4.071763725,3.226499061,4.662236377,2.614824289,3.061185054,4.602346239,3.468141436,2.889974424,4.00784268,4.580769338,2.169524002,2.82912396,3.39050122,3.405652043,0.36871514,3.391186195,0.442938011,3.742076195,0.366493981,3.24247963,0.511128361,3.742076195,0.997263686,0.064203426,1,0.05602635,1,-0.186796776,1,0.120229776,1,-0.066567,1,-0.130770426,1,NA,NA,Stable
MI0000482,hsa-mir-185,hsa-miR-185-5p,chr22:20033153-20033174,+,Single miR only,hsa-miR-185-5p,86.66296756,37.47909981,73.15245593,34.79507183,32.99828585,45.29029623,54.03970197,24.87212856,36.81876991,22.68742523,65.27942228,48.92907939,44.7298653,35.0016539,48.74798207,32.93629757,58.02239878,12.94455052,39.30010315,6.461537088,43.4286742,9.044334748,40.35394971,3.799967656,58.02239878,0.926553597,-0.477308009,1,0.077032036,1,-0.056711458,1,-0.400275974,1,-0.456987432,1,0.020320577,1,NA,NA,Stable
MI0000483,hsa-mir-186,hsa-miR-186-5p,chr1:71067681-71067702,-,Single miR only,hsa-miR-186-5p,2768.435754,3609.964518,3862.623157,3281.841562,3078.080104,3766.004687,3521.078807,2508.641151,3509.012867,2314.406385,3058.78293,4106.201819,4269.277023,3791.026241,3488.527467,3493.42715,3380.716248,236.194243,3218.451187,276.123861,3247.101,377.7162718,3760.56447,183.7305226,3760.56447,0.992535394,-0.039452761,1,-0.02553312,1,0.234149901,1,-0.064985881,1,0.16916402,1,0.208616782,1,NA,NA,Stable
MI0000483,hsa-mir-186,hsa-miR-186-3p,chr1:71067642-71067663,-,<1% RPMM,hsa-miR-186-3p***,0,0,0.144570071,0,0,0,0,0.573972198,0.18409385,0,0.339996991,0,0.13472851,0.144634933,0,0,0.036142518,0.036142518,0.143493049,0.143493049,0.13102271,0.0820674,0.069840861,0.040373312,0.143493049,NA,NA,NA,NA,NA,NA,NA,NA,NA,NA,NA,NA,NA,NA,NA,Stable
MI0000484,hsa-mir-188,hsa-miR-188-3p,chrX:50003556-50003576,+,>20% RPMM,hsa-miR-188-3p,1.433762331,2.125680288,1.301130639,0.185080169,1.173272386,3.579931503,0.326853036,0.191324066,1.656844646,0.722529466,0.679993982,1.502941005,2.290384669,1.880254135,0.32643738,0.968714634,1.261413357,0.401739145,1.317845248,0.784700106,1.140577275,0.255724528,1.366447705,0.44323335,1.366447705,0.997263686,-0.238044819,1,0.281084127,1,-0.047821038,1,0.043039309,1,-0.00478173,1,0.233263089,1,NA,NA,Stable
MI0000484,hsa-mir-188,hsa-miR-188-5p,chrX:50003517-50003537,+,Single miR only,hsa-miR-188-5p,1.433762331,2.908825657,1.44570071,0.925400847,1.466590482,4.495727935,0.653706072,0.765296263,1.104563097,0.722529466,0.339996991,0.834967225,3.098755728,3.471238403,0.97931214,1.453071952,1.678422386,0.427682862,1.845330188,0.901595497,0.750514195,0.158585009,2.250594556,0.609750636,2.250594556,0.519711718,-0.027849617,1,-1.135310307,0.899108629,1.533691275,0.32287544,-1.163159924,0.869251838,0.370531351,1,0.398380968,1,NA,NA,Stable
MI0000486,hsa-mir-190a,hsa-miR-190a-5p,chr15:62823971-62823992,+,Single miR only,hsa-miR-190a-5p,7.646732432,35.1296637,9.107914474,31.83378912,15.25254101,49.70276994,5.229648577,9.948851424,19.14576036,1.734070718,1.52998646,40.0784268,21.42183308,26.46819283,2.93793642,10.17150366,20.92952493,7.284286564,20.03345274,10.09941129,15.62206108,9.137802089,15.2498665,5.333208919,20.92952493,0.993959075,-0.215160927,1,-0.456943009,1,0.065865812,1,-0.672103936,1,-0.606238124,1,-0.391077197,1,NA,NA,Stable
MI0000486,hsa-mir-190a,hsa-miR-190a-3p,chr15:62824008-62824028,+,<10% RPMM,hsa-miR-190a-3p**,0,0.447511639,0.144570071,0,0.146659048,0.083254221,0,0,0.18409385,0,0.169998496,0.500980335,0.13472851,1.012444534,0,0,0.148020428,0.105485775,0.057478317,0.03561965,0.21376817,0.104476476,0.286793261,0.24395939,0.286793261,NA,-0.830346919,NA,2.287582053,1,-0.954370446,1,1.457235134,NA,0.502864688,NA,1.333211607,NA,NA,NA,Stable
MI0000487,hsa-mir-193a,hsa-miR-193a-3p,chr17:31560050-31560071,+,<10% RPMM,hsa-miR-193a-3p**,6.690890878,15.21539574,8.963344403,8.32860762,10.11947433,23.06141922,9.914542095,16.64519373,7.179660133,9.826400735,9.85991274,20.20620685,8.353167615,13.88495361,5.767060379,10.89803964,9.799559661,1.867664717,14.93515734,3.127269002,11.76804511,2.881938037,9.725805311,1.737537616,14.93515734,0.71415508,0.591940111,0.863058399,-0.352252099,1,-0.25930641,1,0.239688012,1,-0.019618398,1,-0.611558509,0.813218975,NA,NA,Stable
MI0000487,hsa-mir-193a,hsa-miR-193a-5p,chr17:31560016-31560037,+,Single miR only,hsa-miR-193a-5p,428.3763231,573.0386544,375.7376146,867.2856735,518.5863945,631.0669953,410.6363643,981.3011337,642.1193473,559.3823124,323.3371385,976.9116533,713.118003,608.4791651,312.4005726,920.7632599,561.1095664,110.2523568,635.397722,123.7707826,625.4376129,135.2282887,638.6902502,126.6498903,638.6902502,0.986346122,0.209319801,1,-0.099814073,1,0.064323369,1,0.109505728,1,0.173829097,1,-0.035490704,1,NA,NA,Stable
MI0000488,hsa-mir-194-1,hsa-miR-194-5p,chr1:220118206-220118227,-,Single miR only,hsa-miR-194-5p,2.070990034,4.251360575,0,0,2.639862868,3.579931503,1.198461132,3.635157251,1.840938496,1.300553039,2.549977433,3.172875455,0.67364255,3.32660347,1.84981182,0,1.580587652,1.015301152,2.763353189,0.569428037,2.216086106,0.408846528,1.46251446,0.729502943,2.763353189,0.978328934,1.392548601,1,-0.142949884,1,-1.010728168,1,1.249598717,1,0.238870549,1,-1.153678052,1,NA,NA,Stable
MI0000489,hsa-mir-195,hsa-miR-195-3p,chr17:7017628-7017649,-,<20% RPMM,hsa-miR-195-3p*,7.487425506,8.50272115,8.52963419,14.80641355,12.4660191,9.657489637,8.171325902,13.58400868,7.916035532,11.12695377,12.06989318,12.35751493,9.565724205,12.29396935,9.901933859,22.03825793,9.831548598,1.675931528,10.96971083,1.245872329,10.86759935,1.018346396,13.44997133,2.926473318,13.44997133,0.934150328,0.226355932,1,-0.051641887,1,0.262411838,1,0.174714045,1,0.437125882,0.988635886,0.210769951,1,NA,NA,Stable
MI0000489,hsa-mir-195,hsa-miR-195-5p,chr17:7017667-7017687,-,Single miR only,hsa-miR-195-5p,86.66296756,108.1859388,103.801311,102.719494,74.94277364,94.57679507,84.54598533,76.14697821,79.89673071,63.4380871,79.21929891,104.2039097,93.90577142,77.81359421,67.24610027,88.63738904,100.3424278,4.710472504,82.55313306,4.541441573,81.6895066,8.412929689,81.90071374,5.922882505,100.3424278,0.847045307,-0.245548328,1,-0.071713073,1,0.031885003,1,-0.317261401,0.98386007,-0.285376398,1,-0.03982807,1,NA,NA,Stable
MI0000542,hsa-mir-320a,hsa-miR-320a,chr8:22244975-22244996,-,Single miR only,hsa-miR-320a,1637.356582,895.6945465,1570.753822,1380.883143,1096.276385,901.6432135,1612.910782,2024.782589,1227.169601,1798.953864,2835.234908,1574.4142,1029.460544,955.0244657,1598.999099,1939.608877,1371.172023,167.5460758,1408.903242,254.2922751,1858.943143,346.0297256,1380.773247,235.3370674,1858.943143,0.883480796,0.021753756,1,0.383085616,1,-0.43103231,1,0.404839372,1,-0.026192937,1,-0.047946694,1,NA,NA,Stable
MI0000650,hsa-mir-200c,hsa-miR-200c-3p,chr12:6963742-6963764,+,Single miR only,hsa-miR-200c-3p,0.637227703,0.783145369,0.144570071,1.480641355,1.173272386,0.915796431,0.653706072,0.382648132,1.472750797,2.456600184,1.359987964,0.500980335,1.616742119,0.578539734,0.97931214,3.39050122,0.761396124,0.27593461,0.781355755,0.170033122,1.44757982,0.400258103,1.641273803,0.62102035,1.641273803,0.91047599,0.241929289,1,0.843763539,1,0.043608375,1,1.085692828,1,1.129301203,1,0.887371914,1,NA,NA,Stable
MI0000651,hsa-mir-1-1,hsa-miR-1-3p,chr20:62554351-62554372,+,Single miR only,hsa-miR-1-3p,0,0.559389549,0,0.185080169,0,0,0,0,0,0,0,0.33398689,0,1.012444534,0,0,0.18611743,0.131849835,0,0,0.083496723,0.083496723,0.253111134,0.253111134,0.253111134,NA,-1.636401608,NA,1.562469346,1,-0.012137831,1,-0.073932261,NA,-0.086070092,NA,1.550331516,NA,NA,NA,Stable
MI0000681,hsa-mir-155,hsa-miR-155-5p,chr21:25573983-25574005,+,Single miR only,hsa-miR-155-5p,214.1085081,493.7172163,300.7057477,580.7815713,610.1016406,1213.014,1040.917969,2546.523316,879.4163194,2567.725216,1650.345394,2300.668692,742.2193612,1489.59518,1259.504224,2734.923591,397.3282609,84.58296504,1352.639232,417.6707867,1849.538905,376.4002244,1556.560589,422.7309872,1849.538905,9.22E-28,1.727697257,4.55E-18,0.483900425,0.327758526,-0.278623742,1,2.211597682,6.37E-30,1.932973941,9.25E-23,0.205276684,1,DE,DE,DE
MI0000681,hsa-mir-155,hsa-miR-155-3p,chr21:25574022-25574043,+,<1% RPMM,hsa-miR-155-3p***,0,0,0,0,0.586636193,4.16271105,0.871608096,1.339268461,0.368187699,0.722529466,0.339996991,0.834967225,0.53891404,0,0,0.242178659,0,0,1.74005595,0.822317212,0.566420345,0.124850311,0.195273175,0.127981898,1.74005595,NA,5.887226896,0.002597946,-1.585877939,1,-1.622024276,1,4.301348957,0.14492232,2.679324681,1,-3.207902215,0.256549913,NA,DE,Stable
MI0000683,hsa-mir-181b-2,hsa-miR-181b-2-3p,chr9:124693763-124693782,+,<1% RPMM,hsa-miR-181b-2-3p***,0,0.33563373,1.156560568,0.185080169,0,0,0.108951012,0.191324066,0.368187699,0.144505893,0.169998496,0,0.40418553,0.144634933,0.87049968,0.242178659,0.419318617,0.255151035,0.075068769,0.046488297,0.170673022,0.07573336,0.4153747,0.160872837,0.419318617,NA,-2.50416776,1,1.477122213,1,1.128180098,1,-1.027045547,NA,0.101134551,1,2.605302311,NA,NA,NA,Stable
MI0000683,hsa-mir-181b-2,hsa-miR-181b-5p,chr9:124693725-124693747,+,Single miR only,hsa-miR-181b-5p,1395.847283,1033.863765,1472.590743,1993.868664,1423.472722,964.8331673,1513.547459,2009.476664,1312.22096,1463.989204,1852.643604,1910.905991,1365.742905,984.0960874,1557.215115,1768.630744,1474.042614,197.925314,1477.832503,214.0958461,1634.93994,146.3226575,1418.921213,166.6640287,1634.93994,0.970837113,0.032888323,1,0.132760432,1,-0.200986229,1,0.165648755,1,-0.035337475,1,-0.068225797,1,NA,NA,Stable
MI0000727,hsa-mir-128-2,hsa-miR-128-2-5p,chr3:35744490-35744512,+,<1% RPMM,hsa-miR-128-2-5p***,2.548910811,0.11187791,0.144570071,0,3.373158109,0,0.435804048,0,4.41825239,0,0.169998496,0.33398689,4.446040828,0.144634933,0,0,0.701339698,0.616634279,0.952240539,0.813483898,1.230559444,1.064749373,1.14766894,1.099985694,1.230559444,0.996194823,0.490120042,1,0.301609653,1,-0.543691395,1,0.791729695,1,0.2480383,1,-0.242081742,1,NA,NA,Stable
MI0000727,hsa-mir-128-2,hsa-miR-128-3p,chr3:35744527-35744547,+,Single miR only,hsa-miR-128-3p,473.9381038,42.40172784,46.26242273,27.02170472,425.0179217,34.63375594,59.70515459,17.60181406,435.3819542,31.35777882,53.88952308,20.37320029,358.7820219,29.50552643,41.89279709,7.991895733,147.4059898,108.9233346,134.2396616,97.31097627,135.2506141,100.2866682,109.5430603,83.37428858,147.4059898,0.405361899,-0.145573356,1,-0.064890385,1,-0.403414723,0.996776275,-0.21046374,1,-0.613878463,0.250233275,-0.468305107,0.766651624,NA,NA,Stable
MI0000732,hsa-mir-194-2,hsa-miR-194-5p,chr11:64891404-64891425,-,Single miR only,hsa-miR-194-5p,4.141980067,4.922628034,10.26447504,4.812084402,5.573043832,8.325422101,7.299717806,5.165749778,10.49334943,7.803318231,4.249962388,3.3398689,9.161538675,3.32660347,5.222998079,7.023181099,6.035291887,1.420236987,6.590983379,0.740386943,6.471624736,1.650539186,6.183580331,1.246936259,6.590983379,0.997263686,0.177175466,1,-0.118631246,1,-0.028413773,1,0.05854422,1,0.030130447,1,-0.147045019,1,NA,NA,Stable
MI0000732,hsa-mir-194-2,hsa-miR-194-3p,chr11:64891368-64891389,-,<10% RPMM,hsa-miR-194-3p**,0.159306926,0,0.144570071,0.370160339,0,0,0,0.382648132,0,0,0,0,0.26945702,0,0.21762492,0.968714634,0.168509334,0.076221331,0.095662033,0.095662033,0,0,0.363949144,0.209868971,0.363949144,NA,-1.242197028,NA,-0.645809975,1,2.73802244,1,-1.888007004,NA,0.850015436,NA,2.092212464,NA,NA,NA,Stable
MI0000734,hsa-mir-106b,hsa-miR-106b-5p,chr7:100094043-100094063,-,>20% RPMM,hsa-miR-106b-5p,19.27613801,35.01778579,27.03460328,24.43058235,15.39920006,46.53910954,19.72013318,12.05341615,21.35488655,9.826400735,10.02991124,28.22189221,24.3858603,26.17892296,15.34255686,20.58518598,26.43977736,3.282410698,23.42796473,7.861904174,17.35827268,4.51317634,21.62313152,2.396366259,26.43977736,0.986580855,-0.217230393,1,-0.362904978,1,0.293733748,1,-0.580135371,1,-0.286401623,1,-0.06917123,1,NA,NA,Stable
MI0000734,hsa-mir-106b,hsa-miR-106b-3p,chr7:100094002-100094023,-,Single miR only,hsa-miR-106b-3p,95.26554155,76.18885662,121.2942896,100.1283716,81.39577176,77.34317132,110.5852772,104.46294,68.11472434,106.3563374,145.1787152,82.99574217,81.64547702,70.29257767,122.0875801,124.7220092,98.21926484,9.265369317,93.44679006,8.264567336,100.6613798,16.79678844,99.68691099,13.89863989,100.6613798,0.997263686,-0.039203413,1,0.044356486,1,0.007187862,1,0.005153073,1,0.012340935,1,0.051544348,1,NA,NA,Stable
MI0000735,hsa-mir-29c,hsa-miR-29c-5p,chr1:207801903-207801924,-,<20% RPMM,hsa-miR-29c-5p*,6.850197803,8.83835488,4.481672202,4.812084402,3.226499061,4.662236377,3.159579349,1.913240659,5.706909337,3.034623757,5.269953361,3.67385579,4.311312318,5.640762405,3.15556134,4.359215855,6.245577322,1.0105413,3.240388861,0.561967957,4.421335561,0.636039028,4.366712979,0.507708551,6.245577322,0.486483077,-0.898089363,0.302903331,0.418409673,1,-0.025599476,1,-0.47967969,1,-0.505279166,1,0.392810197,1,NA,NA,Stable
MI0000735,hsa-mir-29c,hsa-miR-29c-3p,chr1:207801865-207801886,-,Single miR only,hsa-miR-29c-3p,31.86138513,50.23318153,43.94930159,27.57694523,35.63814872,55.69707386,32.5763526,7.8442867,43.99843005,13.29454217,17.33984654,21.37516096,55.6428746,40.35314644,25.0268658,11.62457561,38.40520337,5.24968907,32.93896547,9.811096941,24.00199493,6.866533816,33.16186561,9.518155317,38.40520337,0.970837113,-0.384968801,1,-0.309056571,1,0.305209388,1,-0.694025372,1,-0.388815984,1,-0.003847183,1,NA,NA,Stable
MI0000736,hsa-mir-30c-1,hsa-miR-30c-1-3p,chr1:40757339-40757360,+,<10% RPMM,hsa-miR-30c-1-3p**,12.10732635,24.83689599,17.92668881,21.0991393,14.81256387,18.81545395,18.63062306,20.66299911,11.96610022,15.17311878,15.1298661,20.54019374,13.87703652,12.58323921,18.4981182,24.70222318,18.99251261,2.694693294,18.23041,1.228196811,15.70231971,1.778860073,17.41515428,2.740739931,18.99251261,0.970837113,-0.017564668,1,-0.278211693,1,0.167594044,1,-0.295776361,1,-0.128182317,1,-0.110617649,1,NA,NA,Stable
MI0000736,hsa-mir-30c-1,hsa-miR-30c-5p,chr1:40757300-40757322,+,Single miR only,hsa-miR-30c-5p,227.9682106,803.171515,382.8215481,555.7957485,368.9941653,757.9464281,418.4808372,616.4461402,350.8828773,439.7314329,263.497668,526.1963452,240.6251187,299.972852,340.8006247,618.7664727,492.4392555,123.3320578,540.4668927,90.0711239,395.0770809,56.60723021,375.041267,83.80402005,540.4668927,0.728163779,0.219754476,1,-0.465453068,1,-0.080698454,1,-0.245698592,1,-0.326397047,1,-0.546151523,0.759652516,NA,NA,Stable
MI0000737,hsa-mir-200a,hsa-miR-200a-5p,chr1:1167878-1167899,+,NA,hsa-miR-200a-5p,0,0,0,0,0.146659048,0.333016884,0,0,0,0,0,0.66797378,0,0,0,0,0,0,0.119918983,0.078997295,0.166993445,0.166993445,0,0,0.166993445,NA,NA,NA,NA,NA,NA,NA,NA,NA,NA,NA,NA,NA,NA,NA,Stable
MI0000737,hsa-mir-200a,hsa-miR-200a-3p,chr1:1167916-1167937,+,Single miR only,hsa-miR-200a-3p,0.159306926,0.22375582,0.433710213,0,0.586636193,0.249762663,0.54475506,0,0,0,0.679993982,0,0.40418553,0,0,0.484357317,0.20419324,0.089800889,0.345288479,0.13735142,0.169998496,0.169998496,0.222135712,0.129290002,0.345288479,NA,0.749745856,NA,-1.597440738,1,1.337162696,1,-0.847694882,NA,0.489467815,1,-0.260278042,NA,NA,NA,Stable
MI0000738,hsa-mir-302a,hsa-miR-302a-5p,chr4:112648224-112648246,-,NA,hsa-miR-302a-5p,1.911683108,0.447511639,0.289140142,0,2.346544771,1.082304873,0,0.191324066,0.736375398,0.43351768,0.169998496,0.166993445,1.886199139,0.4339048,0.10881246,0,0.662083722,0.426710438,0.905043428,0.535245012,0.376721255,0.135184131,0.6072291,0.436171984,0.905043428,NA,0.407443881,1,-0.927280907,1,0.284217807,1,-0.519837026,1,-0.235619219,1,-0.6430631,1,NA,NA,Stable
MI0000738,hsa-mir-302a,hsa-miR-302a-3p,chr4:112648186-112648208,-,Single miR only,hsa-miR-302a-3p,0.637227703,0.447511639,0.144570071,1.110481016,2.053226675,1.165559094,0.108951012,0,2.025032345,1.156047145,0.339996991,1.00196067,1.886199139,0.144634933,0.10881246,0,0.584947607,0.202430974,0.831934195,0.484568544,1.130759288,0.346681635,0.534911633,0.451477647,1.130759288,NA,0.073001314,1,0.726132151,1,-1.567313518,1,0.799133465,1,-0.768180053,1,-0.841181367,1,NA,NA,Stable
MI0000739,hsa-mir-101-2,hsa-miR-101-3p,chr9:4850345-4850365,+,Single miR only,hsa-miR-101-3p,37.75574138,130.8971546,115.0777765,82.54575552,69.6630479,241.853512,95.55003755,12.81871241,58.35775031,34.97042615,28.21975026,111.0506409,106.5702514,132.0516943,68.00778749,37.05333476,91.569107,20.56828477,104.9713275,48.78889237,58.14964191,18.7786081,85.92076697,20.94310631,104.9713275,0.997263686,0.027986251,1,-0.479594982,1,0.360796365,1,-0.451608731,1,-0.090812366,1,-0.118798617,1,NA,NA,Stable
MI0000740,hsa-mir-219a-2,hsa-miR-219a-2-3p,chr9:128392632-128392653,-,Single miR only,hsa-miR-219a-2-3p,0.477920777,0,0.144570071,0.185080169,0.146659048,0.582779547,0.326853036,0,0.18409385,0.144505893,0.849992478,0.500980335,0.13472851,0.289269867,0.5440623,0.968714634,0.201892754,0.100216726,0.264072908,0.125510883,0.419893139,0.164063,0.484193828,0.182223765,0.484193828,NA,0.64478544,1,0.293139006,1,0.22328898,1,0.937924446,NA,1.161213426,1,0.516427986,NA,NA,NA,Stable
MI0000740,hsa-mir-219a-2,hsa-miR-219a-5p,chr9:128392676-128392696,-,NA,hsa-miR-219a-5p,0,0,0,0,0,0.083254221,0.108951012,0,0,0,0,0,0.67364255,0,0,0,0,0,0.048051308,0.028233956,0,0,0.168410637,0.168410637,0.168410637,NA,NA,NA,NA,NA,NA,NA,NA,NA,NA,NA,NA,NA,NA,NA,Stable
MI0000742,hsa-mir-34b,hsa-miR-34b-5p,chr11:111512950-111512972,+,>20% RPMM,hsa-miR-34b-5p,0,1.678168648,0.578280284,3.146362879,0.293318096,1.498575978,0.326853036,0.382648132,0.552281549,0.144505893,0.339996991,1.836927895,0.40418553,1.880254135,0.43524984,1.453071952,1.350702953,0.692378966,0.625348811,0.291658109,0.718428082,0.382016936,1.043190364,0.370427403,1.350702953,NA,-0.687065673,1,0.10914239,1,0.491421666,1,-0.577923283,1,-0.086501617,1,0.600564056,1,NA,NA,Stable
MI0000742,hsa-mir-34b,hsa-miR-34b-3p,chr11:111512987-111513008,+,Single miR only,hsa-miR-34b-3p,0.796534628,2.013802378,2.168551065,3.331443048,0.293318096,1.332067536,1.307412144,4.783101646,0.736375398,1.878576611,1.189989469,3.172875455,0.67364255,1.301714401,1.0881246,4.359215855,2.07758278,0.518458702,1.928974856,0.98166743,1.744454233,0.530882136,1.855674351,0.844636188,2.07758278,0.993959075,-0.340610679,1,0.018030876,1,-0.021459259,1,-0.322579803,1,-0.344039062,1,-0.003428383,1,NA,NA,Stable
MI0000743,hsa-mir-34c,hsa-miR-34c-3p,chr11:111513484-111513505,+,<10% RPMM,hsa-miR-34c-3p**,0,0.895023279,0.867420426,1.110481016,0.439977145,0.333016884,0.653706072,1.339268461,0,1.156047145,0.509995487,1.00196067,0.40418553,0.578539734,0.87049968,2.179607927,0.71823118,0.245497597,0.69149214,0.225980503,0.667000825,0.261550693,1.008208218,0.402140039,1.008208218,NA,0.03731463,1,-0.140462548,1,0.603310333,1,-0.103147918,1,0.500162414,1,0.462847785,1,NA,NA,Stable
MI0000743,hsa-mir-34c,hsa-miR-34c-5p,chr11:111513451-111513473,+,Single miR only,hsa-miR-34c-5p,4.77920777,60.19031551,23.56492158,88.0981606,3.519817157,60.19280179,18.84852508,44.57850734,2.393220044,21.0978604,12.91988566,82.16077494,3.637669768,38.18362244,10.01074632,39.71730001,44.15815136,18.62466333,31.78491284,12.70482184,29.64293526,17.9196102,22.88733463,9.370077726,44.15815136,0.380454857,-0.360720066,1,-0.399762804,1,-0.08310062,1,-0.76048287,0.62944609,-0.843583491,0.396753533,-0.482863425,1,NA,NA,Stable
MI0000744,hsa-mir-299,hsa-miR-299-3p,chr14:101023832-101023853,+,>20% RPMM,hsa-miR-299-3p,1.11514848,14.09661664,16.4809881,17.76769626,3.226499061,23.22792766,15.68894573,14.540629,4.41825239,7.514306445,15.46986309,25.88398398,4.446040828,13.16177895,11.4253083,14.0463622,12.36511237,3.826313938,14.17100036,4.12563959,13.32160148,4.790813976,10.76987257,2.177097538,14.17100036,0.992535394,0.371750384,1,-0.104200628,1,-0.172480593,1,0.267549756,1,0.095069163,1,-0.276681221,1,NA,NA,Stable
MI0000744,hsa-mir-299,hsa-miR-299-5p,chr14:101023800-101023821,+,Single miR only,hsa-miR-299-5p,2.867524662,11.63530263,22.40836101,18.13785659,1.61324953,10.07376074,17.86796597,12.24474021,2.945501593,17.05169539,25.32977583,18.5362724,2.020927649,8.533461075,14.03680734,23.24915122,13.76226122,4.25362702,10.44992911,3.37240056,15.9658113,4.699279299,11.96008682,4.493369117,15.9658113,0.593990071,-0.385111904,1,0.596161739,0.582908065,-0.458984723,1,0.211049836,1,-0.247934887,1,0.137177016,1,NA,NA,Stable
MI0000745,hsa-mir-301a,hsa-miR-301a-5p,chr17:59151187-59151208,-,<10% RPMM,hsa-miR-301a-5p**,0.159306926,0.447511639,0.578280284,0.370160339,0.586636193,0.749287989,0.762657084,0,0.18409385,1.011541252,0.169998496,0.166993445,0.943099569,0.723174667,0,0,0.388814797,0.087732711,0.524645317,0.179399347,0.383156761,0.209494657,0.416568559,0.244659787,0.524645317,NA,0.197835411,1,-0.579821633,1,0.056324407,1,-0.381986222,1,-0.325661815,1,-0.523497226,1,NA,NA,Stable
MI0000745,hsa-mir-301a,hsa-miR-301a-3p,chr17:59151149-59151171,-,Single miR only,hsa-miR-301a-3p,23.41811807,64.32979818,43.80473152,41.45795793,35.93146681,95.74235416,37.26124611,17.79313812,35.71420682,12.57201271,28.21975026,64.12548288,32.87375642,40.78705124,24.4828035,22.28043659,43.25265142,8.37247746,46.6820513,16.94552364,35.15786317,10.79232197,30.10601194,4.228919413,46.6820513,0.992535394,0.074447309,1,-0.246323013,1,-0.30290834,1,-0.171875704,1,-0.474784044,1,-0.549231353,1,NA,NA,Stable
MI0000746,hsa-mir-99b,hsa-miR-99b-3p,chr19:51692656-51692677,+,<1% RPMM,hsa-miR-99b-3p***,75.19286891,38.70975682,45.82871251,42.01319844,49.5707583,38.87972121,43.14460076,42.66526668,44.9188993,39.73912062,46.74958627,40.91339403,51.6010193,36.59263817,37.21386131,42.86562257,50.43613417,8.379429285,43.56508674,2.217491555,43.08025005,1.650834895,42.06828534,3.476791001,50.43613417,0.970837113,-0.146821142,1,-0.056371878,1,-0.024493244,1,-0.20319302,1,-0.227686264,1,-0.080865122,1,NA,NA,Stable
MI0000746,hsa-mir-99b,hsa-miR-99b-5p,chr19:51692618-51692639,+,Single miR only,hsa-miR-99b-5p,22706.97196,18280.96235,17607.76723,13012.0613,17404.90921,20005.65629,20342.78821,19911.09553,16985.60312,28851.17959,23678.58044,13159.25046,14962.13994,24229.8226,27212.90812,22954.4198,17901.94071,1983.881745,19416.11231,676.7715424,20668.65341,3487.709224,22339.82261,2616.087944,22339.82261,0.989342575,0.155714709,1,-0.0093566,1,0.175801452,1,0.146358109,1,0.32215956,1,0.166444851,1,NA,NA,Stable
MI0000747,hsa-mir-296,hsa-miR-296-5p,chr20:58817661-58817681,-,>20% RPMM,hsa-miR-296-5p,6.372277026,5.482017584,5.204522557,7.958447281,5.573043832,5.74454125,7.299717806,8.609582963,4.786440089,11.56047145,10.19990973,8.01568536,6.466968476,5.062222672,8.160934499,9.687146343,6.254316112,0.62024789,6.806721463,0.715515099,8.640626658,1.477671678,7.344317998,1.00554332,8.640626658,0.970837113,0.14098137,1,0.313508155,1,-0.225889102,1,0.454489525,1,0.228600423,1,0.087619053,1,NA,NA,Stable
MI0000747,hsa-mir-296,hsa-miR-296-3p,chr20:58817626-58817647,-,Single miR only,hsa-miR-296-3p,10.83287094,7.272064142,7.662213764,9.809248974,5.279725736,7.825896775,7.735521854,11.67076802,4.41825239,9.248377163,7.989929289,7.01372469,4.984954867,10.26908028,9.466684019,10.89803964,8.894099456,0.853662426,8.127978095,1.320011899,7.167570883,1.024225274,8.9046897,1.339003497,8.9046897,0.989342575,-0.164919435,1,-0.205169107,1,0.327570572,1,-0.370088542,1,-0.042517969,1,0.122401465,1,NA,NA,Stable
MI0000748,hsa-mir-130b,hsa-miR-130b-5p,chr22:21653316-21653336,+,>20% RPMM,hsa-miR-130b-5p,99.88544239,83.7965545,84.71806162,159.9092663,105.5945147,99.90506521,90.75619302,163.1994282,106.7744328,168.0603538,89.92920413,119.7343001,108.321722,91.40927795,95.86377725,139.737086,107.0773312,17.99274884,114.8638003,16.39916934,121.1245727,16.79280088,108.8329658,10.90531509,121.1245727,0.992535394,0.144722998,1,0.06233295,1,-0.141267086,1,0.207055948,1,0.065788862,1,-0.078934135,1,NA,NA,Stable
MI0000748,hsa-mir-130b,hsa-miR-130b-3p,chr22:21653354-21653375,+,Single miR only,hsa-miR-130b-3p,217.7725674,256.5360473,240.9983084,296.1282709,226.8815476,223.371075,223.4585257,266.3230997,251.6562924,243.7814418,233.2379358,273.5352629,225.5355256,203.5013514,225.677042,291.8252836,252.8587985,16.47595279,235.008562,10.47012844,250.5527332,8.539453096,236.6348007,19.12041067,252.8587985,0.992535394,-0.069773993,1,0.047190095,1,-0.065591115,1,-0.022583898,1,-0.088175013,1,-0.01840102,1,NA,NA,Stable
MI0000749,hsa-mir-30e,hsa-miR-30e-3p,chr1:40754413-40754434,+,>20% RPMM,hsa-miR-30e-3p,188.7787069,256.0885357,231.4566837,238.3832581,214.1222104,250.1789341,215.7230038,219.0660554,190.7212282,229.0418407,185.8083556,244.1444166,181.7487599,211.1670029,208.5934858,250.8970903,228.6767961,14.27469839,224.7725509,8.531180336,212.4289603,14.32288435,213.1015847,14.24653592,228.6767961,0.978328934,0.015735168,1,-0.135594385,1,0.030416642,1,-0.119859217,1,-0.089442575,1,-0.105177743,1,NA,NA,Stable
MI0000749,hsa-mir-30e,hsa-miR-30e-5p,chr1:40754371-40754392,+,Single miR only,hsa-miR-30e-5p,626.7134456,2048.596408,1008.376245,1191.54613,825.9837596,2378.989365,761.7854761,559.2402445,886.5959795,411.8417955,439.6161094,1531.830871,1041.047196,1364.052058,533.3986788,659.694666,1218.808057,300.5757664,1131.499711,419.6963135,817.4711889,261.7883461,899.5481497,188.7195868,1218.808057,0.992535394,-0.148034294,1,-0.31711073,1,0.05464394,1,-0.465145024,1,-0.410501084,1,-0.26246679,1,NA,NA,Stable
MI0000750,hsa-mir-26a-2,hsa-miR-26a-2-3p,chr12:57824620-57824641,-,<1% RPMM,hsa-miR-26a-2-3p***,7.32811858,14.20849455,6.794793338,12.77053168,3.959794302,6.57708346,2.287971253,4.209129449,4.050064691,8.092330017,2.549977433,5.34379024,5.928054437,7.665651474,3.590811179,2.663965244,10.27548454,1.881843187,4.258494616,0.882726616,5.009040595,1.175633071,4.962120584,1.132994371,10.27548454,0.000660531,-1.268948452,0.001815294,0.187848094,1,0.095515805,1,-1.081100358,0.020372688,-0.985584553,0.047778189,0.283363899,1,DE,DE,DE
MI0000750,hsa-mir-26a-2,hsa-miR-26a-5p,chr12:57824658-57824679,-,Single miR only,hsa-miR-26a-5p,38311.08532,42780.09893,50840.08945,51058.80663,42556.93598,36685.38971,48645.64631,45916.05389,41563.4207,37399.85922,42933.46004,47064.43058,33071.40315,32474.15844,39989.88479,42503.08112,45747.52009,3139.13706,43451.00647,2576.070555,42240.29264,1992.501343,37009.63187,2502.333192,45747.52009,0.235379404,-0.037055849,1,-0.086015154,1,-0.16962065,1,-0.123071003,1,-0.292691653,0.185379589,-0.255635804,0.405318569,NA,NA,Stable
MI0000760,hsa-mir-361,hsa-miR-361-3p,chrX:85903641-85903663,-,<20% RPMM,hsa-miR-361-3p*,71.68811655,69.1405483,92.09113524,72.36634621,72.00959268,68.01869857,89.99353594,108.0980972,87.07639085,93.20630109,111.6890116,96.18822432,98.89072629,59.87886246,102.6101498,121.8158653,76.32153657,5.302192523,84.5299811,9.195511158,97.03998195,5.238398419,95.79890094,12.98423432,97.03998195,0.753923614,0.161487968,1,0.171535507,1,-0.025175916,1,0.333023475,0.831075301,0.30784756,0.955834698,0.146359592,1,NA,NA,Stable
MI0000760,hsa-mir-361,hsa-miR-361-5p,chrX:85903681-85903702,-,Single miR only,hsa-miR-361-5p,427.5797885,445.0503255,396.5557048,446.2282882,374.8605272,397.8719222,415.2123068,587.3648822,444.5866467,504.7590848,479.5657558,480.9411216,376.5661852,404.399274,408.0467249,578.080458,428.8535268,11.57940103,443.8274096,48.55423756,477.4631523,12.39102419,441.7731606,45.97636062,477.4631523,0.992535394,0.062300518,1,0.077027091,1,-0.105370704,1,0.139327609,1,0.033956905,1,-0.028343613,1,NA,NA,Stable
MI0000762,hsa-mir-362,hsa-miR-362-3p,chrX:50009005-50009026,+,<10% RPMM,hsa-miR-362-3p**,0.796534628,1.118779099,0.722850355,0,0,0.915796431,0.54475506,0,0.736375398,0,0,0.66797378,0.943099569,0.867809601,0.10881246,0.242178659,0.659541021,0.236056012,0.365137873,0.224004932,0.351087295,0.203180655,0.540475072,0.213027334,0.659541021,NA,-0.750074829,1,0.289689246,1,0.161530998,1,-0.460385583,1,-0.298854585,1,0.451220244,1,NA,NA,Stable
MI0000762,hsa-mir-362,hsa-miR-362-5p,chrX:50008968-50008991,+,Single miR only,hsa-miR-362-5p,33.93237517,34.79402997,18.79410923,22.949941,24.19874296,29.3054858,17.32321091,19.51505472,27.98226513,20.51983683,22.6097999,24.54803642,26.54151646,25.88965309,22.95942906,29.30361769,27.61761384,3.989763594,22.5856236,2.659575194,23.91498457,1.585719107,26.17355407,1.302046272,27.61761384,0.978328934,-0.249331425,1,0.054720846,1,0.15447548,1,-0.194610579,1,-0.0401351,1,0.209196326,1,NA,NA,Stable
MI0000764,hsa-mir-363,hsa-miR-363-5p,chrX:134169425-134169446,-,NA,hsa-miR-363-5p,0,0,0,0,0,0,0,0,0,0,0,0,0,0.144634933,0,0,0,0,0,0,0,0,0.036158733,0.036158733,0.036158733,NA,NA,NA,NA,NA,NA,NA,NA,NA,NA,NA,NA,NA,NA,NA,Stable
MI0000764,hsa-mir-363,hsa-miR-363-3p,chrX:134169382-134169403,-,Single miR only,hsa-miR-363-3p,0.477920777,0,0.289140142,0,0.586636193,0.166508442,0.108951012,0,0,0.144505893,0.339996991,0,0.13472851,0.144634933,0.21762492,0,0.19176523,0.117230072,0.215523912,0.128431298,0.121125721,0.080516119,0.124247091,0.045352584,0.215523912,NA,0.362092887,NA,-0.619524449,1,0.123316115,1,-0.257431562,NA,-0.134115447,NA,-0.496208334,NA,NA,NA,Stable
MI0000767,hsa-mir-365a,hsa-miR-365a-5p,chr16:14309300-14309322,+,<10% RPMM,hsa-miR-365a-5p**,3.026831588,1.342534918,5.059952486,4.627004233,3.079840013,2.913897735,5.011746553,6.505018239,2.025032345,3.468141436,8.159927785,4.34182957,2.964027218,1.446349335,3.699623639,7.507538416,3.514080806,0.84564281,4.377625635,0.8541397,4.498732784,1.310543139,3.904384652,1.289407288,4.498732784,0.989342575,0.409656052,1,-0.020192247,1,-0.275683147,1,0.389463805,1,0.113780658,1,-0.295875394,1,NA,NA,Stable
MI0000767,hsa-mir-365a,hsa-miR-365a-3p,chr16:14309340-14309361,+,Single miR only,hsa-miR-365a-3p,27.08217736,21.81619243,49.44296429,45.34464148,32.70496775,28.22318092,51.42487768,49.36160899,21.72307425,38.1495558,57.11949449,40.41241369,31.39174281,19.67035095,38.19317345,96.62928478,35.92149389,6.762142895,40.42865884,5.840544512,39.35113456,7.240126783,46.471138,17.15137198,46.471138,0.992535394,0.239738983,1,-0.074636922,1,0.110357011,1,0.165102061,1,0.275459072,1,0.03572009,1,NA,NA,Stable
MI0000769,hsa-mir-365b,hsa-miR-365b-5p,chr17:31575439-31575460,+,<10% RPMM,hsa-miR-365b-5p**,16.72722719,11.85905845,15.75813774,23.87534184,15.10588197,18.56569129,18.73957407,50.12690525,21.35488655,33.52536721,37.05967202,26.55195776,18.86199139,14.31885841,22.41536676,26.8818311,17.05494131,2.505064174,25.63451314,8.206896353,29.62297089,3.515745074,20.61951192,2.665033601,29.62297089,0.340312917,0.531517869,1,0.310697021,1,-0.546733446,0.960053863,0.842214891,0.203871611,0.295481445,1,-0.236036425,1,NA,NA,Stable
MI0000769,hsa-mir-365b,hsa-miR-365b-3p,chr17:31575478-31575499,+,Single miR only,hsa-miR-365b-3p,158.3510841,201.7158715,177.6766173,216.7288783,148.5656158,195.7306736,200.5788131,331.3732821,228.0922796,375.7153222,260.6076936,247.4842855,184.3086016,207.1172247,235.143726,349.705983,188.6181128,12.90211794,219.0620962,39.23172955,277.9748952,33.25753472,244.0688838,36.71463333,277.9748952,0.405361899,0.210052566,1,0.344738985,1,-0.198389415,1,0.55479155,0.256549913,0.356402136,1,0.14634957,1,NA,NA,Stable
MI0000772,hsa-mir-302b,hsa-miR-302b-3p,chr4:112648489-112648511,-,Single miR only,hsa-miR-302b-3p,2.230296959,0.895023279,0.289140142,0.185080169,0.879954289,0.499525326,0.326853036,0,1.472750797,1.156047145,0.339996991,0.500980335,1.212556589,0.4339048,0.32643738,0.242178659,0.899885137,0.470281374,0.426583163,0.183208722,0.867443817,0.268046025,0.553769357,0.223072619,0.899885137,NA,-0.885073921,1,1.034568305,1,-0.715990919,1,0.149494383,1,-0.566496535,1,0.318577386,1,NA,NA,Stable
MI0000773,hsa-mir-302c,hsa-miR-302c-5p,chr4:112648402-112648423,-,NA,hsa-miR-302c-5p,0,0,0,0,0,0,0,0,0,0.289011786,0,0,0.40418553,0,0,0,0,0,0,0,0.072252947,0.072252947,0.101046382,0.101046382,0.101046382,NA,NA,NA,NA,NA,NA,NA,NA,NA,NA,NA,NA,NA,NA,NA,Stable
MI0000773,hsa-mir-302c,hsa-miR-302c-3p,chr4:112648366-112648388,-,Single miR only,hsa-miR-302c-3p,0.318613851,0.11187791,0,0,0.439977145,0.083254221,0,0,0.18409385,0,0,0,0.26945702,0,0,0,0.10762294,0.075111397,0.130807841,0.10490805,0.046023462,0.046023462,0.067364255,0.067364255,0.130807841,NA,NA,NA,NA,NA,NA,NA,NA,NA,NA,NA,NA,NA,NA,NA,Stable
MI0000774,hsa-mir-302d,hsa-miR-302d-3p,chr4:112648006-112648028,-,Single miR only,hsa-miR-302d-3p,2.708217736,0.11187791,0.144570071,0.185080169,1.759908579,0.83254221,0.54475506,0,2.025032345,0.144505893,0.169998496,1.168954115,0.943099569,0.4339048,0.21762492,0,0.787436472,0.640435422,0.784301462,0.368176552,0.877122712,0.450889321,0.398657322,0.201940613,0.877122712,NA,0.761106155,1,0.039879806,1,-1.098850786,1,0.800985961,1,-0.297864825,1,-1.05897098,1,NA,NA,Stable
MI0000774,hsa-mir-302d,hsa-miR-302d-5p,chr4:112648045-112648066,-,NA,hsa-miR-302d-5p,0,0.11187791,0,0,0.146659048,0,0,0,0,0,0,0,0,0,0,0,0.027969477,0.027969477,0.036664762,0.036664762,0,0,0,0,0.036664762,NA,NA,NA,NA,NA,NA,NA,NA,NA,NA,NA,NA,NA,NA,NA,Stable
MI0000776,hsa-mir-376c,hsa-miR-376c-3p,chr14:101039732-101039752,+,Single miR only,hsa-miR-376c-3p,4.460593919,42.06609411,36.72079804,36.46079336,4.546430495,45.45680467,30.94208742,22.00226757,6.075097036,17.19620129,27.87975326,48.42809905,6.197511457,36.3033683,32.97017538,32.93629757,29.92706986,8.586528169,25.73689754,8.558388154,24.89478766,9.019311467,27.10183818,7.012710663,29.92706986,0.997263686,-0.15289027,1,-0.009139846,1,0.137195126,1,-0.162030115,1,-0.024834989,1,0.12805528,1,NA,NA,Stable
MI0000776,hsa-mir-376c,hsa-miR-376c-5p,chr14:101039694-101039714,+,<1% RPMM,hsa-miR-376c-5p***,0,0.783145369,0,0.370160339,0.146659048,0.333016884,0.217902024,0,0,0,0.509995487,0,0,0.289269867,0.43524984,0,0.288326427,0.186593773,0.174394489,0.069663873,0.127498872,0.127498872,0.181129927,0.108737941,0.288326427,NA,-0.766658575,NA,-0.801182453,1,0.500576113,1,-1.567841028,NA,-1.067264915,NA,-0.30060634,NA,NA,NA,Stable
MI0000777,hsa-mir-369,hsa-miR-369-3p,chr14:101065641-101065661,+,<20% RPMM,hsa-miR-369-3p*,1.593069257,32.44459386,17.05926838,18.87817727,2.639862868,40.54480563,11.7667093,8.992231095,3.313689292,7.225294658,7.139936812,25.38300364,6.062782947,31.38578056,13.0574952,10.17150366,17.49377719,6.314433159,15.98590222,8.40619577,10.7654811,4.957138437,15.16939059,5.592707919,17.49377719,0.993959075,-0.137384491,1,-0.225496476,1,0.482021418,1,-0.362880967,1,0.119140451,1,0.256524942,1,NA,NA,Stable
MI0000777,hsa-mir-369,hsa-miR-369-5p,chr14:101065606-101065627,+,Single miR only,hsa-miR-369-5p,18.16098953,97.33378159,142.8352302,156.2076629,26.25196963,104.8170643,144.686944,171.426363,24.66857584,149.8526112,149.0886806,171.3352746,22.09547563,112.3813433,148.4201954,187.4462817,103.634416,31.15292221,111.7955852,31.62815342,123.7362855,33.42264859,117.585824,35.32791067,123.7362855,0.805676231,0.212467548,1,0.084033158,1,-0.08628766,1,0.296500706,0.792515632,0.210213047,1,-0.002254501,1,NA,NA,Stable
MI0000778,hsa-mir-370,hsa-miR-370-5p,chr14:100911151-100911172,+,<10% RPMM,hsa-miR-370-5p**,1.11514848,2.908825657,3.903391917,6.847966265,0.439977145,3.080406177,3.813285421,9.948851424,0.736375398,5.92474162,5.779948847,5.510783685,0.80837106,4.628317871,3.699623639,6.78100244,3.69383308,1.199247055,4.320630042,2.011050651,4.487962388,1.253466258,3.979328753,1.238405223,4.487962388,0.996194823,0.071879332,1,0.224042759,1,-0.180325012,1,0.29592209,1,0.115597078,1,0.043717746,1,NA,NA,Stable
MI0000778,hsa-mir-370,hsa-miR-370-3p,chr14:100911186-100911207,+,Single miR only,hsa-miR-370-3p,21.66574189,98.78819442,101.1990497,245.0461442,20.9722439,114.2247912,123.7683497,164.5386966,15.83207106,107.5123845,108.4590401,186.1976912,26.54151646,148.5400767,132.6423887,206.0940385,116.6747826,46.60593009,105.8760204,30.33122465,104.5002967,34.83444515,128.4545051,37.45566596,128.4545051,0.597937745,-0.005630958,1,-0.159042096,1,0.4269618,0.463259914,-0.164673053,1,0.262288746,1,0.267919704,1,NA,NA,Stable
MI0000779,hsa-mir-371a,hsa-miR-371a-5p,chr19:53787680-53787699,+,NA,hsa-miR-371a-5p,0,0.11187791,0,0,0,0,0,0,0,0,0,0,0,0,0,0,0.027969477,0.027969477,0,0,0,0,0,0,0.027969477,NA,NA,NA,NA,NA,NA,NA,NA,NA,NA,NA,NA,NA,NA,NA,Stable
MI0000779,hsa-mir-371a,hsa-miR-371a-3p,chr19:53787716-53787738,+,Single miR only,hsa-miR-371a-3p,0,0,0,0,0,0,0,0,0,0,0.509995487,0,0,0,0,0,0,0,0,0,0.127498872,0.127498872,0,0,0.127498872,NA,NA,NA,NA,NA,NA,NA,NA,NA,NA,NA,NA,NA,NA,NA,Stable
MI0000781,hsa-mir-373,hsa-miR-373-3p,chr19:53788748-53788770,+,Single miR only,hsa-miR-373-3p,0,0.447511639,0.144570071,0,0,0.249762663,0,0,0,0.144505893,0.169998496,0,0,0.289269867,0,0,0.148020428,0.105485775,0.062440666,0.062440666,0.078626097,0.045692075,0.072317467,0.072317467,0.148020428,NA,-0.956500396,NA,0.69799711,1,-0.58925504,1,-0.258503285,NA,-0.847758325,NA,0.108742071,NA,NA,NA,Stable
MI0000782,hsa-mir-374a,hsa-miR-374a-3p,chrX:74287295-74287316,-,>20% RPMM,hsa-miR-374a-3p,7.646732432,47.43623379,10.69818526,11.66005067,8.506224797,70.34981675,5.665452626,1.721916593,11.59791252,4.768694475,4.249962388,14.36143627,16.70633523,44.83682938,6.855184979,4.359215855,19.36030054,9.397658373,21.56085269,16.32236056,8.744501414,2.511636817,18.18939136,9.273723619,21.56085269,0.995672097,-0.432574114,1,-0.023291911,1,0.248093567,1,-0.455866026,1,-0.207772458,1,0.224801656,1,NA,NA,Stable
MI0000782,hsa-mir-374a,hsa-miR-374a-5p,chrX:74287325-74287346,-,Single miR only,hsa-miR-374a-5p,34.56960287,72.04937396,39.61219946,21.65437981,32.11833156,85.91835608,28.21831212,18.17578626,37.00286376,28.32315506,23.79978937,35.56960379,35.02941258,71.88356194,27.63836484,23.49132988,41.97138902,10.71532491,41.1076965,15.22282451,31.173853,3.106488969,39.51066731,11.05160881,41.97138902,0.997263686,-0.099627086,1,-0.130974578,1,0.136398632,1,-0.230601664,1,-0.094203033,1,0.005424053,1,NA,NA,Stable
MI0000783,hsa-mir-375,hsa-miR-375,chr2:219001648-219001669,-,Single miR only,hsa-miR-375,0.637227703,0.22375582,0.433710213,2.591122371,0.586636193,0.333016884,0.871608096,3.061185054,1.840938496,0.144505893,1.019990973,2.33790823,0.53891404,0.4339048,0.32643738,2.421786586,0.971454027,0.546447146,1.213111557,0.625768746,1.335835898,0.48117069,0.930260701,0.499063578,1.335835898,NA,0.451540323,1,0.205201647,1,-0.671794501,1,0.656741971,1,-0.01505253,1,-0.466592854,1,NA,NA,Stable
MI0000784,hsa-mir-376a-1,hsa-miR-376a-3p,chr14:101040825-101040845,+,>20% RPMM,hsa-miR-376a-3p,0,0.783145369,1.301130639,0.555240508,0.293318096,2.747389293,1.416363156,0,0.18409385,0,0.339996991,1.502941005,0.40418553,1.157079468,0.5440623,0.726535976,0.659879129,0.269689292,1.114267637,0.624092579,0.506757961,0.33925232,0.707965818,0.163603878,1.114267637,NA,0.87748863,1,-0.99997158,1,0.556727499,1,-0.12248295,1,0.434244549,1,-0.443244081,1,NA,NA,Stable
MI0000784,hsa-mir-376a-1,hsa-miR-376a-5p,chr14:101040788-101040809,+,Single miR only,hsa-miR-376a-5p,0.159306926,2.461314017,4.770812344,4.441924064,0.439977145,6.077558134,5.774403638,1.721916593,0.552281549,0.43351768,3.39996991,8.182678805,1.482013609,3.471238403,2.93793642,2.906143903,2.958339338,1.0633163,3.503463877,1.424253908,3.142111986,1.81469716,2.699333084,0.425970147,3.503463877,0.997263686,0.476096635,1,-0.371841409,1,0.335903404,1,0.104255226,1,0.44015863,1,-0.035938005,1,NA,NA,Stable
MI0000785,hsa-mir-377,hsa-miR-377-3p,chr14:101062094-101062115,+,<20% RPMM,hsa-miR-377-3p*,0.637227703,7.831453691,8.240494048,6.662886096,0.439977145,11.4890825,6.97286477,2.678536922,1.472750797,2.601106077,7.989929289,10.18660015,1.482013609,12.29396935,7.508059739,6.78100244,5.843015384,1.767158836,5.395115334,2.441975325,5.562596577,2.097033969,7.016261283,2.213204919,7.016261283,0.992535394,-0.174370922,1,0.333986899,1,0.236168777,1,0.159615977,1,0.395784754,1,0.570155676,1,NA,NA,Stable
MI0000785,hsa-mir-377,hsa-miR-377-5p,chr14:101062056-101062077,+,Single miR only,hsa-miR-377-5p,7.32811858,28.3051112,43.94930159,58.85549385,7.479611459,28.88921469,45.86837606,78.63419106,6.811472434,50.28805082,65.78941776,58.11371886,7.140611026,27.19136749,47.22460763,77.49717075,34.6095063,11.0269337,40.21784832,15.02185615,45.25066497,13.19799638,39.76343923,15.00502537,45.25066497,0.95964879,0.185712552,1,0.189833651,1,-0.238577959,1,0.375546203,1,0.136968244,1,-0.048744308,1,NA,NA,Stable
MI0000786,hsa-mir-378a,hsa-miR-378a-5p,chr5:149732829-149732850,+,<10% RPMM,hsa-miR-378a-5p**,3.66405929,4.139482665,1.156560568,2.961282709,2.199885723,4.329219493,0.762657084,2.29588879,2.761407744,5.346718047,1.52998646,3.00588201,3.098755728,2.603428803,1.30574952,1.69525061,2.980346308,0.654320155,2.396912773,0.733349986,3.160998565,0.796937059,2.175796165,0.41055138,3.160998565,0.978328934,-0.32522124,1,0.405584997,1,-0.437939524,1,0.080363757,1,-0.357575767,1,-0.032354527,1,NA,NA,Stable
MI0000786,hsa-mir-378a,hsa-miR-378a-3p,chr5:149732867-149732888,+,Single miR only,hsa-miR-378a-3p,157.3952426,304.5316707,56.3823277,210.991393,151.3521378,365.3195218,82.58486712,233.2240363,143.7772965,293.3469631,112.879001,230.2839607,128.665727,233.2961477,104.568774,177.7591354,182.3251585,51.83248817,208.1201407,60.77524308,195.0718053,41.11435905,161.072446,28.48620876,208.1201407,0.978328934,0.230319634,1,-0.037863892,1,-0.20185059,1,0.192455742,1,-0.009394849,1,-0.239714482,1,NA,NA,Stable
MI0000787,hsa-mir-379,hsa-miR-379-3p,chr14:101022109-101022130,+,>20% RPMM,hsa-miR-379-3p,3.823366216,19.46675632,18.64953916,27.39186506,4.693089543,18.14942018,16.88740686,29.46390614,3.313689292,24.71050773,19.0398315,28.72287254,5.119683377,21.40597015,22.63299168,33.9050122,17.33288169,4.915766832,17.29845568,5.064472184,18.94672527,5.576697995,20.76591435,5.925482295,20.76591435,0.941744794,0.03295189,1,0.068900549,1,0.189941286,1,0.101852439,1,0.291793726,1,0.258841835,1,NA,NA,Stable
MI0000787,hsa-mir-379,hsa-miR-379-5p,chr14:101022071-101022091,+,Single miR only,hsa-miR-379-5p,8.761880911,58.84778059,82.98322076,82.91591586,9.386179086,70.01679987,58.50669346,66.96342305,12.15019407,23.12094291,64.93942529,96.35521777,13.20339397,66.38743446,48.31273223,64.66170184,58.37719953,17.48691456,51.21827387,14.15491527,49.14144501,19.41677903,48.14131563,12.33738143,58.37719953,0.997263686,-0.090299096,1,-0.101438703,1,0.110960567,1,-0.191737799,1,-0.080777232,1,0.009521865,1,NA,NA,Stable
MI0000788,hsa-mir-380,hsa-miR-380-3p,chr14:101025056-101025077,+,Single miR only,hsa-miR-380-3p,1.593069257,6.824552502,7.08393348,7.218126604,0.586636193,8.824947427,4.466991493,6.122370107,0.920469248,5.92474162,4.759957874,9.518626365,0.67364255,9.256635742,7.072809899,6.538823782,5.679920461,1.364730314,5.000236305,1.723654437,5.280948777,1.77147758,5.885477993,1.834042689,5.885477993,0.992535394,-0.289769536,1,0.078139193,1,0.177328458,1,-0.211630343,1,-0.034301885,1,0.255467651,1,NA,NA,Stable
MI0000788,hsa-mir-380,hsa-miR-380-5p,chr14:101025021-101025042,+,<10% RPMM,hsa-miR-380-5p**,0,0.22375582,0.289140142,0,0,0.249762663,0,0,0,0,0,0,0,0.289269867,0.43524984,0,0.12822399,0.075223623,0.062440666,0.062440666,0,0,0.181129927,0.108737941,0.181129927,NA,-0.654665104,NA,-0.99000566,1,2.019419465,1,-1.644670764,NA,0.374748701,NA,1.029413805,NA,NA,NA,Stable
MI0000789,hsa-mir-381,hsa-miR-381-5p,chr14:101045927-101045948,+,<1% RPMM,hsa-miR-381-5p***,0,0.33563373,0.578280284,0.370160339,0.293318096,0.83254221,0.871608096,0.382648132,0.368187699,0.578023573,0.509995487,1.33594756,0,0.289269867,0.5440623,1.453071952,0.321018588,0.119674917,0.595029134,0.149734104,0.69803858,0.217081643,0.57160103,0.314137442,0.69803858,NA,1.135452007,1,0.036356535,1,-0.581187154,1,1.171808542,1,0.590621389,1,-0.544830618,1,NA,NA,Stable
MI0000789,hsa-mir-381,hsa-miR-381-3p,chr14:101045968-101045989,+,Single miR only,hsa-miR-381-3p,84.91059138,715.6829895,788.3405973,771.4141458,80.22249938,703.4981675,666.4533406,484.0498866,90.39008014,333.8086132,521.5553842,823.2776839,109.8037356,682.2429812,633.1797046,569.604205,590.087081,169.1058788,483.5559735,142.7422359,442.2579404,154.6599434,498.7076566,131.6689433,590.087081,0.986580855,-0.210830425,1,-0.125589328,1,0.242040787,1,-0.336419753,1,-0.094378967,1,0.116451459,1,NA,NA,Stable
MI0000790,hsa-mir-382,hsa-miR-382-3p,chr14:101054352-101054372,+,<10% RPMM,hsa-miR-382-3p**,2.230296959,4.475116395,12.86673632,6.662886096,0.293318096,8.075659438,6.537060722,2.487212856,1.840938496,2.312094291,5.439951856,5.176796795,1.482013609,5.785397339,4.134873479,2.663965244,6.558758943,2.289078608,4.348312778,1.793283893,3.69244536,0.939437992,3.516562418,0.930780643,6.558758943,0.950666237,-0.727568999,1,0.030251498,1,-0.099171873,1,-0.697317501,1,-0.796489374,1,-0.068920375,1,NA,NA,Stable
MI0000790,hsa-mir-382,hsa-miR-382-5p,chr14:101054316-101054337,+,Single miR only,hsa-miR-382-5p,37.75574138,54.59642002,87.46489297,82.91591586,11.87938291,58.69422581,79.75214081,111.9245785,13.25475717,66.90622854,112.0290085,94.51828987,11.04773781,64.50718033,81.28290761,102.4415726,65.68324256,11.8119582,65.56258201,20.97585613,71.67707103,21.57530964,64.81984958,19.53194837,71.67707103,0.989342575,-0.358643323,1,0.099122979,1,-0.126175623,1,-0.259520344,1,-0.385695967,1,-0.027052644,1,NA,NA,Stable
MI0000791,hsa-mir-383,hsa-miR-383-5p,chr8:14853483-14853504,-,Single miR only,hsa-miR-383-5p,0.477920777,0.11187791,0,0.185080169,0,0.249762663,0,0.191324066,0,0.289011786,0,0.500980335,0,0,0,0,0.193719714,0.102090766,0.110271682,0.064773265,0.19749803,0.121958743,0,0,0.19749803,NA,-1.100407583,NA,0.689209299,1,-2.255165334,1,-0.411198283,NA,-2.666363618,NA,-1.565956035,NA,NA,NA,Stable
MI0000802,hsa-mir-340,hsa-miR-340-3p,chr5:180015319-180015340,-,>20% RPMM,hsa-miR-340-3p,7.646732432,15.55102947,9.541624687,12.03021101,13.05265529,15.40203089,11.43985626,17.02784186,11.96610022,7.803318231,11.2199007,15.53039039,14.68540758,12.87250908,12.83987028,12.59329025,11.1923994,1.707737192,14.23059608,1.237356614,11.62992739,1.58476295,13.2477693,0.483248427,14.23059608,0.970837113,0.368763498,1,-0.332276909,1,0.241183615,1,0.036486589,1,0.277670204,1,-0.091093295,1,NA,NA,Stable
MI0000802,hsa-mir-340,hsa-miR-340-5p,chr5:180015361-180015382,-,Single miR only,hsa-miR-340-5p,22.14366267,64.88918773,36.28708783,21.83945998,22.73215247,77.6761882,27.34670402,10.52282362,30.00729748,8.814859483,15.97985858,31.72875455,39.47545341,47.44025818,18.28049328,13.07764756,36.28984955,10.11125822,34.56946708,14.80067789,21.63269252,5.54012524,29.56846311,8.250832161,36.28984955,0.993959075,-0.186155074,1,-0.267921476,1,0.140815043,1,-0.454076551,1,-0.313261507,1,-0.127106433,1,NA,NA,Stable
MI0000803,hsa-mir-330,hsa-miR-330-3p,chr19:45639009-45639031,-,>20% RPMM,hsa-miR-330-3p,21.82504882,15.43915156,9.541624687,12.77053168,13.63929148,13.23742114,14.4904846,16.2625456,16.38435261,18.49675433,14.27987362,10.0196067,12.93393695,13.74031868,14.36324472,14.0463622,14.89408919,2.605981374,14.40743571,0.671274252,14.79514682,1.809667628,13.77096564,0.306620562,14.89408919,0.997263686,0.016574612,1,-0.029548058,1,-0.053836659,1,-0.012973445,1,-0.066810104,1,-0.083384716,1,NA,NA,Stable
MI0000803,hsa-mir-330,hsa-miR-330-5p,chr19:45639049-45639070,-,Single miR only,hsa-miR-330-5p,18.32029645,44.97491977,20.9626603,13.69593253,21.70553914,48.03768552,18.41272103,7.270314502,26.32542049,11.99398913,15.2998646,21.20816752,40.14909596,34.5677491,18.4981182,6.78100244,24.48845226,6.991966749,23.85656505,8.63178547,18.70686043,3.175023047,24.99899142,7.611631812,24.99899142,0.997263686,-0.123582332,1,-0.01896012,1,0.109437679,1,-0.142542452,1,-0.033104774,1,0.090477559,1,NA,NA,Stable
MI0000804,hsa-mir-328,hsa-miR-328-5p,chr16:67202367-67202389,-,<1% RPMM,hsa-miR-328-5p***,0,0,0,0.740320677,0.879954289,0.333016884,0.54475506,0,0,0.43351768,0.169998496,0.33398689,0.53891404,0,0.65287476,0,0.185080169,0.185080169,0.439431558,0.18474701,0.234375766,0.095156148,0.2979472,0.173585632,0.439431558,NA,2.07267493,1,-0.957944667,1,0.248672509,1,1.114730264,NA,1.363402772,1,-0.709272158,NA,NA,NA,Stable
MI0000804,hsa-mir-328,hsa-miR-328-3p,chr16:67202327-67202348,-,Single miR only,hsa-miR-328-3p,109.1252441,68.91679248,106.2590022,108.6420594,83.15568034,63.93924174,116.6865339,139.6665681,94.80833253,134.1014689,179.6884098,84.49868317,86.22624635,54.96127472,83.35034435,103.4102872,98.23577454,9.793051117,100.862006,16.91403315,123.2742236,21.62876004,81.98703816,10.03816459,123.2742236,0.751700386,0.04632066,1,0.287740567,1,-0.593505364,0.616919058,0.334061227,1,-0.259444138,1,-0.305764798,1,NA,NA,Stable
MI0000805,hsa-mir-342,hsa-miR-342-5p,chr14:100109673-100109693,+,<10% RPMM,hsa-miR-342-5p**,3.345445439,9.0621107,7.373073622,9.439088636,3.373158109,4.828744819,6.210207686,14.34930494,3.313689292,11.56047145,15.97985858,10.52058704,5.119683377,3.181968536,9.466684019,13.07764756,7.304929599,1.394168768,7.190353888,2.455596461,10.34365159,2.625185007,7.711495874,2.219428967,10.34365159,0.978328934,-0.105889613,1,0.539599627,1,-0.39262527,1,0.433710013,1,0.041084743,1,0.146974356,1,NA,NA,Stable
MI0000805,hsa-mir-342,hsa-miR-342-3p,chr14:100109715-100109737,+,Single miR only,hsa-miR-342-3p,142.2610846,181.4659698,224.9510305,250.0433088,120.4070786,151.1064111,245.6845321,337.6869762,135.4930733,295.0810338,330.4770753,234.2918033,126.9142564,193.521541,261.3675289,330.573869,199.6803484,23.81136037,213.7212495,49.17426945,248.8357464,42.68296013,228.0942988,43.81956062,248.8357464,0.986346122,0.062964307,1,0.220233331,1,-0.136285504,1,0.283197637,1,0.146912134,1,0.083947827,1,NA,NA,Stable
MI0000806,hsa-mir-337,hsa-miR-337-5p,chr14:100874515-100874535,+,>20% RPMM,hsa-miR-337-5p,0.318613851,8.83835488,6.071942983,4.071763725,1.61324953,11.73884516,8.498178938,5.54839791,1.104563097,2.167588398,3.909965397,10.18660015,2.425113179,10.70298508,5.984685299,5.327930489,4.82516886,1.792037134,6.849667885,2.155130001,4.342179259,2.032139024,6.110178511,1.715158865,6.849667885,0.970837113,0.68349621,1,-0.631126949,1,0.593284978,1,0.05236926,1,0.645654238,1,-0.037841971,1,NA,NA,Stable
MI0000806,hsa-mir-337,hsa-miR-337-3p,chr14:100874553-100874574,+,Single miR only,hsa-miR-337-3p,5.894356249,18.90736677,34.4076769,25.3559832,4.253112398,28.97246891,25.71243884,25.82874889,4.970533938,25.72204898,38.75965698,38.90947269,3.368212748,18.36863655,23.3946789,35.1159055,21.14134578,5.994581317,21.19169226,5.696456624,27.09042815,7.9949093,20.06185842,6.578226913,27.09042815,0.919266405,0.00811528,1,0.254011976,1,-0.432532051,0.960791005,0.262127256,1,-0.170404795,1,-0.178520075,1,NA,NA,Stable
MI0000807,hsa-mir-323a,hsa-miR-323a-5p,chr14:101025747-101025768,+,<10% RPMM,hsa-miR-323a-5p**,0,0.783145369,1.734840852,2.035881863,0,0.999050652,1.416363156,3.061185054,0.18409385,1.734070718,3.739966901,2.33790823,0.67364255,0.867809601,2.1762492,0.968714634,1.138467021,0.463984175,1.369149716,0.637492285,1.999009925,0.736540132,1.171603996,0.340432655,1.999009925,0.986346122,0.273127401,1,0.61018001,1,-0.376214029,1,0.883307411,1,0.507093383,1,0.233965981,1,NA,NA,Stable
MI0000807,hsa-mir-323a,hsa-miR-323a-3p,chr14:101025782-101025802,+,Single miR only,hsa-miR-323a-3p,10.35495017,25.84379718,60.71942983,64.03773859,8.066247652,29.55524846,62.64683192,74.42506162,7.363753983,51.87761565,89.58920714,47.25914494,7.544796556,30.6626059,57.77941625,72.89577623,40.23897894,13.18492277,43.67334741,15.20100685,49.02243043,16.81361044,42.22064873,14.48862132,49.02243043,0.992535394,0.068558676,1,0.152152675,1,-0.219048407,1,0.220711352,1,0.001662944,1,-0.066895732,1,NA,NA,Stable
MI0000808,hsa-mir-326,hsa-miR-326,chr11:75335108-75335127,-,Single miR only,hsa-miR-326,0.955841554,1.230657009,1.301130639,0.555240508,0.879954289,1.165559094,0.980559108,0.765296263,1.104563097,0.144505893,0.509995487,0.33398689,2.290384669,1.157079468,0.65287476,0.968714634,1.010717427,0.169111363,0.947842189,0.084854203,0.523262842,0.207639155,1.267263383,0.356548547,1.267263383,NA,-0.054070787,1,-1.039927596,1,1.322575323,0.905874565,-1.093998382,1,0.228576941,1,0.282647727,1,NA,NA,Stable
MI0000809,hsa-mir-151a,hsa-miR-151a-3p,chr8:140732587-140732607,-,>20% RPMM,hsa-miR-151a-3p,6694.554937,7222.837861,7355.291503,7682.492749,7029.368181,6556.602921,7599.877844,7924.451483,7425.977704,7332.084513,8178.287622,8003.494839,7180.894851,7628.335661,7568.233029,7925.78096,7238.794263,205.5259521,7277.575108,303.2787045,7734.96117,209.4494882,7575.811125,153.0941985,7734.96117,0.992535394,0.041706316,1,0.039830464,1,-6.32E-05,1,0.08153678,1,0.081473562,1,0.039767246,1,NA,NA,Stable
MI0000809,hsa-mir-151a,hsa-miR-151a-5p,chr8:140732623-140732643,-,Single miR only,hsa-miR-151a-5p,8444.063595,8623.549293,8850.868888,8407.636852,9136.272068,8297.948208,8802.588066,8412.519175,9383.6317,9762.818142,8880.21141,7993.976212,9223.51379,8723.656012,9106.841213,8457.120937,8581.529657,101.4252175,8662.331879,191.370702,9005.159366,382.4691154,8877.782988,176.2359082,9005.159366,0.993959075,0.048247895,1,0.005010934,1,0.009005373,1,0.053258829,1,0.062264202,1,0.014016306,1,NA,NA,Stable
MI0000810,hsa-mir-135b,hsa-miR-135b-3p,chr1:205448323-205448344,-,NA,hsa-miR-135b-3p,0,0,0,0.185080169,0,0,0,0,0,0,0,0,0,0,0,0,0.046270042,0.046270042,0,0,0,0,0,0,0.046270042,NA,NA,NA,NA,NA,NA,NA,NA,NA,NA,NA,NA,NA,NA,NA,Stable
MI0000810,hsa-mir-135b,hsa-miR-135b-5p,chr1:205448361-205448383,-,Single miR only,hsa-miR-135b-5p,0.159306926,0.22375582,0.144570071,0.185080169,0,0.249762663,0,0,0,0.144505893,0,1.00196067,0,0,0.21762492,0,0.178178246,0.01734596,0.062440666,0.062440666,0.286616641,0.24086835,0.05440623,0.05440623,0.286616641,NA,-1.502630022,NA,1.533096009,1,-1.314308816,1,0.030465987,NA,-1.283842829,NA,0.218787193,NA,NA,NA,Stable
MI0000811,hsa-mir-148b,hsa-miR-148b-5p,chr12:54337240-54337261,+,<10% RPMM,hsa-miR-148b-5p**,32.49861283,40.38792546,40.33504981,41.82811827,36.66476205,54.78127742,37.80600117,37.49951691,37.73923916,25.4330372,32.46971264,61.9545681,46.48133592,42.23340057,38.62842329,41.41255062,38.7624266,2.1163888,41.68788939,4.371118646,39.39913927,7.929751985,42.1889276,1.625492213,42.1889276,0.993959075,0.141238989,1,-0.152523661,1,0.155144408,1,-0.011284672,1,0.143859736,1,0.002620747,1,NA,NA,Stable
MI0000811,hsa-mir-148b,hsa-miR-148b-3p,chr12:54337278-54337299,+,Single miR only,hsa-miR-148b-3p,906.456407,1110.276378,752.0535094,1052.365843,745.4679421,1083.470432,683.5586495,771.4186335,767.6713527,743.4828203,647.5242694,1048.384848,743.0277322,989.5922148,683.7774985,967.7459197,955.2880342,80.17391896,820.9789143,89.41674644,801.7658226,86.20263991,846.0358413,77.65319048,955.2880342,0.919266405,-0.18541714,1,-0.07500879,1,0.097613004,1,-0.260425931,1,-0.162812926,1,0.022604214,1,NA,NA,Stable
MI0000812,hsa-mir-331,hsa-miR-331-5p,chr12:95308445-95308466,+,>20% RPMM,hsa-miR-331-5p,13.54108868,8.167087421,7.08393348,9.809248974,8.506224797,8.991455869,7.190766794,8.992231095,10.12516173,5.635729834,8.839921767,7.180718135,13.74230801,8.388826141,6.637560059,9.202789026,9.650339639,1.412729568,8.420169639,0.42548591,7.945382865,0.977703304,9.49287081,1.514198856,9.650339639,0.989342575,-0.120086277,1,-0.158240472,1,0.262318744,1,-0.27832675,1,-0.016008006,1,0.104078272,1,NA,NA,Stable
MI0000812,hsa-mir-331,hsa-miR-331-3p,chr12:95308480-95308500,+,Single miR only,hsa-miR-331-3p,36.95920675,19.35487841,34.55224697,16.2870549,17.30576769,26.05857118,29.74362628,15.30592527,27.24588974,26.58908434,37.22967052,19.70522651,28.69717261,17.21155708,28.8353019,23.9756872,26.78834676,5.238146316,22.1034726,3.454940607,27.69246778,3.607528541,24.6799297,2.733707887,27.69246778,0.992535394,-0.202774501,1,0.262989692,1,-0.126113629,1,0.060215191,1,-0.065898438,1,0.136876063,1,NA,NA,Stable
MI0000813,hsa-mir-324,hsa-miR-324-5p,chr17:7223342-7223364,-,Single miR only,hsa-miR-324-5p,24.37395963,17.22919812,17.20383845,11.84513084,7.479611459,15.73504777,12.20251335,10.52282362,10.86153712,10.98244788,11.55989769,16.36535761,17.91889182,16.48838242,12.5134329,12.59329025,17.66303176,2.570401948,11.48499905,1.721110402,12.44231008,1.316529349,14.87849935,1.37390653,17.66303176,0.75864633,-0.582427327,0.855323048,0.083294444,1,0.265366379,1,-0.499132883,1,-0.233766504,1,0.348660823,1,NA,NA,Stable
MI0000813,hsa-mir-324,hsa-miR-324-3p,chr17:7223308-7223327,-,>20% RPMM,hsa-miR-324-3p,24.37395963,12.30657009,14.60157717,14.06609287,19.79897151,13.73694647,13.07412144,13.39268461,15.64797721,12.57201271,19.71982548,12.52450838,23.98167477,13.01714401,14.90730702,15.98379147,16.33704994,2.723444463,15.00068101,1.605145396,15.11608094,1.699654597,16.97247932,2.415504408,16.97247932,0.993959075,-0.065258246,1,-0.023475911,1,0.161209447,1,-0.088734157,1,0.07247529,1,0.137733535,1,NA,NA,Stable
MI0000814,hsa-mir-338,hsa-miR-338-3p,chr17:81125887-81125908,-,NA,hsa-miR-338-3p,0,1.342534918,0.722850355,2.035881863,0.586636193,2.164609746,0.980559108,1.913240659,0.552281549,4.190670902,0.509995487,2.00392134,0.26945702,1.880254135,0.87049968,0.968714634,1.025316784,0.434418152,1.411261426,0.374725244,1.814217319,0.864917902,0.997231367,0.332447845,1.814217319,0.970837113,0.656818983,1,0.147444569,1,-0.657085549,1,0.804263552,1,0.147178003,1,-0.50964098,1,NA,NA,Stable
MI0000814,hsa-mir-338,hsa-miR-338-5p,chr17:81125923-81125944,-,Single miR only,hsa-miR-338-5p,0,2.461314017,1.734840852,3.516523217,0.586636193,3.579931503,0.980559108,1.913240659,0.552281549,3.034623757,1.189989469,1.168954115,0.53891404,3.037333603,0.65287476,1.453071952,1.928169522,0.739500067,1.765091866,0.665822824,1.486462222,0.536827499,1.420548589,0.576024749,1.928169522,0.993959075,-0.066220794,1,-0.247445448,1,-0.072332813,1,-0.313666242,1,-0.385999055,1,-0.319778261,1,NA,NA,Stable
MI0000815,hsa-mir-339,hsa-miR-339-5p,chr7:1022990-1023012,-,<20% RPMM,hsa-miR-339-5p*,27.24148429,14.99163992,17.92668881,16.2870549,18.18572198,20.06426726,15.03523966,17.60181406,13.62294487,18.64126022,18.52983601,13.86045594,12.12556589,13.74031868,12.29580798,13.80418354,19.11171698,2.775655464,17.72176074,1.038202756,16.16362426,1.39932347,12.99146902,0.452310109,19.11171698,0.597203672,-0.068815006,1,-0.174096278,1,-0.291156286,1,-0.242911284,1,-0.53406757,0.579458642,-0.465252564,0.813218975,NA,NA,Stable
MI0000815,hsa-mir-339,hsa-miR-339-3p,chr7:1022955-1022977,-,Single miR only,hsa-miR-339-3p,127.4455405,109.19284,102.5001804,123.6335531,108.8210138,107.730962,104.2661185,91.26157941,114.1381867,89.59365376,84.65925077,104.8718835,133.9201389,95.02515129,81.39172007,94.69185551,115.6930285,5.898284796,103.0199184,4.037926342,98.31574368,6.806291968,101.2572164,11.34110168,115.6930285,0.86566625,-0.123076386,1,-0.127994325,1,0.058885964,1,-0.251070711,0.905874565,-0.192184747,1,-0.06910836,1,NA,NA,Stable
MI0000816,hsa-mir-335,hsa-miR-335-5p,chr7:130496126-130496148,+,>20% RPMM,hsa-miR-335-5p,161.3779157,74.17505425,206.3014913,87.72800026,204.1493951,94.41028663,190.446369,79.59081139,243.9243507,36.84900276,122.7389138,133.594756,205.4609776,52.35784592,139.9328235,72.41141892,132.3956154,31.20748016,142.1492155,32.10555062,134.2767558,42.47386358,117.5407665,34.78126758,142.1492155,0.986580855,0.144530974,1,-0.223107863,1,-0.171548216,1,-0.07857689,1,-0.250125106,1,-0.39465608,1,NA,NA,Stable
MI0000816,hsa-mir-335,hsa-miR-335-3p,chr7:130496162-130496183,+,Single miR only,hsa-miR-335-3p,1232.557684,429.0517844,1143.982972,839.1534877,928.2051162,416.1045966,1008.559518,611.8543626,758.2825664,299.4162106,597.3747132,565.7737917,506.3097403,141.4529649,323.0641937,214.5702915,911.186482,181.4562101,741.1808984,138.1030229,555.2118205,95.11325995,296.3492976,79.30833966,911.186482,5.39E-22,-0.233817425,1,-0.4543453,0.193536211,-0.954527904,5.21E-07,-0.688162725,0.001682853,-1.642690629,3.34E-22,-1.408873204,3.68E-16,DE,DE,DE
MI0000825,hsa-mir-345,hsa-miR-345-5p,chr14:100307876-100307897,+,Single miR only,hsa-miR-345-5p,178.5830637,270.1851523,315.451895,280.3964565,182.443856,270.9092352,278.0429827,205.6733708,186.4870696,171.3839893,230.6879584,223.9382098,283.4687849,259.1858008,280.8449592,209.0001824,261.1541419,29.18055113,234.2673612,23.73854802,203.1243068,14.36784275,258.1249318,17.25513688,261.1541419,0.728163779,-0.120406827,1,-0.236249912,1,0.379664928,0.777370158,-0.356656739,0.869251838,0.02300819,1,0.143415017,1,NA,NA,Stable
MI0000825,hsa-mir-345,hsa-miR-345-3p,chr14:100307912-100307933,+,<1% RPMM,hsa-miR-345-3p***,0.318613851,0.11187791,0,0.185080169,0.146659048,0,0,0.191324066,0,0.578023573,0,0.500980335,0,0.144634933,0.21762492,0,0.153892983,0.066804392,0.084495779,0.049628309,0.269750977,0.156532794,0.090564963,0.05436897,0.269750977,NA,-0.948270856,NA,1.613958512,1,-0.720406157,1,0.665687656,NA,-0.054718501,NA,0.893552355,NA,NA,NA,Stable
MI0000826,hsa-mir-346,hsa-miR-346,chr10:86264747-86264769,-,Single miR only,hsa-miR-346,0,0,0,0,0,0,0,0,0,0,0,0,0,0,0,0.484357317,0,0,0,0,0,0,0.121089329,0.121089329,0.121089329,NA,NA,NA,NA,NA,NA,NA,NA,NA,NA,NA,NA,NA,NA,NA,Stable
MI0001150,hsa-mir-196b,hsa-miR-196b-5p,chr7:27169528-27169549,-,Single miR only,hsa-miR-196b-5p,313.8346436,226.1052559,274.3939948,228.2038488,267.2127859,231.5299886,238.2758633,175.2528443,245.3971015,147.6850228,227.9679825,261.5117349,240.0862047,169.3675071,188.7896181,159.3535574,260.6344357,20.94356467,228.0678705,19.23092294,220.6404604,25.26450212,189.3992218,17.96652767,260.6344357,0.565937818,-0.153830044,1,-0.094344834,1,-0.199711941,1,-0.248174878,1,-0.447886819,0.379939402,-0.294056775,1,NA,NA,Stable
MI0001150,hsa-mir-196b,hsa-miR-196b-3p,chr7:27169493-27169514,-,<1% RPMM,hsa-miR-196b-3p***,0.159306926,0.33563373,0.144570071,0,0.146659048,0.416271105,0,0,0,0,0,0,0.13472851,0.289269867,0,0,0.159877682,0.068729973,0.140732538,0.098135926,0,0,0.105999594,0.068850788,0.159877682,NA,-0.548081852,NA,-1.56147852,1,1.378839372,1,-2.109560372,NA,-0.730721,NA,-0.182639147,NA,NA,NA,Stable
MI0001445,hsa-mir-423,hsa-miR-423-3p,chr17:30117131-30117153,+,>20% RPMM,hsa-miR-423-3p,2009.816174,2371.587934,2437.451397,4069.542763,2286.414562,2533.259437,2939.716207,4758.038194,2335.782763,3698.339324,3227.591436,3647.470826,2670.453795,2315.605285,2813.128528,4298.67119,2722.099567,458.8785046,3129.3571,559.3486033,3227.296087,315.3337697,3024.4647,437.4233788,3227.296087,0.917019776,0.232046467,1,0.046070261,1,-0.09573881,1,0.278116728,1,0.182377917,1,-0.04966855,1,NA,NA,Stable
MI0001445,hsa-mir-423,hsa-miR-423-5p,chr17:30117095-30117117,+,Single miR only,hsa-miR-423-5p,2362.999628,2006.19468,2877.088983,4517.251693,2560.373664,2127.395109,3515.958109,7022.549837,2535.892778,4674.765644,4705.728354,4034.728625,2673.417822,2149.709016,3071.666933,4975.802719,2940.883746,555.0224755,3806.56918,1110.540979,3987.77885,508.0665798,3217.649123,615.7041124,3987.77885,0.75864633,0.341536525,1,0.171088514,1,-0.37139816,1,0.512625039,0.792515632,0.141226879,1,-0.200309646,1,NA,NA,Stable
MI0001446,hsa-mir-424,hsa-miR-424-5p,chrX:134546680-134546701,-,>20% RPMM,hsa-miR-424-5p,21.18782111,49.00252453,20.09523987,29.98298743,15.83917721,59.36025958,15.3620927,17.79313812,15.27978951,14.30608342,12.74988716,44.58724982,14.9548646,30.95187576,13.27512012,26.63965244,30.06714324,6.688528518,27.0886669,10.77004376,21.73075248,7.636622542,21.45537823,4.341979817,30.06714324,0.978328934,-0.211618215,1,-0.239311046,1,-0.029412724,1,-0.45092926,1,-0.480341985,1,-0.26872377,1,NA,NA,Stable
MI0001446,hsa-mir-424,hsa-miR-424-3p,chrX:134546644-134546664,-,Single miR only,hsa-miR-424-3p,49.38514696,55.82707703,29.34772442,95.68644754,36.51810301,46.3726011,30.28838134,78.442867,36.63467606,74.85405266,33.9996991,58.78169264,50.11900569,52.50248085,37.32267377,102.9259299,57.56159899,13.90260686,47.90548811,10.70403445,51.06753012,9.682135998,60.71752255,14.45880375,60.71752255,0.970837113,-0.209057471,1,0.093876178,1,0.220554842,1,-0.115181293,1,0.105373549,1,0.31443102,1,NA,NA,Stable
MI0001448,hsa-mir-425,hsa-miR-425-3p,chr3:49020159-49020180,-,<10% RPMM,hsa-miR-425-3p**,23.25881115,10.06901189,21.83008072,30.35314777,19.94563056,12.15511627,23.5334186,18.94108252,16.75254031,11.27145967,18.35983752,17.03333139,21.01764755,20.68279549,20.78317986,19.61647135,21.37776288,4.205039803,18.64381199,2.376876913,15.85429222,1.567298483,20.52502356,0.310870039,21.37776288,0.893973937,-0.121805464,1,-0.275438233,1,0.456175509,0.98237429,-0.397243698,1,0.058931811,1,0.180737276,1,NA,NA,Stable
MI0001448,hsa-mir-425,hsa-miR-425-5p,chr3:49020199-49020221,-,Single miR only,hsa-miR-425-5p,216.6574189,195.0031969,203.1209498,234.3114944,200.629578,192.483759,222.2600645,283.3509415,219.4398687,237.2786766,245.1378305,224.773177,207.3471768,180.359762,230.7912276,296.1844995,212.273265,8.597114267,224.6810858,20.54092703,231.6573882,5.845093067,228.6706665,24.75084026,231.6573882,0.992535394,0.102568001,1,0.015939807,1,-0.017392276,1,0.118507808,1,0.101115532,1,-0.001452469,1,NA,NA,Stable
MI0001519,hsa-mir-20b,hsa-miR-20b-5p,chrX:134169850-134169872,-,Single miR only,hsa-miR-20b-5p,0,0.11187791,0,0,0.146659048,0,0,0.382648132,0,0,0,0,0.13472851,0,0.21762492,0,0.027969477,0.027969477,0.132326795,0.090317471,0,0,0.088088357,0.053598929,0.132326795,NA,NA,NA,NA,NA,NA,NA,NA,NA,NA,NA,NA,NA,NA,NA,Stable
MI0001641,hsa-mir-429,hsa-miR-429,chr1:1169055-1169076,+,Single miR only,hsa-miR-429,0.159306926,0,0,0,0,0.249762663,0.108951012,0,0,0,0.169998496,0.500980335,0,0,0,0,0.039826731,0.039826731,0.089678419,0.05921911,0.167744708,0.118084587,0,0,0.167744708,NA,NA,NA,NA,NA,NA,NA,NA,NA,NA,NA,NA,NA,NA,NA,Stable
MI0001648,hsa-mir-449a,hsa-miR-449a,chr5:55170586-55170607,-,Single miR only,hsa-miR-449a,0.159306926,0.33563373,1.011990497,0.555240508,1.466590482,2.331118188,2.070069229,0.382648132,1.840938496,0.722529466,0.509995487,1.836927895,0.67364255,2.603428803,1.95862428,0.484357317,0.515542915,0.184234338,1.562606508,0.43297897,1.227597836,0.355611806,1.430013237,0.510122163,1.562606508,0.805676231,1.638330025,0.829612716,-0.170468192,1,0.007169802,1,1.467861834,1,1.475031635,1,-0.16329839,1,NA,NA,Stable
MI0001652,hsa-mir-450a-1,hsa-miR-450a-5p,chrX:134540393-134540414,-,Single miR only,hsa-miR-450a-5p,0,11.2996689,0,5.922565418,0,10.49003185,0,6.696342305,9.020598629,7.514306445,0,20.37320029,0,0,2.1762492,0,4.305558579,2.717351033,4.296593538,2.598700064,9.227026341,4.206653764,0.5440623,0.5440623,9.227026341,0.992535394,0.033185937,1,4.496773021,1,-3.836423291,1,4.529958958,1,0.693535667,1,0.66034973,1,NA,NA,Stable
MI0001652,hsa-mir-450a-1,hsa-miR-450a-1-3p,chrX:134540358-134540379,-,NA,hsa-miR-450a-1-3p,0,0,0,0,0,0.249762663,0,0.382648132,0,0,0,0,0,0,0.10881246,0,0,0,0.158102699,0.095225665,0,0,0.027203115,0.027203115,0.158102699,NA,NA,NA,NA,NA,NA,NA,NA,NA,NA,NA,NA,NA,NA,NA,Stable
MI0001721,hsa-mir-431,hsa-miR-431-3p,chr14:100881069-100881090,+,>20% RPMM,hsa-miR-431-3p,2.548910811,13.31347128,23.99863179,31.64870895,4.10645335,16.31782732,24.73187973,27.74198955,4.970533938,17.34070718,23.28979389,30.72679388,6.871154006,27.62527229,40.04298527,33.42065488,17.87743071,6.34370065,18.22453749,5.290583145,19.08195722,5.442673432,26.99001661,7.169991177,26.99001661,0.027955258,0.153991619,1,0.043382603,1,0.571548952,0.311029307,0.197374222,1,0.768923175,0.025749148,0.614931556,0.182356218,DE,DE,DE
MI0001721,hsa-mir-431,hsa-miR-431-5p,chr14:100881026-100881046,+,Single miR only,hsa-miR-431-5p,12.4259402,46.20557678,65.63481224,122.8932324,14.37258673,48.87022773,70.49130478,115.5597358,14.35932027,54.18970994,90.43919961,137.1016184,15.89796417,86.92559502,109.7917721,173.1577409,61.78989041,23.14460384,62.32346375,21.176029,74.02246204,26.14306437,96.44326805,32.45692656,96.44326805,0.000660531,0.098142208,1,0.157888844,1,0.412920703,0.239364827,0.256031052,1,0.668951754,0.000894554,0.570809547,0.009398875,DE,DE,DE
MI0001723,hsa-mir-433,hsa-miR-433-5p,chr14:100881897-100881918,+,<10% RPMM,hsa-miR-433-5p**,0.318613851,0.671267459,0.867420426,2.77620254,0,1.332067536,1.525314168,0.765296263,0.736375398,0.43351768,0.849992478,2.838888565,0,0.867809601,1.41456198,2.179607927,1.158376069,0.551096865,0.905669492,0.34226168,1.21469353,0.548485818,1.115494877,0.458934866,1.21469353,NA,-0.110569301,1,0.341830338,1,-0.335030524,1,0.231261037,1,-0.103769486,1,0.006799814,1,NA,NA,Stable
MI0001723,hsa-mir-433,hsa-miR-433-3p,chr14:100881949-100881970,+,Single miR only,hsa-miR-433-3p,5.097821621,16.44605275,28.04659378,43.49383979,3.813135254,18.81545395,27.01985098,49.93558119,4.786440089,34.24789668,38.58965848,34.73463656,3.233484238,17.35619202,28.72648944,49.16226769,23.27107699,8.208805549,24.89600534,9.630470719,28.08965795,7.828205514,24.61960835,9.701082935,28.08965795,0.971166466,0.04691875,1,0.280822389,1,-0.348085281,1,0.327741139,1,-0.020344142,1,-0.067262892,1,NA,NA,Stable
MI0001725,hsa-mir-329-1,hsa-miR-329-5p,chr14:101026797-101026819,+,NA,hsa-miR-329-5p,0.159306926,0,0.144570071,0.925400847,0,0.416271105,1.416363156,2.104564724,0,0.578023573,0.509995487,0.33398689,0,0.578539734,0.76168722,0.484357317,0.307319461,0.209138097,0.984299746,0.477246874,0.355501487,0.129173223,0.456146068,0.162583495,0.984299746,NA,1.565912783,1,-1.085786449,1,0.309378664,1,0.480126334,1,0.789504998,1,-0.776407785,1,NA,NA,Stable
MI0001725,hsa-mir-329-1,hsa-miR-329-3p,chr14:101026834-101026855,+,Single miR only,hsa-miR-329-3p,3.026831588,0,5.927372912,12.58545151,0.733295241,3.663185724,11.33090525,4.783101646,1.104563097,4.913200368,19.37982849,3.67385579,0.943099569,3.181968536,7.725684659,4.843573172,5.384914003,2.687933742,5.127621966,2.237075819,7.267861936,4.114479489,4.173581484,1.428450077,7.267861936,0.995233312,-0.318417872,1,0.376253334,1,-0.5464936,1,0.057835462,1,-0.488658138,1,-0.170240266,1,NA,NA,Stable
MI0001726,hsa-mir-329-2,hsa-miR-329-5p,chr14:101027114-101027136,+,NA,hsa-miR-329-5p,0.159306926,0.11187791,0.433710213,0,0.146659048,0.416271105,0.54475506,0.956620329,0,1.011541252,0.509995487,0.500980335,0.26945702,0.4339048,0.21762492,0.484357317,0.176223762,0.092096261,0.516076386,0.168654404,0.505629268,0.20648821,0.351336014,0.063962944,0.516076386,NA,1.431208565,1,-0.08108428,1,-0.364314068,1,1.350124285,1,0.985810217,1,-0.445398348,1,NA,NA,Stable
MI0001726,hsa-mir-329-2,hsa-miR-329-3p,chr14:101027151-101027172,+,Single miR only,hsa-miR-329-3p,1.593069257,8.390843241,21.10723037,0,0.879954289,4.16271105,11.98461132,7.652962634,1.104563097,4.624188581,16.82985106,2.33790823,0.67364255,3.76050827,6.855184979,4.601394513,7.772785716,4.802729281,6.170059824,2.380873011,6.224127741,3.609637754,3.972682578,1.279087625,7.772785716,0.992535394,-0.002552481,1,-0.323186632,1,-0.276719163,1,-0.325739112,1,-0.602458275,1,-0.599905795,1,NA,NA,Stable
MI0001729,hsa-mir-451a,hsa-miR-451a,chr17:28861403-28861424,-,Single miR only,hsa-miR-451a,0.637227703,0,0.289140142,0.185080169,0,0,0.217902024,0.191324066,0,0,0,0.166993445,0.13472851,0.144634933,0.10881246,1.210893293,0.277862004,0.133880128,0.102306522,0.059315324,0.041748361,0.041748361,0.399767299,0.270480773,0.399767299,NA,-1.520812125,NA,-0.806166054,1,2.493171428,1,-2.326978179,NA,0.166193249,1,1.687005374,NA,NA,NA,Stable
MI0001733,hsa-mir-452,hsa-miR-452-3p,chrX:151959634-151959655,-,<10% RPMM,hsa-miR-452-3p**,3.982673142,9.957133979,7.951353906,4.997164572,3.373158109,12.57138737,6.646011734,2.487212856,3.681876991,3.468141436,5.439951856,4.508823015,5.928054437,9.835175476,6.963997439,4.359215855,6.7220814,1.367978184,6.269442518,2.283090703,4.274698325,0.44857193,6.771610802,1.15302782,6.771610802,0.950666237,-0.152123456,1,-0.405302726,1,0.617150226,1,-0.557426182,1,0.059724043,1,0.211847499,1,NA,NA,Stable
MI0001733,hsa-mir-452,hsa-miR-452-5p,chrX:151959678-151959699,-,Single miR only,hsa-miR-452-5p,43.80940456,93.08242102,63.17712103,56.26437148,47.81084972,107.9807246,66.78697037,39.41275757,55.78043642,53.90069815,55.24951104,65.46143044,51.06210526,85.04534088,73.23078557,68.05220306,64.08332952,10.46397256,65.49782558,15.27448443,57.59801901,2.650825611,69.34760869,7.056531076,69.34760869,0.992535394,0.03846937,1,-0.1236932,1,0.240003242,1,-0.08522383,1,0.154779412,1,0.116310042,1,NA,NA,Stable
MI0001735,hsa-mir-409,hsa-miR-409-5p,chr14:101065314-101065336,+,<10% RPMM,hsa-miR-409-5p**,29.7903951,124.2963579,145.4374914,64.40789893,14.51924577,181.9104729,169.7456767,99.67983831,16.20025876,121.0959385,118.3189529,77.31796504,10.50882377,180.2151271,268.1139014,140.9479793,90.98303583,26.65495942,116.4638084,38.51040865,83.23327879,24.48299109,149.9464579,53.54403442,149.9464579,0.917019776,0.072523235,1,-0.391043753,1,0.639673076,0.905874565,-0.318520518,1,0.321152557,1,0.248629322,1,NA,NA,Stable
MI0001735,hsa-mir-409,hsa-miR-409-3p,chr14:101065346-101065367,+,Single miR only,hsa-miR-409-3p,334.5445439,1276.07944,1899.217023,2502.098809,370.3140968,1247.481248,2122.910469,2987.333964,382.9152071,2351.977917,3015.77331,2526.777816,389.9043077,1428.993143,2389.412809,3433.8512,1502.984954,462.9585522,1682.009944,563.2957523,2069.361063,579.4320595,1910.540365,651.537698,2069.361063,0.563248753,0.174774123,1,0.27788496,1,-0.143397392,1,0.452659083,0.396753533,0.30926169,1,0.134487567,1,NA,NA,Stable
MI0002464,hsa-mir-412,hsa-miR-412-3p,chr14:101065500-101065522,+,<10% RPMM,hsa-miR-412-3p**,0.159306926,0.559389549,1.44570071,0.740320677,0.293318096,0.333016884,1.525314168,1.339268461,0.18409385,1.011541252,1.869983451,1.66993445,0.26945702,1.012444534,1.0881246,0.484357317,0.726179466,0.268805095,0.872729402,0.325388567,1.183888251,0.380379182,0.713595868,0.199873278,1.183888251,NA,0.256028811,1,0.445489155,1,-0.530354681,1,0.701517966,1,0.171163285,1,-0.084865526,1,NA,NA,Stable
MI0002464,hsa-mir-412,hsa-miR-412-5p,chr14:101065465-101065487,+,Single miR only,hsa-miR-412-5p,5.416435472,11.41154681,22.84207122,4.812084402,4.253112398,14.06996335,26.36614491,4.59177758,4.602346239,18.49675433,33.31970512,6.34575091,5.523868907,19.38108109,29.81461404,3.874858537,11.12053448,4.181431171,12.32024956,5.205419097,15.69113915,6.639122835,14.64860564,6.135542502,15.69113915,0.847045307,0.102410766,1,0.296520306,1,-0.048145313,1,0.398931072,1,0.35078576,1,0.248374994,1,NA,NA,Stable
MI0002465,hsa-mir-410,hsa-miR-410-5p,chr14:101065925-101065945,+,<1% RPMM,hsa-miR-410-5p***,0,0.447511639,1.44570071,0,0,1.248813315,0.435804048,1.530592527,0,1.589564825,1.189989469,1.66993445,0.13472851,0.578539734,0.76168722,1.69525061,0.473303087,0.34086336,0.803802473,0.35446905,1.112372186,0.385355336,0.792551518,0.32842432,1.112372186,NA,0.664561546,1,0.439969076,1,-0.340892892,1,1.104530622,1,0.76363773,1,0.099076184,1,NA,NA,Stable
MI0002465,hsa-mir-410,hsa-miR-410-3p,chr14:101065961-101065981,+,Single miR only,hsa-miR-410-3p,99.40752161,473.6910704,641.7465452,617.612525,103.2479699,486.5376676,585.9385427,584.112373,113.769999,475.8579062,595.5047298,682.3352163,116.1359756,524.8801736,635.5735788,635.4768001,458.1144156,125.1910786,439.9591383,114.613158,466.8669628,125.0774914,478.016632,123.4138353,478.016632,0.986346122,0.000146112,1,0.042540097,1,0.069212361,1,0.042686209,1,0.11189857,1,0.111752458,1,NA,NA,Stable
MI0002466,hsa-mir-376b,hsa-miR-376b-3p,chr14:101040497-101040518,+,Single miR only,hsa-miR-376b-3p,0,4.810750125,3.180541562,5.737485249,0.146659048,7.40962567,1.961118217,1.339268461,0.18409385,1.011541252,1.699984955,8.34967225,0.67364255,7.521016541,5.331810539,2.421786586,3.432194234,1.26022714,2.714167849,1.609784087,2.811323077,1.871940437,3.987064054,1.520033413,3.987064054,0.986346122,-0.236264423,1,0.059232634,1,0.914864766,1,-0.177031789,1,0.737832977,1,0.9740974,1,NA,NA,Stable
MI0002466,hsa-mir-376b,hsa-miR-376b-5p,chr14:101040459-101040480,+,>20% RPMM,hsa-miR-376b-5p,0.318613851,0.22375582,0,0,0,0.333016884,0.108951012,0,0,0.144505893,0,0,0,0,0.10881246,0,0.135592418,0.08064337,0.110491974,0.078494513,0.036126473,0.036126473,0.027203115,0.027203115,0.135592418,NA,-0.489507834,NA,-0.900700373,1,0.067548404,1,-1.390208207,NA,-1.322659803,NA,-0.833151969,NA,NA,NA,Stable
MI0002467,hsa-mir-483,hsa-miR-483-3p,chr11:2134142-2134162,-,NA,hsa-miR-483-3p,0,0,0.144570071,0,0,0,0,0,0,0,0,0,0,0,0,0,0.036142518,0.036142518,0,0,0,0,0,0,0.036142518,NA,NA,NA,NA,NA,NA,NA,NA,NA,NA,NA,NA,NA,NA,NA,Stable
MI0002467,hsa-mir-483,hsa-miR-483-5p,chr11:2134181-2134202,-,Single miR only,hsa-miR-483-5p,0,0,0,0.185080169,0,0,0,0.191324066,0,0,0,0.166993445,0,0,0,0,0.046270042,0.046270042,0.047831016,0.047831016,0.041748361,0.041748361,0,0,0.047831016,NA,NA,NA,NA,NA,NA,NA,NA,NA,NA,NA,NA,NA,NA,NA,Stable
MI0002468,hsa-mir-484,hsa-miR-484,chr16:15643301-15643322,+,Single miR only,hsa-miR-484,191.4869246,283.1629899,222.4933393,277.4351738,208.8424847,325.4407499,240.7817366,279.3331361,228.0922796,274.561197,228.6479765,283.3878762,318.0940119,312.989996,249.5069707,287.2238891,243.6446069,22.1195708,263.5995268,25.15099162,253.6723323,14.71936281,291.953717,15.67890726,291.953717,0.593990071,0.145816112,1,-0.092465163,1,0.238982742,0.905874565,0.053350949,1,0.292333691,0.571466049,0.146517579,1,NA,NA,Stable
MI0002469,hsa-mir-485,hsa-miR-485-3p,chr14:101055464-101055485,+,>20% RPMM,hsa-miR-485-3p,10.35495017,14.43225037,32.38369591,24.80074269,4.546430495,18.14942018,38.24180522,50.70087745,8.46831708,36.55999097,81.25928086,35.40261034,4.715497847,19.23644615,32.97017538,49.16226769,20.49290978,4.995481597,27.90963334,10.27657365,40.42254981,15.07987275,26.52109677,9.498962727,40.42254981,0.728163779,0.136193187,1,0.581490643,1,-0.641802392,0.975440193,0.71768383,0.813218975,0.075881438,1,-0.060311749,1,NA,NA,Stable
MI0002469,hsa-mir-485,hsa-miR-485-5p,chr14:101055427-101055448,+,Single miR only,hsa-miR-485-5p,7.168811655,44.52740813,52.47893578,98.09248974,9.239520038,37.88067056,64.49899912,145.0236419,8.100129381,80.92330017,76.15932599,93.34933576,8.083710596,37.02654297,64.09053893,119.3940787,50.56691133,18.66861693,64.16070791,29.22029229,64.63302283,19.18945776,57.14871779,23.69062875,64.63302283,0.955635318,0.304098274,1,0.113794312,1,-0.275120159,1,0.417892586,1,0.142772427,1,-0.161325847,1,NA,NA,Stable
MI0002470,hsa-mir-486-1,hsa-miR-486-5p,chr8:41660484-41660505,-,>20% RPMM,hsa-miR-486-5p,49.38514696,53.03012928,137.6307076,349.2462795,49.42409925,51.53436281,160.0490367,478.3101646,48.78487014,102.0211606,219.4680577,292.9065025,50.52319122,67.8337838,182.3696829,427.9296897,147.3230658,70.32657148,184.8294158,101.1793737,165.7951477,55.37493739,182.1640869,86.98731585,184.8294158,0.970837113,0.213228282,1,0.147348494,1,-0.077874914,1,0.360576776,1,0.282701863,1,0.069473581,1,NA,NA,Stable
MI0002470,hsa-mir-486-1,hsa-miR-486-3p,chr8:41660443-41660463,-,Single miR only,hsa-miR-486-3p,49.86306773,61.30909461,141.1003893,360.3510897,48.83746306,49.70276994,174.1037172,489.2156364,52.28265328,102.8881959,231.7079494,295.9123846,52.9483044,62.33765633,192.9244916,439.796444,153.1559103,71.98404153,190.4648967,103.8396195,170.6977958,56.28885317,187.0017241,90.11645184,190.4648967,0.978328934,0.163249273,1,0.172653911,1,-0.110657699,1,0.335903184,1,0.225245485,1,0.061996212,1,NA,NA,Stable
MI0002471,hsa-mir-487a,hsa-miR-487a-5p,chr14:101052458-101052479,+,<20% RPMM,hsa-miR-487a-5p*,0.955841554,2.573191927,1.879410923,3.516523217,0.293318096,0.83254221,1.307412144,2.678536922,0,2.601106077,4.759957874,1.00196067,0.53891404,1.446349335,2.1762492,2.663965244,2.231241905,0.541549395,1.277952343,0.510751067,2.090756155,1.038501796,1.706369455,0.462631898,2.231241905,0.978328934,-0.983998924,1,0.614125462,1,-0.110082906,1,-0.369873463,1,-0.479956369,1,0.504042556,1,NA,NA,Stable
MI0002471,hsa-mir-487a,hsa-miR-487a-3p,chr14:101052494-101052515,+,Single miR only,hsa-miR-487a-3p,1.752376182,10.29276771,11.42103561,15.17657388,4.10645335,14.40298023,14.92628865,16.2625456,3.313689292,6.647271086,13.42988115,26.88594465,3.907126788,23.57549416,24.91805334,26.15529513,9.660688346,2.835265146,12.42456696,2.800205715,12.56919654,5.2157108,19.63899235,5.270344133,19.63899235,0.098104883,0.533465221,1,-0.185659933,1,0.730393983,0.615272402,0.347805288,1,1.07819927,0.047778189,0.544734049,1,NA,DE,Stable
MI0003124,hsa-mir-489,hsa-miR-489-3p,chr7:93483947-93483968,-,Single miR only,hsa-miR-489-3p,0.159306926,0,0,0,0,0,0.108951012,0,0.18409385,0,0,0,0.80837106,0,0,0,0.039826731,0.039826731,0.027237753,0.027237753,0.046023462,0.046023462,0.202092765,0.202092765,0.202092765,NA,NA,NA,NA,NA,NA,NA,NA,NA,NA,NA,NA,NA,NA,NA,Stable
MI0003125,hsa-mir-490,hsa-miR-490-5p,chr7:136903205-136903224,+,NA,hsa-miR-490-5p,0,0,0,0.370160339,0,0,0,0,0,0,0,0,0,0.144634933,0,0,0.092540085,0.092540085,0,0,0,0,0.036158733,0.036158733,0.092540085,NA,NA,NA,NA,NA,NA,NA,NA,NA,NA,NA,NA,NA,NA,NA,Stable
MI0003125,hsa-mir-490,hsa-miR-490-3p,chr7:136903242-136903263,+,Single miR only,hsa-miR-490-3p,0,0.11187791,0,0,0,0,0.326853036,0.191324066,0,0,0.169998496,0,0,0,0.21762492,0.242178659,0.027969477,0.027969477,0.129544275,0.079744868,0.042499624,0.042499624,0.114950895,0.066555914,0.129544275,NA,NA,NA,NA,NA,NA,NA,NA,NA,NA,NA,NA,NA,NA,NA,Stable
MI0003126,hsa-mir-491,hsa-miR-491-3p,chr9:20716154-20716175,+,<20% RPMM,hsa-miR-491-3p*,0.318613851,0.447511639,0.289140142,0.555240508,0.586636193,0.499525326,0.108951012,0,0.368187699,0.144505893,0.509995487,0,0.80837106,0.144634933,0,1.210893293,0.402626535,0.061402355,0.298778133,0.143893597,0.25567227,0.113675816,0.540974821,0.284316515,0.540974821,NA,-0.46777879,1,-0.163853713,1,0.744257686,1,-0.631632503,1,0.112625183,1,0.580403973,1,NA,NA,Stable
MI0003126,hsa-mir-491,hsa-miR-491-5p,chr9:20716120-20716141,+,Single miR only,hsa-miR-491-5p,2.230296959,1.790046558,2.602261278,2.406042201,1.466590482,1.998101304,2.614824289,2.869860988,3.681876991,1.300553039,1.869983451,2.00392134,2.559841689,1.735619202,3.37318626,4.117037196,2.257161749,0.17324775,2.237344266,0.315418658,2.214083705,0.512471838,2.946421086,0.513805688,2.946421086,0.992535394,0.029107587,1,-0.097453415,1,0.418691521,1,-0.068345828,1,0.350345692,1,0.321238106,1,NA,NA,Stable
MI0003127,hsa-mir-511,hsa-miR-511-5p,chr10:17845122-17845142,+,Single miR only,hsa-miR-511-5p,0.159306926,0,0,0,0.293318096,0,0,0,0,0.144505893,0,0,0.13472851,0.144634933,0,0,0.039826731,0.039826731,0.073329524,0.073329524,0.036126473,0.036126473,0.069840861,0.040373312,0.073329524,NA,NA,NA,NA,NA,NA,NA,NA,NA,NA,NA,NA,NA,NA,NA,Stable
MI0003129,hsa-mir-146b,hsa-miR-146b-3p,chr10:102436556-102436577,+,<1% RPMM,hsa-miR-146b-3p***,10.99217787,13.20159337,51.75608542,56.26437148,19.35899436,24.72650364,89.55773189,98.91454204,13.62294487,27.31161381,67.99939821,39.24345958,12.52975142,12.14933441,48.42154469,37.29551342,33.05355703,12.14266372,58.13944298,20.95643356,37.04435411,11.56985834,27.59903599,9.098420923,58.13944298,0.00165733,0.862485629,0.020372688,-0.549124767,0.584435507,-0.464766841,0.899675874,0.313360862,1,-0.151405979,1,-1.013891608,0.002141032,DE,DE,DE
MI0003129,hsa-mir-146b,hsa-miR-146b-5p,chr10:102436520-102436541,+,Single miR only,hsa-miR-146b-5p,1199.103229,1937.277887,5499.734642,7025.087987,2167.914051,2685.697916,8182.112052,8266.538913,2122.049804,2214.98633,7428.764255,8025.537974,1494.408632,2855.093587,6009.276915,5741.571638,3915.300936,1398.556125,5325.565733,1677.022321,4947.834591,1609.368131,4025.087693,1105.160121,5325.565733,0.174250606,0.562399808,0.111155693,-0.164684522,1,-0.192301458,1,0.397715286,0.686430563,0.205413828,1,-0.35698598,0.871179199,NA,NA,Stable
MI0003130,hsa-mir-202,hsa-miR-202-3p,chr10:133247538-133247557,-,Single miR only,hsa-miR-202-3p,0,0,0,0.185080169,0.146659048,0,0,0,0,0,0,0,0,0,0,0,0.046270042,0.046270042,0.036664762,0.036664762,0,0,0,0,0.046270042,NA,NA,NA,NA,NA,NA,NA,NA,NA,NA,NA,NA,NA,NA,NA,Stable
MI0003132,hsa-mir-493,hsa-miR-493-3p,chr14:100869116-100869137,+,>20% RPMM,hsa-miR-493-3p,43.96871148,234.7198549,304.1754294,316.4870895,47.37087257,224.120363,267.8015876,214.2829538,32.21642368,153.8987762,256.1877327,303.594083,45.26877934,211.8901775,273.6633369,224.4996165,224.8377713,62.91881933,188.3939442,48.42494052,186.4742539,60.16204745,188.8304776,49.67445055,224.8377713,0.950666237,-0.139304241,1,-0.189479507,1,0.157678259,1,-0.328783747,1,-0.171105488,1,-0.031801248,1,NA,NA,Stable
MI0003132,hsa-mir-493,hsa-miR-493-5p,chr14:100869075-100869096,+,Single miR only,hsa-miR-493-5p,67.38682955,370.4277596,466.3830491,509.1555458,77.8759546,377.1416212,410.7453154,356.0540865,71.42841363,280.4859386,374.1666886,455.3911245,87.43880294,338.0118395,322.5201314,383.1266379,353.338296,99.63199891,305.4542444,76.69067285,295.3680414,82.75820594,282.7743529,66.36858256,353.338296,0.986346122,-0.089675492,1,-0.128688202,1,0.050587676,1,-0.218363694,1,-0.167776018,1,-0.078100526,1,NA,NA,Stable
MI0003133,hsa-mir-432,hsa-miR-432-3p,chr14:100884544-100884564,+,<1% RPMM,hsa-miR-432-3p***,0.318613851,0.559389549,1.44570071,0.925400847,0.146659048,1.415321757,0.980559108,1.147944395,0,1.156047145,2.209980442,1.168954115,0,1.590984268,0.76168722,2.179607927,0.812276239,0.245234236,0.922621077,0.273708854,1.133745426,0.451423445,1.133069854,0.476681227,1.133745426,NA,0.150314394,1,0.136630948,1,-0.018031453,1,0.286945342,1,0.268913889,1,0.118599495,1,NA,NA,Stable
MI0003133,hsa-mir-432,hsa-miR-432-5p,chr14:100884496-100884518,+,Single miR only,hsa-miR-432-5p,37.11851368,103.039555,186.4953916,215.0631568,35.05151252,93.41123597,179.9870719,279.7157843,29.08682823,155.6328469,305.9972919,224.1052032,31.12228579,103.5586124,170.2914999,266.1543458,135.4291543,40.4798336,147.0414012,53.311849,178.7055426,58.5821557,142.781686,49.98656003,178.7055426,0.970837113,0.070008902,1,0.212157064,1,-0.282500171,1,0.282165966,1,-0.000334205,1,-0.070343107,1,NA,NA,Stable
MI0003134,hsa-mir-494,hsa-miR-494-5p,chr14:101029648-101029670,+,<20% RPMM,hsa-miR-494-5p*,0.159306926,0.33563373,1.590270781,0.370160339,0.293318096,0.249762663,0.435804048,1.339268461,0,0.578023573,2.889974424,1.33594756,0,0.144634933,1.0881246,1.210893293,0.613842944,0.328734428,0.579538317,0.256340176,1.200986389,0.625922391,0.610913207,0.313360441,1.200986389,NA,0.078354227,1,0.668396658,1,-1.007241231,1,0.746750885,1,-0.260490346,1,-0.338844573,1,NA,NA,Stable
MI0003134,hsa-mir-494,hsa-miR-494-3p,chr14:101029681-101029702,+,Single miR only,hsa-miR-494-3p,1.752376182,6.712674592,7.806783835,13.14069202,1.759908579,6.660337681,5.774403638,8.035610766,0.368187699,6.069247513,7.139936812,12.69150182,0.40418553,6.508572006,8.813809259,13.56200488,7.353131658,2.335956307,5.557565166,1.348642271,6.567218461,2.525054627,7.322142919,2.733754711,7.353131658,0.992535394,-0.264214084,1,-0.065339453,1,0.174331762,1,-0.329553537,1,-0.155221775,1,0.108992309,1,NA,NA,Stable
MI0003135,hsa-mir-495,hsa-miR-495-5p,chr14:101033768-101033789,+,<10% RPMM,hsa-miR-495-5p**,0,0,0.144570071,0.740320677,0.293318096,0.083254221,0.54475506,0.191324066,0,0.289011786,0.849992478,0.33398689,0,0.144634933,0.32643738,0.484357317,0.221222687,0.176356009,0.278162861,0.098670933,0.368247788,0.176808873,0.238857408,0.105621649,0.368247788,NA,1.027717893,1,0.075462571,1,-0.728418995,1,1.103180464,NA,0.374761469,1,-0.652956425,NA,NA,NA,Stable
MI0003135,hsa-mir-495,hsa-miR-495-3p,chr14:101033804-101033825,+,Single miR only,hsa-miR-495-3p,2.867524662,14.43225037,24.28777193,19.24833761,4.10645335,17.73314908,21.79020241,14.34930494,3.129595443,13.29454217,25.83977132,25.04901675,4.311312318,20.97206535,20.02149264,19.61647135,15.20897114,4.579444122,14.49477744,3.782070816,16.82823142,5.392346043,16.23033541,3.983151014,16.82823142,0.993959075,0.055065822,1,0.072518828,1,0.078252398,1,0.12758465,1,0.205837048,1,0.150771226,1,NA,NA,Stable
MI0003136,hsa-mir-496,hsa-miR-496,chr14:101060628-101060649,+,Single miR only,hsa-miR-496,0.796534628,5.370139674,8.52963419,9.439088636,1.466590482,5.161761703,7.190766794,5.357073844,1.472750797,5.346718047,10.87990371,10.52058704,0.26945702,7.08711174,6.093497759,9.929325002,6.033849282,1.951379268,4.794048206,1.199598752,7.054989898,2.249442807,5.84484788,2.028402139,7.054989898,0.992535394,-0.136186338,1,0.396468787,1,-0.34025308,1,0.260282449,1,-0.079970631,1,0.056215707,1,NA,NA,Stable
MI0003137,hsa-mir-193b,hsa-miR-193b-5p,chr16:14303980-14304001,+,<10% RPMM,hsa-miR-193b-5p**,9.877029391,6.153285043,11.42103561,16.47213507,7.039634314,6.826846123,14.59943561,24.48948043,7.916035532,13.29454217,20.90981495,11.52254771,7.948982086,6.65320694,10.44599616,13.80418354,10.98087128,2.138375132,13.23884912,4.163051236,13.41073509,2.738714333,9.713092181,1.57451471,13.41073509,0.970837113,0.21018077,1,0.12288965,1,-0.480247199,1,0.33307042,1,-0.147176779,1,-0.357357549,1,NA,NA,Stable
MI0003137,hsa-mir-193b,hsa-miR-193b-3p,chr16:14304017-14304038,+,Single miR only,hsa-miR-193b-3p,335.5003854,287.7499842,448.4563603,378.8591066,248.1471096,280.5667248,426.9790161,471.2311742,280.5590267,495.6552136,574.2549178,363.3777363,235.1012498,228.37856,407.3938502,564.0340958,362.6414591,34.12303749,356.7310062,54.49505462,428.4617236,65.75317085,358.726939,79.9966186,428.4617236,0.986346122,-0.03326952,1,0.249521442,1,-0.295510694,1,0.216251922,1,-0.079258772,1,-0.045989252,1,NA,NA,Stable
MI0003138,hsa-mir-497,hsa-miR-497-5p,chr17:7017979-7017999,-,Single miR only,hsa-miR-497-5p,42.853563,72.27312978,59.27372912,70.51554451,49.71741735,67.7689359,38.78656028,48.02234053,46.02346239,37.42702633,35.18968857,74.14508958,56.45124566,54.38273499,38.73723575,66.11477379,61.2289916,6.768139088,51.07381351,6.061181138,48.19631672,8.959213602,53.92149755,5.67046557,61.2289916,0.970837113,-0.229981668,1,-0.153895187,1,0.199397525,1,-0.383876855,1,-0.18447933,1,0.045502338,1,NA,NA,Stable
MI0003138,hsa-mir-497,hsa-miR-497-3p,chr17:7017938-7017959,-,<1% RPMM,hsa-miR-497-3p***,0,0.33563373,0,0.185080169,0,0,0,0,0,0.144505893,0,0,0,0,0,0,0.130178475,0.081198793,0,0,0.036126473,0.036126473,0,0,0.130178475,NA,NA,NA,NA,NA,NA,NA,NA,NA,NA,NA,NA,NA,NA,NA,Stable
MI0003139,hsa-mir-181d,hsa-miR-181d-3p,chr19:13874953-13874973,+,<1% RPMM,hsa-miR-181d-3p***,0.318613851,0,0.289140142,0,0.439977145,0.333016884,0.326853036,0,0,0.289011786,0.849992478,0.166993445,0,0.867809601,0.43524984,0,0.151938498,0.087927801,0.274961766,0.095261547,0.326499427,0.184276588,0.32576486,0.207774908,0.326499427,NA,0.834134216,1,0.110069958,1,-0.042605288,1,0.944204174,NA,0.901598885,1,0.067464669,NA,NA,NA,Stable
MI0003139,hsa-mir-181d,hsa-miR-181d-5p,chr19:13874910-13874932,+,Single miR only,hsa-miR-181d-5p,57.50980016,43.74426276,88.04317325,54.96881029,59.10359643,40.71131407,80.40584688,43.81321108,71.24431978,31.35777882,79.89929289,53.4379024,84.47477572,51.77930618,89.22621719,49.88880367,61.06651162,9.47643013,56.00849212,9.071655149,58.98482347,10.73053358,68.84227569,10.44931879,68.84227569,0.884051081,-0.098263164,1,0.007328772,1,0.280635662,1,-0.090934392,1,0.18970127,1,0.287964434,1,NA,NA,Stable
MI0003140,hsa-mir-512-1,hsa-miR-512-3p,chr19:53666729-53666750,+,Single miR only,hsa-miR-512-3p,0,0,0,0,0,0,0,0,0,0.144505893,0,0,0,0,0,0,0,0,0,0,0.036126473,0.036126473,0,0,0.036126473,NA,NA,NA,NA,NA,NA,NA,NA,NA,NA,NA,NA,NA,NA,NA,Stable
MI0003141,hsa-mir-512-2,hsa-miR-512-3p,chr19:53669213-53669234,+,NA,hsa-miR-512-3p,0,0,0,0,0,0.083254221,0,0,0,0,0,0,0,0,0,0,0,0,0.020813555,0.020813555,0,0,0,0,0.020813555,NA,NA,NA,NA,NA,NA,NA,NA,NA,NA,NA,NA,NA,NA,NA,Stable
MI0003141,hsa-mir-512-2,hsa-miR-512-5p,chr19:53669176-53669198,+,Single miR only,hsa-miR-512-5p,0,0,0,0,0,0,0,0,0,0,0.339996991,0,0,0,0,0,0,0,0,0,0.084999248,0.084999248,0,0,0.084999248,NA,NA,NA,NA,NA,NA,NA,NA,NA,NA,NA,NA,NA,NA,NA,Stable
MI0003144,hsa-mir-515-1,hsa-miR-515-5p,chr19:53679016-53679039,+,Single miR only,hsa-miR-515-5p,0,0,0,0,0,0,0,0,0,0,0,0,0,0.144634933,0,0,0,0,0,0,0,0,0.036158733,0.036158733,0.036158733,NA,NA,NA,NA,NA,NA,NA,NA,NA,NA,NA,NA,NA,NA,NA,Stable
MI0003146,hsa-mir-520f,hsa-miR-520f-3p,chr19:53682213-53682234,+,Single miR only,hsa-miR-520f-3p,0,0,0,0.185080169,0,0,0,0,0,0,0,0,0,0,0,0,0.046270042,0.046270042,0,0,0,0,0,0,0.046270042,NA,NA,NA,NA,NA,NA,NA,NA,NA,NA,NA,NA,NA,NA,NA,Stable
MI0003148,hsa-mir-519c,hsa-miR-519c-3p,chr19:53686522-53686543,+,Single miR only,hsa-miR-519c-3p,0,0,0,0,0,0.083254221,0,0,0,0,0,0,0,0,0,0,0,0,0.020813555,0.020813555,0,0,0,0,0.020813555,NA,NA,NA,NA,NA,NA,NA,NA,NA,NA,NA,NA,NA,NA,NA,Stable
MI0003149,hsa-mir-520a,hsa-miR-520a-3p,chr19:53690933-53690954,+,Single miR only,hsa-miR-520a-3p,0,0,0,0,0,0.083254221,0,0,0,0,0,0,0,0,0,0,0,0,0.020813555,0.020813555,0,0,0,0,0.020813555,NA,NA,NA,NA,NA,NA,NA,NA,NA,NA,NA,NA,NA,NA,NA,Stable
MI0003152,hsa-mir-525,hsa-miR-525-5p,chr19:53697547-53697567,+,Single miR only,hsa-miR-525-5p,0,0.11187791,0,0,0,0,0,0,0,0,0,0,0,0,0,0,0.027969477,0.027969477,0,0,0,0,0,0,0.027969477,NA,NA,NA,NA,NA,NA,NA,NA,NA,NA,NA,NA,NA,NA,NA,Stable
MI0003156,hsa-mir-518b,hsa-miR-518b,chr19:53702787-53702808,+,Single miR only,hsa-miR-518b,0,0,0,0,0,0.166508442,0,0,0,0,0,0,0,0,0,0,0,0,0.041627111,0.041627111,0,0,0,0,0.041627111,NA,NA,NA,NA,NA,NA,NA,NA,NA,NA,NA,NA,NA,NA,NA,Stable
MI0003159,hsa-mir-518c,hsa-miR-518c-3p,chr19:53708796-53708818,+,Single miR only,hsa-miR-518c-3p,0,0.11187791,0,0,0,0,0,0,0,0,0,0,0,0,0,0,0.027969477,0.027969477,0,0,0,0,0,0,0.027969477,NA,NA,NA,NA,NA,NA,NA,NA,NA,NA,NA,NA,NA,NA,NA,Stable
MI0003160,hsa-mir-524,hsa-miR-524-3p,chr19:53711054-53711074,+,Single miR only,hsa-miR-524-3p,0,0,0,0,0,0.166508442,0,0,0,0,0,0,0,0,0,0,0,0,0.041627111,0.041627111,0,0,0,0,0.041627111,NA,NA,NA,NA,NA,NA,NA,NA,NA,NA,NA,NA,NA,NA,NA,Stable
MI0003161,hsa-mir-517a,hsa-miR-517a-3p,chr19:53712321-53712342,+,Single miR only,hsa-miR-517a-3p,0,0,0,0,0,0.083254221,0,0,0,0,0,0,0,0,0.21762492,0,0,0,0.020813555,0.020813555,0,0,0.05440623,0.05440623,0.05440623,NA,NA,NA,NA,NA,NA,NA,NA,NA,NA,NA,NA,NA,NA,NA,Stable
MI0003164,hsa-mir-520d,hsa-miR-520d-3p,chr19:53720149-53720170,+,Single miR only,hsa-miR-520d-3p,0,0.11187791,0,0,0,0,0,0,0,0,0,0,0,0,0,0,0.027969477,0.027969477,0,0,0,0,0,0,0.027969477,NA,NA,NA,NA,NA,NA,NA,NA,NA,NA,NA,NA,NA,NA,NA,Stable
MI0003165,hsa-mir-517b,hsa-miR-517-5p,chr19:53721081-53721102,+,NA,hsa-miR-517-5p,0,0,0,0,0,0.083254221,0,0,0,0,0,0,0,0,0,0,0,0,0.020813555,0.020813555,0,0,0,0,0.020813555,NA,NA,NA,NA,NA,NA,NA,NA,NA,NA,NA,NA,NA,NA,NA,Stable
MI0003165,hsa-mir-517b,hsa-miR-517b-3p,chr19:53721118-53721139,+,Single miR only,hsa-miR-517b-3p,0,0,0,0,0,0,0,0,0,0,0,0,0,0.144634933,0,0,0,0,0,0,0,0,0.036158733,0.036158733,0.036158733,NA,NA,NA,NA,NA,NA,NA,NA,NA,NA,NA,NA,NA,NA,NA,Stable
MI0003167,hsa-mir-516b-2,hsa-miR-516b-5p,chr19:53725457-53725478,+,Single miR only,hsa-miR-516b-5p,0,0,0,0,0,0.166508442,0,0,0,0,0,0,0,0,0,0,0,0,0.041627111,0.041627111,0,0,0,0,0.041627111,NA,NA,NA,NA,NA,NA,NA,NA,NA,NA,NA,NA,NA,NA,NA,Stable
MI0003172,hsa-mir-516b-1,hsa-miR-516b-5p,chr19:53736860-53736881,+,Single miR only,hsa-miR-516b-5p,0,0.33563373,0.433710213,0,0,0,0,0,0,0.144505893,0,0,0,0.289269867,0.21762492,0,0.192335986,0.112835435,0,0,0.036126473,0.036126473,0.126723697,0.074611259,0.192335986,NA,-2.30301335,NA,0.882181233,1,1.055861967,1,-1.420832118,NA,-0.364970151,NA,1.9380432,NA,NA,NA,Stable
MI0003177,hsa-mir-522,hsa-miR-522-3p,chr19:53751264-53751285,+,Single miR only,hsa-miR-522-3p,0,0,0,0.370160339,0,0,0,0,0,0,0,0.166993445,0,0,0,0,0.092540085,0.092540085,0,0,0.041748361,0.041748361,0,0,0.092540085,NA,NA,NA,NA,NA,NA,NA,NA,NA,NA,NA,NA,NA,NA,NA,Stable
MI0003178,hsa-mir-519a-1,hsa-miR-519a-5p,chr19:53752411-53752432,+,Single miR only,hsa-miR-519a-5p,0,0,0,0,0,0,0,0,0,0,0,0.166993445,0.13472851,0,0,0,0,0,0,0,0.041748361,0.041748361,0.033682127,0.033682127,0.041748361,NA,NA,NA,NA,NA,NA,NA,NA,NA,NA,NA,NA,NA,NA,NA,Stable
MI0003180,hsa-mir-516a-1,hsa-miR-516a-5p,chr19:53756756-53756778,+,Single miR only,hsa-miR-516a-5p,0,0.11187791,0,0,0,0,0,0,0,0,0,0,0,0,0,0,0.027969477,0.027969477,0,0,0,0,0,0,0.027969477,NA,NA,NA,NA,NA,NA,NA,NA,NA,NA,NA,NA,NA,NA,NA,Stable
MI0003181,hsa-mir-516a-2,hsa-miR-516a-5p,chr19:53761148-53761170,+,Single miR only,hsa-miR-516a-5p,0,0.22375582,0,0,0,0.083254221,0,0,0,0.144505893,0,0,0,0,0,0,0.055938955,0.055938955,0.020813555,0.020813555,0.036126473,0.036126473,0,0,0.055938955,NA,NA,NA,NA,NA,NA,NA,NA,NA,NA,NA,NA,NA,NA,NA,Stable
MI0003183,hsa-mir-499a,hsa-miR-499a-5p,chr20:34990408-34990428,+,Single miR only,hsa-miR-499a-5p,0.159306926,1.118779099,0.433710213,1.295561185,0,0.499525326,0.217902024,0.191324066,0.18409385,0.144505893,0,0,0,1.012444534,0.10881246,0,0.751839356,0.271197811,0.227187854,0.102937869,0.082149936,0.048112759,0.280314249,0.24538741,0.751839356,NA,-1.835151965,1,-1.297674969,1,1.246699485,1,-3.132826934,NA,-1.886127448,1,-0.050975484,NA,NA,NA,Stable
MI0003184,hsa-mir-500a,hsa-miR-500a-5p,chrX:50008443-50008465,+,<1% RPMM,hsa-miR-500a-5p***,6.531583952,5.929529223,5.059952486,3.886683556,4.399771447,6.57708346,3.268530361,3.635157251,7.179660133,3.323635543,4.249962388,6.6797378,3.907126788,4.628317871,3.699623639,3.148322562,5.351937304,0.574267818,4.47013563,0.740789241,5.358248966,0.932372525,3.845847715,0.306041594,5.358248966,0.978328934,-0.231903034,1,0.225288379,1,-0.438945288,1,-0.006614656,1,-0.445559943,1,-0.213656909,1,NA,NA,Stable
MI0003184,hsa-mir-500a,hsa-miR-500a-3p,chrX:50008482-50008503,+,Single miR only,hsa-miR-500a-3p,843.3708645,798.0251311,603.7246166,645.7447108,759.8405288,779.0930002,681.3796292,641.8922409,762.7008188,817.9033553,711.2737052,665.6358718,705.169021,749.0643205,694.1146822,713.2161495,722.7163307,57.96018047,715.5513498,32.39398545,739.3784378,32.83536985,715.3910433,11.88764428,739.3784378,0.997263686,0.024755495,1,-0.000748173,1,-0.013449402,1,0.024007322,1,0.01055792,1,-0.014197575,1,NA,NA,Stable
MI0003185,hsa-mir-501,hsa-miR-501-5p,chrX:50009735-50009756,+,<10% RPMM,hsa-miR-501-5p**,10.83287094,5.705773404,7.08393348,2.77620254,3.959794302,5.078507482,6.101256674,3.826481317,8.836504779,4.046165009,8.32992628,3.00588201,4.850226357,3.037333603,4.243685939,5.570109147,6.599695092,1.672634048,4.741509944,0.533138134,6.05461952,1.478867708,4.425338762,0.536235705,6.599695092,0.980599834,-0.351785932,1,0.194249793,1,-0.347166673,1,-0.157536139,1,-0.504702813,1,-0.15291688,1,NA,NA,Stable
MI0003185,hsa-mir-501,hsa-miR-501-3p,chrX:50009772-50009793,+,Single miR only,hsa-miR-501-3p,525.075627,423.4578889,396.2665647,272.2529291,400.5258607,498.359767,488.4273869,378.8216504,393.2244627,543.4866642,496.2256084,275.2051974,347.4648271,559.1586528,635.2471414,428.8984044,404.2632524,52.00539748,441.5336662,30.33516086,427.0354832,59.54254206,492.6922564,64.48535936,492.6922564,0.970837113,0.165932237,1,-0.131044518,1,0.261801139,1,0.03488772,1,0.296688859,1,0.130756621,1,NA,NA,Stable
MI0003186,hsa-mir-502,hsa-miR-502-5p,chrX:50014613-50014633,+,<20% RPMM,hsa-miR-502-5p*,3.66405929,3.244459386,2.457691207,2.77620254,2.933180964,3.246914619,3.922236433,2.678536922,3.865970841,1.445058932,3.569968406,3.00588201,4.311312318,2.169524002,1.95862428,4.117037196,3.035603106,0.26455134,3.195217235,0.268770517,2.971720047,0.539246912,3.139124449,0.623434267,3.195217235,0.997263686,0.131161655,1,-0.227338124,1,0.078373672,1,-0.096176469,1,-0.017802797,1,-0.148964452,1,NA,NA,Stable
MI0003186,hsa-mir-502,hsa-miR-502-3p,chrX:50014649-50014670,+,Single miR only,hsa-miR-502-3p,27.87871199,24.05375062,23.70949165,14.99149372,20.53226675,30.13802801,19.50223115,12.81871241,18.96166651,21.0978604,21.92980592,13.3594756,17.78416331,25.60038322,25.24449072,16.22597013,22.65836199,2.724654508,20.74780958,3.566565906,18.83720211,1.929934225,21.21375184,2.451690483,22.65836199,0.978328934,-0.113173919,1,-0.167149207,1,0.204780647,1,-0.280323126,1,-0.075542479,1,0.03763144,1,NA,NA,Stable
MI0003187,hsa-mir-450a-2,hsa-miR-450a-2-3p,chrX:134540529-134540550,-,<10% RPMM,hsa-miR-450a-2-3p**,0.318613851,0.447511639,0,0.740320677,0.439977145,0.666033768,0.217902024,0.382648132,0,0,0.169998496,0,0,0.4339048,0.32643738,0,0.376611542,0.153435965,0.426640267,0.092643619,0.042499624,0.042499624,0.190085545,0.111916889,0.426640267,NA,0.221201874,1,-3.092911257,0.865871936,1.898056673,1,-2.871709382,NA,-0.973652709,1,-1.194854584,NA,NA,NA,Stable
MI0003187,hsa-mir-450a-2,hsa-miR-450a-5p,chrX:134540564-134540585,-,Single miR only,hsa-miR-450a-5p,21.50643496,31.7733264,19.80609973,18.32293676,22.43883438,34.05097639,13.83677853,5.739721976,8.65241093,9.826400735,12.23989168,7.848691915,17.78416331,31.9643203,11.20768338,14.77289817,22.85219947,3.043990421,19.01657782,6.061148146,9.641848814,0.956481622,18.93226629,4.547179496,22.85219947,0.081483369,-0.365578897,1,-0.836671873,0.41452462,0.885725266,0.315585234,-1.20225077,0.023088499,-0.316525504,1,0.049053393,1,NA,DE,Stable
MI0003188,hsa-mir-503,hsa-miR-503-3p,chrX:134546331-134546353,-,>20% RPMM,hsa-miR-503-3p,1.11514848,1.006901189,0.578280284,2.77620254,0.293318096,0.83254221,0.871608096,0.765296263,0.368187699,1.445058932,0.509995487,0.500980335,0.67364255,1.157079468,1.41456198,5.570109147,1.369133123,0.48313324,0.690691167,0.134264643,0.706055613,0.248457923,2.203848286,1.132546526,2.203848286,0.728163779,-0.806103941,1,-0.02689054,1,1.349118017,0.88244103,-0.832994481,1,0.516123536,1,1.322227476,0.869251838,NA,NA,Stable
MI0003188,hsa-mir-503,hsa-miR-503-5p,chrX:134546371-134546393,-,Single miR only,hsa-miR-503-5p,2.708217736,3.468215206,1.734840852,1.110481016,1.026613338,3.663185724,2.396922265,3.635157251,2.761407744,1.445058932,2.379978937,1.33594756,2.694570199,1.157079468,2.28506166,3.874858537,2.255438703,0.5210395,2.680469644,0.625353175,1.980598293,0.350183913,2.502892466,0.561077397,2.680469644,0.993959075,0.254963791,1,-0.476514638,1,0.337695755,1,-0.221550847,1,0.116144908,1,-0.138818883,1,NA,NA,Stable
MI0003189,hsa-mir-504,hsa-miR-504-5p,chrX:138667760-138667781,-,Single miR only,hsa-miR-504-5p,0,0,0,0.370160339,0,0,0,1.147944395,0,0,0,0.66797378,0,0,0,3.39050122,0.092540085,0.092540085,0.286986099,0.286986099,0.166993445,0.166993445,0.847625305,0.847625305,0.847625305,NA,0.106450829,1,0.226674661,1,0.448254705,1,0.33312549,NA,0.781380195,1,0.674929366,NA,NA,NA,Stable
MI0003189,hsa-mir-504,hsa-miR-504-3p,chrX:138667724-138667744,-,NA,hsa-miR-504-3p,0,0,0,0,0,0,0,0,0,0,0,0,0,0,0,0.242178659,0,0,0,0,0,0,0.060544665,0.060544665,0.060544665,NA,NA,NA,NA,NA,NA,NA,NA,NA,NA,NA,NA,NA,NA,NA,Stable
MI0003190,hsa-mir-505,hsa-miR-505-5p,chrX:139924196-139924217,-,<20% RPMM,hsa-miR-505-5p*,4.141980067,3.915726846,3.325111633,4.997164572,4.693089543,3.246914619,3.922236433,8.609582963,4.050064691,6.213753406,3.39996991,5.510783685,5.254411887,2.892698669,4.461310859,7.023181099,4.09499578,0.346527416,5.11795589,1.200781394,4.793642923,0.647188645,4.907900629,0.85901896,5.11795589,0.992535394,0.278455301,1,-0.050234468,1,0.01554888,1,0.228220832,1,0.243769712,1,-0.034685589,1,NA,NA,Stable
MI0003190,hsa-mir-505,hsa-miR-505-3p,chrX:139924160-139924181,-,Single miR only,hsa-miR-505-3p,38.39296908,29.20013448,31.66084555,29.24266675,26.69194678,27.22413027,23.96922265,25.82874889,25.77313894,25.57754309,33.31970512,27.05293809,33.9515845,21.83987495,17.62761852,28.57708171,32.12415397,2.167286249,25.92851215,0.713572398,27.93083131,1.82583906,25.49903992,3.608654116,32.12415397,0.893973937,-0.268239123,1,0.062715099,1,-0.138469966,1,-0.205524024,1,-0.343993991,0.972720231,-0.075754867,1,NA,NA,Stable
MI0003195,hsa-mir-508,hsa-miR-508-3p,chrX:147236945-147236967,-,Single miR only,hsa-miR-508-3p,0.159306926,0,0,0,0,0,0,0,0,0,0,0,0,0,0,0,0.039826731,0.039826731,0,0,0,0,0,0,0.039826731,NA,NA,NA,NA,NA,NA,NA,NA,NA,NA,NA,NA,NA,NA,NA,Stable
MI0003196,hsa-mir-509-1,hsa-miR-509-3p,chrX:147260550-147260571,-,Single miR only,hsa-miR-509-3p,0,0,0,0.185080169,0,0,0,0,0,0,0,0,0,0,0,0,0.046270042,0.046270042,0,0,0,0,0,0,0.046270042,NA,NA,NA,NA,NA,NA,NA,NA,NA,NA,NA,NA,NA,NA,NA,Stable
MI0003198,hsa-mir-514a-1,hsa-miR-514a-3p,chrX:147279266-147279286,-,Single miR only,hsa-miR-514a-3p,0.159306926,0,0,0,0,0,0,0,0,0,0,0,0,0,0,0,0.039826731,0.039826731,0,0,0,0,0,0,0.039826731,NA,NA,NA,NA,NA,NA,NA,NA,NA,NA,NA,NA,NA,NA,NA,Stable
MI0003205,hsa-mir-532,hsa-miR-532-3p,chrX:50003204-50003225,+,<20% RPMM,hsa-miR-532-3p*,38.87088986,15.66290738,29.34772442,15.91689456,21.41222104,16.15131888,26.36614491,17.98446219,26.50951434,20.37533094,42.66962237,12.85849527,19.13144841,18.80254135,20.45674248,21.31172196,24.94960406,5.634552904,20.47853675,2.245011482,25.60324073,6.336680861,19.92561355,0.584193453,25.60324073,0.992535394,-0.199139977,1,0.204522894,1,-0.218198275,1,0.005382917,1,-0.212815358,1,-0.013675381,1,NA,NA,Stable
MI0003205,hsa-mir-532,hsa-miR-532-5p,chrX:50003167-50003188,+,Single miR only,hsa-miR-532-5p,260.7854373,214.693709,283.0681991,166.9423127,218.6686409,209.4676201,242.1980997,130.4830129,264.7269557,184.8230374,247.347811,172.1702418,256.5230829,181.0829367,228.3973535,164.9236665,231.3724145,25.76657602,200.2043434,24.24059624,217.2670115,22.81014192,207.7317599,21.11546155,231.3724145,0.967009342,-0.17726964,1,0.078845471,1,-0.038400809,1,-0.098424168,1,-0.136824978,1,0.040444662,1,NA,NA,Stable
MI0003513,hsa-mir-455,hsa-miR-455-5p,chr9:114209449-114209470,+,<10% RPMM,hsa-miR-455-5p**,7.168811655,20.69741333,13.73415675,9.809248974,6.746316218,23.81070721,10.02349311,7.270314502,7.916035532,10.25991841,8.839921767,13.3594756,11.72138036,17.64546188,9.140246639,5.08575183,12.85240768,2.942301731,11.96270776,4.014192941,10.09383783,1.190486636,10.89821018,2.631193053,12.85240768,0.997263686,-0.141004321,1,-0.084602852,1,0.039260166,1,-0.225607173,1,-0.186347007,1,-0.045342686,1,NA,NA,Stable
MI0003513,hsa-mir-455,hsa-miR-455-3p,chr9:114209487-114209507,+,Single miR only,hsa-miR-455-3p,68.34267111,116.68866,94.2596863,109.1972999,78.90256794,118.7205192,112.4374444,159.1816228,100.8834296,267.6249141,163.7085512,139.1055397,80.16346341,129.0143607,122.5228299,187.9306391,97.12207933,10.66579292,117.3105386,16.46737935,167.8306086,35.68723995,129.9078233,22.16695155,167.8306086,0.07573713,0.300671932,1,0.445070439,0.715970495,-0.339058055,1,0.745742371,0.023088499,0.406684316,0.870861291,0.106012384,1,NA,DE,Stable
MI0003514,hsa-mir-539,hsa-miR-539-3p,chr14:101047369-101047390,+,>20% RPMM,hsa-miR-539-3p,0.477920777,14.09661664,5.782802841,8.32860762,0.733295241,22.81165656,3.922236433,2.104564724,1.656844646,1.011541252,1.699984955,15.69738383,1.751470629,15.76520775,6.419935139,5.08575183,7.17148697,2.828848723,7.392938239,5.180897484,5.016438671,3.563793977,7.255591337,3.001602919,7.392938239,0.997263686,-0.120899285,1,0.080216376,1,0.346968172,1,-0.04068291,1,0.306285262,1,0.427184548,1,NA,NA,Stable
MI0003514,hsa-mir-539,hsa-miR-539-5p,chr14:101047329-101047350,+,Single miR only,hsa-miR-539-5p,3.026831588,9.28586652,11.42103561,12.03021101,0.439977145,10.90630295,7.081815782,8.226934832,1.104563097,6.502765193,10.36990823,13.52646905,1.482013609,7.231746674,9.357871559,11.38239695,8.940986181,2.057306536,6.663757678,2.223977854,7.87592639,2.675280518,7.363507199,2.135772533,8.940986181,0.959058619,-0.58241982,1,0.199926511,1,-0.004879727,1,-0.382493309,1,-0.387373036,1,0.195046783,1,NA,NA,Stable
MI0003515,hsa-mir-544a,hsa-miR-544a,chr14:101048712-101048733,+,Single miR only,hsa-miR-544a,0,0,0,0,0,0.499525326,0,0,0,0.289011786,0,0.500980335,0,0,0,0,0,0,0.124881332,0.124881332,0.19749803,0.121958743,0,0,0.19749803,NA,1.425906784,NA,0.756370827,1,-2.192116139,1,2.182277611,NA,0,NA,-1.435745312,NA,NA,NA,Stable
MI0003516,hsa-mir-545,hsa-miR-545-5p,chrX:74287164-74287185,-,Single miR only,hsa-miR-545-5p,0.318613851,0.447511639,0,0.185080169,0.586636193,1.248813315,0.435804048,0.573972198,1.104563097,0,0.339996991,0,0.943099569,0.723174667,0.87049968,0,0.237801415,0.095672214,0.711306438,0.182395763,0.361140022,0.260443392,0.634193479,0.216291203,0.711306438,NA,1.751296172,1,-1.462084053,1,1.114685148,1,0.289212118,1,1.403897266,1,-0.347398906,1,NA,NA,Stable
MI0003516,hsa-mir-545,hsa-miR-545-3p,chrX:74287126-74287147,-,NA,hsa-miR-545-3p,0,0.11187791,0,0,0,0.416271105,0,0,0,0,0,0,0,0,0,0,0.027969477,0.027969477,0.104067776,0.104067776,0,0,0,0,0.104067776,NA,NA,NA,NA,NA,NA,NA,NA,NA,NA,NA,NA,NA,NA,NA,Stable
MI0003529,hsa-mir-376a-2,hsa-miR-376a-3p,chr14:101040118-101040138,+,Single miR only,hsa-miR-376a-3p,3.026831588,11.41154681,14.31243703,14.43625321,2.053226675,13.23742114,13.94572954,6.313694173,2.577313894,6.936282872,11.72989619,20.87418063,2.290384669,15.47593788,13.6015575,15.25725549,10.79676716,2.682592747,8.887517882,2.855393556,10.5294184,3.922178831,11.65628388,3.149879769,11.65628388,0.992535394,-0.256542051,1,0.158593058,1,0.167588353,1,-0.097948993,1,0.06963936,1,0.326181411,1,NA,NA,Stable
MI0003529,hsa-mir-376a-2,hsa-miR-376a-2-5p,chr14:101040080-101040100,+,<10% RPMM,hsa-miR-376a-2-5p**,0,0,0.289140142,0,0,0.166508442,0,0,0,0,0,0,0,1.446349335,0.65287476,0,0.072285036,0.072285036,0.041627111,0.041627111,0,0,0.524806024,0.343570274,0.524806024,NA,-0.524228705,NA,-0.707513401,1,3.13081989,1,-1.231742106,NA,1.899077784,NA,2.423306489,NA,NA,NA,Stable
MI0003530,hsa-mir-487b,hsa-miR-487b-5p,chr14:101046469-101046490,+,<10% RPMM,hsa-miR-487b-5p**,0.796534628,0.783145369,0.578280284,1.110481016,0.733295241,1.165559094,1.08951012,1.339268461,0.18409385,3.757153222,1.019990973,1.168954115,0.13472851,2.169524002,1.74099936,1.69525061,0.817110324,0.109804041,1.081908229,0.127416823,1.53254804,0.772555942,1.43512562,0.446430041,1.53254804,0.992535394,0.400760426,1,0.188393299,1,0.022940221,1,0.589153725,1,0.612093946,1,0.211333521,1,NA,NA,Stable
MI0003530,hsa-mir-487b,hsa-miR-487b-3p,chr14:101046505-101046526,+,Single miR only,hsa-miR-487b-3p,26.60425659,90.39735118,150.642014,131.5920004,23.17212962,86.41788141,132.1575776,97.19262545,23.0117312,80.20077071,134.8088069,137.9365856,30.04445771,97.77321503,131.771889,113.0974336,99.80890554,27.44945054,84.73505352,22.72464227,93.98947361,27.11938862,93.17174884,22.16083653,99.80890554,0.978328934,-0.186085877,1,0.068723482,1,0.099928518,1,-0.117362395,1,-0.017433877,1,0.168652001,1,NA,NA,Stable
MI0003556,hsa-mir-551a,hsa-miR-551a,chr1:3560710-3560730,-,Single miR only,hsa-miR-551a,0,0,0,0,0.293318096,0.249762663,0.326853036,0,0,0.144505893,0.169998496,0,0,0.144634933,0,0.242178659,0,0,0.217483449,0.074192092,0.078626097,0.045692075,0.096703398,0.059275893,0.217483449,NA,3.034607332,NA,-1.533713325,1,0.028933064,1,1.500894007,NA,1.529827072,NA,-1.504780261,NA,NA,NA,Stable
MI0003557,hsa-mir-552,hsa-miR-552-5p,chr1:34669650-34669670,-,Single miR only,hsa-miR-552-5p,0,0,0,0,0,0,0.108951012,0,0,0,0,0,0,0,0,0,0,0,0.027237753,0.027237753,0,0,0,0,0.027237753,NA,NA,NA,NA,NA,NA,NA,NA,NA,NA,NA,NA,NA,NA,NA,Stable
MI0003560,hsa-mir-92b,hsa-miR-92b-3p,chr1:155195237-155195258,+,Single miR only,hsa-miR-92b-3p,3438.63999,5534.488324,5909.157083,16411.42877,4768.765612,6544.114788,8219.918054,25412.04507,5425.245747,12975.03964,9167.508868,14791.61138,6440.022775,8443.498146,9299.98333,21066.39497,7823.428543,2913.814813,11236.21088,4777.516017,10589.85141,2082.468882,11312.47481,3306.066349,11312.47481,0.223223989,0.510829686,0.64484503,0.109391987,1,0.026197331,1,0.620221673,0.267154189,0.646419004,0.205450307,0.135589318,1,NA,NA,Stable
MI0003560,hsa-mir-92b,hsa-miR-92b-5p,chr1:155195196-155195217,+,<1% RPMM,hsa-miR-92b-5p***,5.735049324,7.495819962,6.071942983,19.80357812,5.866361929,8.824947427,6.646011734,25.25477669,7.179660133,9.826400735,11.2199007,20.20620685,10.10463824,9.545905609,7.181622359,24.46004452,9.776597597,3.364036059,11.64802445,4.578584417,12.1080421,2.826421523,12.82305268,3.930381502,12.82305268,0.835774355,0.237796522,1,0.151074468,1,0.050311562,1,0.388870991,1,0.439182553,0.905874565,0.201386031,1,NA,NA,Stable
MI0003567,hsa-mir-561,hsa-miR-561-3p,chr2:188297552-188297573,+,<10% RPMM,hsa-miR-561-3p**,0,0.783145369,0.722850355,0,0.293318096,1.248813315,0.326853036,0.573972198,0.18409385,0.289011786,0.169998496,0.33398689,0.13472851,1.012444534,0.10881246,0.242178659,0.376498931,0.217719913,0.610739161,0.221705116,0.244272755,0.039987887,0.374541041,0.214585336,0.610739161,NA,0.784557193,1,-1.197891954,1,0.317474859,1,-0.41333476,1,-0.095859901,1,-0.880417094,1,NA,NA,Stable
MI0003567,hsa-mir-561,hsa-miR-561-5p,chr2:188297517-188297538,+,Single miR only,hsa-miR-561-5p,7.32811858,25.84379718,8.818774332,7.958447281,7.039634314,28.55619781,6.754962746,5.931046041,8.65241093,10.25991841,6.119945838,9.01764603,7.814253576,18.22400162,5.875872839,5.327930489,12.48728434,4.462638956,12.07046023,5.500270243,8.512480303,0.868549275,9.31051463,3.018647436,12.48728434,0.986346122,-0.117305459,1,-0.222489194,1,-0.03632705,1,-0.339794653,1,-0.376121704,1,-0.258816245,1,NA,NA,Stable
MI0003570,hsa-mir-564,hsa-miR-564,chr3:44861903-44861921,+,Single miR only,hsa-miR-564,0,0,0,0,0,0,0,0,0,0,0,0,0,0,0.10881246,0,0,0,0,0,0,0,0.027203115,0.027203115,0.027203115,NA,NA,NA,NA,NA,NA,NA,NA,NA,NA,NA,NA,NA,NA,NA,Stable
MI0003575,hsa-mir-551b,hsa-miR-551b-5p,chr3:168551875-168551896,+,NA,hsa-miR-551b-5p,0,0.11187791,0,0.185080169,0,0,0,0.191324066,0,0,0,0.166993445,0,0,0.32643738,0,0.07423952,0.045392098,0.047831016,0.047831016,0.041748361,0.041748361,0.081609345,0.081609345,0.081609345,NA,NA,NA,NA,NA,NA,NA,NA,NA,NA,NA,NA,NA,NA,NA,Stable
MI0003575,hsa-mir-551b,hsa-miR-551b-3p,chr3:168551914-168551934,+,Single miR only,hsa-miR-551b-3p,0,0.22375582,0,0.370160339,0,0.249762663,0.217902024,0.382648132,0,0.289011786,0.169998496,0,0,0.578539734,0.32643738,0,0.14847904,0.090784196,0.212578205,0.079332791,0.11475257,0.070565981,0.226244278,0.140393403,0.226244278,NA,0.524754597,NA,-0.820631917,1,0.819966449,1,-0.29587732,NA,0.524089129,NA,-0.000665468,NA,NA,NA,Stable
MI0003579,hsa-mir-572,hsa-miR-572,chr4:11368887-11368906,+,Single miR only,hsa-miR-572,0,0,0,0,0,0,0,0,0,0,0.169998496,0,0,0,0,0,0,0,0,0,0.042499624,0.042499624,0,0,0.042499624,NA,NA,NA,NA,NA,NA,NA,NA,NA,NA,NA,NA,NA,NA,NA,Stable
MI0003580,hsa-mir-573,hsa-miR-573,chr4:24520252-24520275,-,Single miR only,hsa-miR-573,0,0,0.144570071,0,0,0,0,0,0,0.144505893,0,0,0,0.144634933,0.10881246,0,0.036142518,0.036142518,0,0,0.036126473,0.036126473,0.063361848,0.03730563,0.063361848,NA,NA,NA,NA,NA,NA,NA,NA,NA,NA,NA,NA,NA,NA,NA,Stable
MI0003581,hsa-mir-574,hsa-miR-574-5p,chr4:38868056-38868078,+,>20% RPMM,hsa-miR-574-5p,274.1672191,202.8346506,155.5573964,195.0744985,237.0010219,198.3948087,146.1033071,186.9236123,237.6651598,186.8461199,148.0686896,204.0659898,312.570143,186.1451594,152.337444,214.5702915,206.9084411,24.69364117,192.1056875,18.70431546,194.1614898,18.63851141,216.4057595,34.48600027,216.4057595,0.950666237,-0.065357351,1,-0.031365659,1,0.155246855,1,-0.09672301,1,0.058523845,1,0.123881196,1,NA,NA,Stable
MI0003581,hsa-mir-574,hsa-miR-574-3p,chr4:38868092-38868113,+,Single miR only,hsa-miR-574-3p,846.7163099,365.3932537,695.0929015,417.1707017,536.3321393,366.2353182,631.4800657,609.5584738,652.9808844,803.0192483,1087.990371,387.0908055,577.311665,351.4628883,625.2363951,629.906691,581.0932917,114.3636819,535.9014993,60.10228137,732.7703274,146.3377593,545.9794099,65.91904478,732.7703274,0.970837113,-0.037873524,1,0.393130614,1,-0.396780541,1,0.355257091,1,-0.041523451,1,-0.003649927,1,NA,NA,Stable
MI0003583,hsa-mir-576,hsa-miR-576-3p,chr4:109488752-109488773,+,>20% RPMM,hsa-miR-576-3p,1.752376182,3.915726846,4.192532059,4.441924064,2.786521916,3.746439945,3.159579349,2.487212856,2.209126195,4.768694475,2.889974424,4.842809905,1.751470629,3.615873337,3.2643738,4.117037196,3.575639788,0.617181355,3.044938517,0.271275356,3.67765125,0.666143793,3.18718874,0.509544949,3.67765125,0.997263686,-0.135202852,1,0.171981505,1,-0.186425084,1,0.036778654,1,-0.14964643,1,-0.014443579,1,NA,NA,Stable
MI0003583,hsa-mir-576,hsa-miR-576-5p,chr4:109488713-109488734,+,Single miR only,hsa-miR-576-5p,8.921187837,11.2996689,15.61356767,14.06609287,9.826156231,11.23931984,13.72782752,18.74975845,11.04563097,14.59509521,12.06989318,16.6993445,9.700452715,11.86006454,11.75174568,17.67904208,12.47512932,1.48304775,13.38576551,1.961450865,13.60249097,1.273517242,12.74782625,1.717160261,13.60249097,0.997263686,0.11039434,1,0.006557232,1,-0.090753909,1,0.116951572,1,0.026197663,1,-0.084196677,1,NA,NA,Stable
MI0003584,hsa-mir-577,hsa-miR-577,chr4:114656774-114656794,+,Single miR only,hsa-miR-577,0,0.11187791,0,0,0,0,0.108951012,0,0,0,0,0,0,0,0,0,0.027969477,0.027969477,0.027237753,0.027237753,0,0,0,0,0.027969477,NA,NA,NA,NA,NA,NA,NA,NA,NA,NA,NA,NA,NA,NA,NA,Stable
MI0003585,hsa-mir-578,hsa-miR-578,chr4:165386302-165386322,+,Single miR only,hsa-miR-578,0,0,0,0,0,0,0,0,0,0,0.339996991,0,0,0,0,0,0,0,0,0,0.084999248,0.084999248,0,0,0.084999248,NA,NA,NA,NA,NA,NA,NA,NA,NA,NA,NA,NA,NA,NA,NA,Stable
MI0003586,hsa-mir-579,hsa-miR-579-5p,chr5:32394430-32394451,-,Single miR only,hsa-miR-579-5p,0.637227703,0.559389549,0.578280284,1.295561185,0.586636193,1.165559094,0.54475506,0.382648132,0.552281549,0.867035359,0.339996991,1.836927895,0,0.867809601,0.43524984,0.484357317,0.76761468,0.176761019,0.66989962,0.170974094,0.899060448,0.330835874,0.446854189,0.177581735,0.899060448,NA,-0.073437075,1,0.215667524,1,-0.937347856,1,0.142230449,1,-0.795117406,1,-0.721680331,1,NA,NA,Stable
MI0003586,hsa-mir-579,hsa-miR-579-3p,chr5:32394392-32394414,-,NA,hsa-miR-579-3p,0,0.22375582,0,0,0,0.333016884,0,0,0,0,0,0,0,0,0,0,0.055938955,0.055938955,0.083254221,0.083254221,0,0,0,0,0.083254221,NA,NA,NA,NA,NA,NA,NA,NA,NA,NA,NA,NA,NA,NA,NA,Stable
MI0003587,hsa-mir-580,hsa-miR-580-3p,chr5:36147907-36147928,-,Single miR only,hsa-miR-580-3p,0,0.11187791,0,0,0.293318096,1.748338641,0.108951012,0.191324066,0,0,0.169998496,0.33398689,0.13472851,1.012444534,0.10881246,0.242178659,0.027969477,0.027969477,0.585482954,0.389448068,0.125996346,0.080076221,0.374541041,0.214585336,0.585482954,NA,3.252340064,0.686430563,-1.571612426,1,1.008831853,1,1.680727638,NA,2.689559491,1,-0.562780573,NA,NA,NA,Stable
MI0003587,hsa-mir-580,hsa-miR-580-5p,chr5:36147946-36147967,-,NA,hsa-miR-580-5p,0,0,0,0,0,0,0,0,0,0,0,0.33398689,0,0,0,0,0,0,0,0,0.083496723,0.083496723,0,0,0.083496723,NA,NA,NA,NA,NA,NA,NA,NA,NA,NA,NA,NA,NA,NA,NA,Stable
MI0003588,hsa-mir-581,hsa-miR-581,chr5:53951564-53951584,-,Single miR only,hsa-miR-581,0.318613851,0,0.144570071,0.185080169,0,0.083254221,0,0,0.18409385,0,0.169998496,0.166993445,0,0,0,0,0.162066023,0.065579708,0.020813555,0.020813555,0.130271448,0.043583487,0,0,0.162066023,NA,NA,NA,NA,NA,NA,NA,NA,NA,NA,NA,NA,NA,NA,NA,Stable
MI0003589,hsa-mir-582,hsa-miR-582-3p,chr5:59703630-59703651,-,Single miR only,hsa-miR-582-3p,0.159306926,1.678168648,0.289140142,0.555240508,0,1.332067536,0.217902024,0.191324066,0,0.867035359,0.339996991,1.00196067,0.26945702,1.880254135,0.32643738,0.484357317,0.670464056,0.345860587,0.435323407,0.302828917,0.552248255,0.232980849,0.740126463,0.382750718,0.740126463,NA,-0.720475777,1,0.563354074,1,0.408240452,1,-0.157121703,1,0.251118749,1,0.971594526,1,NA,NA,Stable
MI0003589,hsa-mir-582,hsa-miR-582-5p,chr5:59703666-59703688,-,NA,hsa-miR-582-5p,0,0.559389549,0,0.555240508,0,0.499525326,0.108951012,0.382648132,0,0.43351768,0,0.33398689,0,1.012444534,0,0,0.278657514,0.16088522,0.247781117,0.116273219,0.191876142,0.112627337,0.253111134,0.253111134,0.278657514,NA,0.189773289,NA,-0.512348861,1,-0.092947479,1,-0.322575573,NA,-0.415523052,1,-0.60529634,NA,NA,NA,Stable
MI0003590,hsa-mir-583,hsa-miR-583,chr5:96079153-96079173,+,Single miR only,hsa-miR-583,0.159306926,0.11187791,0.578280284,2.035881863,0,0.749287989,0.326853036,0.382648132,0.18409385,0.578023573,0.339996991,0.834967225,0.67364255,0,1.0881246,1.69525061,0.721336746,0.45053779,0.364697289,0.153478701,0.48427041,0.142214245,0.86425444,0.356363709,0.86425444,NA,-0.414512264,1,0.218928295,1,0.872962005,1,-0.195583969,1,0.677378036,1,1.091890301,1,NA,NA,Stable
MI0003591,hsa-mir-584,hsa-miR-584-5p,chr5:149062373-149062394,-,Single miR only,hsa-miR-584-5p,119.3208873,66.23172265,61.15314004,53.6732491,118.2071929,73.92974826,59.05144852,41.51732229,127.9452255,81.06780607,59.49947343,39.41045302,107.5133509,58.14324326,57.12654149,40.20165733,75.09474978,14.96594374,73.17642798,16.40668384,76.98073949,18.99825437,65.74619825,14.51758135,76.98073949,0.970837113,-0.029989534,1,0.006517556,1,-0.171356453,1,-0.023471978,1,-0.194828431,1,-0.164838897,1,NA,NA,Stable
MI0003591,hsa-mir-584,hsa-miR-584-3p,chr5:149062334-149062355,-,<1% RPMM,hsa-miR-584-3p***,0.318613851,0.33563373,0.144570071,0,0,0.416271105,0.217902024,0,0,0.144505893,0.509995487,0,0.80837106,0,0.21762492,0,0.199704413,0.079339924,0.158543282,0.100091223,0.163625345,0.120375917,0.256498995,0.190975007,0.256498995,NA,-0.245026019,NA,-0.134308219,1,0.729566396,1,-0.379334238,NA,0.350232157,1,0.595258176,NA,NA,NA,Stable
MI0003592,hsa-mir-585,hsa-miR-585-5p,chr5:169263649-169263670,-,>20% RPMM,hsa-miR-585-5p,7.487425506,1.118779099,6.794793338,1.850801693,3.959794302,1.165559094,6.537060722,2.869860988,4.41825239,1.300553039,8.159927785,1.33594756,3.907126788,1.301714401,4.461310859,5.327930489,4.312949909,1.645745604,3.633068776,1.125870365,3.803670193,1.625575333,3.749520634,0.86672843,4.312949909,0.997263686,-0.130914247,1,-0.077757418,1,0.202030164,1,-0.208671666,1,-0.006641502,1,0.124272746,1,NA,NA,Stable
MI0003592,hsa-mir-585,hsa-miR-585-3p,chr5:169263616-169263634,-,Single miR only,hsa-miR-585-3p,9.717722465,1.342534918,8.240494048,4.256843895,6.306339073,1.082304873,9.587689059,3.061185054,7.547847832,0.722529466,8.839921767,3.3398689,7.948982086,1.880254135,5.658247919,2.663965244,5.889398832,1.904444749,5.009379515,1.86771695,5.112541991,1.87613642,4.537862346,1.398373265,5.889398832,0.992535394,-0.221623774,1,-0.061804119,1,-0.004117014,1,-0.283427894,1,-0.287544908,1,-0.065921134,1,NA,NA,Stable
MI0003594,hsa-mir-586,hsa-miR-586,chr6:45197734-45197755,-,Single miR only,hsa-miR-586,0,0,0,0,0,0.166508442,0,0,0,0.289011786,0.169998496,0,0,0,0,0,0,0,0.041627111,0.041627111,0.11475257,0.070565981,0,0,0.11475257,NA,NA,NA,NA,NA,NA,NA,NA,NA,NA,NA,NA,NA,NA,NA,Stable
MI0003596,hsa-mir-548b,hsa-miR-548b-3p,chr6:119069062-119069083,-,NA,hsa-miR-548b-3p,0,0,0,0.185080169,0,0,0,0.191324066,0,0,0,0,0,0,0,0,0.046270042,0.046270042,0.047831016,0.047831016,0,0,0,0,0.047831016,NA,NA,NA,NA,NA,NA,NA,NA,NA,NA,NA,NA,NA,NA,NA,Stable
MI0003596,hsa-mir-548b,hsa-miR-548b-5p,chr6:119069098-119069119,-,Single miR only,hsa-miR-548b-5p,0,0,0.144570071,0.370160339,0,0,0,0,0,0,0,0,0,0,0,0,0.128682602,0.087408206,0,0,0,0,0,0,0.128682602,NA,NA,NA,NA,NA,NA,NA,NA,NA,NA,NA,NA,NA,NA,NA,Stable
MI0003597,hsa-mir-588,hsa-miR-588,chr6:126484646-126484666,+,Single miR only,hsa-miR-588,0,0.22375582,0.144570071,0,0,0,0.108951012,0.191324066,0,0.144505893,0,0,0,0,0,0,0.092081473,0.055566163,0.075068769,0.046488297,0.036126473,0.036126473,0,0,0.092081473,NA,NA,NA,NA,NA,NA,NA,NA,NA,NA,NA,NA,NA,NA,NA,Stable
MI0003599,hsa-mir-589,hsa-miR-589-3p,chr7:5495834-5495857,-,<10% RPMM,hsa-miR-589-3p**,4.938514696,6.265162953,4.337102131,7.033046434,5.426384784,7.326371449,4.358040481,7.8442867,7.547847832,7.658812338,9.349917253,8.68365914,4.446040828,3.181968536,4.787748239,11.14021829,5.643456553,0.613798541,6.238770853,0.814333779,8.310059141,0.430694239,5.888993975,1.784147778,8.310059141,0.75864633,0.170705144,1,0.392169358,1,-0.585418162,0.905874565,0.562874502,0.959015515,-0.02254366,1,-0.193248804,1,NA,NA,Stable
MI0003599,hsa-mir-589,hsa-miR-589-5p,chr7:5495873-5495894,-,Single miR only,hsa-miR-589-5p,268.9100905,249.7114948,205.8677811,278.1754945,255.1867439,243.352088,187.1778387,295.7870058,255.1540755,386.5532642,212.4981194,223.1032425,218.7991001,235.1764018,200.4325513,270.997919,250.6662152,16.06603721,245.3759191,22.4139882,269.3271754,40.11340823,231.351493,15.00003484,269.3271754,0.992535394,-0.001954091,1,0.079267275,1,-0.17747434,1,0.077313184,1,-0.100161156,1,-0.098207065,1,NA,NA,Stable
MI0003600,hsa-mir-550a-1,hsa-miR-550a-3p,chr7:30289854-30289875,+,<20% RPMM,hsa-miR-550a-3p*,0,2.013802378,0,0,0,2.081355525,0,0,0,2.456600184,3.909965397,0,0,0,0,0,0.503450594,0.503450594,0.520338881,0.520338881,1.591641395,0.965635565,0,0,1.591641395,NA,-0.043390348,1,7.927135399,0.955834698,-28.29595667,1.15E-08,7.883745052,0.960053863,-20.41221162,0.000337363,-20.36882128,0.000337363,NA,DE,Stable
MI0003600,hsa-mir-550a-1,hsa-miR-550a-5p,chr7:30289815-30289837,+,Single miR only,hsa-miR-550a-5p,2.389603885,5.146383854,4.337102131,5.737485249,2.639862868,4.245965272,3.050628337,4.974425712,3.865970841,6.213753406,2.549977433,5.00980335,4.850226357,7.665651474,5.984685299,5.812287806,4.40264378,0.72981598,3.727720547,0.537334436,4.409876258,0.783631611,6.078212734,0.585048128,6.078212734,0.500874506,-0.213721873,1,0.2118323,1,0.53441016,1,-0.001889573,1,0.532520587,0.996776275,0.74624246,0.396753533,NA,NA,Stable
MI0003601,hsa-mir-550a-2,hsa-miR-550a-3p,chr7:32733041-32733062,+,<20% RPMM,hsa-miR-550a-3p*,0,1.454412828,0,0,0,1.914847083,0,0,0,4.913200368,3.39996991,0,0,0,0,0,0.363603207,0.363603207,0.478711771,0.478711771,2.078292569,1.239022909,0,0,2.078292569,NA,0.17424067,1,3.312988624,1,-4.5187066,1,3.487229295,1,-1.031477306,1,-1.205717976,1,NA,NA,Stable
MI0003601,hsa-mir-550a-2,hsa-miR-550a-5p,chr7:32733002-32733024,+,Single miR only,hsa-miR-550a-5p,2.389603885,4.139482665,4.481672202,4.441924064,2.786521916,4.329219493,3.486432385,6.887666371,3.129595443,4.479682688,3.569968406,3.172875455,5.523868907,8.678096008,5.440622999,5.08575183,3.863170704,0.497095482,4.372460041,0.895748168,3.588030498,0.313300478,6.182084936,0.837408288,6.182084936,0.388108097,0.175020406,1,-0.282050035,1,0.831408373,0.396753533,-0.107029629,1,0.724378745,0.640511989,0.549358338,1,NA,NA,Stable
MI0003602,hsa-mir-590,hsa-miR-590-5p,chr7:74191213-74191234,+,<20% RPMM,hsa-miR-590-5p*,0,0.11187791,0.144570071,0.370160339,0.439977145,0.666033768,0.326853036,0.382648132,0.736375398,0.144505893,0,1.66993445,1.077828079,1.590984268,0.43524984,0.242178659,0.15665208,0.077608178,0.45387802,0.07439329,0.637703935,0.379159873,0.836560212,0.308451142,0.836560212,NA,1.766876235,1,0.075194656,1,0.815869103,1,1.84207089,1,2.657939993,0.633927322,0.891063759,1,NA,NA,Stable
MI0003602,hsa-mir-590,hsa-miR-590-3p,chr7:74191253-74191273,+,Single miR only,hsa-miR-590-3p,2.070990034,9.957133979,1.44570071,1.850801693,1.319931434,13.40392958,2.832726313,1.147944395,3.129595443,1.300553039,0.169998496,4.842809905,4.311312318,7.521016541,2.06743674,0.484357317,3.831156604,2.046093647,4.676132931,2.933780059,2.36073922,1.027746501,3.596030729,1.525785382,4.676132931,0.997263686,0.277856237,1,-0.37403764,1,0.225324901,1,-0.096181403,1,0.129143498,1,-0.148712739,1,NA,NA,Stable
MI0003604,hsa-mir-592,hsa-miR-592,chr7:127058148-127058169,-,Single miR only,hsa-miR-592,0,0,0,0,0,0,0,0,0,0,0,0.166993445,0,0.289269867,0,0,0,0,0,0,0.041748361,0.041748361,0.072317467,0.072317467,0.072317467,NA,NA,NA,NA,NA,NA,NA,NA,NA,NA,NA,NA,NA,NA,NA,Stable
MI0003609,hsa-mir-597,hsa-miR-597-3p,chr8:9741729-9741751,+,Single miR only,hsa-miR-597-3p,0.796534628,0.671267459,1.011990497,0.370160339,1.173272386,0.83254221,0.980559108,0.765296263,0.920469248,0.867035359,1.52998646,0.66797378,0.67364255,1.157079468,1.6321869,1.210893293,0.712488231,0.134056251,0.937917492,0.090421362,0.996366212,0.185983641,1.168450553,0.196175314,1.168450553,NA,0.427569012,1,0.019946117,1,0.262265375,1,0.447515129,1,0.709780505,1,0.282211492,1,NA,NA,Stable
MI0003609,hsa-mir-597,hsa-miR-597-5p,chr8:9741687-9741708,+,<1% RPMM,hsa-miR-597-5p***,0,0,0,0,0,0,0,0,0,0,0,0,0,0,0.10881246,0,0,0,0,0,0,0,0.027203115,0.027203115,0.027203115,NA,NA,NA,NA,NA,NA,NA,NA,NA,NA,NA,NA,NA,NA,NA,Stable
MI0003610,hsa-mir-598,hsa-miR-598-3p,chr8:11035221-11035242,-,Single miR only,hsa-miR-598-3p,0,0.783145369,0.144570071,1.110481016,0.146659048,0.416271105,0.326853036,0.382648132,0.18409385,0.722529466,0.339996991,0.33398689,0.26945702,0,0.32643738,0,0.509549114,0.262809193,0.31810783,0.060050425,0.395151799,0.114929251,0.1489736,0.086792816,0.509549114,NA,-0.454856559,1,0.255319152,1,-0.936408088,1,-0.199537407,NA,-1.135945495,1,-0.681088936,NA,NA,NA,Stable
MI0003610,hsa-mir-598,hsa-miR-598-5p,chr8:11035257-11035279,-,NA,hsa-miR-598-5p,0,0,0,0,0,0,0,0,0,0,0,0.166993445,0,0,0,0,0,0,0,0,0.041748361,0.041748361,0,0,0.041748361,NA,NA,NA,NA,NA,NA,NA,NA,NA,NA,NA,NA,NA,NA,NA,Stable
MI0003612,hsa-mir-548a-3,hsa-miR-548a-5p,chr8:104484420-104484441,-,NA,hsa-miR-548a-5p,0,0.11187791,0,0,0,0.166508442,0,0,0,0,0,0,0.26945702,0,0,0,0.027969477,0.027969477,0.041627111,0.041627111,0,0,0.067364255,0.067364255,0.067364255,NA,NA,NA,NA,NA,NA,NA,NA,NA,NA,NA,NA,NA,NA,NA,Stable
MI0003612,hsa-mir-548a-3,hsa-miR-548a-3p,chr8:104484384-104484405,-,Single miR only,hsa-miR-548a-3p,0,0.22375582,0,0.185080169,0,0.083254221,0,0,0,0,0,0,0.13472851,0,0,0,0.102208997,0.059536137,0.020813555,0.020813555,0,0,0.033682127,0.033682127,0.102208997,NA,NA,NA,NA,NA,NA,NA,NA,NA,NA,NA,NA,NA,NA,NA,Stable
MI0003615,hsa-mir-602,hsa-miR-602,chr9:137838434-137838456,+,Single miR only,hsa-miR-602,0.318613851,0,0,0,0,0,0.108951012,0,0,0,0,0,0,0,0,0,0.079653463,0.079653463,0.027237753,0.027237753,0,0,0,0,0.079653463,NA,NA,NA,NA,NA,NA,NA,NA,NA,NA,NA,NA,NA,NA,NA,Stable
MI0003618,hsa-mir-605,hsa-miR-605-5p,chr10:51299588-51299610,+,>20% RPMM,hsa-miR-605-5p,3.186138513,1.678168648,1.590270781,2.406042201,1.759908579,0.999050652,1.525314168,2.678536922,1.656844646,0.722529466,1.699984955,1.00196067,1.212556589,1.301714401,1.74099936,0.726535976,2.215155036,0.37171691,1.74070258,0.350754172,1.270329934,0.242573782,1.245451582,0.207984092,2.215155036,0.917019776,-0.354955689,1,-0.480839211,1,0.108297832,1,-0.8357949,1,-0.727497068,1,-0.372541379,1,NA,NA,Stable
MI0003618,hsa-mir-605,hsa-miR-605-3p,chr10:51299623-51299644,+,Single miR only,hsa-miR-605-3p,4.77920777,3.580093116,2.168551065,0.740320677,1.906567627,5.494778587,2.505873277,1.147944395,2.577313894,3.901659116,1.019990973,2.00392134,1.482013609,4.772952805,3.2643738,1.937429269,2.817043157,0.873959069,2.763790971,0.951779339,2.375721331,0.60175893,2.864192371,0.740091185,2.864192371,0.997263686,-0.045024863,1,-0.1700611,1,0.302781001,1,-0.215085963,1,0.087695038,1,0.132719901,1,NA,NA,Stable
MI0003620,hsa-mir-607,hsa-miR-607,chr10:96828684-96828704,-,Single miR only,hsa-miR-607,0,0,0,0,0,0.166508442,0,0.382648132,0.18409385,0,0,0,0,0,0,0,0,0,0.137289143,0.090715406,0.046023462,0.046023462,0,0,0.137289143,NA,NA,NA,NA,NA,NA,NA,NA,NA,NA,NA,NA,NA,NA,NA,Stable
MI0003623,hsa-mir-610,hsa-miR-610,chr11:28056830-28056850,+,Single miR only,hsa-miR-610,0,0.11187791,0,0,0,0,0.108951012,0.573972198,0,0,0,0,0,0.144634933,0.10881246,0.484357317,0.027969477,0.027969477,0.170730802,0.136844918,0,0,0.184451178,0.104591459,0.184451178,NA,NA,NA,NA,NA,NA,NA,NA,NA,NA,NA,NA,NA,NA,NA,Stable
MI0003624,hsa-mir-611,hsa-miR-611,chr11:61792500-61792522,-,Single miR only,hsa-miR-611,0,0,0,0,0.146659048,0.083254221,0,0,0,0.144505893,0,0,0,0.144634933,0,0,0,0,0.057478317,0.03561965,0.036126473,0.036126473,0.036158733,0.036158733,0.057478317,NA,NA,NA,NA,NA,NA,NA,NA,NA,NA,NA,NA,NA,NA,NA,Stable
MI0003625,hsa-mir-612,hsa-miR-612,chr11:65444473-65444497,+,Single miR only,hsa-miR-612,0,0,0,0,0.146659048,0,0,0,0,0,0,0,0,0,0,0,0,0,0.036664762,0.036664762,0,0,0,0,0.036664762,NA,NA,NA,NA,NA,NA,NA,NA,NA,NA,NA,NA,NA,NA,NA,Stable
MI0003628,hsa-mir-615,hsa-miR-615-5p,chr12:54033967-54033988,+,<10% RPMM,hsa-miR-615-5p**,16.40861334,21.4805587,15.75813774,30.1680676,17.89240388,28.55619781,27.56460604,36.35157251,10.49334943,25.4330372,18.18983902,14.86241661,15.62850715,17.21155708,13.38393258,25.67093781,20.95384435,3.327083685,27.59119506,3.783106095,17.24466056,3.151694816,17.97373366,2.683191915,27.59119506,0.128659853,0.436603495,0.959015515,-0.714058019,0.139577301,0.075743504,1,-0.277454524,1,-0.20171102,1,-0.638314515,0.282195573,NA,NA,Stable
MI0003628,hsa-mir-615,hsa-miR-615-3p,chr12:54034010-54034031,+,Single miR only,hsa-miR-615-3p,773.7537379,888.869994,668.9257186,799.1761712,634.7403607,1092.128871,776.4938627,933.4701173,618.9235223,1304.165686,704.9837609,655.6162651,637.9394945,1027.197298,817.2903869,767.4641691,782.6814054,45.24760874,859.208303,98.73970153,820.9223085,162.0430771,812.472837,80.94106424,859.208303,0.992535394,0.140372497,1,-0.148033364,1,0.054362272,1,-0.007660867,1,0.046701405,1,-0.093671091,1,NA,NA,Stable
MI0003629,hsa-mir-616,hsa-miR-616-3p,chr12:57519183-57519204,-,<20% RPMM,hsa-miR-616-3p*,0.318613851,0,0.578280284,0,0.733295241,0.666033768,0.653706072,1.339268461,0.368187699,0.43351768,0.679993982,0.166993445,0.40418553,0.867809601,0,1.937429269,0.224223534,0.139886293,0.848075886,0.164662205,0.412173201,0.105763649,0.8023561,0.417830745,0.848075886,NA,1.948643697,1,-1.025438196,1,0.854310414,1,0.923205501,1,1.777515915,1,-0.171127781,1,NA,NA,Stable
MI0003629,hsa-mir-616,hsa-miR-616-5p,chr12:57519223-57519244,-,Single miR only,hsa-miR-616-5p,3.186138513,3.020703567,8.674204261,2.406042201,6.892975266,4.828744819,4.793844529,7.652962634,3.313689292,6.647271086,3.569968406,7.68169847,1.886199139,5.640762405,5.767060379,9.444967685,4.321772136,1.460483075,6.042131812,0.727394875,5.303156814,1.096434626,5.684747402,1.543182199,6.042131812,0.992535394,0.562926792,1,-0.288881276,1,0.042525698,1,0.274045516,1,0.316571215,1,-0.246355577,1,NA,NA,Stable
MI0003632,hsa-mir-618,hsa-miR-618,chr12:80935796-80935818,-,Single miR only,hsa-miR-618,0,1.566290738,0,0,0,1.332067536,0.326853036,0.191324066,0,1.156047145,0.169998496,0.33398689,0,1.590984268,0.10881246,0.726535976,0.391572685,0.391572685,0.46256116,0.297488154,0.415008133,0.256249347,0.606583176,0.365051711,0.606583176,NA,0.909724564,1,-0.237420302,1,0.406025916,1,0.672304263,1,1.078330179,1,0.168605615,1,NA,NA,Stable
MI0003633,hsa-mir-619,hsa-miR-619-3p,chr12:108836923-108836946,-,NA,hsa-miR-619-3p,0,0,0,0,0,0,0,0,0,0,0,0,0,0,0,0.242178659,0,0,0,0,0,0,0.060544665,0.060544665,0.060544665,NA,NA,NA,NA,NA,NA,NA,NA,NA,NA,NA,NA,NA,NA,NA,Stable
MI0003633,hsa-mir-619,hsa-miR-619-5p,chr12:108836962-108836983,-,Single miR only,hsa-miR-619-5p,0,0,0,0,0,0,0,0,0,0,0,0,0,0,0,0.242178659,0,0,0,0,0,0,0.060544665,0.060544665,0.060544665,NA,NA,NA,NA,NA,NA,NA,NA,NA,NA,NA,NA,NA,NA,NA,Stable
MI0003638,hsa-mir-624,hsa-miR-624-5p,chr14:31014706-31014727,-,Single miR only,hsa-miR-624-5p,0.637227703,1.566290738,0.144570071,0.370160339,0.733295241,0.582779547,0.435804048,0.765296263,0.18409385,0.578023573,0,0.500980335,0.53891404,1.012444534,0.43524984,0,0.679562213,0.312253343,0.629293775,0.07578194,0.315774439,0.135440364,0.496652103,0.207818321,0.679562213,NA,0.182860269,1,-1.207470097,1,0.824881195,1,-1.024609829,1,-0.199728634,1,-0.382588903,1,NA,NA,Stable
MI0003638,hsa-mir-624,hsa-miR-624-3p,chr14:31014669-31014689,-,NA,hsa-miR-624-3p,0,0,0,0.185080169,0,0.416271105,0.108951012,0,0,0,0.169998496,0.33398689,0.13472851,0.289269867,0,0,0.046270042,0.046270042,0.131305529,0.098398589,0.125996346,0.080076221,0.105999594,0.068850788,0.131305529,NA,1.225672643,NA,0.111961876,1,-0.286005325,1,1.337634519,NA,1.051629194,NA,-0.174043449,NA,NA,NA,Stable
MI0003639,hsa-mir-625,hsa-miR-625-5p,chr14:65471116-65471136,+,>20% RPMM,hsa-miR-625-5p,15.29346486,18.45985513,16.4809881,26.28138404,15.39920006,19.8145046,15.25314168,22.00226757,16.56844646,16.9071895,21.75980743,28.22189221,20.88291904,19.67035095,15.45136932,29.78797501,19.12892303,2.471970354,18.11727848,1.672446975,20.8643339,2.724108076,21.44815358,3.013775528,21.44815358,0.986580855,-0.025774347,1,0.141151653,1,0.055843427,1,0.115377306,1,0.171220732,1,0.196995079,1,NA,NA,Stable
MI0003639,hsa-mir-625,hsa-miR-625-3p,chr14:65471153-65471174,+,Single miR only,hsa-miR-625-3p,17.68306875,20.02614587,19.37238952,28.68742625,16.1324953,21.3963348,15.25314168,24.48948043,16.56844646,21.53137808,24.81978034,24.54803642,18.86199139,21.55060509,13.81918242,23.00697257,21.44225759,2.464983026,19.31786305,2.193440953,21.86691033,1.916902442,19.30968787,2.021503285,21.86691033,0.992535394,-0.117544784,1,0.149909059,1,-0.161120367,1,0.032364275,1,-0.128756092,1,-0.011211308,1,NA,NA,Stable
MI0003641,hsa-mir-627,hsa-miR-627-5p,chr15:42199630-42199651,-,>20% RPMM,hsa-miR-627-5p,1.593069257,1.901924468,1.734840852,1.665721524,1.026613338,1.082304873,1.416363156,0.956620329,1.288656947,0.144505893,0.679993982,0.834967225,1.616742119,1.735619202,0.5440623,1.937429269,1.723889025,0.066026403,1.120475424,0.101925269,0.737031012,0.235977032,1.458463222,0.311903453,1.723889025,0.75864633,-0.568971315,1,-0.751426833,1,1.012727263,1,-1.320398148,0.725661973,-0.307670885,1,0.26130043,1,NA,NA,Stable
MI0003641,hsa-mir-627,hsa-miR-627-3p,chr15:42199593-42199612,-,Single miR only,hsa-miR-627-3p,1.433762331,1.342534918,1.156560568,1.295561185,1.173272386,2.580880851,0.871608096,2.869860988,1.288656947,1.734070718,1.189989469,1.00196067,1.886199139,1.012444534,1.0881246,1.937429269,1.307104751,0.057803002,1.87390558,0.498934559,1.303669451,0.155301307,1.481049385,0.249400834,1.87390558,0.992535394,0.476502055,1,-0.493479863,1,0.188204233,1,-0.016977809,1,0.171226424,1,-0.305275631,1,NA,NA,Stable
MI0003642,hsa-mir-628,hsa-miR-628-3p,chr15:55372954-55372974,-,>20% RPMM,hsa-miR-628-3p,11.7887125,12.53032591,13.01130639,10.91972999,10.26613338,12.82115004,12.85621942,12.05341615,13.80703872,13.72805985,13.76987814,9.518626365,11.58665185,14.75276321,14.90730702,11.86675427,12.0625187,0.456433414,11.99922974,0.606667362,12.70590077,1.062547251,13.27836909,0.898231615,13.27836909,0.992535394,0.019689126,1,0.036074491,1,0.09945848,1,0.055763617,1,0.155222097,1,0.135532971,1,NA,NA,Stable
MI0003642,hsa-mir-628,hsa-miR-628-5p,chr15:55372991-55373012,-,Single miR only,hsa-miR-628-5p,18.47960338,21.36868079,27.03460328,20.72897896,23.02547057,20.14752148,24.40502669,13.58400868,25.77313894,12.42750681,21.07981344,19.87221996,27.48461603,17.35619202,20.6743674,21.55390061,21.9029666,1.819267689,20.29050686,2.404975098,19.78816979,2.763973935,21.76726901,2.109218203,21.9029666,0.992535394,-0.089732671,1,-0.102143069,1,0.172984123,1,-0.191875741,1,-0.018891617,1,0.070841054,1,NA,NA,Stable
MI0003643,hsa-mir-629,hsa-miR-629-3p,chr15:70079387-70079408,-,<10% RPMM,hsa-miR-629-3p**,0.637227703,0.447511639,0.722850355,0.370160339,0.146659048,0.666033768,0.762657084,0.191324066,0.736375398,0.722529466,1.52998646,0.500980335,0.26945702,0.723174667,0.43524984,1.69525061,0.544437509,0.081755897,0.441668492,0.158922507,0.872467915,0.225709321,0.780783034,0.318906615,0.872467915,NA,-0.280497594,1,0.887278199,1,-0.205109378,1,0.606780605,1,0.401671227,1,0.682168821,1,NA,NA,Stable
MI0003643,hsa-mir-629,hsa-miR-629-5p,chr15:70079427-70079447,-,Single miR only,hsa-miR-629-5p,26.12633581,25.84379718,25.4443325,26.28138404,24.49206105,25.80880851,19.39328014,22.76756384,25.40495124,20.37533094,21.75980743,24.71502986,25.7331454,19.38108109,16.10424408,21.31172196,25.92396238,0.183751765,23.11542839,1.388188607,23.06377987,1.194982975,20.63254813,2.011406575,25.92396238,0.753923614,-0.136036819,1,-0.053999086,1,-0.143495044,1,-0.190035905,1,-0.333530949,0.661967711,-0.197494129,1,NA,NA,Stable
MI0003646,hsa-mir-33b,hsa-miR-33b-5p,chr17:17813897-17813916,-,<20% RPMM,hsa-miR-33b-5p*,0,1.006901189,1.011990497,0.740320677,0.586636193,1.66508442,1.198461132,0,2.025032345,0.578023573,0.849992478,0.166993445,2.155656159,3.181968536,0.21762492,0.484357317,0.689803091,0.238526075,0.862545436,0.362516519,0.90501046,0.398859368,1.509901733,0.703238158,1.509901733,NA,-0.053941311,1,0.134485436,1,0.65162929,1,0.080544125,1,0.732173415,1,0.786114726,1,NA,NA,Stable
MI0003646,hsa-mir-33b,hsa-miR-33b-3p,chr17:17813857-17813878,-,Single miR only,hsa-miR-33b-3p,8.761880911,2.573191927,5.63823277,5.922565418,7.626270507,6.993354565,4.031187445,7.8442867,7.547847832,8.814859483,8.499924776,8.182678805,11.72138036,17.64546188,11.75174568,35.1159055,5.723967757,1.265013049,6.623774804,0.882833758,8.261327724,0.270580421,19.05862336,5.530663998,19.05862336,0.000596727,0.242505367,1,0.318493403,1,1.130141,0.137430832,0.56099877,1,1.69113977,0.001023313,1.448634403,0.00938365,DE,DE,DE
MI0003647,hsa-mir-632,hsa-miR-632,chr17:32350169-32350187,+,Single miR only,hsa-miR-632,0,0,0,0,0,0,0.217902024,0,0,0,0,0,0,0,0,0,0,0,0.054475506,0.054475506,0,0,0,0,0.054475506,NA,NA,NA,NA,NA,NA,NA,NA,NA,NA,NA,NA,NA,NA,NA,Stable
MI0003650,hsa-mir-635,hsa-miR-635,chr17:68424511-68424533,-,Single miR only,hsa-miR-635,0,0.11187791,0,0,0,0.333016884,0,0,0,0,0,0,0,0,0,0.242178659,0.027969477,0.027969477,0.083254221,0.083254221,0,0,0.060544665,0.060544665,0.083254221,NA,NA,NA,NA,NA,NA,NA,NA,NA,NA,NA,NA,NA,NA,NA,Stable
MI0003651,hsa-mir-636,hsa-miR-636,chr17:76736466-76736488,-,Single miR only,hsa-miR-636,0.477920777,0.33563373,1.156560568,1.110481016,0.733295241,0.333016884,0.435804048,1.530592527,1.472750797,1.300553039,0.679993982,1.66993445,0.943099569,0.723174667,1.0881246,0.242178659,0.770149023,0.212002483,0.758177175,0.271098121,1.280808067,0.214014949,0.749144374,0.184890705,1.280808067,NA,-0.073521666,1,0.877789994,1,-0.626882802,1,0.804268328,1,0.177385526,1,0.250907192,1,NA,NA,Stable
MI0003654,hsa-mir-639,hsa-miR-639,chr19:14529603-14529625,+,Single miR only,hsa-miR-639,0,0,0,0,0,0,0,0,0,0,0.339996991,0,0,0,0,0,0,0,0,0,0.084999248,0.084999248,0,0,0.084999248,NA,NA,NA,NA,NA,NA,NA,NA,NA,NA,NA,NA,NA,NA,NA,Stable
MI0003656,hsa-mir-641,hsa-miR-641,chr19:40282603-40282626,-,Single miR only,hsa-miR-641,8.283960134,16.33417484,10.26447504,9.994329144,10.70611052,19.48148772,11.22195424,8.035610766,9.020598629,9.970906629,11.2199007,14.52842972,9.700452715,16.63301735,10.11955878,9.202789026,11.21923479,1.760454701,12.36129081,2.473971528,11.18495892,1.20202594,11.41395447,1.74974804,12.36129081,0.997263686,0.167130576,1,-0.127204183,1,0.008550163,1,0.039926393,1,0.048476556,1,-0.11865402,1,NA,NA,Stable
MI0003657,hsa-mir-642a,hsa-miR-642a-5p,chr19:45674943-45674964,+,Single miR only,hsa-miR-642a-5p,1.11514848,0.559389549,1.301130639,0,0.439977145,0.416271105,0,0,0,0.144505893,0.169998496,0.166993445,0.26945702,0.4339048,0.10881246,0,0.743917167,0.293791697,0.214062062,0.123683485,0.120374458,0.040525929,0.20304357,0.094786535,0.743917167,NA,-1.827705036,1,-0.481721459,1,0.501956731,1,-2.309426495,NA,-1.807469763,1,0.020235272,NA,NA,NA,Stable
MI0003657,hsa-mir-642a,hsa-miR-642a-3p,chr19:45674978-45674999,+,NA,hsa-miR-642a-3p,0,0.33563373,0.578280284,0.185080169,0.146659048,0.166508442,0.108951012,0,0,0,0.339996991,0.500980335,0,0.144634933,0,0,0.274748546,0.122258504,0.105529626,0.037146392,0.210244332,0.125753905,0.036158733,0.036158733,0.274748546,NA,-0.958053932,NA,0.660313411,1,-1.898597247,1,-0.297740521,NA,-2.196337767,NA,-1.238283836,NA,NA,NA,Stable
MI0003658,hsa-mir-643,hsa-miR-643,chr19:52281857-52281878,+,Single miR only,hsa-miR-643,1.11514848,0.447511639,0.433710213,0.370160339,0.146659048,0.999050652,0.435804048,0.382648132,0.18409385,0.578023573,0.339996991,0.33398689,0.67364255,0.289269867,1.0881246,0.968714634,0.591632668,0.175316183,0.49104047,0.18061766,0.359025326,0.081419825,0.754937913,0.177990992,0.754937913,NA,-0.249643848,1,-0.498156659,1,1.117168814,1,-0.747800507,1,0.369368307,1,0.619012155,1,NA,NA,Stable
MI0003659,hsa-mir-644a,hsa-miR-644a,chr20:34466385-34466403,+,Single miR only,hsa-miR-644a,0,0,0,0,0,0.083254221,0,0,0,0,0,0,0,0,0,0,0,0,0.020813555,0.020813555,0,0,0,0,0.020813555,NA,NA,NA,NA,NA,NA,NA,NA,NA,NA,NA,NA,NA,NA,NA,Stable
MI0003666,hsa-mir-651,hsa-miR-651-5p,chrX:8126980-8127001,+,Single miR only,hsa-miR-651-5p,0.637227703,0.559389549,0.144570071,0.185080169,1.026613338,1.248813315,0,0.191324066,0.552281549,0.289011786,0,0.33398689,0.26945702,0.4339048,0.21762492,0,0.381566873,0.126411324,0.61668768,0.306711015,0.293820056,0.113566817,0.230246685,0.089529754,0.61668768,NA,0.460260494,1,-0.844269859,1,-0.09260532,1,-0.384009365,1,-0.476614685,1,-0.936875179,1,NA,NA,Stable
MI0003667,hsa-mir-652,hsa-miR-652-5p,chrX:110055349-110055373,+,<10% RPMM,hsa-miR-652-5p**,1.593069257,0.33563373,0.722850355,0,0.146659048,1.581830199,0,0.382648132,1.288656947,0,0.339996991,0.500980335,0.26945702,0.4339048,0.32643738,0,0.662888335,0.343432249,0.527784345,0.360079851,0.532408568,0.272852286,0.2574498,0.092340054,0.662888335,NA,-0.139315679,1,0.085023546,1,-1.073352546,1,-0.054292133,1,-1.127644679,1,-0.988328999,1,NA,NA,Stable
MI0003667,hsa-mir-652,hsa-miR-652-3p,chrX:110055389-110055409,+,Single miR only,hsa-miR-652-3p,75.83009661,19.91426796,30.07057477,28.87250641,29.77178679,25.64230007,31.15998944,30.99449867,25.58904509,17.62971897,33.65970211,21.54215441,33.54739897,22.12914482,28.61767698,36.32679879,38.67186144,12.59163494,29.39214374,1.287707139,24.60515514,3.427724508,30.15525489,3.114177048,38.67186144,0.893973937,-0.235869867,1,-0.335386754,1,0.325744089,1,-0.571256621,0.855323048,-0.245512532,1,-0.009642665,1,NA,NA,Stable
MI0003668,hsa-mir-548d-1,hsa-miR-548d-3p,chr8:123348049-123348070,-,Single miR only,hsa-miR-548d-3p,0.159306926,0,0.144570071,0,0,0,0,0,0.18409385,0,0,0,0,0,0,0,0.075969249,0.043963901,0,0,0.046023462,0.046023462,0,0,0.075969249,NA,NA,NA,NA,NA,NA,NA,NA,NA,NA,NA,NA,NA,NA,NA,Stable
MI0003669,hsa-mir-661,hsa-miR-661,chr8:143945206-143945229,-,Single miR only,hsa-miR-661,0,0.11187791,0,0,0,0,0,0,0,0,0,0,0.13472851,0,0,0,0.027969477,0.027969477,0,0,0,0,0.033682127,0.033682127,0.033682127,NA,NA,NA,NA,NA,NA,NA,NA,NA,NA,NA,NA,NA,NA,NA,Stable
MI0003671,hsa-mir-548d-2,hsa-miR-548d-3p,chr17:67471504-67471525,-,Single miR only,hsa-miR-548d-3p,0,0,0,0,0,0,0.108951012,0,0,0,0,0.166993445,0,0,0,0.242178659,0,0,0.027237753,0.027237753,0.041748361,0.041748361,0.060544665,0.060544665,0.060544665,NA,NA,NA,NA,NA,NA,NA,NA,NA,NA,NA,NA,NA,NA,NA,Stable
MI0003673,hsa-mir-449b,hsa-miR-449b-5p,chr5:55170706-55170727,-,Single miR only,hsa-miR-449b-5p,0,0,0.433710213,0.370160339,0,0.249762663,2.070069229,0,0,0.144505893,0.339996991,0,0.26945702,0,0.43524984,0.242178659,0.200967638,0.116751609,0.579957973,0.500180217,0.121125721,0.080516119,0.23672138,0.089699482,0.579957973,NA,1.070150404,1,-1.643932454,1,1.282640871,1,-0.57378205,NA,0.708858821,1,-0.361291583,NA,NA,NA,Stable
MI0003673,hsa-mir-449b,hsa-miR-449b-3p,chr5:55170667-55170688,-,NA,hsa-miR-449b-3p,0,0,0,0,0,0,0.108951012,0.573972198,0,0,0,0,0,0,0,0.242178659,0,0,0.170730802,0.136844918,0,0,0.060544665,0.060544665,0.170730802,NA,NA,NA,NA,NA,NA,NA,NA,NA,NA,NA,NA,NA,NA,NA,Stable
MI0003674,hsa-mir-653,hsa-miR-653-5p,chr7:93482823-93482843,-,Single miR only,hsa-miR-653-5p,0,0,0,0,0.733295241,0,0,0.382648132,0,0,0.169998496,0,0.13472851,0,0,0,0,0,0.278985843,0.176259539,0.042499624,0.042499624,0.033682127,0.033682127,0.278985843,NA,NA,NA,NA,NA,NA,NA,NA,NA,NA,NA,NA,NA,NA,NA,Stable
MI0003675,hsa-mir-411,hsa-miR-411-3p,chr14:101023375-101023396,+,<10% RPMM,hsa-miR-411-3p**,4.141980067,29.53576821,25.87804271,54.04340944,6.452998122,29.47199424,35.73593195,57.77986789,9.020598629,43.64077974,31.78971866,44.42025637,4.984954867,35.72482857,37.54029869,62.48209392,28.39980011,10.2212451,32.36019805,10.55572484,32.21783835,8.254684592,35.18304401,11.77218789,35.18304401,0.959058619,0.297084569,1,0.070744468,1,-0.030388478,1,0.367829036,1,0.337440559,1,0.04035599,1,NA,NA,Stable
MI0003675,hsa-mir-411,hsa-miR-411-5p,chr14:101023340-101023360,+,Single miR only,hsa-miR-411-5p,260.9447442,1988.294214,2092.796348,2253.906302,301.3843441,2116.655315,1857.396853,1427.468855,310.0140427,962.2647426,1287.908602,2529.449712,343.5577003,1797.522953,1684.634505,1543.404591,1648.985402,465.8938353,1425.726342,400.8189783,1272.409275,465.723908,1342.279938,336.9409057,1648.985402,0.992535394,-0.089757304,1,-0.196124474,1,0.149020337,1,-0.285881778,1,-0.136861442,1,-0.047104138,1,NA,NA,Stable
MI0003676,hsa-mir-654,hsa-miR-654-5p,chr14:101040234-101040255,+,<10% RPMM,hsa-miR-654-5p**,9.55841554,29.75952403,54.93662699,66.62886096,8.799542893,30.80406177,56.21872221,70.5985803,9.572880178,51.73310975,70.37937714,69.97025346,7.140611026,44.11365471,63.11122679,64.41952318,40.22085688,12.79179869,41.60522679,13.68407486,50.41390513,14.29102414,44.69625393,13.35066887,50.41390513,0.959058619,0.0565964,1,0.258966367,1,-0.177923304,1,0.315562767,1,0.137639463,1,0.081043063,1,NA,NA,Stable
MI0003676,hsa-mir-654,hsa-miR-654-3p,chr14:101040269-101040290,+,Single miR only,hsa-miR-654-3p,344.5808802,1866.235415,1732.238591,2644.055299,372.6606415,1929.749589,1726.110884,2527.773558,393.7767442,2881.303004,1788.554171,2561.84644,335.7434467,1789.134127,1865.589626,2421.786586,1646.777546,478.3430097,1639.073668,455.1242885,1906.37009,553.9225767,1603.063447,445.3416155,1906.37009,0.959058619,0.057234124,1,0.144619007,1,-0.214823696,1,0.201853131,1,-0.012970565,1,-0.070204689,1,NA,NA,Stable
MI0003677,hsa-mir-655,hsa-miR-655-5p,chr14:101049572-101049593,+,>20% RPMM,hsa-miR-655-5p,0.318613851,0.895023279,1.44570071,0.555240508,0.146659048,2.331118188,0.326853036,0.573972198,0.920469248,0.144505893,0.849992478,1.502941005,0.26945702,2.024889069,0.32643738,2.906143903,0.803644587,0.244531104,0.844650618,0.503169886,0.854477156,0.278229466,1.381731843,0.651171062,1.381731843,NA,-0.255117549,1,0.458777758,1,0.178235173,1,0.203660209,1,0.381895382,1,0.637012932,1,NA,NA,Stable
MI0003677,hsa-mir-655,hsa-miR-655-3p,chr14:101049610-101049631,+,Single miR only,hsa-miR-655-3p,1.274455405,3.691971026,13.73415675,4.256843895,0.586636193,4.995253261,8.716080962,2.487212856,0.736375398,2.601106077,11.55989769,3.00588201,0.40418553,4.049778137,6.093497759,4.359215855,5.739356768,2.742289246,4.196295818,1.756355078,4.475815295,2.412517231,3.72666932,1.195313412,5.739356768,0.978328934,-0.376607095,1,-0.088467198,1,-0.046322607,1,-0.465074293,1,-0.5113969,1,-0.134789805,1,NA,NA,Stable
MI0003678,hsa-mir-656,hsa-miR-656-3p,chr14:101066766-101066786,+,Single miR only,hsa-miR-656-3p,2.548910811,20.69741333,14.60157717,9.254008466,1.173272386,20.98006369,11.87566031,8.226934832,3.313689292,11.41596556,12.57988867,10.52058704,2.559841689,17.50082695,13.16630766,11.38239695,11.77547744,3.863020377,10.56398281,4.121715605,9.457532639,2.090882238,11.15234331,3.139045844,11.77547744,0.992535394,-0.221698294,1,0.033481366,1,0.166500012,1,-0.188216928,1,-0.021716915,1,0.199981378,1,NA,NA,Stable
MI0003678,hsa-mir-656,hsa-miR-656-5p,chr14:101066731-101066751,+,<10% RPMM,hsa-miR-656-5p**,0,0.33563373,0.144570071,0.555240508,0.293318096,0.333016884,0,0.382648132,0,0,0.339996991,0.166993445,0,0,0.21762492,0.242178659,0.258861077,0.120348902,0.252245778,0.086044375,0.126747609,0.081253174,0.114950895,0.066555914,0.258861077,NA,0.440296685,NA,-1.475806971,1,-0.187160764,1,-1.035510285,NA,-1.22267105,NA,-1.662967735,NA,NA,NA,Stable
MI0003679,hsa-mir-549a,hsa-miR-549a,chr15:80841993-80842013,-,Single miR only,hsa-miR-549a,34.72890979,35.01778579,72.14046544,94.57596653,39.89126112,32.30263775,77.79102259,81.31272799,26.32542049,33.23635543,65.44942077,98.86011944,30.58337175,22.99695442,63.43766417,60.54466465,59.11578189,14.72667654,57.82441236,12.66005986,55.96782903,16.64592401,44.39066375,10.29592185,59.11578189,0.565937818,0.02915354,1,-0.158191469,1,-0.251563986,1,-0.129037929,1,-0.380601915,0.680228467,-0.409755454,0.544742117,NA,NA,Stable
MI0003682,hsa-mir-658,hsa-miR-658,chr22:37844287-37844311,-,Single miR only,hsa-miR-658,0,0,0,0,0,0.083254221,0,0,0,0,0.509995487,0,0.13472851,0,0,0,0,0,0.020813555,0.020813555,0.127498872,0.127498872,0.033682127,0.033682127,0.127498872,NA,NA,NA,NA,NA,NA,NA,NA,NA,NA,NA,NA,NA,NA,NA,Stable
MI0003683,hsa-mir-659,hsa-miR-659-5p,chr22:37847732-37847753,-,Single miR only,hsa-miR-659-5p,3.186138513,3.356337296,2.89140142,2.77620254,2.786521916,4.578982156,4.031187445,3.061185054,3.681876991,3.323635543,3.739966901,4.00784268,5.658597417,3.471238403,4.570123319,3.148322562,3.052519942,0.133063078,3.614469143,0.417887484,3.688330529,0.140771212,4.212070425,0.570163267,4.212070425,0.978328934,0.288720827,1,-0.030573878,1,0.227505819,1,0.258146948,1,0.485652768,1,0.196931941,1,NA,NA,Stable
MI0003683,hsa-mir-659,hsa-miR-659-3p,chr22:37847693-37847714,-,<10% RPMM,hsa-miR-659-3p**,0.159306926,0.11187791,0,0,0,0,0.108951012,0,0,0,0.169998496,0,0.13472851,0,0,0,0.067796209,0.040321685,0.027237753,0.027237753,0.042499624,0.042499624,0.033682127,0.033682127,0.067796209,NA,NA,NA,NA,NA,NA,NA,NA,NA,NA,NA,NA,NA,NA,NA,Stable
MI0003684,hsa-mir-660,hsa-miR-660-3p,chrX:50013292-50013312,+,<1% RPMM,hsa-miR-660-3p***,0.159306926,0.447511639,0.289140142,0.555240508,0.586636193,1.165559094,0.653706072,0,0.736375398,0.578023573,0.679993982,0,1.347285099,0.723174667,0.65287476,1.210893293,0.362799804,0.087103682,0.60147534,0.238556652,0.498598238,0.169398687,0.983556955,0.173476613,0.983556955,NA,0.686431481,1,-0.353765946,1,1.111943159,1,0.332665536,1,1.444608695,1,0.758177213,1,NA,NA,Stable
MI0003684,hsa-mir-660,hsa-miR-660-5p,chrX:50013256-50013277,+,Single miR only,hsa-miR-660-5p,102.4343532,119.149974,137.1969974,77.54859095,102.0746976,125.8803822,94.78738047,49.55293306,118.5564391,61.4150046,79.7292944,97.69116533,116.001247,77.52432434,82.26221975,51.82623294,109.0824789,12.68320501,93.07384831,15.95381409,89.34797586,12.23217429,81.90350602,13.18649627,109.0824789,0.970837113,-0.228050354,1,-0.034912761,1,-0.167921716,1,-0.262963116,1,-0.430884831,1,-0.202834477,1,NA,NA,Stable
MI0003685,hsa-mir-421,hsa-miR-421,chrX:74218392-74218414,-,Single miR only,hsa-miR-421,124.4187089,176.4314639,177.098337,176.1963212,157.8051359,174.5008472,178.7886107,183.8624273,163.4753384,150.8641525,185.1283616,180.0189337,189.8324705,133.2087737,177.3643098,167.3454531,163.5362078,13.04056545,173.7392553,5.645431673,169.8716966,7.84183429,166.9377518,12.14732974,173.7392553,0.993959075,0.122580951,1,-0.081999036,1,0.003894827,1,0.040581915,1,0.044476742,1,-0.078104209,1,NA,NA,Stable
MI0003686,hsa-mir-542,hsa-miR-542-5p,chrX:134541400-134541422,-,>20% RPMM,hsa-miR-542-5p,1.752376182,3.132581476,2.457691207,3.516523217,1.466590482,2.830643514,2.396922265,3.635157251,1.472750797,2.312094291,1.869983451,2.33790823,3.637669768,3.037333603,1.52337444,4.117037196,2.714793021,0.38833684,2.582328378,0.451788623,1.998184192,0.205440108,3.078853752,0.563570464,3.078853752,0.970837113,-0.050313335,1,-0.396832313,1,0.630107447,1,-0.447145648,1,0.182961799,1,0.233275134,1,NA,NA,Stable
MI0003686,hsa-mir-542,hsa-miR-542-3p,chrX:134541364-134541385,-,Single miR only,hsa-miR-542-3p,2.708217736,13.42534918,4.192532059,7.958447281,4.399771447,15.73504777,3.486432385,3.443833185,6.075097036,2.74561197,1.699984955,10.52058704,3.907126788,6.942476807,2.61149904,3.39050122,7.071136565,2.388946123,6.766271197,2.997710394,5.260320249,1.986076807,4.212900964,0.948020376,7.071136565,0.992535394,-0.067093028,1,-0.208116411,1,-0.34026186,1,-0.275209439,1,-0.615471298,1,-0.54837827,1,NA,NA,Stable
MI0003757,hsa-mir-758,hsa-miR-758-5p,chr14:101026034-101026055,+,<10% RPMM,hsa-miR-758-5p**,0.318613851,1.790046558,1.734840852,2.220962032,0.439977145,2.580880851,1.307412144,2.487212856,0,1.878576611,1.699984955,1.00196067,0.40418553,1.446349335,1.74099936,1.453071952,1.516115823,0.413692502,1.703870749,0.511320027,1.145130559,0.425991796,1.261151544,0.293793627,1.703870749,0.989342575,0.200612299,1,-0.657715199,1,0.293932794,1,-0.457102901,1,-0.163170106,1,-0.363782405,1,NA,NA,Stable
MI0003757,hsa-mir-758,hsa-miR-758-3p,chr14:101026071-101026092,+,Single miR only,hsa-miR-758-3p,7.646732432,45.19867559,38.31106882,63.29741791,5.133066688,47.37165175,43.4714538,71.55520063,7.547847832,37.57153222,44.19960883,67.79933867,7.544796556,36.59263817,48.42154469,73.86449087,38.61347369,11.58912025,41.88284322,13.73452333,39.27958189,12.40767092,41.60586757,13.76093886,41.88284322,0.997263686,0.066562016,1,-0.079499419,1,0.101998515,1,-0.012937403,1,0.089061112,1,0.022499096,1,NA,NA,Stable
MI0003760,hsa-mir-671,hsa-miR-671-5p,chr7:151238449-151238471,+,<10% RPMM,hsa-miR-671-5p**,11.62940557,13.76098291,6.216513054,13.8810127,9.679497182,15.31877667,5.011746553,6.122370107,7.363753983,5.780235727,5.099954865,17.36731828,13.47285099,13.45104881,12.07818306,11.62457561,11.37197856,1.794614336,9.033097627,2.319683752,8.902815714,2.86107164,12.65666462,0.474082893,12.65666462,0.919266405,-0.287571999,1,-0.085924941,1,0.643489094,1,-0.37349694,1,0.269992154,1,0.557564153,1,NA,NA,Stable
MI0003760,hsa-mir-671,hsa-miR-671-3p,chr7:151238488-151238508,+,Single miR only,hsa-miR-671-3p,245.8105863,205.6315983,174.2069356,339.4370305,223.0684123,204.1393499,205.6995107,432.2010648,210.9715516,357.3630738,243.7778426,278.5450663,219.8769282,264.3926584,298.9078276,498.8880367,241.2715377,35.85263017,266.2770844,55.47409086,272.6643836,31.42303869,320.5163627,61.61814454,320.5163627,0.959058619,0.144141125,1,0.05913833,1,0.195175168,1,0.203279455,1,0.398454622,1,0.254313498,1,NA,NA,Stable
MI0003761,hsa-mir-668,hsa-miR-668-3p,chr14:101055300-101055322,+,Single miR only,hsa-miR-668-3p,0.955841554,9.845256069,22.84207122,13.8810127,2.639862868,9.407726974,31.59579349,26.78536922,2.393220044,16.47367182,36.88967353,16.53235106,2.425113179,7.954921341,22.19774184,22.28043659,11.88104539,4.542837527,17.60718814,6.899106686,18.07222911,7.099613543,13.71455324,5.049452634,18.07222911,0.593990071,0.616067551,0.764223271,0.030635743,1,-0.353271445,1,0.646703294,0.680228467,0.29343185,1,-0.322635702,1,NA,NA,Stable
MI0003761,hsa-mir-668,hsa-miR-668-5p,chr14:101055264-101055282,+,<1% RPMM,hsa-miR-668-5p***,0,0,0,0,0,0,0,0,0,0,0,0,0,0,0.32643738,0,0,0,0,0,0,0,0.081609345,0.081609345,0.081609345,NA,NA,NA,NA,NA,NA,NA,NA,NA,NA,NA,NA,NA,NA,NA,Stable
MI0003762,hsa-mir-550a-3,hsa-miR-550a-3-5p,chr7:29680789-29680808,-,<10% RPMM,hsa-miR-550a-3-5p**,0.637227703,0,0.289140142,0.370160339,1.466590482,0,0.108951012,0.573972198,0.736375398,0,0,0.66797378,1.886199139,0.289269867,0.32643738,0.242178659,0.324132046,0.131159417,0.537378423,0.333803806,0.351087295,0.203180655,0.686021261,0.400430542,0.686021261,NA,0.348387552,1,-0.442519952,1,1.319623425,1,-0.0941324,1,1.225491025,1,0.877103473,1,NA,NA,Stable
MI0003762,hsa-mir-550a-3,hsa-miR-550a-3p,chr7:29680748-29680769,-,Single miR only,hsa-miR-550a-3p,5.257128547,1.790046558,6.939363409,4.997164572,4.693089543,2.331118188,8.60712995,6.696342305,7.363753983,3.17912965,2.889974424,6.34575091,7.948982086,7.08711174,7.725684659,10.17150366,4.745925771,1.075206949,5.581919997,1.346339615,4.944652242,1.123754928,8.233320536,0.671372411,8.233320536,0.519711718,0.278240089,1,-0.15611682,1,0.810801827,0.792515632,0.122123268,1,0.932925096,0.533901755,0.654685007,1,NA,NA,Stable
MI0003763,hsa-mir-767,hsa-miR-767-5p,chrX:152393481-152393503,-,Single miR only,hsa-miR-767-5p,0,0.33563373,0.144570071,0,0,0.83254221,0.435804048,0,0,2.167588398,0,0,0,0.144634933,0,0,0.12005095,0.079530698,0.317086565,0.200182446,0.541897099,0.541897099,0.036158733,0.036158733,0.541897099,NA,1.013731027,1,-0.332825828,1,-1.658065619,1,0.680905199,NA,-0.97716042,1,-1.990891447,NA,NA,NA,Stable
MI0003764,hsa-mir-1224,hsa-miR-1224-5p,chr3:184241405-184241423,+,NA,hsa-miR-1224-5p,0,0,0,0,0,0.083254221,0,0,0,0,0,0,0,0,0,0,0,0,0.020813555,0.020813555,0,0,0,0,0.020813555,NA,NA,NA,NA,NA,NA,NA,NA,NA,NA,NA,NA,NA,NA,NA,Stable
MI0003764,hsa-mir-1224,hsa-miR-1224-3p,chr3:184241469-184241489,+,Single miR only,hsa-miR-1224-3p,0,0,0,0,0,0,0,0,0,0.144505893,0,0,0,0,0,0,0,0,0,0,0.036126473,0.036126473,0,0,0.036126473,NA,NA,NA,NA,NA,NA,NA,NA,NA,NA,NA,NA,NA,NA,NA,Stable
MI0003772,hsa-mir-151b,hsa-miR-151b,chr14:100109438-100109455,-,Single miR only,hsa-miR-151b,5.097821621,3.244459386,11.13189547,7.773367112,7.919588604,4.16271105,10.8951012,7.8442867,9.941067877,6.791776979,9.009920262,6.01176402,7.814253576,6.074667206,10.22837124,7.749717075,6.811885897,1.713949559,7.705421889,1.378102712,7.938632285,0.921299111,7.966752274,0.854657162,7.966752274,0.992535394,0.241557344,1,0.063841726,1,0.011361449,1,0.305399069,1,0.316760518,1,0.075203175,1,NA,NA,Stable
MI0003776,hsa-mir-320b-1,hsa-miR-320b,chr1:116671787-116671808,+,Single miR only,hsa-miR-320b,0,1.678168648,0,0,0,0,2.505873277,0,0.18409385,0,0,0,0,1.012444534,2.82912396,0,0.419542162,0.419542162,0.626468319,0.626468319,0.046023462,0.046023462,0.960392123,0.667056606,0.960392123,NA,-0.272364759,1,-0.373448138,1,0.978898338,1,-0.645812897,1,0.333085441,1,0.6054502,1,NA,NA,Stable
MI0003778,hsa-mir-320c-1,hsa-miR-320c,chr18:21683559-21683578,+,Single miR only,hsa-miR-320c,3.66405929,2.125680288,4.915382415,5.182244741,1.026613338,1.415321757,1.852167205,4.400453515,2.393220044,3.901659116,2.549977433,2.838888565,2.694570199,2.024889069,3.2643738,3.39050122,3.971841683,0.698712302,2.173638953,0.761181095,2.920936289,0.33968662,2.843583572,0.312069571,3.971841683,0.769167483,-0.922596178,0.686430563,0.555426535,1,-0.056281098,1,-0.367169643,1,-0.42345074,1,0.499145437,1,NA,NA,Stable
MI0003780,hsa-mir-1296,hsa-miR-1296-5p,chr10:63373012-63373033,-,Single miR only,hsa-miR-1296-5p,25.96702888,39.04539055,30.35971491,53.1180086,20.3856077,37.88067056,27.23775301,50.50955338,27.79817129,44.65232099,38.92965547,48.76208594,18.86199139,29.07162163,29.9234265,55.70109147,37.12253573,5.984240423,34.00339616,6.57460121,40.03555842,4.550123116,33.38953275,7.850230144,40.03555842,0.832332503,-0.117115105,1,0.235887317,1,-0.301991156,0.894819368,0.118772212,1,-0.183218944,1,-0.066103839,1,NA,NA,Stable
MI0003780,hsa-mir-1296,hsa-miR-1296-3p,chr10:63372969-63372990,-,<1% RPMM,hsa-miR-1296-3p***,0,0.11187791,0,0,0.293318096,0,0,0,0,0,0,0,0.13472851,0,0.10881246,0,0.027969477,0.027969477,0.073329524,0.073329524,0,0,0.060885242,0.035547939,0.073329524,NA,NA,NA,NA,NA,NA,NA,NA,NA,NA,NA,NA,NA,NA,NA,Stable
MI0003782,hsa-mir-1468,hsa-miR-1468-5p,chrX:63786055-63786075,-,Single miR only,hsa-miR-1468-5p,16.56792027,19.01924468,17.05926838,29.24266675,16.57247245,18.73219973,18.84852508,33.48171152,15.27978951,27.16710792,24.64978185,27.72091187,21.01764755,15.18666801,17.73643098,23.00697257,20.47227502,2.971022112,21.9087272,3.892993115,23.70439779,2.886614545,19.23692978,1.733019893,23.70439779,0.986580855,0.115569473,1,0.104655905,1,-0.257550102,1,0.220225378,1,-0.037324725,1,-0.152894197,1,NA,NA,Stable
MI0003786,hsa-mir-1323,hsa-miR-1323,chr19:53671978-53671999,+,Single miR only,hsa-miR-1323,0,0.11187791,0,0,0,0.416271105,0,0,0,0.578023573,0,0,0,0.144634933,0,0,0.027969477,0.027969477,0.104067776,0.104067776,0.144505893,0.144505893,0.036158733,0.036158733,0.144505893,NA,0.358991391,NA,0.290276154,1,-0.648669584,1,0.649267545,NA,0.000597961,NA,-0.35839343,NA,NA,NA,Stable
MI0003814,hsa-mir-1271,hsa-miR-1271-5p,chr5:176367960-176367981,+,Single miR only,hsa-miR-1271-5p,219.3656366,180.3471907,152.0877147,104.0150552,100.9014252,274.7389293,179.0065128,157.2683821,76.39894757,318.2019768,178.8384173,73.64410925,61.16674351,253.1111336,273.9897742,149.4242323,163.9538993,24.27734199,177.9788124,36.20937027,161.7708627,57.60257766,184.4229709,49.29273547,184.4229709,0.992535394,-0.003236361,1,-0.337499502,1,0.31749383,1,-0.340735863,1,-0.023242033,1,-0.020005671,1,NA,NA,Stable
MI0003814,hsa-mir-1271,hsa-miR-1271-3p,chr5:176367996-176368017,+,<1% RPMM,hsa-miR-1271-3p***,0,0,0,0,0,0,0,0,0,0,0.509995487,0,0,0,0.21762492,0,0,0,0,0,0.127498872,0.127498872,0.05440623,0.05440623,0.127498872,NA,NA,NA,NA,NA,NA,NA,NA,NA,NA,NA,NA,NA,NA,NA,Stable
MI0003815,hsa-mir-1301,hsa-miR-1301-3p,chr2:25328651-25328674,-,Single miR only,hsa-miR-1301-3p,36.48128598,28.97637866,34.4076769,24.06042201,26.69194678,33.21843418,39.11341332,28.50728581,22.82763735,31.35777882,38.41965999,23.88006264,25.19423136,25.02184349,45.70123319,34.63154818,30.98144089,2.797441778,31.88277002,2.774958571,29.1212847,3.634809654,32.63721405,4.899301183,32.63721405,0.992535394,0.05882894,1,-0.188508179,1,0.18566435,1,-0.12967924,1,0.05598511,1,-0.00284383,1,NA,NA,Stable
MI0003815,hsa-mir-1301,hsa-miR-1301-5p,chr2:25328689-25328707,-,<1% RPMM,hsa-miR-1301-5p***,0,0,0,0,0,0,0,0,0,0,0,0,0.26945702,0,0,0,0,0,0,0,0,0,0.067364255,0.067364255,0.067364255,NA,NA,NA,NA,NA,NA,NA,NA,NA,NA,NA,NA,NA,NA,NA,Stable
MI0003820,hsa-mir-454,hsa-miR-454-5p,chr17:59137828-59137849,-,<20% RPMM,hsa-miR-454-5p*,8.124653209,7.160186232,8.963344403,6.662886096,10.11947433,8.575184764,8.389227926,7.461638568,7.363753983,13.00553039,6.45994283,6.6797378,10.64355228,5.785397339,11.75174568,10.89803964,7.727767485,0.511557218,8.636381396,0.55109098,8.377241249,1.554717765,9.769683734,1.349071931,9.769683734,0.992535394,0.193516354,1,-0.080347061,1,0.23707018,1,0.113169293,1,0.350239473,1,0.156723119,1,NA,NA,Stable
MI0003820,hsa-mir-454,hsa-miR-454-3p,chr17:59137787-59137809,-,Single miR only,hsa-miR-454-3p,74.55564121,111.9897878,93.10312574,79.95463315,75.08943269,130.2928559,70.49130478,56.63192349,118.1882514,54.62322762,41.8196299,99.86208011,116.8096181,89.67365875,49.61848175,70.95834697,89.90079697,8.329557835,83.12637921,16.20408981,78.62329726,18.13602485,81.76502639,14.26199649,89.90079697,0.993959075,-0.128054096,1,-0.12670353,1,0.056367942,1,-0.254757626,1,-0.198389685,1,-0.070335588,1,NA,NA,Stable
MI0003821,hsa-mir-1185-2,hsa-miR-1185-5p,chr14:101044212-101044232,+,NA,hsa-miR-1185-5p,0.318613851,1.454412828,1.156560568,0.370160339,0.293318096,0.499525326,0.435804048,0.191324066,0,0.43351768,0.679993982,0.834967225,0,1.012444534,0.43524984,0.484357317,0.824936897,0.284223936,0.354992884,0.06952897,0.487119722,0.182198877,0.483012923,0.207340789,0.824936897,NA,-1.078645996,1,0.292936505,1,-0.108691364,1,-0.785709491,1,-0.894400855,1,0.184245141,1,NA,NA,Stable
MI0003821,hsa-mir-1185-2,hsa-miR-1185-2-3p,chr14:101044250-101044271,+,Single miR only,hsa-miR-1185-2-3p,0.637227703,3.244459386,1.44570071,3.701603387,0.146659048,1.748338641,2.614824289,3.061185054,0,1.445058932,2.209980442,7.68169847,0.67364255,4.628317871,4.026061019,4.601394513,2.257247796,0.727084565,1.892751758,0.642671508,2.834184461,1.67954096,3.482353988,0.94648306,3.482353988,0.905548055,-0.367632458,1,0.271936575,1,0.754452222,1,-0.095695884,1,0.658756339,1,1.026388797,0.98386007,NA,NA,Stable
MI0003823,hsa-mir-449c,hsa-miR-449c-5p,chr5:55172313-55172337,-,Single miR only,hsa-miR-449c-5p,0.477920777,0.783145369,1.590270781,1.480641355,1.906567627,2.664135072,1.852167205,1.339268461,1.840938496,1.156047145,2.719975928,1.502941005,2.020927649,1.301714401,2.61149904,1.453071952,1.08299457,0.269486542,1.940534591,0.272959271,1.804975644,0.335516016,1.84680326,0.298220437,1.940534591,0.860660881,0.968768401,0.88913162,-0.238057586,1,0.093688773,1,0.730710815,1,0.824399588,1,-0.144368813,1,NA,NA,Stable
MI0003832,hsa-mir-1283-1,hsa-miR-1283,chr19:53688494-53688515,+,Single miR only,hsa-miR-1283,0,0,0,0,0,0,0,0,0.18409385,0,0,0,0.13472851,0.144634933,0,0,0,0,0,0,0.046023462,0.046023462,0.069840861,0.040373312,0.069840861,NA,NA,NA,NA,NA,NA,NA,NA,NA,NA,NA,NA,NA,NA,NA,Stable
MI0003834,hsa-mir-769,hsa-miR-769-3p,chr19:46019000-46019022,+,<1% RPMM,hsa-miR-769-3p***,3.186138513,2.125680288,1.011990497,2.591122371,1.61324953,1.332067536,1.198461132,1.913240659,2.393220044,2.023082504,1.189989469,3.506862345,1.751470629,2.458793869,1.6321869,1.69525061,2.228732917,0.459984923,1.514254714,0.15861576,2.278288591,0.480635676,1.884425502,0.192999886,2.278288591,0.989342575,-0.492093924,1,0.515126109,1,-0.147654828,1,0.023032185,1,-0.124622643,1,0.367471282,1,NA,NA,Stable
MI0003834,hsa-mir-769,hsa-miR-769-5p,chr19:46018961-46018982,+,Single miR only,hsa-miR-769-5p,303.6390003,336.3049971,324.7043795,416.6154612,327.1963366,362.3223698,325.5456239,319.3198659,338.1804017,261.8446784,306.6772859,378.2401529,307.3157311,259.9089755,229.3766656,336.6283354,345.3159595,24.70934799,333.5960491,9.724439038,321.2356297,24.62361914,283.3074269,23.93660464,345.3159595,0.707658112,-0.003212541,1,-0.115574403,1,-0.15952154,1,-0.118786944,1,-0.278308484,0.778094716,-0.275095943,0.792515632,NA,NA,Stable
MI0003836,hsa-mir-766,hsa-miR-766-5p,chrX:119646799-119646820,-,<10% RPMM,hsa-miR-766-5p**,0.637227703,0.11187791,0.289140142,0,0.146659048,0,0.108951012,0.191324066,0.552281549,0.289011786,0.509995487,0.66797378,1.347285099,0.144634933,0.21762492,0,0.259561439,0.139250755,0.111733532,0.040872331,0.50481565,0.079305173,0.427386238,0.309949058,0.50481565,NA,-1.222866684,1,2.529540392,0.813218975,-0.761115869,1,1.306673708,NA,0.545557839,1,1.768424523,NA,NA,NA,Stable
MI0003836,hsa-mir-766,hsa-miR-766-3p,chrX:119646763-119646784,-,Single miR only,hsa-miR-766-3p,24.53326655,22.03994825,25.58890257,13.32577219,23.46544771,25.22602897,22.87971253,22.76756384,24.66857584,38.0050499,33.14970663,15.53039039,21.15237606,27.48063736,32.31730062,18.88993537,21.37197239,2.783340474,23.58468826,0.568103624,27.83843069,4.942213018,24.96006235,3.052692387,27.83843069,0.970837113,0.21165568,1,0.13007455,1,-0.096888852,1,0.341730229,1,0.244841377,1,0.033185698,1,NA,NA,Stable
MI0003839,hsa-mir-320b-2,hsa-miR-320b,chr1:224257049-224257070,-,Single miR only,hsa-miR-320b,3.66405929,1.230657009,6.361083125,2.591122371,4.399771447,2.247863967,3.595383397,4.209129449,1.104563097,4.046165009,10.53990672,2.170914785,2.829298708,0.578539734,2.82912396,5.327930489,3.461730449,1.087153394,3.613037065,0.486337191,4.465387403,2.114144369,2.891223223,0.970126202,4.465387403,0.992535394,0.268145087,1,0.13790487,1,-0.645535082,1,0.406049956,1,-0.239485126,1,-0.507630212,1,NA,NA,Stable
MI0003840,hsa-mir-378d-2,hsa-miR-378d,chr8:93916079-93916098,-,Single miR only,hsa-miR-378d,0,0,0,0,0,0.083254221,0,0.191324066,0,0.144505893,0,0,0,0,0,0,0,0,0.068644572,0.045357703,0.036126473,0.036126473,0,0,0.068644572,NA,NA,NA,NA,NA,NA,NA,NA,NA,NA,NA,NA,NA,NA,NA,Stable
MI0003844,hsa-mir-1185-1,hsa-miR-1185-5p,chr14:101042991-101043011,+,<20% RPMM,hsa-miR-1185-5p*,0.477920777,10.51652353,8.385064119,5.182244741,1.026613338,6.743591902,3.704334409,2.869860988,0.368187699,2.312094291,3.059972919,5.34379024,1.077828079,7.521016541,2.7203115,5.08575183,6.140438291,2.182710597,3.586100159,1.191906903,2.771011287,1.028220808,4.101226987,1.405706178,6.140438291,0.793175637,-0.584513559,1,-0.45576168,1,0.602839829,1,-1.040275238,0.747634461,-0.43743541,1,0.147078149,1,NA,NA,Stable
MI0003844,hsa-mir-1185-1,hsa-miR-1185-1-3p,chr14:101043029-101043050,+,Single miR only,hsa-miR-1185-1-3p,3.504752365,24.50126226,22.84207122,35.53539251,3.373158109,19.8145046,22.6618105,26.02007296,4.050064691,15.60663646,21.75980743,53.77188929,6.466968476,37.1711779,37.43148623,40.44383598,21.59586959,6.655781615,17.96738654,5.027314753,23.79709947,10.64451209,30.37836715,8.004984989,30.37836715,0.223223989,-0.183753362,1,0.235615731,1,0.559680047,0.816782077,0.05186237,1,0.611542417,0.649881205,0.795295778,0.174674023,NA,NA,Stable
MI0003892,hsa-mir-762,hsa-miR-762,chr16:30893951-30893972,+,Single miR only,hsa-miR-762,0,0,0,0,0,0,0,0,0,0.144505893,0,0.166993445,0,0,0,0,0,0,0,0,0.077874835,0.045194768,0,0,0.077874835,NA,NA,NA,NA,NA,NA,NA,NA,NA,NA,NA,NA,NA,NA,NA,Stable
MI0003938,hsa-mir-1298,hsa-miR-1298-5p,chrX:114715250-114715271,+,Single miR only,hsa-miR-1298-5p,0,0,0,0.740320677,0,0,0.108951012,0,0,0,0,0,0.13472851,0,0,0,0.185080169,0.185080169,0.027237753,0.027237753,0,0,0.033682127,0.033682127,0.185080169,NA,NA,NA,NA,NA,NA,NA,NA,NA,NA,NA,NA,NA,NA,NA,Stable
MI0005116,hsa-mir-765,hsa-miR-765,chr1:156936156-156936176,-,Single miR only,hsa-miR-765,0.477920777,0.895023279,0.578280284,0.185080169,0,0.166508442,0.108951012,0,0,0.722529466,0,0,0,0.867809601,0,0,0.534076127,0.146397989,0.068864864,0.041458721,0.180632366,0.180632366,0.2169524,0.2169524,0.534076127,NA,-3.012188197,0.962557251,0.26309028,1,0.112111392,1,-2.749097917,NA,-2.636986525,1,0.375201672,NA,NA,NA,Stable
MI0005118,hsa-mir-770,hsa-miR-770-5p,chr14:100852409-100852431,+,Single miR only,hsa-miR-770-5p,0.318613851,1.342534918,3.758821846,4.071763725,0.439977145,3.080406177,2.287971253,2.678536922,0,4.335176795,3.569968406,3.00588201,0.943099569,3.905143204,5.005373159,6.78100244,2.372933585,0.916908806,2.121722874,0.583453996,2.727756803,0.949172017,4.158654593,1.224666713,4.158654593,0.649263273,-0.013977955,1,0.206235305,1,0.751161874,1,0.19225735,1,0.943419224,0.828155436,0.957397179,0.792515632,NA,NA,Stable
MI0005416,hsa-mir-675,hsa-miR-675-3p,chr11:1996768-1996787,-,NA,hsa-miR-675-3p,0,0,0,0.185080169,0,0,0,0,0,0,0,0,0,0,0,0,0.046270042,0.046270042,0,0,0,0,0,0,0.046270042,NA,NA,NA,NA,NA,NA,NA,NA,NA,NA,NA,NA,NA,NA,NA,Stable
MI0005416,hsa-mir-675,hsa-miR-675-5p,chr11:1996800-1996822,-,Single miR only,hsa-miR-675-5p,0.159306926,0.11187791,0,1.110481016,0.146659048,0,0,0.573972198,0,0.144505893,0.169998496,0.834967225,0,0,0,0,0.345416463,0.257198581,0.180157811,0.135746581,0.287367903,0.186330902,0,0,0.345416463,NA,-0.950652323,NA,1.091327972,1,-2.70841925,1,0.140675649,NA,-2.567743601,NA,-1.617091278,NA,NA,NA,Stable
MI0005524,hsa-mir-891a,hsa-miR-891a-5p,chrX:146027841-146027862,-,Single miR only,hsa-miR-891a-5p,0,0,0.433710213,1.295561185,0.293318096,0,0,1.530592527,0,0,0.509995487,0.834967225,0.13472851,0,0,0.968714634,0.43231785,0.305367053,0.455977656,0.364815764,0.336240678,0.205149232,0.275860786,0.233124273,0.455977656,NA,0.015058363,1,-0.021388414,1,-0.624787567,1,-0.00633005,1,-0.631117618,1,-0.646175981,NA,NA,NA,Stable
MI0005528,hsa-mir-892a,hsa-miR-892a,chrX:145996679-145996699,-,Single miR only,hsa-miR-892a,0,0,0,0,0,0,0,0.191324066,0,0,0,0.166993445,0,0,0,0,0,0,0.047831016,0.047831016,0.041748361,0.041748361,0,0,0.047831016,NA,NA,NA,NA,NA,NA,NA,NA,NA,NA,NA,NA,NA,NA,NA,Stable
MI0005530,hsa-mir-509-2,hsa-miR-509-3p,chrX:147258775-147258796,-,Single miR only,hsa-miR-509-3p,0,0,0,0.185080169,0.146659048,0,0.108951012,0,0,0,0.169998496,0,0,0,0,0,0.046270042,0.046270042,0.063902515,0.037688497,0.042499624,0.042499624,0,0,0.063902515,NA,NA,NA,NA,NA,NA,NA,NA,NA,NA,NA,NA,NA,NA,NA,Stable
MI0005531,hsa-mir-450b,hsa-miR-450b-5p,chrX:134540231-134540252,-,Single miR only,hsa-miR-450b-5p,27.40079121,74.7344438,24.14320186,25.54106337,31.09171822,85.08581387,18.73957407,14.15798087,23.0117312,23.98797827,10.87990371,37.74051857,31.79592834,55.10590965,18.82455558,15.01507683,37.95487506,12.27799658,37.26877176,16.33520056,23.90503294,5.49150497,30.1853676,9.050014245,37.95487506,0.992535394,-0.119641438,1,-0.344432945,1,0.168650306,1,-0.464074383,1,-0.295424077,1,-0.175782639,1,NA,NA,Stable
MI0005531,hsa-mir-450b,hsa-miR-450b-3p,chrX:134540194-134540215,-,<1% RPMM,hsa-miR-450b-3p***,0,0,0.144570071,0,0,0,0,0,0,0,0,0,0,0,0,0,0.036142518,0.036142518,0,0,0,0,0,0,0.036142518,NA,NA,NA,NA,NA,NA,NA,NA,NA,NA,NA,NA,NA,NA,NA,Stable
MI0005532,hsa-mir-874,hsa-miR-874-5p,chr5:137647618-137647640,-,<20% RPMM,hsa-miR-874-5p*,2.230296959,2.013802378,2.457691207,4.627004233,1.173272386,2.247863967,1.525314168,2.104564724,1.840938496,2.167588398,3.229971415,3.172875455,1.751470629,3.32660347,3.2643738,5.327930489,2.832198694,0.605092349,1.762753811,0.251003403,2.602843441,0.352156699,3.417594597,0.733547788,3.417594597,0.728163779,-0.580546302,1,0.482016253,1,0.377313283,1,-0.098530049,1,0.278783234,1,0.859329536,0.613536203,NA,NA,Stable
MI0005532,hsa-mir-874,hsa-miR-874-3p,chr5:137647582-137647603,-,Single miR only,hsa-miR-874-3p,14.17831638,40.05229174,27.75745364,42.75351911,9.09286099,34.13423061,30.8331364,33.67303559,10.12516173,29.19019042,28.04975176,25.2160102,8.218439106,21.83987495,21.2184297,22.28043659,31.18539522,6.541119032,26.9333159,5.991434341,23.14527853,4.419711422,18.38929509,3.397275841,31.18539522,0.004083319,-0.213776007,1,-0.22920514,1,-0.291412743,1,-0.442981148,0.345365308,-0.734393891,0.002112197,-0.520617884,0.135208338,DE,DE,DE
MI0005539,hsa-mir-541,hsa-miR-541-5p,chr14:101064504-101064528,+,>20% RPMM,hsa-miR-541-5p,0,0.671267459,2.457691207,2.961282709,0.293318096,0.915796431,3.050628337,1.913240659,0.736375398,1.589564825,2.209980442,2.33790823,0.80837106,0.867809601,4.896560699,1.69525061,1.522560344,0.70635693,1.543245881,0.603124523,1.718457224,0.365879373,2.066997992,0.964659516,2.066997992,0.989342575,0.176726556,1,0.335832882,1,0.131838125,1,0.512559438,1,0.644397563,1,0.467671007,1,NA,NA,Stable
MI0005539,hsa-mir-541,hsa-miR-541-3p,chr14:101064548-101064569,+,Single miR only,hsa-miR-541-3p,0.796534628,2.237558197,4.626242273,4.441924064,0.879954289,2.331118188,6.754962746,6.887666371,1.104563097,4.335176795,6.969938316,3.00588201,0.53891404,5.496127472,7.508059739,6.538823782,3.025564791,0.920044014,4.213425399,1.534766186,3.853890055,1.232183362,5.020481258,1.549303466,5.020481258,0.970837113,0.448147095,1,-0.062592608,1,0.316437993,1,0.385554488,1,0.701992481,1,0.253845386,1,NA,NA,Stable
MI0005540,hsa-mir-889,hsa-miR-889-5p,chr14:101047911-101047932,+,<10% RPMM,hsa-miR-889-5p**,0.477920777,0.559389549,1.156560568,0.925400847,0.733295241,1.248813315,3.268530361,1.530592527,0,1.156047145,2.549977433,3.00588201,0,2.024889069,3.15556134,2.421786586,0.779817935,0.158865762,1.695307861,0.549771607,1.677976647,0.683845381,1.900559249,0.675419101,1.900559249,0.934150328,1.137968255,1,-0.29800839,1,0.227144493,1,0.839959865,1,1.067104358,1,-0.070863897,1,NA,NA,Stable
MI0005540,hsa-mir-889,hsa-miR-889-3p,chr14:101047949-101047969,+,Single miR only,hsa-miR-889-3p,11.31079172,81.44711839,79.94724927,62.00185672,16.27915435,95.57584572,65.26165621,46.491748,12.33428792,43.64077974,47.08958326,83.16273561,13.87703652,83.88826141,56.36485427,55.70109147,58.67675403,16.39490305,55.90210107,16.63365048,46.55684663,14.49126716,52.45781092,14.43991352,58.67675403,0.992535394,0.044843626,1,-0.294224773,1,0.167291935,1,-0.249381147,1,-0.082089212,1,-0.126932838,1,NA,NA,Stable
MI0005543,hsa-mir-708,hsa-miR-708-3p,chr11:79402032-79402053,-,<20% RPMM,hsa-miR-708-3p*,8.44326706,16.22229693,8.52963419,4.997164572,9.679497182,18.89870817,8.498178938,2.678536922,14.54341412,5.202212154,4.419960883,7.68169847,18.9967199,14.31885841,4.678935779,1.69525061,9.548090688,2.371951489,9.938730303,3.355766198,7.961821406,2.301377317,9.922441176,4.050226664,9.938730303,0.997263686,-0.034817181,1,-0.114435098,1,-0.042984575,1,-0.149252279,1,-0.192236854,1,-0.157419673,1,NA,NA,Stable
MI0005543,hsa-mir-708,hsa-miR-708-5p,chr11:79402077-79402099,-,Single miR only,hsa-miR-708-5p,90.96425455,63.77040863,80.23638941,37.94143471,71.42295648,72.18140962,63.51844001,28.31596175,82.84223231,39.30560294,66.12941475,37.90751202,89.86391612,42.08876564,39.17248559,32.69411891,68.22812183,11.54081469,58.85969196,10.36792797,56.5461905,10.90855244,50.95482157,13.11742254,68.22812183,0.847045307,-0.175160848,1,-0.105372535,1,-0.159452469,1,-0.280533383,1,-0.439985852,0.834095216,-0.264825004,1,NA,NA,Stable
MI0005544,hsa-mir-147b,hsa-miR-147b,chr15:45433098-45433119,+,Single miR only,hsa-miR-147b,0.318613851,0.447511639,0.722850355,0,1.319931434,1.415321757,0.217902024,0.191324066,2.209126195,0.289011786,0.169998496,0.66797378,3.502941258,3.037333603,0.5440623,4.359215855,0.372243961,0.150008839,0.78611982,0.336341019,0.834027564,0.470500346,2.860888254,0.81935102,2.860888254,0.17350909,0.69805639,1,-0.05035128,1,1.981315715,0.619754852,0.64770511,1,2.629020825,0.163463998,1.930964435,0.626648696,NA,NA,Stable
MI0005545,hsa-mir-190b,hsa-miR-190b,chr1:154193713-154193733,-,Single miR only,hsa-miR-190b,1.274455405,1.006901189,0.867420426,1.295561185,1.319931434,1.748338641,0.653706072,1.147944395,0.18409385,0.144505893,0.849992478,0.66797378,0.943099569,0.723174667,0.43524984,0.726535976,1.111084551,0.104462132,1.217480136,0.22638158,0.4616415,0.175830691,0.707015013,0.104177105,1.217480136,NA,0.178154656,1,-1.440687395,0.781915601,0.623006241,1,-1.262532738,1,-0.639526497,1,-0.817681153,1,NA,NA,Stable
MI0005559,hsa-mir-744,hsa-miR-744-3p,chr17:12081966-12081987,+,<10% RPMM,hsa-miR-744-3p**,6.053663175,5.482017584,3.325111633,6.477805926,3.666476205,5.827795471,4.358040481,4.783101646,3.313689292,5.49122394,3.739966901,4.34182957,4.715497847,3.615873337,3.808436099,6.296645123,5.33464958,0.700223004,4.658853451,0.452508204,4.221677426,0.472817122,4.609113102,0.611466198,5.33464958,0.992535394,-0.131586646,1,-0.200748115,1,0.134089904,1,-0.33233476,1,-0.198244857,1,-0.066658211,1,NA,NA,Stable
MI0005559,hsa-mir-744,hsa-miR-744-5p,chr17:12081909-12081930,+,Single miR only,hsa-miR-744-5p,291.6909809,285.1767923,400.7482369,464.551225,302.4109574,283.3141141,500.3030472,715.5520063,312.4072627,635.1034005,693.5938617,471.4224953,298.288921,305.7582494,534.5956159,581.4709593,360.5418088,43.64137729,450.3950313,101.0834434,528.131755,85.91354103,430.0284364,74.53607184,528.131755,0.728163779,0.300756484,1,0.245711209,1,-0.317277893,1,0.546467693,0.595235804,0.2291898,1,-0.071566685,1,NA,NA,Stable
MI0005560,hsa-mir-885,hsa-miR-885-5p,chr3:10394531-10394552,-,Single miR only,hsa-miR-885-5p,0.159306926,0,0,0,0,0,0,0,0,0,0,0,0,0,0.10881246,0,0.039826731,0.039826731,0,0,0,0,0.027203115,0.027203115,0.039826731,NA,NA,NA,NA,NA,NA,NA,NA,NA,NA,NA,NA,NA,NA,NA,Stable
MI0005562,hsa-mir-887,hsa-miR-887-5p,chr5:15935191-15935211,+,>20% RPMM,hsa-miR-887-5p,6.850197803,5.705773404,6.216513054,4.627004233,7.626270507,6.57708346,5.556501614,9.566203293,10.49334943,12.28300092,8.839921767,7.68169847,9.835181225,7.954921341,10.77243354,6.538823782,5.849872123,0.470039658,7.331514718,0.856375699,9.824492645,1.002188398,8.775339971,0.948100627,9.824492645,0.405361899,0.347483268,1,0.386997596,1,-0.119679261,1,0.734480864,0.32287544,0.614801603,0.680228467,0.267318335,1,NA,NA,Stable
MI0005562,hsa-mir-887,hsa-miR-887-3p,chr5:15935229-15935250,+,Single miR only,hsa-miR-887-3p,32.65791976,37.92661145,34.26310683,29.61282709,28.74517345,35.46629815,29.63467527,20.08902691,33.13689292,24.42149595,27.02976079,27.38692498,33.81685599,25.31111336,32.75255046,19.13211403,33.61511628,1.73068932,28.48379345,3.170440631,27.99376866,1.837353848,27.75315846,3.440546704,33.61511628,0.970837113,-0.217719709,1,-0.055903985,1,0.000343635,1,-0.273623694,1,-0.273280059,1,-0.05556035,1,NA,NA,Stable
MI0005563,hsa-mir-665,hsa-miR-665,chr14:100875075-100875094,+,Single miR only,hsa-miR-665,6.850197803,23.71811689,36.4316579,40.16239674,9.09286099,50.78507482,54.366555,46.10909987,26.69360819,96.81894842,63.74943582,61.78757465,5.658597417,167.7765228,105.983336,95.9027488,26.79059233,7.521163129,40.08839767,10.46922804,62.26239177,14.3228568,93.83030127,33.40943521,93.83030127,0.020827424,0.569207831,1,0.802883891,0.905874565,0.169603504,1,1.372091723,0.064910793,1.541695227,0.018074259,0.972487396,0.582908065,DE,DE,DE
MI0005564,hsa-mir-873,hsa-miR-873-3p,chr9:28888889-28888910,-,Single miR only,hsa-miR-873-3p,0,0,0,0,0.146659048,0,0,0,0,0,0,0.166993445,0,0,0,0.484357317,0,0,0.036664762,0.036664762,0.041748361,0.041748361,0.121089329,0.121089329,0.121089329,NA,NA,NA,NA,NA,NA,NA,NA,NA,NA,NA,NA,NA,NA,NA,Stable
MI0005565,hsa-mir-543,hsa-miR-543,chr14:101032033-101032054,+,Single miR only,hsa-miR-543,6.053663175,17.67670976,27.75745364,30.72330811,4.546430495,20.14752148,27.45565503,41.70864636,9.388786328,38.1495558,51.50954414,47.59313183,6.197511457,26.75746269,47.87748239,52.79494757,20.55278367,5.581540505,23.46456334,7.733444117,36.66025452,9.513062091,33.40685103,10.68433427,36.66025452,0.000673356,0.139922939,1,0.688617686,0.025248865,-0.201106487,1,0.828540625,0.002231502,0.627434138,0.077250421,0.487511199,0.396753533,DE,DE,DE
MI0005566,hsa-mir-374b,hsa-miR-374b-3p,chrX:74218557-74218578,-,<20% RPMM,hsa-miR-374b-3p*,3.345445439,7.383942052,4.481672202,3.886683556,3.373158109,7.492879891,2.070069229,0.956620329,2.209126195,2.312094291,2.549977433,3.840849235,6.332239967,9.401270676,3.04674888,3.148322562,4.774435812,0.900247693,3.473181889,1.427987628,2.728011788,0.377749149,5.482145521,1.512726263,5.482145521,0.75864633,-0.563948226,1,-0.134466138,1,0.845974252,0.975056714,-0.698414364,1,0.147559888,1,0.711508114,1,NA,NA,Stable
MI0005566,hsa-mir-374b,hsa-miR-374b-5p,chrX:74218587-74218608,-,Single miR only,hsa-miR-374b-5p,68.97989881,29.20013448,39.03391917,26.83662455,21.55888009,27.47389293,33.77481373,25.82874889,20.802605,37.86054401,38.07966299,23.71306919,21.55656159,28.92698669,27.52955238,35.60026281,41.01264425,9.689244906,27.15908391,2.533098562,30.1139703,4.574701476,28.40334087,2.882588294,41.01264425,0.893973937,-0.565313435,1,0.091816819,1,-0.034177809,1,-0.473496616,1,-0.507674425,1,0.05763901,1,NA,NA,Stable
MI0005567,hsa-mir-760,hsa-miR-760,chr1:93846880-93846899,+,Single miR only,hsa-miR-760,3.345445439,0.671267459,1.734840852,1.850801693,2.639862868,1.248813315,1.198461132,4.400453515,1.104563097,1.589564825,1.869983451,2.33790823,4.311312318,1.157079468,1.74099936,2.179607927,1.900588861,0.549908538,2.371897707,0.754161562,1.725504901,0.258192486,2.347249768,0.687367586,2.371897707,0.992535394,0.331458385,1,-0.310808747,1,0.324126844,1,0.020649638,1,0.344776482,1,0.013318097,1,NA,NA,Stable
MI0005568,hsa-mir-301b,hsa-miR-301b-3p,chr22:21653025-21653047,+,Single miR only,hsa-miR-301b-3p,17.20514797,44.1917744,29.49229449,25.17090303,18.03906293,57.61192094,23.09761455,18.55843439,22.45944965,18.20774254,15.97985858,32.89770867,17.11052076,30.08406616,16.75711884,21.31172196,29.01502997,5.662831872,29.3267582,9.496585018,22.38618986,3.752753402,21.31585693,3.100382443,29.3267582,0.978328934,-0.019525823,1,-0.261946588,1,-0.129820178,1,-0.281472411,1,-0.411292589,1,-0.391766766,1,NA,NA,Stable
MI0005568,hsa-mir-301b,hsa-miR-301b-5p,chr22:21652990-21653011,+,<1% RPMM,hsa-miR-301b-5p***,0,0,0,0,0,0.083254221,0,0,0,0,0,0,0,0,0.21762492,0,0,0,0.020813555,0.020813555,0,0,0.05440623,0.05440623,0.05440623,NA,NA,NA,NA,NA,NA,NA,NA,NA,NA,NA,NA,NA,NA,NA,Stable
MI0005569,hsa-mir-216b,hsa-miR-216b-5p,chr2:56000764-56000785,-,Single miR only,hsa-miR-216b-5p,0,0.33563373,0,0,0,0,0,0,0,0.578023573,0,0.33398689,0,0.289269867,0,0,0.083908432,0.083908432,0,0,0.228002616,0.140747327,0.072317467,0.072317467,0.228002616,NA,-0.886106436,NA,2.106528999,1,-1.336287361,1,1.220422562,NA,-0.115864798,NA,0.770241638,NA,NA,NA,Stable
MI0005717,hsa-mir-509-3,hsa-miR-509-3p,chrX:147259662-147259683,-,Single miR only,hsa-miR-509-3p,0,0,0,0.185080169,0,0,0,0.191324066,0,0,0,0.166993445,0,0,0,0,0.046270042,0.046270042,0.047831016,0.047831016,0.041748361,0.041748361,0,0,0.047831016,NA,NA,NA,NA,NA,NA,NA,NA,NA,NA,NA,NA,NA,NA,NA,Stable
MI0005755,hsa-mir-933,hsa-miR-933,chr2:175167642-175167663,-,Single miR only,hsa-miR-933,0.637227703,0.22375582,0.289140142,0.370160339,0.146659048,0.333016884,0,0.765296263,0,1.589564825,0.169998496,0.500980335,0.13472851,0.578539734,0.21762492,0.484357317,0.380071001,0.090797691,0.311243049,0.165981563,0.565135914,0.356964367,0.35381262,0.105707588,0.565135914,NA,-0.854233018,1,0.846372936,1,-0.397159006,1,-0.007860083,1,-0.405019089,1,0.449213929,1,NA,NA,Stable
MI0005757,hsa-mir-935,hsa-miR-935,chr19:53982362-53982384,+,Single miR only,hsa-miR-935,145.765837,37.47909981,40.9133301,17.02737558,89.16870132,35.54955237,46.30418011,17.79313812,85.60364005,77.45515874,78.87930192,11.68954115,72.75339536,26.75746269,29.81461404,21.0695433,60.29641062,28.97350186,47.20389298,15.17308686,63.40691046,17.33043871,37.59875385,11.85745211,63.40691046,0.894941897,-0.139859937,1,0.379984546,1,-0.651357088,0.891567104,0.240124609,1,-0.411232479,1,-0.271372542,1,NA,NA,Stable
MI0005759,hsa-mir-937,hsa-miR-937-3p,chr8:143812971-143812992,-,Single miR only,hsa-miR-937-3p,1.911683108,0.22375582,1.301130639,1.110481016,0.879954289,1.332067536,1.63426518,2.678536922,1.656844646,3.323635543,3.39996991,1.66993445,0.943099569,0.723174667,0.97931214,2.663965244,1.136762646,0.34902134,1.631205982,0.381965789,2.512596137,0.490544465,1.327387905,0.449105304,2.512596137,0.75864633,0.549124843,1,0.696160354,1,-1.096285631,1,1.245285196,0.829413609,0.148999565,1,-0.400125278,1,NA,NA,Stable
MI0005759,hsa-mir-937,hsa-miR-937-5p,chr8:143813010-143813029,-,<10% RPMM,hsa-miR-937-5p**,0.477920777,0,0.144570071,0,0,0,0,0,0.18409385,0.289011786,0,0,0,0,0.21762492,0.242178659,0.155622712,0.112707239,0,0,0.118276409,0.071566474,0.114950895,0.066555914,0.155622712,NA,NA,NA,NA,NA,NA,NA,NA,NA,NA,NA,NA,NA,NA,NA,Stable
MI0005761,hsa-mir-939,hsa-miR-939-5p,chr8:144394193-144394216,-,Single miR only,hsa-miR-939-5p,0.159306926,0.33563373,0.289140142,0.555240508,0.146659048,0.582779547,0.217902024,0,0.736375398,0,0.169998496,1.00196067,0.53891404,0.144634933,0.21762492,0.484357317,0.334830326,0.082400117,0.236835155,0.123914825,0.477083641,0.235343401,0.346382803,0.097205126,0.477083641,NA,-0.188357453,1,0.517473181,1,-0.324484506,1,0.329115728,1,0.004631222,1,0.192988675,NA,NA,NA,Stable
MI0005761,hsa-mir-939,hsa-miR-939-3p,chr8:144394161-144394181,-,NA,hsa-miR-939-3p,0,0,0,0,0,0.083254221,0,0,0,0,0,0.166993445,0.13472851,0.144634933,0,0,0,0,0.020813555,0.020813555,0.041748361,0.041748361,0.069840861,0.040373312,0.069840861,NA,NA,NA,NA,NA,NA,NA,NA,NA,NA,NA,NA,NA,NA,NA,Stable
MI0005762,hsa-mir-940,hsa-miR-940,chr16:2271806-2271826,+,Single miR only,hsa-miR-940,7.487425506,5.258261764,3.180541562,4.997164572,4.986407639,6.910100344,4.358040481,5.931046041,7.179660133,4.046165009,4.589959379,2.170914785,7.948982086,5.930032272,5.331810539,7.265359758,5.230848351,0.882763558,5.546398626,0.557779899,4.496674826,1.033571116,6.619046164,0.599872661,6.619046164,0.893973937,0.162732276,1,-0.397998299,1,0.608945394,0.932295531,-0.235266023,1,0.373679371,1,0.210947094,1,NA,NA,Stable
MI0005763,hsa-mir-941-1,hsa-miR-941,chr20:63919495-63919517,+,Single miR only,hsa-miR-941,0,0,0,0,606.2885053,0,0,0,0,0,0,1159.435489,0,0,0,0,0,0,151.5721263,151.5721263,289.8588722,289.8588722,0,0,289.8588722,0.893973937,30,7.82E-10,-3.718026778,1,-39.74856207,7.75E-18,26.28197322,2.16E-07,0,1,-43.46658885,1.79E-21,NA,DE,Stable
MI0005767,hsa-mir-942,hsa-miR-942-3p,chr1:117094695-117094716,+,<10% RPMM,hsa-miR-942-3p**,0.318613851,0.33563373,0.289140142,0.370160339,0.293318096,0.749287989,0.326853036,0.191324066,0.368187699,0.722529466,0,1.00196067,0.26945702,0.4339048,0.87049968,0.968714634,0.328387015,0.016914878,0.390195797,0.123117411,0.523169459,0.21731526,0.635644034,0.168543972,0.635644034,NA,0.32478809,1,0.236657395,1,0.407535459,1,0.561445485,1,0.968980945,1,0.644192855,1,NA,NA,Stable
MI0005767,hsa-mir-942,hsa-miR-942-5p,chr1:117094655-117094676,+,Single miR only,hsa-miR-942-5p,3.345445439,5.929529223,3.903391917,8.513687789,3.519817157,5.74454125,4.140138457,6.505018239,3.681876991,6.358259299,4.759957874,6.01176402,3.233484238,4.049778137,4.026061019,6.054466465,5.423013592,1.170269361,4.977378776,0.692078862,5.202964546,0.612292469,4.340947465,0.601841287,5.423013592,0.992535394,-0.059914237,1,0.028832347,1,-0.234987558,1,-0.03108189,1,-0.266069448,1,-0.206155211,1,NA,NA,Stable
MI0005768,hsa-mir-943,hsa-miR-943,chr4:1986403-1986423,-,Single miR only,hsa-miR-943,0.159306926,0.22375582,0.578280284,1.110481016,0.586636193,0.915796431,0.217902024,0.573972198,0.920469248,1.734070718,1.699984955,0,0,0,0.76168722,0.968714634,0.517956011,0.217927323,0.573576711,0.142533483,1.08863123,0.40863002,0.432600464,0.253311866,1.08863123,NA,0.554913634,1,0.853589495,1,-1.80195994,1,1.408503129,1,-0.393456811,1,-0.948370445,1,NA,NA,Stable
MI0005769,hsa-mir-944,hsa-miR-944,chr3:189829975-189829996,+,Single miR only,hsa-miR-944,0,0,0.289140142,0,0,0,0.435804048,0,0,0.289011786,0,0,0.13472851,0,0.21762492,0.242178659,0.072285036,0.072285036,0.108951012,0.108951012,0.072252947,0.072252947,0.148633022,0.054616678,0.148633022,NA,0.219200611,NA,0.836296448,1,0.444466282,1,1.05549706,NA,1.499963341,NA,1.28076273,NA,NA,NA,Stable
MI0006272,hsa-mir-1179,hsa-miR-1179,chr15:88608121-88608141,+,Single miR only,hsa-miR-1179,0,0.559389549,0,0.185080169,0.586636193,0.416271105,0,0.191324066,0.18409385,0,0.169998496,0.834967225,0.80837106,1.157079468,0.32643738,0,0.18611743,0.131849835,0.298557841,0.128284,0.297264893,0.184050409,0.572971977,0.255876025,0.572971977,NA,0.743446925,1,0.361070889,1,0.861289683,1,1.104517813,1,1.965807496,1,1.222360572,NA,NA,NA,Stable
MI0006273,hsa-mir-1180,hsa-miR-1180-3p,chr17:19344513-19344534,-,Single miR only,hsa-miR-1180-3p,76.14871047,75.85322289,65.63481224,145.1028528,81.83574891,67.68568168,67.76752948,147.8935029,84.86726465,114.1596556,70.88937263,99.02711289,89.72918761,65.51962486,67.57253765,107.5273244,90.68489959,18.30323271,91.29561574,19.15683025,92.23585144,9.294902949,82.58716863,9.957241918,92.23585144,0.993959075,0.043572047,1,0.041428382,1,-0.160568035,1,0.085000429,1,-0.075567606,1,-0.119139653,1,NA,NA,Stable
MI0006273,hsa-mir-1180,hsa-miR-1180-5p,chr17:19344548-19344568,-,<1% RPMM,hsa-miR-1180-5p***,0,0,0.144570071,0,0,0.166508442,0,0,0,0.144505893,0.509995487,0,0,0,0,0,0.036142518,0.036142518,0.041627111,0.041627111,0.163625345,0.120375917,0,0,0.163625345,NA,NA,NA,NA,NA,NA,NA,NA,NA,NA,NA,NA,NA,NA,NA,Stable
MI0006274,hsa-mir-1181,hsa-miR-1181,chr19:10403505-10403525,-,Single miR only,hsa-miR-1181,0.637227703,0,0,0.185080169,0,0.166508442,0,0,0,0,0,0,0.26945702,0,0,0,0.205576968,0.150351326,0.041627111,0.041627111,0,0,0.067364255,0.067364255,0.205576968,NA,NA,NA,NA,NA,NA,NA,NA,NA,NA,NA,NA,NA,NA,NA,Stable
MI0006277,hsa-mir-1184-1,hsa-miR-1184,chrX:154887376-154887398,-,Single miR only,hsa-miR-1184,0,0,0,0,0,0,0,0,0,0,0,0.166993445,0,0,0,0,0,0,0,0,0.041748361,0.041748361,0,0,0.041748361,NA,NA,NA,NA,NA,NA,NA,NA,NA,NA,NA,NA,NA,NA,NA,Stable
MI0006311,hsa-mir-1225,hsa-miR-1225-3p,chr16:2090195-2090216,-,NA,hsa-miR-1225-3p,0,0,0,0,0,0,0,0,0,0,0,0,0.13472851,0,0,0,0,0,0,0,0,0,0.033682127,0.033682127,0.033682127,NA,NA,NA,NA,NA,NA,NA,NA,NA,NA,NA,NA,NA,NA,NA,Stable
MI0006311,hsa-mir-1225,hsa-miR-1225-5p,chr16:2090263-2090284,-,Single miR only,hsa-miR-1225-5p,0,0,0,0,0,0,0,0,0,0.144505893,0,0,0,0,0,0,0,0,0,0,0.036126473,0.036126473,0,0,0.036126473,NA,NA,NA,NA,NA,NA,NA,NA,NA,NA,NA,NA,NA,NA,NA,Stable
MI0006313,hsa-mir-1226,hsa-miR-1226-5p,chr3:47849555-47849580,+,<10% RPMM,hsa-miR-1226-5p**,0.477920777,0.22375582,0.289140142,0,0,0.499525326,1.416363156,0.765296263,0.552281549,0.722529466,0.679993982,0.834967225,0.40418553,0.144634933,0.32643738,0.484357317,0.247704185,0.098593232,0.670296186,0.294971835,0.697443055,0.058394177,0.33990379,0.072635066,0.697443055,NA,1.301637096,1,0.146174726,1,-1.089493803,1,1.447811822,1,0.358318019,1,-0.943319077,1,NA,NA,Stable
MI0006313,hsa-mir-1226,hsa-miR-1226-3p,chr3:47849608-47849629,+,Single miR only,hsa-miR-1226-3p,8.602573986,3.580093116,5.782802841,5.36732491,3.813135254,3.33016884,6.319158698,8.035610766,4.602346239,8.525847697,8.159927785,5.844770575,4.176583808,4.917587738,7.943309579,6.78100244,5.833198713,1.039451072,5.374518389,1.102687638,6.783223074,0.938481633,5.954620891,0.859973003,6.783223074,0.992535394,-0.143741307,1,0.358469973,1,-0.199217962,1,0.214728665,1,0.015510703,1,0.159252011,1,NA,NA,Stable
MI0006316,hsa-mir-1227,hsa-miR-1227-3p,chr19:2234062-2234081,-,Single miR only,hsa-miR-1227-3p,0.796534628,0.22375582,0.867420426,0,0.146659048,0.249762663,1.08951012,0.765296263,1.104563097,0.578023573,0.849992478,0.66797378,0.67364255,0,0.5440623,0.242178659,0.471927719,0.213324712,0.562807024,0.221659264,0.800138232,0.116175983,0.364970877,0.151556813,0.800138232,NA,0.388221535,1,0.552921514,1,-1.33411368,1,0.941143049,1,-0.392970631,1,-0.781192166,1,NA,NA,Stable
MI0006318,hsa-mir-1228,hsa-miR-1228-5p,chr12:57194504-57194524,+,>20% RPMM,hsa-miR-1228-5p,0.477920777,0.559389549,0.144570071,0,0.146659048,0.416271105,0.108951012,0,0,0.722529466,0,0.33398689,0.67364255,0.144634933,0,0.242178659,0.295470099,0.133233856,0.167970291,0.088414157,0.264129089,0.171886438,0.265114035,0.144977655,0.295470099,NA,-0.716053087,1,0.544032318,1,-0.010183465,1,-0.17202077,NA,-0.182204234,1,0.533848853,NA,NA,NA,Stable
MI0006318,hsa-mir-1228,hsa-miR-1228-3p,chr12:57194555-57194574,+,Single miR only,hsa-miR-1228-3p,0.159306926,0.671267459,0.722850355,1.110481016,0,0.499525326,1.743216192,0.956620329,0.736375398,0.43351768,1.019990973,2.170914785,0.80837106,1.157079468,1.52337444,1.453071952,0.665976439,0.195269248,0.799840462,0.3701882,1.090199709,0.379615735,1.23547423,0.162992371,1.23547423,NA,0.193443147,1,0.50335939,1,0.345519391,1,0.696802538,1,1.042321929,1,0.848878782,1,NA,NA,Stable
MI0006319,hsa-mir-1229,hsa-miR-1229-3p,chr5:179798278-179798300,-,Single miR only,hsa-miR-1229-3p,1.11514848,1.678168648,1.301130639,0.925400847,0.733295241,0.666033768,1.198461132,1.721916593,0.552281549,1.589564825,2.549977433,0.166993445,1.616742119,1.446349335,1.95862428,0.242178659,1.254962153,0.160570282,1.079926684,0.244550977,1.214704313,0.536964981,1.315973598,0.373440648,1.315973598,0.997263686,-0.160056528,1,-0.095778755,1,0.30238184,1,-0.255835283,1,0.046546557,1,0.206603085,1,NA,NA,Stable
MI0006321,hsa-mir-1231,hsa-miR-1231,chr1:201808615-201808634,+,Single miR only,hsa-miR-1231,0,0,0.144570071,0,0,0,0,0.191324066,0,0,0,0,0.13472851,0,0,0,0.036142518,0.036142518,0.047831016,0.047831016,0,0,0.033682127,0.033682127,0.047831016,NA,NA,NA,NA,NA,NA,NA,NA,NA,NA,NA,NA,NA,NA,NA,Stable
MI0006324,hsa-mir-1234,hsa-miR-1234-3p,chr8:144400088-144400109,-,Single miR only,hsa-miR-1234-3p,0.796534628,0.33563373,0.289140142,0.370160339,0.586636193,0.166508442,0.762657084,0.765296263,0,0.43351768,0.509995487,2.00392134,0.13472851,0,0.65287476,0.242178659,0.44786721,0.117401719,0.570274496,0.140931213,0.736858627,0.437025092,0.257445482,0.140811642,0.736858627,NA,0.100351391,1,0.250294043,1,-1.416946594,1,0.350645434,1,-1.06630116,1,-1.166652551,1,NA,NA,Stable
MI0006327,hsa-mir-1237,hsa-miR-1237-3p,chr11:64368683-64368703,+,Single miR only,hsa-miR-1237-3p,0.955841554,1.342534918,0.722850355,1.110481016,1.319931434,1.248813315,0.980559108,2.869860988,1.656844646,1.156047145,1.359987964,1.502941005,1.077828079,2.024889069,0.76168722,2.421786586,1.032926961,0.130371706,1.604791211,0.42797319,1.41895519,0.10655311,1.571547738,0.390305182,1.604791211,0.992535394,0.561528136,1,-0.120725345,1,0.079373245,1,0.440802791,1,0.520176036,1,-0.0413521,1,NA,NA,Stable
MI0006327,hsa-mir-1237,hsa-miR-1237-5p,chr11:64368651-64368671,+,<10% RPMM,hsa-miR-1237-5p**,0,0,0,0,0,0.166508442,0.217902024,0,0.18409385,0.578023573,0,0,0,0.144634933,0,0,0,0,0.096102617,0.056467913,0.190529356,0.13625835,0.036158733,0.036158733,0.190529356,NA,NA,NA,NA,NA,NA,NA,NA,NA,NA,NA,NA,NA,NA,NA,Stable
MI0006338,hsa-mir-1205,hsa-miR-1205,chr8:127960640-127960659,+,Single miR only,hsa-miR-1205,0,0,0,0,0,0,0,0,0.18409385,0,0,0,0,0,0,0,0,0,0,0,0.046023462,0.046023462,0,0,0.046023462,NA,NA,NA,NA,NA,NA,NA,NA,NA,NA,NA,NA,NA,NA,NA,Stable
MI0006344,hsa-mir-548e,hsa-miR-548e-5p,chr10:110988940-110988961,+,>20% RPMM,hsa-miR-548e-5p,0.318613851,1.901924468,1.879410923,1.850801693,1.466590482,1.914847083,0.980559108,2.104564724,2.393220044,1.300553039,1.189989469,1.33594756,1.212556589,1.735619202,1.0881246,1.69525061,1.487687734,0.389831654,1.61664035,0.250684357,1.554927528,0.281154278,1.43288775,0.165299741,1.61664035,0.997263686,0.124518153,1,-0.052202652,1,-0.121932964,1,0.0723155,1,-0.049617464,1,-0.174135617,1,NA,NA,Stable
MI0006344,hsa-mir-548e,hsa-miR-548e-3p,chr10:110988978-110988999,+,Single miR only,hsa-miR-548e-3p,2.389603885,7.272064142,4.337102131,5.36732491,4.546430495,10.98955717,4.466991493,4.400453515,2.945501593,4.479682688,2.039981946,7.514705025,4.580769338,9.112000809,3.04674888,3.874858537,4.841523767,1.018591579,6.100858169,1.629839452,4.244967813,1.200584845,5.153594391,1.356191767,6.100858169,0.978328934,0.356656101,1,-0.552361048,1,0.299465787,1,-0.195704947,1,0.10376084,1,-0.252895261,1,NA,NA,Stable
MI0006345,hsa-mir-548j,hsa-miR-548j-5p,chr22:26555274-26555295,-,Single miR only,hsa-miR-548j-5p,0,0.895023279,0.433710213,0.370160339,0.733295241,0.582779547,0.54475506,1.147944395,0.368187699,0.289011786,0,0.166993445,1.077828079,0.723174667,0.21762492,0.484357317,0.424723458,0.183627756,0.752193561,0.138054249,0.206048233,0.080183804,0.625746246,0.182670954,0.752193561,NA,0.828018766,1,-2.009809911,0.879756494,1.65135487,1,-1.181791146,1,0.469563725,1,-0.358455041,1,NA,NA,Stable
MI0006345,hsa-mir-548j,hsa-miR-548j-3p,chr22:26555239-26555259,-,NA,hsa-miR-548j-3p,0,0.11187791,0,0.370160339,0,0.416271105,0,0,0,0,0,0,0,0,0,0,0.120509562,0.087295058,0.104067776,0.104067776,0,0,0,0,0.120509562,NA,NA,NA,NA,NA,NA,NA,NA,NA,NA,NA,NA,NA,NA,NA,Stable
MI0006346,hsa-mir-1285-1,hsa-miR-1285-3p,chr7:92204027-92204048,-,Single miR only,hsa-miR-1285-3p,0,3.244459386,0,0,0,0,0,0,2.209126195,0,0,0,0,0,0,0,0.811114847,0.811114847,0,0,0.552281549,0.552281549,0,0,0.811114847,NA,-20.69863328,0.000221955,20.50877048,0.000272073,-18.99939895,0.001139175,-0.189862801,1,-19.18926175,0.00095788,0,NA,NA,DE,Stable
MI0006346,hsa-mir-1285-1,hsa-miR-1285-5p,chr7:92204067-92204087,-,NA,hsa-miR-1285-5p,0,0.11187791,0,0,0,0,0,0,0,0,0,0,0,0,0,0,0.027969477,0.027969477,0,0,0,0,0,0,0.027969477,NA,NA,NA,NA,NA,NA,NA,NA,NA,NA,NA,NA,NA,NA,NA,Stable
MI0006349,hsa-mir-1287,hsa-miR-1287-5p,chr10:98395271-98395292,-,Single miR only,hsa-miR-1287-5p,8.124653209,5.482017584,7.951353906,9.254008466,6.746316218,7.576134112,6.210207686,8.035610766,6.443284735,10.11541252,3.909965397,8.01568536,8.757353145,7.521016541,8.813809259,8.476253051,7.703008291,0.794662467,7.142067195,0.409452397,7.121087003,1.308211547,8.392107999,0.299599272,8.392107999,0.992535394,-0.071543856,1,-0.05309319,1,0.288209295,1,-0.124637047,1,0.163572249,1,0.235116105,1,NA,NA,Stable
MI0006349,hsa-mir-1287,hsa-miR-1287-3p,chr10:98395232-98395253,-,<1% RPMM,hsa-miR-1287-3p***,0.159306926,0,0,0,0,0,0,0,0,0,0,0,0,0,0,0,0.039826731,0.039826731,0,0,0,0,0,0,0.039826731,NA,NA,NA,NA,NA,NA,NA,NA,NA,NA,NA,NA,NA,NA,NA,Stable
MI0006350,hsa-mir-1289-1,hsa-miR-1289,chr20:35453990-35454012,-,Single miR only,hsa-miR-1289,0,0,0,0,0,0,0,0.765296263,0,0.144505893,0.679993982,0,0.13472851,0,0,0,0,0,0.191324066,0.191324066,0.206124969,0.161586859,0.033682127,0.033682127,0.206124969,NA,NA,NA,NA,NA,NA,NA,NA,NA,NA,NA,NA,NA,NA,NA,Stable
MI0006351,hsa-mir-1289-2,hsa-miR-1289,chr5:133427615-133427637,-,Single miR only,hsa-miR-1289,0,0,0,0,0,0,0,0,0,0,0,0,0,0.144634933,0,0,0,0,0,0,0,0,0.036158733,0.036158733,0.036158733,NA,NA,NA,NA,NA,NA,NA,NA,NA,NA,NA,NA,NA,NA,NA,Stable
MI0006353,hsa-mir-1291,hsa-miR-1291,chr12:48654494-48654517,-,Single miR only,hsa-miR-1291,0.955841554,2.573191927,1.301130639,4.441924064,1.466590482,1.415321757,2.179020241,16.83651779,1.288656947,1.445058932,2.379978937,3.840849235,2.020927649,5.351492539,1.30574952,3.148322562,2.318022046,0.788758269,5.474362569,3.791392684,2.238636013,0.585896026,2.956623067,0.883791919,5.474362569,0.970837113,0.874207472,1,-0.800867522,1,0.530180055,1,0.07333995,1,0.603520005,1,-0.270687467,1,NA,NA,Stable
MI0006354,hsa-mir-548k,hsa-miR-548k,chr11:70283986-70284007,+,Single miR only,hsa-miR-548k,18.32029645,35.35341952,19.9506698,29.79790726,19.50565341,39.6290092,18.63062306,14.540629,24.66857584,21.2423663,16.99984955,30.0588201,24.52058881,25.60038322,19.69505526,24.70222318,25.85557326,4.055853408,23.07647867,5.622598907,23.24240295,2.760844247,23.62956262,1.332573024,25.85557326,0.997263686,-0.141491435,1,0.015189886,1,0.046997219,1,-0.126301549,1,-0.07930433,1,0.062187105,1,NA,NA,Stable
MI0006355,hsa-mir-1293,hsa-miR-1293,chr12:50234182-50234203,-,Single miR only,hsa-miR-1293,1.433762331,0.895023279,1.734840852,1.850801693,1.026613338,1.248813315,1.08951012,4.59177758,0.552281549,2.74561197,0.339996991,2.838888565,1.751470629,0.723174667,0.97931214,2.421786586,1.478607039,0.213456803,1.989178588,0.868792144,1.619194769,0.678915768,1.468936006,0.385534428,1.989178588,0.997263686,0.181057329,1,-0.226081587,1,-0.047271611,1,-0.045024258,1,-0.092295869,1,-0.273353198,1,NA,NA,Stable
MI0006356,hsa-mir-1294,hsa-miR-1294,chr5:154347153-154347174,+,Single miR only,hsa-miR-1294,2.708217736,1.230657009,1.734840852,2.406042201,3.226499061,1.415321757,1.525314168,0.765296263,3.865970841,2.023082504,1.52998646,1.33594756,3.233484238,0.289269867,0.76168722,1.453071952,2.01993945,0.332547029,1.733107812,0.525281099,2.188746841,0.577477047,1.434378319,0.645556494,2.188746841,0.970837113,-0.216506219,1,0.277492438,1,-0.76389844,1,0.060986219,1,-0.702912221,1,-0.486406002,1,NA,NA,Stable
MI0006357,hsa-mir-1295a,hsa-miR-1295a,chr1:171101738-171101758,-,Single miR only,hsa-miR-1295a,0,0,0.144570071,0.185080169,0,0.083254221,0.108951012,0,0,0,0,0,0,0,0,0,0.08241256,0.048294111,0.048051308,0.028233956,0,0,0,0,0.08241256,NA,NA,NA,NA,NA,NA,NA,NA,NA,NA,NA,NA,NA,NA,NA,Stable
MI0006361,hsa-mir-548l,hsa-miR-548l,chr11:94466545-94466566,-,Single miR only,hsa-miR-548l,0.637227703,1.118779099,1.156560568,1.480641355,0.439977145,0.666033768,0.653706072,1.147944395,0.552281549,0.722529466,0.849992478,0.166993445,0.40418553,1.157079468,0.87049968,0,1.098302181,0.173826125,0.726915345,0.149628751,0.572949234,0.14842351,0.607941169,0.255212112,1.098302181,NA,-0.5882938,1,-0.382934255,1,0.180170273,1,-0.971228056,1,-0.791057783,1,-0.202763983,1,NA,NA,Stable
MI0006370,hsa-mir-1303,hsa-miR-1303,chr5:154685827-154685848,+,Single miR only,hsa-miR-1303,0,0,0,0,0,1.498575978,0,0,2.025032345,0,3.059972919,0,2.425113179,0,3.2643738,5.327930489,0,0,0.374643995,0.374643995,1.271251316,0.763755558,2.754354367,1.102205426,2.754354367,0.992535394,15.37854924,0.023761024,5.627513275,1,1.630757749,1,21.00606251,9.35E-05,22.63682026,1.24E-05,7.258271024,1,NA,DE,Stable
MI0006371,hsa-mir-1304,hsa-miR-1304-5p,chr11:93733724-93733745,-,<10% RPMM,hsa-miR-1304-5p**,3.345445439,4.251360575,2.023980994,4.812084402,4.693089543,2.997151956,4.031187445,4.209129449,2.577313894,4.190670902,2.889974424,3.3398689,2.559841689,2.748063736,3.481998719,3.874858537,3.608217853,0.608398375,3.982639598,0.357022357,3.24945703,0.350602101,3.16619067,0.308819539,3.982639598,0.992535394,0.196258682,1,-0.339619114,1,-0.010366136,1,-0.143360432,1,-0.153726568,1,-0.34998525,1,NA,NA,Stable
MI0006371,hsa-mir-1304,hsa-miR-1304-3p,chr11:93733691-93733712,-,Single miR only,hsa-miR-1304-3p,33.45445439,38.486001,29.63686456,42.75351911,32.8516268,44.87402512,30.50628337,52.80544217,36.08239452,54.9122394,29.74973671,45.58921049,31.66119983,40.93168617,32.97017538,44.56087318,36.08270976,2.868393175,40.25934437,5.233675629,41.58339528,5.507579063,37.53098364,3.112333779,41.58339528,0.980599834,0.171137742,1,0.007520045,1,-0.102811599,1,0.178657788,1,0.075846189,1,-0.095291553,1,NA,NA,Stable
MI0006373,hsa-mir-1243,hsa-miR-1243,chr4:113106867-113106888,+,Single miR only,hsa-miR-1243,0,0.783145369,0.144570071,0.185080169,0,0.333016884,0.326853036,1.147944395,0.552281549,0.289011786,0.169998496,0.66797378,0.13472851,1.301714401,0.21762492,0.968714634,0.278198902,0.172938652,0.451953579,0.244687102,0.419816403,0.114981134,0.655695616,0.285574543,0.655695616,NA,0.660746543,1,0.249518237,1,0.235919117,1,0.91026478,1,1.146183897,1,0.485437355,1,NA,NA,Stable
MI0006379,hsa-mir-1244-1,hsa-miR-1244,chr2:231713368-231713393,+,Single miR only,hsa-miR-1244,0,0,0,0.370160339,0,0,0,0,0,0,0,0,0,0,0,0,0.092540085,0.092540085,0,0,0,0,0,0,0.092540085,NA,NA,NA,NA,NA,NA,NA,NA,NA,NA,NA,NA,NA,NA,NA,Stable
MI0006380,hsa-mir-1245a,hsa-miR-1245a,chr2:188978136-188978156,+,Single miR only,hsa-miR-1245a,0.637227703,1.566290738,0.722850355,1.295561185,0.586636193,1.748338641,0.435804048,1.721916593,0,1.300553039,1.359987964,0.834967225,1.077828079,0.867809601,1.30574952,2.906143903,1.055482495,0.224377667,1.123173869,0.354691625,0.873877057,0.314050327,1.539382776,0.464279347,1.539382776,0.986346122,0.041064322,1,-0.365201461,1,0.888895958,1,-0.324137139,1,0.564758819,1,0.523694497,1,NA,NA,Stable
MI0006382,hsa-mir-1247,hsa-miR-1247-5p,chr14:101560362-101560383,-,NA,hsa-miR-1247-5p,0,0,0,0,0,0,0,0.191324066,0,0,0.509995487,0.66797378,0,0,0.43524984,1.210893293,0,0,0.047831016,0.047831016,0.294492317,0.173056221,0.411535783,0.285519729,0.411535783,NA,0.389869684,NA,1.945899564,1,0.131522822,1,2.335769248,NA,2.46729207,NA,2.077422386,NA,NA,NA,Stable
MI0006382,hsa-mir-1247,hsa-miR-1247-3p,chr14:101560326-101560349,-,Single miR only,hsa-miR-1247-3p,0,0,0,0,0,0,0.108951012,0.191324066,0,0.144505893,0.169998496,1.168954115,0,0.289269867,0.21762492,1.69525061,0,0,0.075068769,0.046488297,0.370864626,0.268649847,0.550536349,0.386496141,0.550536349,NA,1.047185105,NA,1.738123801,1,0.521608684,1,2.785308906,NA,3.30691759,0.899108629,2.259732485,NA,NA,NA,Stable
MI0006383,hsa-mir-1248,hsa-miR-1248,chr3:186786675-186786701,+,Single miR only,hsa-miR-1248,0.637227703,0.447511639,1.156560568,1.665721524,0,0.666033768,0.54475506,10.52282362,0.736375398,0.578023573,2.039981946,2.170914785,0.40418553,1.012444534,0,0.484357317,0.976755359,0.274223485,2.933403113,2.533948841,1.381323926,0.420172006,0.475246845,0.208081241,2.933403113,0.992535394,0.481271221,1,0.021501762,1,-1.297143233,1,0.502772983,1,-0.79437025,1,-1.27564147,1,NA,NA,Stable
MI0006384,hsa-mir-1249,hsa-miR-1249-3p,chr22:45200958-45200979,-,Single miR only,hsa-miR-1249-3p,17.3644549,7.719575781,13.58958668,8.883848128,7.332952411,5.661287029,18.41272103,11.67076802,9.572880178,14.7396011,31.95971716,12.35751493,9.296267185,7.08711174,13.16630766,13.80418354,11.88936637,2.22275424,10.76943212,2.845095354,17.15742834,5.045775315,10.83846753,1.598576535,17.15742834,0.832332503,-0.221694076,1,0.644449353,0.934143765,-0.581686554,1,0.422755277,1,-0.158931277,1,0.062762799,1,NA,NA,Stable
MI0006384,hsa-mir-1249,hsa-miR-1249-5p,chr22:45200993-45201016,-,<10% RPMM,hsa-miR-1249-5p**,0.159306926,0,0,0.185080169,0.146659048,0,0,0.765296263,0.368187699,0,0,0.166993445,0.26945702,0,0.10881246,0.484357317,0.086096774,0.049985621,0.227988828,0.182407882,0.133795286,0.087485369,0.215656699,0.105284535,0.227988828,NA,0.653039412,NA,-0.112645299,1,0.641091852,1,0.540394113,NA,1.181485965,NA,0.528446553,NA,NA,NA,Stable
MI0006388,hsa-mir-1254-1,hsa-miR-1254,chr10:68759335-68759358,+,Single miR only,hsa-miR-1254,1.752376182,1.790046558,1.590270781,3.146362879,2.346544771,1.748338641,1.525314168,3.826481317,2.393220044,5.057706261,2.549977433,3.3398689,1.482013609,2.314158936,1.74099936,6.538823782,2.0697641,0.361473347,2.361669725,0.518135069,3.33519316,0.610392656,3.018998922,1.186085058,3.33519316,0.950666237,0.199098454,1,0.536815676,1,-0.323690174,1,0.73591413,1,0.412223956,1,0.213125501,1,NA,NA,Stable
MI0006389,hsa-mir-1255a,hsa-miR-1255a,chr4:101330365-101330387,-,Single miR only,hsa-miR-1255a,1.274455405,0.22375582,2.746831349,2.591122371,1.319931434,0.166508442,1.852167205,5.739721976,2.393220044,0,3.229971415,3.67385579,1.616742119,0,2.28506166,2.906143903,1.709041236,0.59511995,2.269582264,1.20902375,2.324261812,0.818976088,1.70198692,0.62543294,2.324261812,0.992535394,0.271519323,1,0.057770603,1,-0.428043937,1,0.329289926,1,-0.098754011,1,-0.370273334,1,NA,NA,Stable
MI0006390,hsa-mir-1256,hsa-miR-1256,chr1:20988377-20988398,-,Single miR only,hsa-miR-1256,0,0.22375582,0,0,0,0.582779547,0.326853036,0,0.18409385,0.289011786,0.339996991,0.166993445,0.26945702,0.723174667,0.21762492,0,0.055938955,0.055938955,0.227408146,0.141305534,0.245024018,0.041589307,0.302564152,0.151868646,0.302564152,NA,1.566097288,NA,0.503838345,1,0.052412174,1,2.069935633,NA,2.122347807,1,0.556250519,NA,NA,NA,Stable
MI0006391,hsa-mir-1257,hsa-miR-1257,chr20:61953621-61953641,-,Single miR only,hsa-miR-1257,0,0,0,0,0,0,0,0,0,0,0,0,0,0.4339048,0,0,0,0,0,0,0,0,0.1084762,0.1084762,0.1084762,NA,NA,NA,NA,NA,NA,NA,NA,NA,NA,NA,NA,NA,NA,NA,Stable
MI0006394,hsa-mir-1260a,hsa-miR-1260a,chr14:77266231-77266248,+,Single miR only,hsa-miR-1260a,152.6160348,91.96364192,134.0164558,202.4777052,147.9789797,135.8708887,189.3568589,298.2742187,189.9848528,217.6258751,274.7175687,196.7182782,113.7108624,107.7530254,106.2009609,237.8194427,145.2684594,22.90359474,192.8702365,36.9532293,219.7616437,19.24051536,141.3710729,32.19017083,219.7616437,0.086941403,0.422530816,1,0.234459746,1,-0.715969779,0.12650122,0.656990562,0.22878979,-0.058979218,1,-0.481510034,0.809923968,NA,NA,Stable
MI0006397,hsa-mir-1262,hsa-miR-1262,chr1:68183576-68183597,-,Single miR only,hsa-miR-1262,0.955841554,1.342534918,2.746831349,1.110481016,1.61324953,0.999050652,1.961118217,2.29588879,1.288656947,1.300553039,5.439951856,1.66993445,1.616742119,1.012444534,2.28506166,3.632679879,1.538922209,0.410401974,1.717326797,0.277026012,2.424774073,1.00894809,2.136732048,0.562307265,2.424774073,0.992535394,0.180880826,1,0.326925303,1,-0.087311394,1,0.507806129,1,0.420494735,1,0.239613909,1,NA,NA,Stable
MI0006399,hsa-mir-548n,hsa-miR-548n,chr7:34940804-34940825,-,Single miR only,hsa-miR-548n,0.318613851,0.22375582,0.578280284,0.740320677,0.293318096,1.082304873,0.108951012,0,0.368187699,0.289011786,0.509995487,0.33398689,0.13472851,0,0.32643738,0.968714634,0.465242658,0.118413584,0.371143495,0.244659575,0.375295466,0.047737029,0.357470131,0.214472531,0.465242658,NA,-0.114905888,1,-0.129774844,1,-0.301727039,1,-0.244680731,1,-0.54640777,1,-0.431501882,1,NA,NA,Stable
MI0006401,hsa-mir-1265,hsa-miR-1265,chr10:14436589-14436610,+,Single miR only,hsa-miR-1265,1.11514848,0,0,0,0.439977145,0.083254221,0,0,0,0,0,0,0.13472851,0,0,0,0.27878712,0.27878712,0.130807841,0.10490805,0,0,0.033682127,0.033682127,0.27878712,NA,-0.078379456,NA,-1.078561056,1,0.276063108,1,-1.156940512,NA,-0.880877404,NA,-0.802497948,NA,NA,NA,Stable
MI0006402,hsa-mir-548o,hsa-miR-548o-3p,chr7:102405748-102405769,-,Single miR only,hsa-miR-548o-3p,4.619900844,7.943331601,4.192532059,8.698767958,4.546430495,11.9053536,4.140138457,6.887666371,9.204692479,7.080788765,4.249962388,11.18856082,2.964027218,6.219302139,5.222998079,9.202789026,6.363633116,1.143918123,6.869897232,1.784335013,7.931001112,1.486239439,5.902279116,1.293851363,7.931001112,0.989342575,0.134443428,1,0.206218421,1,-0.426913802,1,0.340661849,1,-0.086251953,1,-0.22069538,1,NA,NA,Stable
MI0006403,hsa-mir-1266,hsa-miR-1266-5p,chr15:52277166-52277188,-,Single miR only,hsa-miR-1266-5p,0,0,0,0.185080169,0,0,0,0,0,0,0,0,0,0,0,0,0.046270042,0.046270042,0,0,0,0,0,0,0.046270042,NA,NA,NA,NA,NA,NA,NA,NA,NA,NA,NA,NA,NA,NA,NA,Stable
MI0006404,hsa-mir-1267,hsa-miR-1267,chr13:107531217-107531237,-,Single miR only,hsa-miR-1267,0,0,0.144570071,0,0,0,0,0,0,0,0.169998496,0.33398689,0,0.289269867,0,0,0.036142518,0.036142518,0,0,0.125996346,0.080076221,0.072317467,0.072317467,0.125996346,NA,NA,NA,NA,NA,NA,NA,NA,NA,NA,NA,NA,NA,NA,NA,Stable
MI0006406,hsa-mir-1269a,hsa-miR-1269a,chr4:66276890-66276911,+,Single miR only,hsa-miR-1269a,2.230296959,1.566290738,2.313121136,1.295561185,1.61324953,0.915796431,3.050628337,3.826481317,1.288656947,0.722529466,3.059972919,2.67189512,1.212556589,0.578539734,0.76168722,0.242178659,1.851317505,0.249498391,2.351538904,0.662734789,1.935763613,0.555009031,0.69874055,0.202251123,2.351538904,0.411023023,0.221245499,1,-0.316456007,1,-1.264761893,0.761446522,-0.095210508,1,-1.359972401,0.615382304,-1.5812179,0.276683177,NA,NA,Stable
MI0006407,hsa-mir-1270,hsa-miR-1270,chr19:20399320-20399342,-,Single miR only,hsa-miR-1270,2.070990034,3.915726846,2.023980994,4.997164572,1.026613338,4.245965272,2.287971253,4.59177758,1.840938496,5.057706261,1.52998646,3.3398689,1.212556589,3.181968536,2.28506166,6.054466465,3.251965611,0.729665901,3.038081861,0.840715185,2.942125029,0.808322917,3.183513313,1.038197965,3.251965611,0.997263686,-0.103803622,1,-0.0547142,1,0.074772118,1,-0.158517823,1,-0.083745705,1,0.020057917,1,NA,NA,Stable
MI0006415,hsa-mir-1275,hsa-miR-1275,chr6:34000018-34000034,-,Single miR only,hsa-miR-1275,0,0.11187791,0,0,0,2.747389293,9.260836023,0.191324066,15.46388336,0.144505893,5.269953361,1.836927895,3.502941258,5.351492539,6.963997439,3.874858537,0.027969477,0.027969477,3.049887345,2.162956799,5.678817628,3.431513327,4.923322443,0.788693188,5.678817628,0.091436711,5.45340484,0.107809413,1.353740525,1,-0.005263944,1,6.807145364,0.008668764,6.801881421,0.008668764,1.348476581,1,NA,DE,Stable
MI0006416,hsa-mir-1276,hsa-miR-1276,chr15:85770548-85770567,-,Single miR only,hsa-miR-1276,2.070990034,3.468215206,1.879410923,1.850801693,1.319931434,3.163660398,2.505873277,3.635157251,2.945501593,4.913200368,3.059972919,2.33790823,1.886199139,3.471238403,4.352498399,2.421786586,2.317354464,0.386721467,2.65615559,0.502003084,3.314145778,0.556066371,3.032930632,0.549383212,3.314145778,0.986580855,0.190549109,1,0.299676385,1,-0.073522391,1,0.490225494,1,0.416703102,1,0.226153994,1,NA,NA,Stable
MI0006425,hsa-mir-1278,hsa-miR-1278,chr1:193136552-193136573,+,Single miR only,hsa-miR-1278,0.159306926,0.33563373,0.578280284,0.740320677,0.879954289,0.582779547,0,0,0.18409385,0,0,0,0,0.144634933,0,0,0.453385404,0.128542532,0.365683459,0.219669066,0.046023462,0.046023462,0.036158733,0.036158733,0.453385404,NA,-1.244938895,NA,-2.308648912,1,-0.056010501,1,-3.553587807,NA,-3.609598307,0.932295531,-2.364659412,NA,NA,NA,Stable
MI0006429,hsa-mir-1282,hsa-miR-1282,chr15:43793732-43793751,-,Single miR only,hsa-miR-1282,1.11514848,0.22375582,0.433710213,1.850801693,1.466590482,0.083254221,0.108951012,0,0.18409385,0,0,0,0.943099569,0.144634933,0.5440623,0.242178659,0.905854051,0.36797962,0.414698929,0.351400582,0.046023462,0.046023462,0.468493865,0.179597778,0.905854051,NA,-1.726960702,1,-2.342717962,1,3.102787484,0.650336359,-4.069678664,0.137093108,-0.96689118,1,0.760069522,1,NA,NA,Stable
MI0006430,hsa-mir-1283-2,hsa-miR-1283,chr19:53758245-53758266,+,Single miR only,hsa-miR-1283,0,0,0,0,0,0,0,0,0,0,0,0,0,0.4339048,0,0,0,0,0,0,0,0,0.1084762,0.1084762,0.1084762,NA,NA,NA,NA,NA,NA,NA,NA,NA,NA,NA,NA,NA,NA,NA,Stable
MI0006431,hsa-mir-1284,hsa-miR-1284,chr3:71542039-71542060,-,Single miR only,hsa-miR-1284,0,0.33563373,0,0.925400847,0.439977145,0.582779547,0.326853036,0.191324066,0.736375398,0.289011786,1.019990973,0.33398689,0.943099569,0.4339048,0,0.726535976,0.315258644,0.218224784,0.385233448,0.083181756,0.594841262,0.173772087,0.525885086,0.203990237,0.594841262,NA,0.667758857,1,0.648449162,1,-0.523961906,1,1.316208019,1,0.792246114,1,0.124487257,1,NA,NA,Stable
MI0006432,hsa-mir-1288,hsa-miR-1288-5p,chr17:16282028-16282050,+,NA,hsa-miR-1288-5p,0,0,0,0,0,0,0,0,0.18409385,0,0,0,0,0,0,0,0,0,0,0,0.046023462,0.046023462,0,0,0.046023462,NA,NA,NA,NA,NA,NA,NA,NA,NA,NA,NA,NA,NA,NA,NA,Stable
MI0006432,hsa-mir-1288,hsa-miR-1288-3p,chr17:16282058-16282078,+,Single miR only,hsa-miR-1288-3p,0.159306926,0.11187791,0,0,0,0,0,0,0,0,0,0.33398689,0,0,0,0,0.067796209,0.040321685,0,0,0.083496723,0.083496723,0,0,0.083496723,NA,NA,NA,NA,NA,NA,NA,NA,NA,NA,NA,NA,NA,NA,NA,Stable
MI0006433,hsa-mir-1292,hsa-miR-1292-5p,chr20:2652779-2652803,+,Single miR only,hsa-miR-1292-5p,2.708217736,0.895023279,0.578280284,1.110481016,0.293318096,1.415321757,0.653706072,2.29588879,1.656844646,3.034623757,2.209980442,2.504901675,0.26945702,1.446349335,1.19693706,2.421786586,1.323000579,0.474496577,1.164558679,0.443736078,2.35158763,0.287628805,1.3336325,0.442336551,2.35158763,0.941744794,-0.384626193,1,1.12844442,1,-0.902433755,1,0.743818227,1,-0.158615528,1,0.226010665,1,NA,NA,Stable
MI0006433,hsa-mir-1292,hsa-miR-1292-3p,chr20:2652819-2652838,+,<20% RPMM,hsa-miR-1292-3p*,0,0.11187791,0.144570071,0.185080169,0,0.333016884,0.217902024,0.191324066,0,0.722529466,0.169998496,0,0,0,0.32643738,0.242178659,0.110382038,0.039723067,0.185560743,0.069074403,0.22313199,0.17122032,0.14215401,0.083855439,0.22313199,NA,0.587375471,NA,0.108388136,1,-0.386149239,1,0.695763607,NA,0.309614368,NA,-0.277761103,NA,NA,NA,Stable
MI0006434,hsa-mir-1252,hsa-miR-1252-5p,chr12:79419261-79419282,+,Single miR only,hsa-miR-1252-5p,0.159306926,0.22375582,0.144570071,0,0.439977145,1.082304873,0.108951012,0,0,0,0,0,0,0.289269867,0,0,0.131908204,0.047211202,0.407808257,0.243516555,0,0,0.072317467,0.072317467,0.407808257,NA,1.076338539,NA,-3.005506558,1,0.850674306,1,-1.929168019,NA,-1.078493713,NA,-2.154832253,NA,NA,NA,Stable
MI0006442,hsa-mir-664a,hsa-miR-664a-5p,chr1:220200586-220200609,-,<20% RPMM,hsa-miR-664a-5p*,14.49693024,5.929529223,11.27646554,11.10481016,15.25254101,3.413423061,8.933982986,12.24474021,13.43885102,8.236835911,9.85991274,9.35163292,14.28122205,4.339048004,6.202310219,7.023181099,10.70193379,1.771774992,9.961171819,2.535438872,10.22180815,1.124635231,7.961440344,2.180142127,10.70193379,0.934150328,-0.153747714,1,0.130455991,1,-0.441891977,1,-0.023291723,1,-0.465183701,1,-0.311435987,1,NA,NA,Stable
MI0006442,hsa-mir-664a,hsa-miR-664a-3p,chr1:220200549-220200571,-,Single miR only,hsa-miR-664a-3p,85.70712601,43.85614067,109.5841138,47.01036301,75.96938698,32.8854173,110.5852772,70.40725623,85.60364005,80.63428839,197.7082503,57.77973197,78.6814498,29.50552643,104.4599616,89.12174636,71.53943588,15.85391963,72.46183443,15.90653403,105.4314777,31.34982107,75.44217104,16.20141762,105.4314777,0.753923614,0.031451034,1,0.499834718,0.99783966,-0.459364547,1,0.531285752,0.905874565,0.071921205,1,0.040470171,1,NA,NA,Stable
MI0006443,hsa-mir-1306,hsa-miR-1306-3p,chr22:20086112-20086129,+,>20% RPMM,hsa-miR-1306-3p,1.911683108,0.895023279,1.879410923,2.591122371,1.026613338,0.749287989,1.198461132,2.29588879,1.656844646,1.445058932,1.359987964,1.00196067,1.616742119,1.157079468,0.76168722,0.242178659,1.81930992,0.349063651,1.317562812,0.338980678,1.365963053,0.136443424,0.944421866,0.292086638,1.81930992,0.986346122,-0.443679483,1,0.08398231,1,-0.447475515,1,-0.359697173,1,-0.807172687,1,-0.363493204,1,NA,NA,Stable
MI0006443,hsa-mir-1306,hsa-miR-1306-5p,chr22:20086072-20086093,+,Single miR only,hsa-miR-1306-5p,0.477920777,1.230657009,2.89140142,1.110481016,1.173272386,1.66508442,3.595383397,1.913240659,3.865970841,4.624188581,1.869983451,2.170914785,1.482013609,1.446349335,2.82912396,2.663965244,1.427615055,0.515101626,2.086745215,0.525858301,3.132764415,0.663432249,2.105363037,0.371789576,3.132764415,0.691635273,0.617139779,1,0.715323614,1,-0.690192132,1,1.332463393,0.468997273,0.642271261,1,0.025131481,1,NA,NA,Stable
MI0006444,hsa-mir-1307,hsa-miR-1307-5p,chr10:103394341-103394361,-,>20% RPMM,hsa-miR-1307-5p,24.8518804,106.0602586,47.27441322,46.64020267,29.03849155,177.0817281,26.80194896,15.87989747,26.50951434,26.87809613,16.31985557,38.40849235,57.79853076,111.9474385,32.31730062,19.61647135,56.20668871,17.4160023,62.20051651,38.40146591,27.0289896,4.513602201,55.41993531,20.44634461,62.20051651,0.964791628,-0.241281982,1,-0.557324934,1,0.713496805,1,-0.798606916,1,-0.085110111,1,0.156171871,1,NA,NA,Stable
MI0006444,hsa-mir-1307,hsa-miR-1307-3p,chr10:103394301-103394322,-,Single miR only,hsa-miR-1307-3p,144.9693024,115.458003,132.8598953,176.3814014,124.660191,122.5502133,155.4730942,222.5098886,145.618235,188.2911788,203.1482021,176.6790648,167.4675378,146.0812828,174.5351858,254.5297702,142.4171505,12.83945929,156.2983468,23.31765912,178.4341702,12.20624837,185.6534442,23.74209886,185.6534442,0.589031581,0.143583867,1,0.186906299,1,0.046785919,1,0.330490166,0.848668497,0.377276085,0.626648696,0.233692218,1,NA,NA,Stable
MI0006656,hsa-mir-1197,hsa-miR-1197,chr14:101025620-101025640,+,Single miR only,hsa-miR-1197,0.796534628,2.796947747,2.602261278,4.071763725,0.439977145,4.329219493,2.723775301,2.678536922,0.736375398,0.867035359,1.869983451,6.6797378,1.212556589,3.32660347,3.699623639,3.632679879,2.566876845,0.674103155,2.542877215,0.799183704,2.538283002,1.4035138,2.967865894,0.59070935,2.967865894,0.992535394,0.032803399,1,-0.198659258,1,0.505703702,1,-0.165855859,1,0.339847842,1,0.307044444,1,NA,NA,Stable
MI0007074,hsa-mir-1469,hsa-miR-1469,chr15:96333261-96333282,+,Single miR only,hsa-miR-1469,0,0.11187791,0,0,0,0,0,0,0,0,0,0,0,0,0,0,0.027969477,0.027969477,0,0,0,0,0,0,0.027969477,NA,NA,NA,NA,NA,NA,NA,NA,NA,NA,NA,NA,NA,NA,NA,Stable
MI0007258,hsa-mir-1537,hsa-miR-1537-5p,chr1:235853037-235853058,-,NA,hsa-miR-1537-5p,0,0,0,0,0,0,0,0,0.18409385,0,0,0,0,0.289269867,0.10881246,0,0,0,0,0,0.046023462,0.046023462,0.099520582,0.068251876,0.099520582,NA,NA,NA,NA,NA,NA,NA,NA,NA,NA,NA,NA,NA,NA,NA,Stable
MI0007258,hsa-mir-1537,hsa-miR-1537-3p,chr1:235853000-235853021,-,Single miR only,hsa-miR-1537-3p,0,0,0,0,0,0.249762663,0.54475506,0,0.18409385,0,0,0,0,0,0,0,0,0,0.198629431,0.129526336,0.046023462,0.046023462,0,0,0.198629431,NA,NA,NA,NA,NA,NA,NA,NA,NA,NA,NA,NA,NA,NA,NA,Stable
MI0007259,hsa-mir-1538,hsa-miR-1538,chr16:69565808-69565830,-,Single miR only,hsa-miR-1538,1.911683108,1.342534918,1.590270781,3.886683556,2.933180964,1.914847083,2.070069229,3.635157251,1.288656947,5.92474162,3.059972919,1.33594756,2.020927649,2.169524002,1.52337444,2.179607927,2.182793091,0.579788742,2.638313632,0.400723252,2.902329762,1.08847439,1.973358505,0.15431791,2.902329762,0.992535394,0.345094506,1,0.090425391,1,-0.520001611,1,0.435519897,1,-0.084481714,1,-0.429576221,1,NA,NA,Stable
MI0007260,hsa-mir-1539,hsa-miR-1539,chr18:49487402-49487422,+,Single miR only,hsa-miR-1539,0,0,0.289140142,0,0,0.083254221,0,0.382648132,0,0,0,0.166993445,0.26945702,0,0,0,0.072285036,0.072285036,0.116475588,0.090868315,0.041748361,0.041748361,0.067364255,0.067364255,0.116475588,NA,NA,NA,NA,NA,NA,NA,NA,NA,NA,NA,NA,NA,NA,NA,Stable
MI0007261,hsa-mir-103b-1,hsa-miR-103b,chr5:168560904-168560926,+,Single miR only,hsa-miR-103b,158.8290049,89.27857208,357.3772156,281.3218574,185.0837189,191.4014541,202.1041273,282.0116731,120.0291899,167.6268361,209.608145,141.6104414,243.7238745,89.52902382,150.5964446,137.7996567,221.7016625,60.17423956,215.1502433,22.56223396,159.7186531,19.26711701,155.4122499,32.23990531,221.7016625,0.919266405,0.103850226,1,-0.466958304,1,-0.050368618,1,-0.363108078,1,-0.413476696,1,-0.517326922,1,NA,NA,Stable
MI0007262,hsa-mir-103b-2,hsa-miR-103b,chr20:3917541-3917563,-,Single miR only,hsa-miR-103b,1383.262036,1406.417205,1318.189908,1397.910519,1327.411045,1289.441375,1355.023737,1253.363955,1607.323401,1156.336157,1433.427314,1680.455037,1372.883516,1081.724667,1305.205458,1575.856531,1376.444917,19.99839441,1306.310028,22.18504827,1469.385477,116.5011073,1333.917543,101.8489288,1469.385477,0.992535394,-0.043321525,1,0.110578351,1,-0.114154246,1,0.067256826,1,-0.04689742,1,-0.003575896,1,NA,NA,Stable
MI0008190,hsa-mir-320d-1,hsa-miR-320d,chr13:40727828-40727846,-,Single miR only,hsa-miR-320d,0,0.33563373,0.289140142,0.370160339,0,0.166508442,1.416363156,1.721916593,0.18409385,0.144505893,1.189989469,0.166993445,0.26945702,0.289269867,0.5440623,0.242178659,0.248733553,0.084556282,0.826197048,0.434779653,0.421395664,0.25632613,0.336241961,0.069942717,0.826197048,NA,1.305065883,1,-0.813700255,1,0.124006718,1,0.491365628,1,0.615372346,1,-0.689693537,1,NA,NA,Stable
MI0008191,hsa-mir-320c-2,hsa-miR-320c,chr18:24321716-24321735,+,Single miR only,hsa-miR-320c,0,0,0,0,0,0,1.852167205,0,0.552281549,1.589564825,3.39996991,0.500980335,0.67364255,0,2.50268658,0,0,0,0.463041801,0.463041801,1.510699155,0.677843405,0.794082282,0.591253451,1.510699155,NA,2.043361918,1,3.454488886,0.650336359,-2.015777813,1,5.497850804,0.049699658,3.482072991,0.823977738,1.438711073,1,NA,DE,Stable
MI0008192,hsa-mir-320d-2,hsa-miR-320d,chrX:140926172-140926190,-,Single miR only,hsa-miR-320d,0,0.11187791,0.144570071,0,0.439977145,0.416271105,2.723775301,0,0.18409385,0.43351768,0,0.33398689,1.077828079,0.289269867,3.590811179,0.484357317,0.064111995,0.037611812,0.895005888,0.617904473,0.237899605,0.094423902,1.360566611,0.762088761,1.360566611,NA,3.109415204,0.582908065,-0.933798001,1,1.739814028,1,2.175617203,1,3.915431231,0.149096703,0.806016027,1,NA,NA,Stable
MI0008193,hsa-mir-1825,hsa-miR-1825,chr20:32237830-32237847,+,Single miR only,hsa-miR-1825,0,0,0,0,0,0,0,0.191324066,0,0,0,0,0,0,0,0,0,0,0.047831016,0.047831016,0,0,0,0,0.047831016,NA,NA,NA,NA,NA,NA,NA,NA,NA,NA,NA,NA,NA,NA,NA,Stable
MI0008195,hsa-mir-1827,hsa-miR-1827,chr12:100189932-100189949,+,Single miR only,hsa-miR-1827,0,0,0,0,0,0,0,0,0,0.144505893,0,0,0,0,0,0,0,0,0,0,0.036126473,0.036126473,0,0,0.036126473,NA,NA,NA,NA,NA,NA,NA,NA,NA,NA,NA,NA,NA,NA,NA,Stable
MI0008329,hsa-mir-1908,hsa-miR-1908-5p,chr11:61815209-61815229,-,>20% RPMM,hsa-miR-1908-5p,9.717722465,14.65600619,14.4570071,8.883848128,8.652883845,15.40203089,10.56824817,7.8442867,12.88656947,15.75114236,16.14985707,6.01176402,15.35905013,15.62057282,11.09887092,10.65586098,11.92864597,1.52725463,10.6168624,1.694220287,12.69983323,2.344822169,13.18358871,1.335632799,13.18358871,0.986346122,-0.146936013,1,0.190435304,1,0.124879716,1,0.043499291,1,0.168379006,1,0.315315019,1,NA,NA,Stable
MI0008329,hsa-mir-1908,hsa-miR-1908-3p,chr11:61815172-61815192,-,Single miR only,hsa-miR-1908-3p,6.212970101,7.160186232,9.686194758,5.36732491,6.892975266,10.15701496,14.05468055,9.948851424,9.572880178,21.2423663,18.01984052,5.176796795,15.22432162,11.42615974,13.0574952,13.56200488,7.106669,0.934560182,10.26338055,1.467532785,13.50297095,3.70889854,13.31749536,0.782119012,13.50297095,0.242772911,0.569023797,1,0.280351898,1,0.124892082,1,0.849375695,0.396753533,0.974267777,0.16655059,0.40524398,1,NA,NA,Stable
MI0008330,hsa-mir-1909,hsa-miR-1909-5p,chr19:1816203-1816223,-,NA,hsa-miR-1909-5p,0.318613851,0.22375582,0,0.185080169,0.293318096,0.083254221,0.217902024,0.382648132,0.368187699,0.43351768,0,0.500980335,0,0.289269867,0.21762492,0,0.18186246,0.066795898,0.244280618,0.063361117,0.325671428,0.1118904,0.126723697,0.074611259,0.325671428,NA,0.546891731,NA,0.260342356,1,-0.948356721,1,0.807234087,NA,-0.141122634,1,-0.688014364,NA,NA,NA,Stable
MI0008330,hsa-mir-1909,hsa-miR-1909-3p,chr19:1816169-1816190,-,Single miR only,hsa-miR-1909-3p,0,0.11187791,0,1.665721524,0,0,0,0.573972198,0,0,0,0,0.13472851,0,0.10881246,0.726535976,0.444399858,0.407960366,0.143493049,0.143493049,0,0,0.242519236,0.163957344,0.444399858,NA,-1.357077194,NA,-0.462415432,1,1.903491265,1,-1.819492626,NA,0.083998638,NA,1.441075832,NA,NA,NA,Stable
MI0008331,hsa-mir-1910,hsa-miR-1910-5p,chr16:85741669-85741689,-,Single miR only,hsa-miR-1910-5p,10.67356402,12.64220382,3.325111633,3.146362879,12.172701,13.32067536,2.941677325,5.931046041,10.12516173,33.38086132,6.45994283,3.3398689,11.72138036,17.50082695,5.549435459,4.117037196,7.446810587,2.464519921,8.591524932,2.486440088,13.32645869,6.827080775,9.722169992,3.07318474,13.32645869,0.893973937,0.299403003,1,0.366666095,1,-0.222499903,1,0.666069098,0.905874565,0.443569195,1,0.144166192,1,NA,NA,Stable
MI0008331,hsa-mir-1910,hsa-miR-1910-3p,chr16:85741631-85741650,-,<10% RPMM,hsa-miR-1910-3p**,0.318613851,0.447511639,0,0,0.293318096,0.333016884,0,0.191324066,0.368187699,0.43351768,0,0,0.26945702,0.144634933,0,0,0.191531373,0.113667786,0.204414762,0.074385858,0.200426345,0.116482074,0.103522988,0.064973272,0.204414762,NA,0.243002613,NA,-0.212005004,1,-0.617934782,1,0.030997609,NA,-0.586937173,NA,-0.829939786,NA,NA,NA,Stable
MI0008332,hsa-mir-1911,hsa-miR-1911-5p,chrX:114763195-114763217,+,Single miR only,hsa-miR-1911-5p,0,0,0,0.185080169,0,0,0,0,0,0,0,0,0,0,0,0,0.046270042,0.046270042,0,0,0,0,0,0,0.046270042,NA,NA,NA,NA,NA,NA,NA,NA,NA,NA,NA,NA,NA,NA,NA,Stable
MI0008334,hsa-mir-1913,hsa-miR-1913,chr6:166509364-166509385,-,Single miR only,hsa-miR-1913,0,0.11187791,0.867420426,0.370160339,0.439977145,0.166508442,0.326853036,0,0.368187699,0.144505893,0.339996991,0.166993445,0.13472851,0.4339048,0.21762492,0.484357317,0.337364669,0.192936488,0.233334656,0.095898214,0.254921007,0.057727824,0.317653887,0.084049488,0.337364669,NA,-0.280175118,1,0.033279667,1,0.408717079,1,-0.24689545,NA,0.161821628,1,0.441996746,NA,NA,NA,Stable
MI0008335,hsa-mir-1914,hsa-miR-1914-5p,chr20:63941511-63941532,-,Single miR only,hsa-miR-1914-5p,0,0.33563373,0.144570071,0.185080169,0.586636193,0.83254221,0.653706072,1.339268461,0,0.722529466,0.509995487,0.33398689,0.40418553,0.867809601,0.43524984,0.968714634,0.166320992,0.069013576,0.853038234,0.170182079,0.391627961,0.152807512,0.668989901,0.145522037,0.853038234,NA,2.412947787,0.385129372,-1.234573934,1,0.834990678,1,1.178373853,1,2.013364531,0.784748286,-0.399583256,1,NA,NA,Stable
MI0008335,hsa-mir-1914,hsa-miR-1914-3p,chr20:63941474-63941495,-,NA,hsa-miR-1914-3p,0,0,0,0,0.146659048,0,0,0,0,0,0,0,0,0.4339048,0,0,0,0,0.036664762,0.036664762,0,0,0.1084762,0.1084762,0.1084762,NA,NA,NA,NA,NA,NA,NA,NA,NA,NA,NA,NA,NA,NA,NA,Stable
MI0008336,hsa-mir-1915,hsa-miR-1915-3p,chr10:21496576-21496595,-,NA,hsa-miR-1915-3p,0,0,0.144570071,0,0.146659048,0,0,0,0,0,0,0,0,0.289269867,0,0,0.036142518,0.036142518,0.036664762,0.036664762,0,0,0.072317467,0.072317467,0.072317467,NA,NA,NA,NA,NA,NA,NA,NA,NA,NA,NA,NA,NA,NA,NA,Stable
MI0008336,hsa-mir-1915,hsa-miR-1915-5p,chr10:21496609-21496630,-,Single miR only,hsa-miR-1915-5p,0.159306926,0,0,0.185080169,0.146659048,0,0.108951012,0.382648132,0,0.144505893,0,0,0.67364255,0.144634933,0.10881246,0,0.086096774,0.049985621,0.159564548,0.080599531,0.036126473,0.036126473,0.231772486,0.150465876,0.231772486,NA,0.938333355,NA,-1.410451289,1,2.026933558,1,-0.472117934,NA,1.554815623,NA,0.616482268,NA,NA,NA,Stable
MI0009986,hsa-mir-1976,hsa-miR-1976,chr1:26554574-26554593,+,Single miR only,hsa-miR-1976,0,0.11187791,0,0,0.146659048,0.083254221,0,0,0,0.144505893,0,0,0,0,0.10881246,0,0.027969477,0.027969477,0.057478317,0.03561965,0.036126473,0.036126473,0.027203115,0.027203115,0.057478317,NA,NA,NA,NA,NA,NA,NA,NA,NA,NA,NA,NA,NA,NA,NA,Stable
MI0010629,hsa-mir-2110,hsa-miR-2110,chr10:114174151-114174172,-,Single miR only,hsa-miR-2110,9.717722465,9.397744429,7.662213764,14.43625321,9.972815279,5.661287029,9.587689059,19.89770285,11.41381867,14.45058932,11.2199007,15.86437728,10.10463824,7.665651474,8.487371879,18.40557805,10.30348347,1.449700272,11.27987355,3.033251638,13.23717149,1.146319835,11.16580991,2.465857988,13.23717149,0.970837113,0.086717157,1,0.297367326,1,-0.308783939,1,0.384084483,1,0.075300544,1,-0.011416613,1,NA,NA,Stable
MI0010633,hsa-mir-2114,hsa-miR-2114-5p,chrX:150228016-150228037,+,NA,hsa-miR-2114-5p,0.159306926,0.33563373,1.011990497,0,0.146659048,0.999050652,0.108951012,0,0.920469248,0,0.339996991,0.166993445,0.67364255,1.012444534,0,0.726535976,0.376732788,0.22256892,0.313665178,0.230567783,0.356864921,0.20027858,0.603155765,0.214379966,0.603155765,NA,-0.506835897,1,0.551023428,1,0.808720918,1,0.044187531,1,0.852908449,1,1.359744346,1,NA,NA,Stable
MI0010633,hsa-mir-2114,hsa-miR-2114-3p,chrX:150228052-150228072,+,Single miR only,hsa-miR-2114-3p,0.796534628,0.22375582,0.578280284,0.185080169,1.173272386,0.333016884,0.326853036,0,1.656844646,0,0.339996991,1.33594756,0.53891404,0.289269867,0.32643738,0,0.445912725,0.146584504,0.458285576,0.250698784,0.833197299,0.394611313,0.288655322,0.110822374,0.833197299,NA,-0.023338409,1,0.862760912,1,-1.34697515,1,0.839422503,1,-0.507552647,1,-0.484214238,1,NA,NA,Stable
MI0010634,hsa-mir-2115,hsa-miR-2115-3p,chr3:48316381-48316402,-,Single miR only,hsa-miR-2115-3p,0.159306926,0.22375582,0.289140142,0,0,0.582779547,0.653706072,1.721916593,0.368187699,0.722529466,0.169998496,0.500980335,0.53891404,0.4339048,0.21762492,0.242178659,0.168050722,0.061969888,0.739600553,0.358692588,0.440423999,0.116045465,0.358155605,0.077250177,0.739600553,NA,1.899602606,1,-0.667970511,1,-0.14693924,1,1.231632096,1,1.084692856,1,-0.81490975,1,NA,NA,Stable
MI0010635,hsa-mir-2116,hsa-miR-2116-3p,chr15:59171192-59171212,-,Single miR only,hsa-miR-2116-3p,3.66405929,7.831453691,6.071942983,16.84229541,5.719702881,10.73979451,8.498178938,26.97669328,5.706909337,19.50829558,6.289944334,11.35555426,4.984954867,8.388826141,8.269746959,14.53071952,8.602437843,2.876349773,12.9835924,4.776021062,10.71517588,3.193671431,9.043561871,1.99183036,12.9835924,0.905548055,0.60954994,0.98386007,-0.189664325,1,-0.21391923,1,0.419885615,1,0.205966385,1,-0.403583555,1,NA,NA,Stable
MI0010635,hsa-mir-2116,hsa-miR-2116-5p,chr15:59171229-59171249,-,<10% RPMM,hsa-miR-2116-5p**,0.477920777,0.33563373,0.867420426,0.925400847,0.293318096,1.581830199,0.653706072,0.956620329,0.920469248,1.300553039,1.019990973,1.836927895,0.26945702,0,0.32643738,1.210893293,0.651593945,0.144782744,0.871368674,0.272877094,1.269485289,0.205551276,0.451696923,0.262886315,1.269485289,NA,0.516274635,1,0.451231421,1,-1.712830498,0.706042659,0.967506055,1,-0.745324443,1,-1.261599077,1,NA,NA,Stable
MI0010637,hsa-mir-548q,hsa-miR-548q,chr10:12725325-12725346,-,Single miR only,hsa-miR-548q,0,0,0,0,0,0,0.108951012,0,0,0.144505893,0,0,0,0,0,0,0,0,0.027237753,0.027237753,0.036126473,0.036126473,0,0,0.036126473,NA,NA,NA,NA,NA,NA,NA,NA,NA,NA,NA,NA,NA,NA,NA,Stable
MI0011282,hsa-mir-2276,hsa-miR-2276-5p,chr13:24162431-24162452,+,NA,hsa-miR-2276-5p,0,0,0,0,0,0,0,0,0,0,0,0,0.13472851,0,0,0,0,0,0,0,0,0,0.033682127,0.033682127,0.033682127,NA,NA,NA,NA,NA,NA,NA,NA,NA,NA,NA,NA,NA,NA,NA,Stable
MI0011282,hsa-mir-2276,hsa-miR-2276-3p,chr13:24162469-24162490,+,Single miR only,hsa-miR-2276-3p,0,0,0.144570071,0,0,0,0,0,0,0,0,0.33398689,0,0,0,0.726535976,0.036142518,0.036142518,0,0,0.083496723,0.083496723,0.181633994,0.181633994,0.181633994,NA,NA,NA,NA,NA,NA,NA,NA,NA,NA,NA,NA,NA,NA,NA,Stable
MI0011284,hsa-mir-2277,hsa-miR-2277-3p,chr5:93620710-93620730,-,<20% RPMM,hsa-miR-2277-3p*,1.11514848,0.783145369,1.011990497,0.925400847,0.146659048,1.165559094,1.416363156,1.147944395,0.18409385,1.011541252,1.869983451,0.500980335,1.077828079,0.4339048,1.41456198,0.726535976,0.958921298,0.07026383,0.969131423,0.280926286,0.891649722,0.367963851,0.913207709,0.212727052,0.969131423,NA,-0.061185666,1,-0.231131936,1,0.204230809,1,-0.292317602,1,-0.088086793,1,-0.026901127,1,NA,NA,Stable
MI0011284,hsa-mir-2277,hsa-miR-2277-5p,chr5:93620748-93620771,-,Single miR only,hsa-miR-2277-5p,5.575742398,7.943331601,7.08393348,11.4749705,5.279725736,6.743591902,5.774403638,8.418258897,5.522815487,8.236835911,7.139936812,5.510783685,4.311312318,5.496127472,6.855184979,6.78100244,8.019494494,1.251442964,6.553995043,0.691794268,6.602592974,0.665673551,5.860906802,0.603425783,8.019494494,0.970837113,-0.248275121,1,-0.010645909,1,-0.147192355,1,-0.25892103,1,-0.406113385,1,-0.157838264,1,NA,NA,Stable
MI0011285,hsa-mir-2278,hsa-miR-2278,chr9:94809977-94809998,+,Single miR only,hsa-miR-2278,0.477920777,0.11187791,0.578280284,0.370160339,0.733295241,0.333016884,0.54475506,0.382648132,0.368187699,0.289011786,0.339996991,0.834967225,0.13472851,0.289269867,0.10881246,0,0.384559827,0.100335544,0.498428829,0.090404016,0.458040925,0.126705781,0.133202709,0.059649764,0.498428829,NA,0.465783612,1,-0.162831016,1,-1.597867031,1,0.302952596,1,-1.294914435,1,-1.760698048,1,NA,NA,Stable
MI0012062,hsa-mir-2681,hsa-miR-2681-5p,chr13:101967704-101967725,-,Single miR only,hsa-miR-2681-5p,0,0,0,0,0,0,0.217902024,0,0,0,0,0,0,0,0,0,0,0,0.054475506,0.054475506,0,0,0,0,0.054475506,NA,NA,NA,NA,NA,NA,NA,NA,NA,NA,NA,NA,NA,NA,NA,Stable
MI0012063,hsa-mir-2682,hsa-miR-2682-3p,chr1:98045271-98045292,-,<10% RPMM,hsa-miR-2682-3p**,4.460593919,4.251360575,2.602261278,0.925400847,2.49320382,3.246914619,1.416363156,0.573972198,2.209126195,2.023082504,1.869983451,0.33398689,4.984954867,2.314158936,0.65287476,0.968714634,3.059904155,0.823966099,1.932613448,0.588364226,1.60904476,0.430637759,2.230175799,0.986366384,3.059904155,0.845732556,-0.643333009,1,-0.299117389,1,0.370475372,1,-0.942450399,0.879756494,-0.571975027,1,0.071357983,1,NA,NA,Stable
MI0012063,hsa-mir-2682,hsa-miR-2682-5p,chr1:98045307-98045329,-,Single miR only,hsa-miR-2682-5p,51.77475084,46.76496633,15.75813774,29.61282709,44.14437351,44.20799136,18.95747609,18.74975845,50.07352708,35.9819674,16.31985557,21.20816752,55.37341758,36.44800324,14.79849456,22.28043659,35.9776705,8.24244217,31.51489985,7.310129407,30.89587939,7.637422635,32.22508799,8.9268342,35.9776705,0.978328934,-0.137218668,1,-0.101090353,1,0.059295502,1,-0.238309021,1,-0.179013519,1,-0.041794851,1,NA,NA,Stable
MI0012489,hsa-mir-718,hsa-miR-718,chrX:154019928-154019948,-,Single miR only,hsa-miR-718,0,0,0,0,0,0,0.108951012,0,0,0,0,0,0,0,0,0,0,0,0.027237753,0.027237753,0,0,0,0,0.027237753,NA,NA,NA,NA,NA,NA,NA,NA,NA,NA,NA,NA,NA,NA,NA,Stable
MI0014127,hsa-mir-3115,hsa-miR-3115,chr1:23044310-23044329,+,Single miR only,hsa-miR-3115,0,0.11187791,0,0,0,0,0,0,0.18409385,0,0,0.166993445,0.26945702,0,0,0,0.027969477,0.027969477,0,0,0.087771824,0.050795164,0.067364255,0.067364255,0.087771824,NA,NA,NA,NA,NA,NA,NA,NA,NA,NA,NA,NA,NA,NA,NA,Stable
MI0014128,hsa-mir-3116-1,hsa-miR-3116,chr1:62078830-62078851,+,Single miR only,hsa-miR-3116,0.159306926,0,0,0,0,0,0,0,0,0,0,0,0,0,0.10881246,0.242178659,0.039826731,0.039826731,0,0,0,0,0.08774778,0.057512291,0.08774778,NA,NA,NA,NA,NA,NA,NA,NA,NA,NA,NA,NA,NA,NA,NA,Stable
MI0014129,hsa-mir-3116-2,hsa-miR-3116,chr1:62078794-62078815,-,Single miR only,hsa-miR-3116,0,0,0,0,0,0,0,0,0.18409385,0,0,0,0.13472851,0.144634933,0,0,0,0,0,0,0.046023462,0.046023462,0.069840861,0.040373312,0.069840861,NA,NA,NA,NA,NA,NA,NA,NA,NA,NA,NA,NA,NA,NA,NA,Stable
MI0014130,hsa-mir-3117,hsa-miR-3117-3p,chr1:66628485-66628505,+,Single miR only,hsa-miR-3117-3p,8.761880911,16.55793066,2.746831349,5.55240508,5.866361929,12.82115004,4.249089469,4.017805383,7.731941682,8.525847697,4.92995637,5.00980335,8.083710596,7.954921341,3.15556134,2.663965244,8.404762,2.98258574,6.738601704,2.068787894,6.549387275,0.926359624,5.46453963,1.478643952,8.404762,0.970837113,-0.218127384,1,0.011894646,1,-0.307798602,1,-0.206232738,1,-0.51403134,1,-0.295903956,1,NA,NA,Stable
MI0014136,hsa-mir-3120,hsa-miR-3120-3p,chr1:172138858-172138878,+,<20% RPMM,hsa-miR-3120-3p*,84.59197753,126.7576719,101.9219001,104.2001353,87.40879274,108.2304873,84.54598533,62.37164547,95.54470793,75.43207623,68.67939219,102.8679621,122.4682155,96.32686569,82.26221975,69.74745367,104.3679212,8.652552877,85.63922771,9.381151018,85.63103462,8.097167826,92.70118866,11.31027352,104.3679212,0.978328934,-0.265526697,1,-0.025194464,1,0.119196709,1,-0.29072116,1,-0.171524451,1,0.094002246,1,NA,NA,Stable
MI0014136,hsa-mir-3120,hsa-miR-3120-5p,chr1:172138820-172138840,+,Single miR only,hsa-miR-3120-5p,1042.663828,707.515902,640.0117044,868.0259941,749.8677135,618.4123537,605.0049698,1015.93079,827.1336661,946.9471179,811.9128146,758.1502403,764.8537509,650.8572006,609.8938382,960.48056,814.5543573,89.82182148,747.3039567,95.31919851,836.0359597,39.82110753,746.5213374,78.49274218,836.0359597,0.992535394,-0.096188518,1,0.150002869,1,-0.169896184,1,0.053814351,1,-0.116081833,1,-0.019893315,1,NA,NA,Stable
MI0014137,hsa-mir-3121,hsa-miR-3121-3p,chr1:180438323-180438344,-,Single miR only,hsa-miR-3121-3p,0,0,0,0.740320677,0,0.083254221,0,0,0,0.144505893,0.169998496,0,0,0,0,0,0.185080169,0.185080169,0.020813555,0.020813555,0.078626097,0.045692075,0,0,0.185080169,NA,NA,NA,NA,NA,NA,NA,NA,NA,NA,NA,NA,NA,NA,NA,Stable
MI0014138,hsa-mir-3122,hsa-miR-3122,chr1:212077622-212077643,+,Single miR only,hsa-miR-3122,0,0,0.144570071,0,0,0,0,0,0,0,0,0,0,0,0,0.726535976,0.036142518,0.036142518,0,0,0,0,0.181633994,0.181633994,0.181633994,NA,NA,NA,NA,NA,NA,NA,NA,NA,NA,NA,NA,NA,NA,NA,Stable
MI0014140,hsa-mir-3124,hsa-miR-3124-3p,chr1:248826418-248826439,+,NA,hsa-miR-3124-3p,0,0,0.144570071,0.370160339,0.146659048,0,0.108951012,0,0,0,0,0,0,0,0,0,0.128682602,0.087408206,0.063902515,0.037688497,0,0,0,0,0.128682602,NA,NA,NA,NA,NA,NA,NA,NA,NA,NA,NA,NA,NA,NA,NA,Stable
MI0014140,hsa-mir-3124,hsa-miR-3124-5p,chr1:248826383-248826403,+,Single miR only,hsa-miR-3124-5p,0.159306926,0.447511639,0.144570071,0.185080169,0.733295241,0.083254221,0,0,0.552281549,0.144505893,0.169998496,0,0,0.289269867,0.32643738,0,0.234117201,0.071622321,0.204137366,0.177474158,0.216696484,0.117957226,0.153926812,0.08919294,0.234117201,NA,-0.882779583,NA,0.270327333,1,0.180229452,1,-0.612452251,NA,-0.432222798,1,0.450556785,NA,NA,NA,Stable
MI0014141,hsa-mir-548s,hsa-miR-548s,chr2:11767495-11767517,+,Single miR only,hsa-miR-548s,0.796534628,0.33563373,0.578280284,0.185080169,0.733295241,0.915796431,0.653706072,0.956620329,0.920469248,0.722529466,1.189989469,0.500980335,0.13472851,0.578539734,0.87049968,0.484357317,0.473882203,0.134636177,0.814854518,0.072403702,0.833492129,0.146495784,0.51703131,0.151642726,0.833492129,NA,0.848991862,1,-0.058510657,1,-0.647491958,1,0.790481205,1,0.142989246,1,-0.706002615,1,NA,NA,Stable
MI0014142,hsa-mir-3125,hsa-miR-3125,chr2:12737376-12737395,+,Single miR only,hsa-miR-3125,1.11514848,0.22375582,0.433710213,0.370160339,1.173272386,0.249762663,0.326853036,2.869860988,1.104563097,0,1.019990973,0.500980335,0.943099569,0,1.30574952,0.484357317,0.535693713,0.198089838,1.154937268,0.608712035,0.656383601,0.256265616,0.683301602,0.283051277,1.154937268,NA,1.022985987,1,-1.015062011,1,0.164421449,1,0.007923976,1,0.172345425,1,-0.850640562,1,NA,NA,Stable
MI0014143,hsa-mir-3126,hsa-miR-3126-3p,chr2:69103727-69103748,+,<10% RPMM,hsa-miR-3126-3p**,0.318613851,0.33563373,0.289140142,0,0.439977145,0.499525326,0.108951012,0.191324066,0.920469248,0.43351768,0.509995487,0,0,0.144634933,0.21762492,0,0.235846931,0.079200016,0.309944387,0.094568568,0.465995603,0.188566744,0.090564963,0.05436897,0.465995603,NA,0.457943056,1,0.387503915,1,-1.864314584,1,0.845446971,NA,-1.018867613,1,-1.476810669,NA,NA,NA,Stable
MI0014143,hsa-mir-3126,hsa-miR-3126-5p,chr2:69103691-69103712,+,Single miR only,hsa-miR-3126-5p,2.230296959,2.573191927,2.746831349,2.406042201,2.933180964,1.581830199,3.268530361,2.487212856,3.497783142,4.479682688,4.759957874,2.838888565,1.347285099,2.169524002,2.28506166,1.69525061,2.489090609,0.110820618,2.567688595,0.365508433,3.894078067,0.443767503,1.874280343,0.217118581,3.894078067,0.456224907,0.045756649,1,0.576777563,1,-1.022768712,0.302903331,0.622534212,1,-0.4002345,1,-0.445991149,1,NA,NA,Stable
MI0014144,hsa-mir-3127,hsa-miR-3127-3p,chr2:96798324-96798345,+,>20% RPMM,hsa-miR-3127-3p,0.955841554,0.11187791,0,0.370160339,0.146659048,0.083254221,0.435804048,0.191324066,0.368187699,0.43351768,0.169998496,0.66797378,0.40418553,0,1.0881246,0.484357317,0.359469951,0.21336468,0.214260346,0.077103948,0.409919414,0.102653348,0.494166862,0.224569876,0.494166862,NA,-0.61797802,1,1.099537463,1,-0.064753699,1,0.481559443,1,0.416805744,1,1.034783764,1,NA,NA,Stable
MI0014144,hsa-mir-3127,hsa-miR-3127-5p,chr2:96798288-96798310,+,Single miR only,hsa-miR-3127-5p,0.318613851,0.559389549,1.156560568,1.480641355,0.439977145,0.499525326,1.416363156,1.147944395,0.736375398,1.878576611,0.849992478,0.33398689,0.67364255,0.867809601,0.43524984,0.484357317,0.878801331,0.266957473,0.875952506,0.241142281,0.949732844,0.328806347,0.615264827,0.098627664,0.949732844,NA,0.051667873,1,0.121306987,1,-0.548195073,1,0.17297486,1,-0.375220213,1,-0.426888086,1,NA,NA,Stable
MI0014145,hsa-mir-3128,hsa-miR-3128,chr2:177255984-177256006,-,Single miR only,hsa-miR-3128,0.159306926,0.33563373,0.144570071,0.740320677,0,0,0.108951012,0,0,0.144505893,0.679993982,0.166993445,0,0,0,0,0.344957851,0.138750445,0.027237753,0.027237753,0.24787333,0.148715564,0,0,0.344957851,NA,-3.128200701,NA,2.257743494,1,-2.707728382,1,-0.870457207,NA,-3.57818559,NA,-0.449984889,NA,NA,NA,Stable
MI0014146,hsa-mir-3129,hsa-miR-3129-5p,chr2:189133082-189133103,-,<20% RPMM,hsa-miR-3129-5p*,1.593069257,1.678168648,0.578280284,1.480641355,2.199885723,1.082304873,1.961118217,0.765296263,1.288656947,1.589564825,0.509995487,0.66797378,1.077828079,1.590984268,0.65287476,0.968714634,1.332539886,0.254652768,1.502151269,0.34359743,1.01404776,0.255027121,1.072600435,0.194874111,1.502151269,0.989342575,0.28193993,1,-0.703786066,1,0.117439722,1,-0.421846136,1,-0.304406414,1,-0.586346344,1,NA,NA,Stable
MI0014146,hsa-mir-3129,hsa-miR-3129-3p,chr2:189133044-189133065,-,Single miR only,hsa-miR-3129-3p,7.168811655,9.957133979,5.782802841,7.218126604,7.479611459,10.98955717,6.42810971,10.33149956,6.259190885,17.77422486,8.669923271,7.848691915,5.928054437,7.08711174,6.746372519,8.234074392,7.53171877,0.874232401,8.807194475,1.099573171,10.13800773,2.594116276,6.998903272,0.478183842,10.13800773,0.917019776,0.244526232,1,0.126835274,1,-0.442246256,1,0.371361507,1,-0.070884749,1,-0.315410981,1,NA,NA,Stable
MI0014147,hsa-mir-3130-1,hsa-miR-3130-5p,chr2:206783276-206783296,-,>20% RPMM,hsa-miR-3130-5p,0.637227703,0.671267459,0.144570071,0.740320677,0.439977145,0.582779547,0.762657084,0.956620329,0.18409385,0.43351768,0.849992478,0.834967225,0.26945702,0.867809601,0.5440623,0.968714634,0.548346478,0.136289801,0.685508526,0.111912321,0.575642808,0.162282427,0.662510889,0.159276936,0.685508526,NA,0.318366158,1,-0.321625055,1,0.217022618,1,-0.003258897,1,0.21376372,1,-0.104602438,1,NA,NA,Stable
MI0014147,hsa-mir-3130-1,hsa-miR-3130-3p,chr2:206783245-206783265,-,Single miR only,hsa-miR-3130-3p,1.274455405,0.783145369,0.144570071,0.740320677,0.293318096,0.499525326,0.871608096,0.765296263,0.368187699,1.300553039,0.509995487,0.500980335,0.943099569,1.301714401,0.87049968,1.937429269,0.735622881,0.231294252,0.607436946,0.13071009,0.66992914,0.212692437,1.26318573,0.24371197,1.26318573,NA,-0.186363815,1,0.042408328,1,0.907558191,1,-0.143955486,1,0.763602705,1,0.949966519,1,NA,NA,Stable
MI0014148,hsa-mir-3130-2,hsa-miR-3130-3p,chr2:206783277-206783297,+,>20% RPMM,hsa-miR-3130-3p,0.637227703,0.671267459,0.144570071,0.740320677,0.439977145,0.582779547,0.762657084,0.956620329,0.18409385,0.43351768,0.849992478,0.834967225,0.26945702,0.867809601,0.5440623,0.968714634,0.548346478,0.136289801,0.685508526,0.111912321,0.575642808,0.162282427,0.662510889,0.159276936,0.685508526,NA,0.318366158,1,-0.321625055,1,0.217022618,1,-0.003258897,1,0.21376372,1,-0.104602438,1,NA,NA,Stable
MI0014148,hsa-mir-3130-2,hsa-miR-3130-5p,chr2:206783246-206783266,+,Single miR only,hsa-miR-3130-5p,1.274455405,0.783145369,0.144570071,0.740320677,0.293318096,0.499525326,0.871608096,0.765296263,0.368187699,1.300553039,0.509995487,0.500980335,0.943099569,1.301714401,0.87049968,1.937429269,0.735622881,0.231294252,0.607436946,0.13071009,0.66992914,0.212692437,1.26318573,0.24371197,1.26318573,NA,-0.186363815,1,0.042408328,1,0.907558191,1,-0.143955486,1,0.763602705,1,0.949966519,1,NA,NA,Stable
MI0014151,hsa-mir-3131,hsa-miR-3131,chr2:219058725-219058747,-,Single miR only,hsa-miR-3131,0,0,0.144570071,0.185080169,0,0.166508442,0,0,0.18409385,0,0,0,0.53891404,0,0,0,0.08241256,0.048294111,0.041627111,0.041627111,0.046023462,0.046023462,0.13472851,0.13472851,0.13472851,NA,NA,NA,NA,NA,NA,NA,NA,NA,NA,NA,NA,NA,NA,NA,Stable
MI0014153,hsa-mir-3133,hsa-miR-3133,chr2:241477914-241477935,+,Single miR only,hsa-miR-3133,0,0,0,0,0,0,0,0,0.368187699,0,0,0.33398689,0,0,0,0,0,0,0,0,0.175543647,0.101590328,0,0,0.175543647,NA,NA,NA,NA,NA,NA,NA,NA,NA,NA,NA,NA,NA,NA,NA,Stable
MI0014156,hsa-mir-3135a,hsa-miR-3135a,chr3:20137574-20137595,+,Single miR only,hsa-miR-3135a,0,0.11187791,0,0,0.293318096,0.166508442,0,0,0,0,0,0,0,0,0,0.726535976,0.027969477,0.027969477,0.114956635,0.071239301,0,0,0.181633994,0.181633994,0.181633994,NA,NA,NA,NA,NA,NA,NA,NA,NA,NA,NA,NA,NA,NA,NA,Stable
MI0014158,hsa-mir-3136,hsa-miR-3136-3p,chr3:69048966-69048987,-,NA,hsa-miR-3136-3p,0,0,0,0,0,0,0,0,0.18409385,0,0,0,0,0,0,0,0,0,0,0,0.046023462,0.046023462,0,0,0.046023462,NA,NA,NA,NA,NA,NA,NA,NA,NA,NA,NA,NA,NA,NA,NA,Stable
MI0014158,hsa-mir-3136,hsa-miR-3136-5p,chr3:69049004-69049026,-,Single miR only,hsa-miR-3136-5p,0.159306926,0.671267459,0.433710213,0,0.146659048,0.166508442,0.653706072,0,0,0.144505893,0.339996991,0.500980335,0,0.289269867,0.32643738,0,0.316071149,0.148458569,0.241718391,0.142259869,0.246370805,0.109797886,0.153926812,0.08919294,0.316071149,NA,-0.443536636,NA,0.297348821,1,-0.940274222,1,-0.146187815,NA,-1.086462037,1,-0.642925401,NA,NA,NA,Stable
MI0014159,hsa-mir-544b,hsa-miR-544b,chr3:124732486-124732507,+,Single miR only,hsa-miR-544b,0.318613851,0.11187791,0,0,0,0.416271105,0,0,0,0.144505893,0,0,0,0.867809601,0,0,0.10762294,0.075111397,0.104067776,0.104067776,0.036126473,0.036126473,0.2169524,0.2169524,0.2169524,NA,-1.043824153,NA,-0.239366472,1,0.735610444,1,-1.283190625,NA,-0.547580182,NA,0.496243971,NA,NA,NA,Stable
MI0014161,hsa-mir-3138,hsa-miR-3138,chr4:10078622-10078645,-,Single miR only,hsa-miR-3138,1.593069257,0.33563373,0.433710213,0.925400847,1.173272386,0.666033768,0.762657084,1.913240659,1.656844646,0.578023573,0.679993982,0,0.13472851,0.723174667,0.76168722,1.937429269,0.821953511,0.28759935,1.128800974,0.283657387,0.72871555,0.343697037,0.889254916,0.377694292,1.128800974,NA,0.563489024,1,-0.624730727,1,0.330902979,1,-0.061241703,1,0.269661277,1,-0.293827748,1,NA,NA,Stable
MI0014162,hsa-mir-3139,hsa-miR-3139,chr4:143343469-143343491,+,Single miR only,hsa-miR-3139,0.159306926,0,0,0,0.146659048,0,0,0,0,0,0,0,0,0,0.10881246,0,0.039826731,0.039826731,0.036664762,0.036664762,0,0,0.027203115,0.027203115,0.039826731,NA,NA,NA,NA,NA,NA,NA,NA,NA,NA,NA,NA,NA,NA,NA,Stable
MI0014163,hsa-mir-3140,hsa-miR-3140-3p,chr4:152489336-152489357,-,Single miR only,hsa-miR-3140-3p,0,0.447511639,0,0.555240508,0.733295241,0,0.108951012,0,0.368187699,0.43351768,0.339996991,0,1.077828079,0.4339048,0,1.210893293,0.250688037,0.146395788,0.210561563,0.176126741,0.285425592,0.097136776,0.680656543,0.283295487,0.680656543,NA,-0.469790926,1,0.933122846,1,0.636836258,1,0.463331921,1,1.100168178,1,1.569959104,NA,NA,NA,Stable
MI0014164,hsa-mir-548t,hsa-miR-548t-5p,chr4:173268169-173268189,+,Single miR only,hsa-miR-548t-5p,0,0,0.144570071,0,0,0.083254221,0,0,0,0,0,0,0,0,0,0.484357317,0.036142518,0.036142518,0.020813555,0.020813555,0,0,0.121089329,0.121089329,0.121089329,NA,NA,NA,NA,NA,NA,NA,NA,NA,NA,NA,NA,NA,NA,NA,Stable
MI0014166,hsa-mir-3142,hsa-miR-3142,chr5:160474450-160474471,+,Single miR only,hsa-miR-3142,0,0,0,0,0,0,0,0,0,0,0,0,0.13472851,0,0,0,0,0,0,0,0,0,0.033682127,0.033682127,0.033682127,NA,NA,NA,NA,NA,NA,NA,NA,NA,NA,NA,NA,NA,NA,NA,Stable
MI0014167,hsa-mir-3143,hsa-miR-3143,chr6:27147629-27147653,+,Single miR only,hsa-miR-3143,0.159306926,0,0.144570071,0,0,0.083254221,0,0.191324066,0,0.144505893,0.169998496,0.66797378,0,0,0.10881246,0.968714634,0.075969249,0.043963901,0.068644572,0.045357703,0.245619542,0.145675031,0.269381774,0.234517596,0.269381774,NA,-0.548149901,NA,1.45756042,1,-0.453717948,1,0.909410519,NA,0.455692571,NA,1.003842472,NA,NA,NA,Stable
MI0014169,hsa-mir-3144,hsa-miR-3144-3p,chr6:120015226-120015247,+,NA,hsa-miR-3144-3p,0,0.22375582,0,0,0,0.083254221,0,0,0,0,0,0,0,0,0,0,0.055938955,0.055938955,0.020813555,0.020813555,0,0,0,0,0.055938955,NA,NA,NA,NA,NA,NA,NA,NA,NA,NA,NA,NA,NA,NA,NA,Stable
MI0014169,hsa-mir-3144,hsa-miR-3144-5p,chr6:120015191-120015212,+,Single miR only,hsa-miR-3144-5p,0,0.447511639,0,0,0,0.083254221,0,0,0,0.144505893,0,0,0,0.289269867,0,0,0.11187791,0.11187791,0.020813555,0.020813555,0.036126473,0.036126473,0.072317467,0.072317467,0.11187791,NA,NA,NA,NA,NA,NA,NA,NA,NA,NA,NA,NA,NA,NA,NA,Stable
MI0014170,hsa-mir-3145,hsa-miR-3145-5p,chr6:138435262-138435283,-,NA,hsa-miR-3145-5p,0,0,0,0,0,0.083254221,0.326853036,0,0.18409385,0.144505893,0.169998496,0.500980335,0,0,0.21762492,0.484357317,0,0,0.102526814,0.077307385,0.249894643,0.08409516,0.175495559,0.115024581,0.249894643,NA,1.858506932,NA,1.229838329,1,-1.044848532,1,3.088345261,NA,2.043496729,NA,0.184989797,NA,NA,NA,Stable
MI0014170,hsa-mir-3145,hsa-miR-3145-3p,chr6:138435223-138435246,-,Single miR only,hsa-miR-3145-3p,0,1.006901189,0,0,0,0.999050652,0.326853036,0.382648132,0.18409385,0,0,0.166993445,0.13472851,0,0,0,0.251725297,0.251725297,0.427137955,0.20848009,0.087771824,0.050795164,0.033682127,0.033682127,0.427137955,NA,1.685795449,NA,-1.822996925,1,-1.028937318,1,-0.137201476,NA,-1.166138794,1,-2.851934244,NA,NA,NA,Stable
MI0014171,hsa-mir-1273c,hsa-miR-1273c,chr6:154853369-154853390,+,Single miR only,hsa-miR-1273c,0,0,0,0,0,0,0,0,0.18409385,0,0,0,0,0,0,0,0,0,0,0,0.046023462,0.046023462,0,0,0.046023462,NA,NA,NA,NA,NA,NA,NA,NA,NA,NA,NA,NA,NA,NA,NA,Stable
MI0014172,hsa-mir-3146,hsa-miR-3146,chr7:19705366-19705387,-,Single miR only,hsa-miR-3146,0,0,0,0,0,0,0.108951012,0.573972198,0,0,0,0.166993445,0.53891404,0.144634933,0.10881246,0,0,0,0.170730802,0.136844918,0.041748361,0.041748361,0.198090358,0.117696147,0.198090358,NA,1.835689869,NA,-1.041500874,1,2.353337356,1,0.794188996,NA,3.147526352,NA,1.311836482,NA,NA,NA,Stable
MI0014174,hsa-mir-548v,hsa-miR-548v,chr8:17681588-17681609,-,Single miR only,hsa-miR-548v,0,0,0,0,0,0.166508442,0,0,0,0,0,0,0,0,0,0,0,0,0.041627111,0.041627111,0,0,0,0,0.041627111,NA,NA,NA,NA,NA,NA,NA,NA,NA,NA,NA,NA,NA,NA,NA,Stable
MI0014175,hsa-mir-3148,hsa-miR-3148,chr8:29957318-29957339,-,Single miR only,hsa-miR-3148,0.159306926,0,0,0,0,0,0,0,0,0,0,0,0,0,0,0,0.039826731,0.039826731,0,0,0,0,0,0,0.039826731,NA,NA,NA,NA,NA,NA,NA,NA,NA,NA,NA,NA,NA,NA,NA,Stable
MI0014176,hsa-mir-3149,hsa-miR-3149,chr8:76966778-76966800,-,Single miR only,hsa-miR-3149,0.318613851,0,0,0.185080169,0,0.083254221,0,0,0,0,0,0,0,0,0,0,0.125923505,0.077643705,0.020813555,0.020813555,0,0,0,0,0.125923505,NA,NA,NA,NA,NA,NA,NA,NA,NA,NA,NA,NA,NA,NA,NA,Stable
MI0014177,hsa-mir-3150a,hsa-miR-3150a-5p,chr8:95072925-95072946,+,NA,hsa-miR-3150a-5p,0.159306926,0,0.722850355,0.185080169,0,0.333016884,0.762657084,0.956620329,0,0.144505893,0,0.834967225,0.40418553,0,0.43524984,0.242178659,0.266809363,0.157426453,0.513073574,0.21499817,0.24486828,0.199626802,0.270403507,0.099576872,0.513073574,NA,1.104457903,1,-1.20122259,1,0.46873698,1,-0.096764687,NA,0.371972293,1,-0.73248561,NA,NA,NA,Stable
MI0014177,hsa-mir-3150a,hsa-miR-3150a-3p,chr8:95072962-95072983,+,Single miR only,hsa-miR-3150a-3p,0.477920777,0.11187791,0,2.220962032,0,0.166508442,0.217902024,0,0.18409385,0.43351768,0,0.33398689,0,0.144634933,0.10881246,0,0.70269018,0.516277003,0.096102617,0.056467913,0.237899605,0.094423902,0.063361848,0.03730563,0.70269018,NA,-2.244486686,1,0.885081509,1,-1.490257627,1,-1.359405177,NA,-2.849662805,1,-0.605176118,NA,NA,NA,Stable
MI0014179,hsa-mir-3152,hsa-miR-3152-3p,chr9:18573350-18573371,+,<10% RPMM,hsa-miR-3152-3p**,1.752376182,0.447511639,0,1.295561185,0.146659048,0.666033768,0,0.382648132,0.18409385,0.43351768,0.339996991,1.33594756,0.26945702,0.289269867,0.43524984,0,0.873862252,0.39739011,0.298835237,0.145579146,0.57338902,0.259339239,0.248494182,0.090705169,0.873862252,NA,-1.463754306,1,0.968601935,1,-0.641835821,1,-0.495152371,1,-1.136988191,1,0.326766115,1,NA,NA,Stable
MI0014179,hsa-mir-3152,hsa-miR-3152-5p,chr9:18573316-18573337,+,Single miR only,hsa-miR-3152-5p,6.531583952,13.649105,11.13189547,16.47213507,6.452998122,13.23742114,6.319158698,10.14017549,7.363753983,13.29454217,6.289944334,20.37320029,6.871154006,8.822730942,6.528747599,9.444967685,11.94617987,2.1088135,9.037438362,1.656408268,11.83036019,3.237420845,7.916900058,0.717406923,11.94617987,0.753923614,-0.361147381,1,0.283826395,1,-0.446865711,1,-0.077320986,1,-0.524186697,0.859230205,-0.163039316,1,NA,NA,Stable
MI0014181,hsa-mir-3074,hsa-miR-3074-3p,chr9:95086024-95086045,-,<10% RPMM,hsa-miR-3074-3p**,4.141980067,3.356337296,3.325111633,2.035881863,1.906567627,2.830643514,2.396922265,2.487212856,2.393220044,1.011541252,3.229971415,4.00784268,3.368212748,2.892698669,1.52337444,1.210893293,3.214827715,0.436053543,2.405336565,0.190707232,2.660643848,0.640971491,2.248794788,0.52210974,3.214827715,0.992535394,-0.368971496,1,0.090467561,1,-0.217858474,1,-0.278503935,1,-0.496362409,1,-0.127390913,1,NA,NA,Stable
MI0014181,hsa-mir-3074,hsa-miR-3074-5p,chr9:95086063-95086083,-,Single miR only,hsa-miR-3074-5p,842.4150229,110.9828866,285.6704603,207.8450302,203.1227818,123.8822809,254.1827111,265.3664793,203.2396099,66.47271086,309.0572648,134.0957363,215.2961589,190.3395725,280.3008969,286.4973531,361.72835,164.1640043,211.6385633,32.23659555,178.2163305,51.78382789,243.1084953,23.8466507,361.72835,0.707658112,-0.506694078,1,-0.442588796,1,0.705342881,1,-0.949282875,0.544742117,-0.243939993,1,0.262754085,1,NA,NA,Stable
MI0014182,hsa-mir-3154,hsa-miR-3154,chr9:128244956-128244977,-,Single miR only,hsa-miR-3154,0.318613851,0.33563373,0.722850355,0,0,0.666033768,0,0,0,0.722529466,0.679993982,0.500980335,0,0.578539734,0,0.242178659,0.344274484,0.147923894,0.166508442,0.166508442,0.475875946,0.165728261,0.205179598,0.136919702,0.475875946,NA,-2.186435573,1,2.159782828,1,-1.711912904,1,-0.026652745,NA,-1.738565649,1,0.447869924,NA,NA,NA,Stable
MI0014183,hsa-mir-3155a,hsa-miR-3155a,chr10:6152247-6152267,+,Single miR only,hsa-miR-3155a,0,0,0,0,0,0,0,0,0,0,0,0.166993445,0,0.144634933,0,0,0,0,0,0,0.041748361,0.041748361,0.036158733,0.036158733,0.041748361,NA,NA,NA,NA,NA,NA,NA,NA,NA,NA,NA,NA,NA,NA,NA,Stable
MI0014185,hsa-mir-3157,hsa-miR-3157-5p,chr10:96064369-96064390,-,>20% RPMM,hsa-miR-3157-5p,0.955841554,0.447511639,0.144570071,0.185080169,0.586636193,0.83254221,0.217902024,0.191324066,0.736375398,0,0,0,0,0.578539734,0.65287476,0.242178659,0.433250858,0.186688174,0.457101123,0.154269515,0.18409385,0.18409385,0.368398288,0.151859305,0.457101123,NA,0.269408444,1,-1.846746807,1,1.988059987,1,-1.577338363,1,0.410721624,1,0.14131318,1,NA,NA,Stable
MI0014185,hsa-mir-3157,hsa-miR-3157-3p,chr10:96064321-96064342,-,Single miR only,hsa-miR-3157-3p,0.477920777,0.447511639,0.722850355,2.035881863,0.586636193,1.498575978,0.326853036,0.765296263,0.18409385,0.722529466,0.339996991,0.66797378,0.26945702,0.867809601,0.76168722,1.937429269,0.921041159,0.376689004,0.794340368,0.251408828,0.478648522,0.129521128,0.959095777,0.351193363,0.959095777,NA,-0.033224708,1,-0.850920439,1,0.942493096,1,-0.884145147,1,0.05834795,1,0.091572658,1,NA,NA,Stable
MI0014186,hsa-mir-3158-1,hsa-miR-3158-3p,chr10:101601466-101601487,+,>20% RPMM,hsa-miR-3158-3p,1.911683108,4.922628034,5.204522557,5.737485249,3.373158109,5.827795471,3.050628337,4.783101646,2.577313894,4.190670902,3.909965397,6.6797378,2.425113179,4.772952805,4.461310859,4.601394513,4.444079737,0.860872245,4.258670891,0.644248869,4.339421998,0.85579704,4.065192839,0.550394342,4.444079737,0.997263686,0.012200654,1,-0.052439211,1,-0.029082936,1,-0.040238556,1,-0.069321493,1,-0.081522147,1,NA,NA,Stable
MI0014186,hsa-mir-3158-1,hsa-miR-3158-5p,chr10:101601429-101601449,+,Single miR only,hsa-miR-3158-5p,2.867524662,4.586994305,5.782802841,7.033046434,2.49320382,5.245015924,2.941677325,5.165749778,2.209126195,3.17912965,4.419960883,4.67581646,4.176583808,6.074667206,4.461310859,5.08575183,5.06759206,0.887215124,3.961411712,0.724198556,3.621008297,0.572975662,4.949578426,0.42034647,5.06759206,0.893973937,-0.314139227,1,-0.170519732,1,0.528279918,1,-0.484658959,1,0.043620959,1,0.357760186,1,NA,NA,Stable
MI0014187,hsa-mir-3158-2,hsa-miR-3158-5p,chr10:101601465-101601485,-,>20% RPMM,hsa-miR-3158-5p,1.911683108,4.922628034,5.204522557,5.737485249,3.373158109,5.827795471,3.050628337,4.783101646,2.577313894,4.190670902,3.909965397,6.6797378,2.425113179,4.772952805,4.461310859,4.601394513,4.444079737,0.860872245,4.258670891,0.644248869,4.339421998,0.85579704,4.065192839,0.550394342,4.444079737,0.997263686,0.012200654,1,-0.052439211,1,-0.029082936,1,-0.040238556,1,-0.069321493,1,-0.081522147,1,NA,NA,Stable
MI0014187,hsa-mir-3158-2,hsa-miR-3158-3p,chr10:101601427-101601448,-,Single miR only,hsa-miR-3158-3p,2.867524662,4.586994305,5.782802841,7.033046434,2.49320382,5.245015924,2.941677325,5.165749778,2.209126195,3.17912965,4.419960883,4.67581646,4.176583808,6.074667206,4.461310859,5.08575183,5.06759206,0.887215124,3.961411712,0.724198556,3.621008297,0.572975662,4.949578426,0.42034647,5.06759206,0.893973937,-0.314139227,1,-0.170519732,1,0.528279918,1,-0.484658959,1,0.043620959,1,0.357760186,1,NA,NA,Stable
MI0014188,hsa-mir-3159,hsa-miR-3159,chr11:18387796-18387817,+,Single miR only,hsa-miR-3159,0.318613851,0.559389549,0.289140142,1.665721524,0.586636193,0.416271105,0.653706072,2.869860988,0.368187699,0.289011786,0.339996991,1.00196067,0.26945702,1.012444534,0.97931214,0.484357317,0.708216267,0.324856449,1.131618589,0.581565047,0.499789287,0.168190321,0.686392753,0.184111663,1.131618589,NA,0.62430309,1,-1.048678972,1,0.816135406,1,-0.424375882,1,0.391759524,1,-0.232543566,1,NA,NA,Stable
MI0014189,hsa-mir-3160-1,hsa-miR-3160-5p,chr11:46451856-46451877,-,NA,hsa-miR-3160-5p,0.159306926,0.11187791,0,0,0,0.083254221,0.108951012,0,0.18409385,0,0,0.166993445,0.13472851,0,0,0,0.067796209,0.040321685,0.048051308,0.028233956,0.087771824,0.050795164,0.033682127,0.033682127,0.087771824,NA,NA,NA,NA,NA,NA,NA,NA,NA,NA,NA,NA,NA,NA,NA,Stable
MI0014189,hsa-mir-3160-1,hsa-miR-3160-3p,chr11:46451815-46451836,-,Single miR only,hsa-miR-3160-3p,0.159306926,0,0,0,0,0.083254221,0,0,0,0.144505893,0,0.33398689,0.26945702,0,0,0,0.039826731,0.039826731,0.020813555,0.020813555,0.119623196,0.079157206,0.067364255,0.067364255,0.119623196,NA,NA,NA,NA,NA,NA,NA,NA,NA,NA,NA,NA,NA,NA,NA,Stable
MI0014190,hsa-mir-3160-2,hsa-miR-3160-3p,chr11:46451858-46451879,+,NA,hsa-miR-3160-3p,0.159306926,0.11187791,0,0,0,0.083254221,0.108951012,0,0.18409385,0,0,0.166993445,0.13472851,0,0,0,0.067796209,0.040321685,0.048051308,0.028233956,0.087771824,0.050795164,0.033682127,0.033682127,0.087771824,NA,NA,NA,NA,NA,NA,NA,NA,NA,NA,NA,NA,NA,NA,NA,Stable
MI0014190,hsa-mir-3160-2,hsa-miR-3160-5p,chr11:46451817-46451838,+,Single miR only,hsa-miR-3160-5p,0.159306926,0,0,0,0,0.083254221,0,0,0,0.144505893,0,0.33398689,0.26945702,0,0,0,0.039826731,0.039826731,0.020813555,0.020813555,0.119623196,0.079157206,0.067364255,0.067364255,0.119623196,NA,NA,NA,NA,NA,NA,NA,NA,NA,NA,NA,NA,NA,NA,NA,Stable
MI0014191,hsa-mir-3161,hsa-miR-3161,chr11:48096791-48096813,+,Single miR only,hsa-miR-3161,0,0,2.313121136,1.480641355,0,0,2.070069229,2.29588879,0,0,3.059972919,1.33594756,0,0,2.50268658,1.937429269,0.948440623,0.573343247,1.091489505,0.631855376,1.09898012,0.725555014,1.110028962,0.651179385,1.110028962,NA,0.224226037,1,-0.046351903,1,0.058038766,1,0.177874133,1,0.235912899,1,0.011686862,1,NA,NA,Stable
MI0014192,hsa-mir-3162,hsa-miR-3162-5p,chr11:59595127-59595149,-,NA,hsa-miR-3162-5p,0.159306926,0,0,0,0,0,0.108951012,0,0,0,0.169998496,0,0,0,0,0,0.039826731,0.039826731,0.027237753,0.027237753,0.042499624,0.042499624,0,0,0.042499624,NA,NA,NA,NA,NA,NA,NA,NA,NA,NA,NA,NA,NA,NA,NA,Stable
MI0014192,hsa-mir-3162,hsa-miR-3162-3p,chr11:59595087-59595107,-,Single miR only,hsa-miR-3162-3p,0,0,0,0,0,0,0,0.382648132,0,0,0,0,0,0,0,0,0,0,0.095662033,0.095662033,0,0,0,0,0.095662033,NA,NA,NA,NA,NA,NA,NA,NA,NA,NA,NA,NA,NA,NA,NA,Stable
MI0014193,hsa-mir-3163,hsa-miR-3163,chr11:66934476-66934497,-,Single miR only,hsa-miR-3163,0.318613851,0.11187791,0.578280284,0,0,0,0,0,0.18409385,0.289011786,0.679993982,0,0,0.144634933,0.43524984,0.726535976,0.252193011,0.127159441,0,0,0.288274904,0.143585193,0.326605187,0.161124284,0.326605187,NA,-3.201796009,NA,3.369616529,0.959015515,0.229866063,1,0.16782052,NA,0.397686584,1,3.599482593,NA,NA,NA,Stable
MI0014194,hsa-mir-3164,hsa-miR-3164,chr11:69083185-69083206,+,Single miR only,hsa-miR-3164,0.318613851,0,0,0,0,0,0,0,0,0,0,0,0,0,0,0,0.079653463,0.079653463,0,0,0,0,0,0,0.079653463,NA,NA,NA,NA,NA,NA,NA,NA,NA,NA,NA,NA,NA,NA,NA,Stable
MI0014195,hsa-mir-3165,hsa-miR-3165,chr11:72072272-72072293,-,Single miR only,hsa-miR-3165,0,0,0,0.185080169,0,0,0.217902024,0,0,0,0,0,0,0,0,0,0.046270042,0.046270042,0.054475506,0.054475506,0,0,0,0,0.054475506,NA,NA,NA,NA,NA,NA,NA,NA,NA,NA,NA,NA,NA,NA,NA,Stable
MI0014196,hsa-mir-3166,hsa-miR-3166,chr11:88176561-88176583,+,Single miR only,hsa-miR-3166,0,0,0,0,0,0.249762663,0,0,0,0,0,0,0,0,0,0,0,0,0.062440666,0.062440666,0,0,0,0,0.062440666,NA,NA,NA,NA,NA,NA,NA,NA,NA,NA,NA,NA,NA,NA,NA,Stable
MI0014197,hsa-mir-1260b,hsa-miR-1260b,chr11:96341447-96341465,+,Single miR only,hsa-miR-1260b,0.955841554,0,9.9753349,32.75918997,1.466590482,1.165559094,0,17.79313812,1.472750797,18.930272,13.59987964,0,6.871154006,23.28622429,4.352498399,0,10.92259161,7.617815946,5.106321925,4.240745665,8.500725611,4.622693801,8.627469174,5.088158999,10.92259161,0.997263686,-1.136998987,1,1.598269526,1,0.340464225,1,0.46127054,1,0.801734765,1,1.938733751,1,NA,NA,Stable
MI0014198,hsa-mir-3167,hsa-miR-3167,chr11:126988468-126988489,-,Single miR only,hsa-miR-3167,0,0.559389549,0.144570071,0.185080169,0.146659048,0.499525326,0.217902024,0.191324066,0,0.144505893,0,0,0.40418553,0.723174667,0.21762492,0.726535976,0.222259947,0.119189592,0.263852616,0.079920693,0.036126473,0.036126473,0.517880273,0.125420214,0.517880273,NA,0.427337757,1,-2.336750723,1,3.321474578,0.430915219,-1.909412967,NA,1.412061611,1,0.984723855,NA,NA,NA,Stable
MI0014199,hsa-mir-3168,hsa-miR-3168,chr13:41101076-41101092,-,Single miR only,hsa-miR-3168,0,0,0,0.185080169,0,0,0,0,0,0,0,0,0,0,0,0,0.046270042,0.046270042,0,0,0,0,0,0,0.046270042,NA,NA,NA,NA,NA,NA,NA,NA,NA,NA,NA,NA,NA,NA,NA,Stable
MI0014201,hsa-mir-3170,hsa-miR-3170,chr13:98208533-98208554,+,Single miR only,hsa-miR-3170,0,0.11187791,0,0.185080169,0.146659048,0.083254221,0,0,0,0,0.169998496,0.166993445,0,0.289269867,0,0.242178659,0.07423952,0.045392098,0.057478317,0.03561965,0.084247985,0.048644465,0.132862131,0.07730792,0.132862131,NA,NA,NA,NA,NA,NA,NA,NA,NA,NA,NA,NA,NA,NA,NA,Stable
MI0014204,hsa-mir-3173,hsa-miR-3173-3p,chr14:95137923-95137944,-,>20% RPMM,hsa-miR-3173-3p,0.159306926,0.33563373,0.578280284,0.555240508,0.146659048,0.083254221,0.326853036,0.765296263,0,0.867035359,0.339996991,0,0,0.144634933,0,0,0.407115362,0.099061065,0.330515642,0.153836781,0.301758088,0.204759309,0.036158733,0.036158733,0.407115362,NA,-0.250890822,1,-0.467415581,1,-2.312023079,1,-0.718306403,NA,-3.030329481,0.905874565,-2.779438659,NA,NA,NA,Stable
MI0014204,hsa-mir-3173,hsa-miR-3173-5p,chr14:95137961-95137982,-,Single miR only,hsa-miR-3173-5p,0.159306926,0.22375582,0,0.740320677,0.146659048,0.333016884,0.108951012,0.765296263,0.18409385,0.144505893,0.849992478,1.168954115,0.13472851,0.289269867,0.5440623,0.242178659,0.280845856,0.160214047,0.338480802,0.150466165,0.586886584,0.252647644,0.302559834,0.086753148,0.586886584,NA,0.359998806,1,0.718303537,1,-0.566096908,1,1.078302343,1,0.512205435,1,0.152206628,NA,NA,NA,Stable
MI0014205,hsa-mir-1193,hsa-miR-1193,chr14:101030061-101030083,+,Single miR only,hsa-miR-1193,0,0.11187791,0.289140142,0,0,0.333016884,0.653706072,0.765296263,0,0.144505893,1.359987964,0.834967225,0,0.144634933,0.5440623,0.726535976,0.100254513,0.06826103,0.438004805,0.172365263,0.584865271,0.316142102,0.353808302,0.169326193,0.584865271,NA,1.766957886,1,0.143673318,1,-0.601578406,1,1.910631204,1,1.309052798,1,-0.457905088,NA,NA,NA,Stable
MI0014206,hsa-mir-323b,hsa-miR-323b-3p,chr14:101056269-101056290,+,Single miR only,hsa-miR-323b-3p,3.823366216,31.54957058,18.79410923,50.15672589,3.079840013,28.1399267,21.79020241,61.79767327,5.338721638,47.68694475,35.18968857,38.5754858,3.907126788,29.65016136,22.52417922,61.02902196,26.08094298,9.823640194,28.7019106,12.24713417,31.69771019,9.174010435,29.27762233,11.89384015,31.69771019,0.964791628,0.086812527,1,0.333157553,1,-0.272954178,1,0.41997008,1,0.147015902,1,0.060203375,1,NA,NA,Stable
MI0014206,hsa-mir-323b,hsa-miR-323b-5p,chr14:101056233-101056255,+,<1% RPMM,hsa-miR-323b-5p***,0,0,0,0.185080169,0,0,0,0,0,0,0,0,0,0,0.21762492,0,0.046270042,0.046270042,0,0,0,0,0.05440623,0.05440623,0.05440623,NA,NA,NA,NA,NA,NA,NA,NA,NA,NA,NA,NA,NA,NA,NA,Stable
MI0014208,hsa-mir-3174,hsa-miR-3174,chr15:90006764-90006786,+,Single miR only,hsa-miR-3174,0.637227703,0.447511639,1.301130639,0.740320677,0.733295241,0.83254221,2.070069229,0.956620329,0.920469248,1.156047145,1.52998646,1.00196067,1.347285099,0.723174667,1.41456198,2.421786586,0.781547665,0.183501692,1.148131752,0.310688942,1.152115881,0.135095145,1.476702083,0.351378053,1.476702083,0.970837113,0.611342474,1,-0.001572797,1,0.304468582,1,0.609769677,1,0.914238258,1,0.302895784,1,NA,NA,Stable
MI0014209,hsa-mir-3175,hsa-miR-3175,chr15:92904408-92904429,+,Single miR only,hsa-miR-3175,1.593069257,0.33563373,0.722850355,1.110481016,0.586636193,0.083254221,1.307412144,0.573972198,1.472750797,0.722529466,2.549977433,0.66797378,0.67364255,0.289269867,0.97931214,0.242178659,0.940508589,0.268944659,0.637818689,0.252090124,1.353307869,0.439113583,0.546100804,0.173750242,1.353307869,NA,-0.702798246,1,1.152926776,1,-1.247385679,1,0.45012853,1,-0.797257149,1,-0.094458903,1,NA,NA,Stable
MI0014210,hsa-mir-3176,hsa-miR-3176,chr16:543336-543354,+,Single miR only,hsa-miR-3176,3.345445439,0.895023279,6.071942983,4.997164572,2.786521916,1.415321757,6.210207686,2.104564724,4.970533938,0.867035359,7.139936812,8.182678805,6.871154006,2.603428803,9.466684019,6.054466465,3.827394068,1.126847956,3.129154021,1.064475328,5.290046229,1.619015433,6.248933323,1.416233228,6.248933323,0.305278377,-0.136635728,1,0.589216617,1,0.390774187,1,0.452580889,1,0.843355076,0.626648696,0.979990804,0.308057199,NA,NA,Stable
MI0014211,hsa-mir-3177,hsa-miR-3177-5p,chr16:1734995-1735017,+,>20% RPMM,hsa-miR-3177-5p,0,0.22375582,0.722850355,0.185080169,0.146659048,0.249762663,0.108951012,0.573972198,1.104563097,0.578023573,0,0.33398689,0.53891404,0.289269867,0.5440623,2.179607927,0.282921586,0.154557292,0.26983623,0.105656009,0.50414339,0.232571835,0.887963533,0.434634229,0.887963533,NA,-0.289877314,1,1.072741788,1,0.50272111,1,0.782864474,1,1.285585583,1,1.575462898,1,NA,NA,Stable
MI0014211,hsa-mir-3177,hsa-miR-3177-3p,chr16:1735038-1735058,+,Single miR only,hsa-miR-3177-3p,2.230296959,1.566290738,1.734840852,2.77620254,2.053226675,1.082304873,1.416363156,4.209129449,1.288656947,1.445058932,3.909965397,1.66993445,1.347285099,3.32660347,2.39387412,3.39050122,2.076907772,0.272378558,2.190256038,0.702441746,2.078403931,0.615514074,2.614565977,0.47991133,2.614565977,0.993959075,0.012484927,1,-0.037012108,1,0.378112923,1,-0.024527182,1,0.353585742,1,0.341100815,1,NA,NA,Stable
MI0014222,hsa-mir-548w,hsa-miR-548w,chr16:26025246-26025268,+,Single miR only,hsa-miR-548w,0,0,0,0.185080169,0,0,0,0,0,0,0,0,0,0,0,0,0.046270042,0.046270042,0,0,0,0,0,0,0.046270042,NA,NA,NA,NA,NA,NA,NA,NA,NA,NA,NA,NA,NA,NA,NA,Stable
MI0014223,hsa-mir-3181,hsa-miR-3181,chr16:50742313-50742331,+,Single miR only,hsa-miR-3181,0.318613851,0,0.144570071,0,0,0.083254221,0,0.191324066,0.368187699,0.289011786,0,0.166993445,0.40418553,0.578539734,0.5440623,0,0.115795981,0.075708022,0.068644572,0.045357703,0.206048233,0.080183804,0.381696891,0.132698872,0.381696891,NA,-0.73092903,NA,1.592615441,1,1.050731257,1,0.861686412,NA,1.912417669,1,2.643346698,NA,NA,NA,Stable
MI0014225,hsa-mir-3183,hsa-miR-3183,chr17:1022529-1022550,-,Single miR only,hsa-miR-3183,0,0.11187791,0,0,0,0.083254221,0,0,0,0,0,0.166993445,0,0,0,0.242178659,0.027969477,0.027969477,0.020813555,0.020813555,0.041748361,0.041748361,0.060544665,0.060544665,0.060544665,NA,NA,NA,NA,NA,NA,NA,NA,NA,NA,NA,NA,NA,NA,NA,Stable
MI0014226,hsa-mir-3184,hsa-miR-3184-5p,chr17:30117128-30117151,-,>20% RPMM,hsa-miR-3184-5p,2009.816174,2371.587934,2437.451397,4069.542763,2286.414562,2533.259437,2939.825158,4758.038194,2335.782763,3698.48383,3227.591436,3647.637819,2670.453795,2315.605285,2813.128528,4298.67119,2722.099567,458.8785046,3129.384337,559.3455257,3227.373962,315.3703022,3024.4647,437.4233788,3227.373962,0.917019776,0.232060246,1,0.046087214,1,-0.095769014,1,0.27814746,1,0.182378446,1,-0.049681801,1,NA,NA,Stable
MI0014226,hsa-mir-3184,hsa-miR-3184-3p,chr17:30117095-30117117,-,Single miR only,hsa-miR-3184-3p,2362.999628,2006.19468,2877.088983,4517.251693,2560.373664,2127.395109,3515.958109,7022.549837,2535.892778,4674.765644,4705.728354,4034.728625,2673.417822,2149.709016,3071.666933,4975.802719,2940.883746,555.0224755,3806.56918,1110.540979,3987.77885,508.0665798,3217.649123,615.7041124,3987.77885,0.75864633,0.341536525,1,0.171088514,1,-0.37139816,1,0.512625039,0.792515632,0.141226879,1,-0.200309646,1,NA,NA,Stable
MI0014228,hsa-mir-3065,hsa-miR-3065-5p,chr17:81125886-81125908,+,NA,hsa-miR-3065-5p,0,1.342534918,0.722850355,2.035881863,0.586636193,2.164609746,0.980559108,1.913240659,0.552281549,4.190670902,0.509995487,2.00392134,0.26945702,1.880254135,0.87049968,0.968714634,1.025316784,0.434418152,1.411261426,0.374725244,1.814217319,0.864917902,0.997231367,0.332447845,1.814217319,0.970837113,0.656818983,1,0.147444569,1,-0.657085549,1,0.804263552,1,0.147178003,1,-0.50964098,1,NA,NA,Stable
MI0014228,hsa-mir-3065,hsa-miR-3065-3p,chr17:81125926-81125948,+,Single miR only,hsa-miR-3065-3p,0,2.461314017,1.734840852,3.516523217,0.586636193,3.579931503,0.980559108,1.913240659,0.552281549,3.034623757,1.189989469,1.168954115,0.53891404,3.037333603,0.65287476,1.453071952,1.928169522,0.739500067,1.765091866,0.665822824,1.486462222,0.536827499,1.420548589,0.576024749,1.928169522,0.993959075,-0.066220794,1,-0.247445448,1,-0.072332813,1,-0.313666242,1,-0.385999055,1,-0.319778261,1,NA,NA,Stable
MI0014229,hsa-mir-3186,hsa-miR-3186-5p,chr17:81451152-81451173,-,NA,hsa-miR-3186-5p,0,0,0,0.185080169,0,0,0,0,0,0,0,0,0,0,0,0.484357317,0.046270042,0.046270042,0,0,0,0,0.121089329,0.121089329,0.121089329,NA,NA,NA,NA,NA,NA,NA,NA,NA,NA,NA,NA,NA,NA,NA,Stable
MI0014229,hsa-mir-3186,hsa-miR-3186-3p,chr17:81451116-81451136,-,Single miR only,hsa-miR-3186-3p,0,0.22375582,0.289140142,0.370160339,0.146659048,0.249762663,0.108951012,0,0,0.289011786,0,0,0.40418553,0.144634933,0.10881246,0.484357317,0.220764075,0.079446133,0.126343181,0.051567262,0.072252947,0.072252947,0.28549756,0.093404114,0.28549756,NA,-0.747491609,NA,-0.856282043,1,2.028860605,1,-1.603773652,NA,0.425086953,NA,1.172578562,NA,NA,NA,Stable
MI0014231,hsa-mir-3187,hsa-miR-3187-3p,chr19:813627-813646,+,Single miR only,hsa-miR-3187-3p,0.637227703,0.783145369,0.867420426,1.665721524,0.733295241,1.082304873,0.980559108,1.147944395,0.736375398,1.878576611,0.679993982,1.502941005,1.616742119,1.157079468,0.76168722,1.210893293,0.988378755,0.230732881,0.986025904,0.091008201,1.199471749,0.29405107,1.186600525,0.174889189,1.199471749,0.997263686,0.09474807,1,0.200708197,1,0.059554809,1,0.295456267,1,0.355011076,1,0.260263006,1,NA,NA,Stable
MI0014231,hsa-mir-3187,hsa-miR-3187-5p,chr19:813590-813612,+,<10% RPMM,hsa-miR-3187-5p**,0,0.11187791,0,0,0,0.166508442,0,0.191324066,0,0,0,0,0,0,0,0.242178659,0.027969477,0.027969477,0.089458127,0.051896478,0,0,0.060544665,0.060544665,0.089458127,NA,NA,NA,NA,NA,NA,NA,NA,NA,NA,NA,NA,NA,NA,NA,Stable
MI0014232,hsa-mir-3188,hsa-miR-3188,chr19:18282129-18282151,+,Single miR only,hsa-miR-3188,0.318613851,0,0,1.110481016,0.146659048,0,0.108951012,0.956620329,0,0.144505893,0.169998496,0.66797378,0.53891404,0.144634933,0.32643738,1.69525061,0.357273717,0.262059923,0.303057597,0.220061738,0.245619542,0.145675031,0.676309241,0.34907101,0.676309241,NA,-0.180102777,1,0.077988555,1,1.48544022,1,-0.102114222,1,1.383325999,1,1.563428776,1,NA,NA,Stable
MI0014233,hsa-mir-3189,hsa-miR-3189-5p,chr19:18386570-18386594,+,NA,hsa-miR-3189-5p,0,0,0,0,0,0,0,0,0,0,0,0,0,0.144634933,0,0,0,0,0,0,0,0,0.036158733,0.036158733,0.036158733,NA,NA,NA,NA,NA,NA,NA,NA,NA,NA,NA,NA,NA,NA,NA,Stable
MI0014233,hsa-mir-3189,hsa-miR-3189-3p,chr19:18386607-18386627,+,Single miR only,hsa-miR-3189-3p,0.159306926,0.11187791,0,0.555240508,0,0.083254221,0.217902024,0,0.18409385,0,0,0,0.40418553,0.144634933,0,0,0.206606336,0.120914113,0.075289061,0.05142858,0.046023462,0.046023462,0.137205116,0.095299629,0.206606336,NA,-0.857787214,NA,-1.108683416,1,1.136282144,1,-1.96647063,NA,-0.830188486,NA,0.027598728,NA,NA,NA,Stable
MI0014234,hsa-mir-320e,hsa-miR-320e,chr19:46709294-46709311,-,Single miR only,hsa-miR-320e,0.477920777,0,0,0,0,0,0.217902024,0,0,0,0,0.166993445,0,0,0,0,0.119480194,0.119480194,0.054475506,0.054475506,0.041748361,0.041748361,0,0,0.119480194,NA,NA,NA,NA,NA,NA,NA,NA,NA,NA,NA,NA,NA,NA,NA,Stable
MI0014235,hsa-mir-3190,hsa-miR-3190-3p,chr19:47226988-47227010,+,Single miR only,hsa-miR-3190-3p,0.477920777,0.895023279,0.144570071,0.370160339,0.586636193,0.083254221,0.326853036,0.573972198,1.656844646,0,0.169998496,0.33398689,0.40418553,0.144634933,0.10881246,0.968714634,0.471918616,0.157206181,0.392678912,0.119220862,0.540207508,0.37840502,0.406586889,0.198595444,0.540207508,NA,-0.566317326,1,0.068772079,1,-0.226844761,1,-0.497545246,1,-0.724390008,1,-0.158072682,1,NA,NA,Stable
MI0014235,hsa-mir-3190,hsa-miR-3190-5p,chr19:47226955-47226974,+,>20% RPMM,hsa-miR-3190-5p,0.159306926,0,0.144570071,0,0,0.666033768,0,0,0.368187699,0.144505893,0.509995487,0,0.13472851,0,0.21762492,0.484357317,0.075969249,0.043963901,0.166508442,0.166508442,0.25567227,0.113675816,0.209177687,0.102100102,0.25567227,NA,0.87135315,NA,0.656646465,1,0.072695163,1,1.527999615,NA,1.600694778,NA,0.729341628,NA,NA,NA,Stable
MI0014236,hsa-mir-3191,hsa-miR-3191-5p,chr19:47226990-47227011,-,Single miR only,hsa-miR-3191-5p,0.477920777,0.895023279,0.144570071,0.370160339,0.586636193,0.083254221,0.326853036,0.573972198,1.656844646,0,0.169998496,0.33398689,0.40418553,0.144634933,0.10881246,0.968714634,0.471918616,0.157206181,0.392678912,0.119220862,0.540207508,0.37840502,0.406586889,0.198595444,0.540207508,NA,-0.566317326,1,0.068772079,1,-0.226844761,1,-0.497545246,1,-0.724390008,1,-0.158072682,1,NA,NA,Stable
MI0014236,hsa-mir-3191,hsa-miR-3191-3p,chr19:47226952-47226974,-,>20% RPMM,hsa-miR-3191-3p,0.159306926,0,0.144570071,0,0,0.666033768,0,0,0.368187699,0.144505893,0.509995487,0,0.13472851,0,0.21762492,0.484357317,0.075969249,0.043963901,0.166508442,0.166508442,0.25567227,0.113675816,0.209177687,0.102100102,0.25567227,NA,0.87135315,NA,0.656646465,1,0.072695163,1,1.527999615,NA,1.600694778,NA,0.729341628,NA,NA,NA,Stable
MI0014237,hsa-mir-3192,hsa-miR-3192-3p,chr20:18470662-18470682,+,NA,hsa-miR-3192-3p,0,0.11187791,0,0,0,0,0,0,0,0,0.339996991,0,0.13472851,0,0,0.242178659,0.027969477,0.027969477,0,0,0.084999248,0.084999248,0.094226792,0.058656856,0.094226792,NA,NA,NA,NA,NA,NA,NA,NA,NA,NA,NA,NA,NA,NA,NA,Stable
MI0014237,hsa-mir-3192,hsa-miR-3192-5p,chr20:18470624-18470646,+,Single miR only,hsa-miR-3192-5p,0,0,0.144570071,0,0,0.333016884,0,0.191324066,0.18409385,0.144505893,0,0.834967225,0,0,0,0,0.036142518,0.036142518,0.131085237,0.081020463,0.290891742,0.185622992,0,0,0.290891742,NA,1.160571545,NA,1.063671664,1,-2.91241331,1,2.224243209,NA,-0.688170101,NA,-1.848741646,NA,NA,NA,Stable
MI0014238,hsa-mir-3193,hsa-miR-3193,chr20:31607186-31607207,+,Single miR only,hsa-miR-3193,0.159306926,0.22375582,0,0.185080169,0,0,0,0.191324066,0,0.144505893,0,0,0.40418553,0,0.21762492,0,0.142035729,0.049162519,0.047831016,0.047831016,0.036126473,0.036126473,0.155452612,0.097495508,0.155452612,NA,-1.719916747,NA,0.344494435,1,1.783141342,1,-1.375422312,NA,0.40771903,NA,2.127635777,NA,NA,NA,Stable
MI0014239,hsa-mir-3194,hsa-miR-3194-5p,chr20:51452948-51452968,-,Single miR only,hsa-miR-3194-5p,0,0,0,0.185080169,0,0.166508442,0,0,0,0,0,0,0,0,0,0,0.046270042,0.046270042,0.041627111,0.041627111,0,0,0,0,0.046270042,NA,NA,NA,NA,NA,NA,NA,NA,NA,NA,NA,NA,NA,NA,NA,Stable
MI0014245,hsa-mir-3197,hsa-miR-3197,chr21:41167564-41167586,+,Single miR only,hsa-miR-3197,0,0,0.144570071,0,0.439977145,0,0.108951012,0,0.368187699,0.43351768,0.509995487,0,0,0.144634933,0.10881246,0,0.036142518,0.036142518,0.137232039,0.1041312,0.327925216,0.113083806,0.063361848,0.03730563,0.327925216,NA,1.352180307,NA,1.184519266,1,-1.760852665,1,2.536699573,NA,0.775846908,NA,-0.576333399,NA,NA,NA,Stable
MI0014246,hsa-mir-3198-1,hsa-miR-3198,chr22:17764190-17764211,-,Single miR only,hsa-miR-3198,0,0,0,0,0,0,0,0,0,0,0,0,0,0.144634933,0,0,0,0,0,0,0,0,0.036158733,0.036158733,0.036158733,NA,NA,NA,NA,NA,NA,NA,NA,NA,NA,NA,NA,NA,NA,NA,Stable
MI0014247,hsa-mir-3199-1,hsa-miR-3199,chr22:27920581-27920603,-,Single miR only,hsa-miR-3199,0.477920777,0.11187791,0.144570071,0.185080169,0.586636193,0.166508442,0.326853036,0,0.18409385,0.43351768,0.849992478,0.66797378,0.53891404,0.4339048,0.76168722,1.210893293,0.229862232,0.084030514,0.269999418,0.124867012,0.533894447,0.144433141,0.736349838,0.172309646,0.736349838,NA,0.329899695,1,0.959134787,1,0.412110997,1,1.289034482,1,1.701145479,1,1.371245784,1,NA,NA,Stable
MI0014248,hsa-mir-3199-2,hsa-miR-3199,chr22:27920535-27920557,+,Single miR only,hsa-miR-3199,0.796534628,0.559389549,0.144570071,0.925400847,0.439977145,0.83254221,0.653706072,1.913240659,1.104563097,1.300553039,2.719975928,0.834967225,1.751470629,0.4339048,0.76168722,0,0.606473774,0.171612344,0.959866521,0.327764259,1.490014822,0.420947391,0.736765662,0.372468745,1.490014822,NA,0.71149326,1,0.620896758,1,-1.009960693,1,1.332390018,1,0.322429325,1,-0.389063935,1,NA,NA,Stable
MI0014249,hsa-mir-3200,hsa-miR-3200-5p,chr22:30731569-30731590,+,<10% RPMM,hsa-miR-3200-5p**,0.159306926,0.783145369,0.433710213,0.555240508,0,0.249762663,0,0.573972198,0.368187699,0.43351768,1.189989469,1.33594756,0.67364255,0.144634933,0.21762492,1.69525061,0.482850754,0.129907831,0.205933715,0.136073109,0.831910602,0.251002918,0.682788253,0.357205542,0.831910602,NA,-1.586828627,1,2.275389163,0.731457154,-0.456134154,1,0.688560537,1,0.232426383,1,1.81925501,1,NA,NA,Stable
MI0014249,hsa-mir-3200,hsa-miR-3200-3p,chr22:30731610-30731631,+,Single miR only,hsa-miR-3200-3p,6.531583952,2.685069837,5.493662699,8.883848128,4.839748591,5.328270145,6.537060722,5.357073844,6.259190885,5.49122394,8.839921767,8.182678805,6.332239967,5.785397339,7.508059739,9.444967685,5.898541154,1.284624633,5.515538325,0.360599054,7.193253849,0.788450823,7.267666182,0.809864908,7.267666182,0.970837113,0.037593221,1,0.288694529,1,0.03793642,1,0.326287749,1,0.36422417,1,0.326630949,1,NA,NA,Stable
MI0014252,hsa-mir-3202-1,hsa-miR-3202,chrX:153981105-153981126,+,Single miR only,hsa-miR-3202,0,0,0,0,0,0,0,0,0.18409385,0,0,0,0,0.289269867,0,0,0,0,0,0,0.046023462,0.046023462,0.072317467,0.072317467,0.072317467,NA,NA,NA,NA,NA,NA,NA,NA,NA,NA,NA,NA,NA,NA,NA,Stable
MI0014253,hsa-mir-3202-2,hsa-miR-3202,chrX:153981148-153981169,-,Single miR only,hsa-miR-3202,0.159306926,0,0,0,0,0,0,0,0,0,0.169998496,0,0,0,0,0,0.039826731,0.039826731,0,0,0.042499624,0.042499624,0,0,0.042499624,NA,NA,NA,NA,NA,NA,NA,NA,NA,NA,NA,NA,NA,NA,NA,Stable
MI0015825,hsa-mir-378c,hsa-miR-378c,chr10:130962634-130962658,-,Single miR only,hsa-miR-378c,0,0,0,0,0.146659048,0,0,0.382648132,0,0,0,0.500980335,0,0,0.10881246,0,0,0,0.132326795,0.090317471,0.125245084,0.125245084,0.027203115,0.027203115,0.132326795,NA,NA,NA,NA,NA,NA,NA,NA,NA,NA,NA,NA,NA,NA,NA,Stable
MI0015857,hsa-mir-4258,hsa-miR-4258,chr1:154975703-154975719,+,Single miR only,hsa-miR-4258,0,0,0,0,0,0,0,0,0,0,0.169998496,0,0,0,0,0,0,0,0,0,0.042499624,0.042499624,0,0,0.042499624,NA,NA,NA,NA,NA,NA,NA,NA,NA,NA,NA,NA,NA,NA,NA,Stable
MI0015860,hsa-mir-4253,hsa-miR-4253,chr1:22863169-22863186,-,Single miR only,hsa-miR-4253,0,0,0,0,0,0,0,0,0,0,0,0,0,0,0,0.484357317,0,0,0,0,0,0,0.121089329,0.121089329,0.121089329,NA,NA,NA,NA,NA,NA,NA,NA,NA,NA,NA,NA,NA,NA,NA,Stable
MI0015862,hsa-mir-4254,hsa-miR-4254,chr1:31758670-31758692,-,Single miR only,hsa-miR-4254,0,0,0,0,0,0.083254221,0,0,0,0,0,0,0,0,0,0,0,0,0.020813555,0.020813555,0,0,0,0,0.020813555,NA,NA,NA,NA,NA,NA,NA,NA,NA,NA,NA,NA,NA,NA,NA,Stable
MI0015866,hsa-mir-4326,hsa-miR-4326,chr20:63286818-63286837,+,Single miR only,hsa-miR-4326,0.159306926,35.68905325,28.33573392,37.20111403,0.293318096,32.05287509,27.56460604,43.23923888,0,47.97595653,33.65970211,39.57744647,0,34.27847923,26.33261532,42.86562257,25.34630203,8.616024295,25.78750953,9.114683812,30.30327628,10.51937897,25.86917928,9.260240367,30.30327628,0.989342575,0.05146904,1,0.182285017,1,-0.206156906,1,0.233754057,1,0.027597151,1,-0.023871889,1,NA,NA,Stable
MI0015873,hsa-mir-2355,hsa-miR-2355-3p,chr2:207109999-207110020,-,>20% RPMM,hsa-miR-2355-3p,0.477920777,2.349436107,2.602261278,1.850801693,0.586636193,3.080406177,1.961118217,1.339268461,1.472750797,2.023082504,2.039981946,1.33594756,1.616742119,1.880254135,1.6321869,0.242178659,1.820104964,0.473846023,1.741857262,0.527288822,1.717940702,0.183225483,1.342840453,0.371821344,1.820104964,0.997263686,-0.054179822,1,0.028035725,1,-0.275926594,1,-0.026144096,1,-0.302070691,1,-0.247890869,1,NA,NA,Stable
MI0015873,hsa-mir-2355,hsa-miR-2355-5p,chr2:207110043-207110063,-,Single miR only,hsa-miR-2355-5p,3.982673142,16.89356439,7.806783835,4.812084402,6.306339073,23.31118188,7.408668818,6.505018239,7.731941682,11.70497735,4.92995637,8.68365914,5.119683377,17.93473175,8.269746959,6.538823782,8.373776442,2.956288575,10.882802,4.149731231,8.262633635,1.396882374,9.465746467,2.895532008,10.882802,0.992121522,0.378809204,1,-0.235255376,1,0.087627253,1,0.143553828,1,0.231181081,1,-0.147628123,1,NA,NA,Stable
MI0015894,hsa-mir-4286,hsa-miR-4286,chr8:10666988-10667004,+,Single miR only,hsa-miR-4286,0,0,0,0,0,0,0,0,0,0,0,0.33398689,0,0,0,0,0,0,0,0,0.083496723,0.083496723,0,0,0.083496723,NA,NA,NA,NA,NA,NA,NA,NA,NA,NA,NA,NA,NA,NA,NA,Stable
MI0015903,hsa-mir-500b,hsa-miR-500b-3p,chrX:50010722-50010741,+,Single miR only,hsa-miR-500b-3p,2.389603885,1.118779099,1.879410923,0.185080169,1.466590482,3.163660398,2.070069229,2.487212856,1.472750797,1.734070718,0.849992478,1.66993445,1.347285099,4.194413071,2.7203115,2.179607927,1.393218519,0.47993768,2.296883241,0.356879843,1.431687111,0.201711947,2.610404399,0.598763936,2.610404399,0.894966794,0.731516127,1,-0.698930652,1,0.851903103,1,0.032585476,1,0.884488578,1,0.152972451,1,NA,NA,Stable
MI0015903,hsa-mir-500b,hsa-miR-500b-5p,chrX:50010682-50010699,+,<10% RPMM,hsa-miR-500b-5p**,0.159306926,0,0,0,0,0.249762663,0,0,0,0,0,0,0,0.144634933,0,0,0.039826731,0.039826731,0.062440666,0.062440666,0,0,0.036158733,0.036158733,0.062440666,NA,NA,NA,NA,NA,NA,NA,NA,NA,NA,NA,NA,NA,NA,NA,Stable
MI0015971,hsa-mir-1184-2,hsa-miR-1184,chrX:155383116-155383138,-,Single miR only,hsa-miR-1184,0,0,0,0,0,0,0,0.191324066,0,0,0,0,0,0,0,0,0,0,0.047831016,0.047831016,0,0,0,0,0.047831016,NA,NA,NA,NA,NA,NA,NA,NA,NA,NA,NA,NA,NA,NA,NA,Stable
MI0015972,hsa-mir-1184-3,hsa-miR-1184,chrX:155457577-155457599,+,Single miR only,hsa-miR-1184,0,0,0,0,0,0.083254221,0,0,0,0,0,0,0,0,0,0,0,0,0.020813555,0.020813555,0,0,0,0,0.020813555,NA,NA,NA,NA,NA,NA,NA,NA,NA,NA,NA,NA,NA,NA,NA,Stable
MI0015995,hsa-mir-3605,hsa-miR-3605-5p,chr1:33332449-33332471,-,>20% RPMM,hsa-miR-3605-5p,18.79821723,9.28586652,11.13189547,16.84229541,15.69251816,11.32257406,20.8096433,28.69860988,17.85710341,22.68742523,23.45979238,16.03137072,13.47285099,13.74031868,15.66899424,24.21786586,14.01456866,2.26476196,19.13083635,3.732198582,20.00892293,1.815078588,16.77500744,2.52871805,20.00892293,0.893973937,0.452265735,1,0.104264282,1,-0.294496332,1,0.556530017,0.960053863,0.262033685,1,-0.190232051,1,NA,NA,Stable
MI0015995,hsa-mir-3605,hsa-miR-3605-3p,chr1:33332405-33332427,-,Single miR only,hsa-miR-3605-3p,9.717722465,9.845256069,11.85474582,32.01886929,12.61267815,12.15511627,14.92628865,48.59631273,19.51394805,27.31161381,15.80986008,24.54803642,20.344005,13.45104881,16.53949392,28.33490305,15.85914841,5.408757042,22.07259895,8.86201495,21.79586459,2.566406895,19.6673627,3.214682748,22.07259895,0.832332503,0.462175924,1,0.201596162,1,-0.190820501,1,0.663772086,0.792515632,0.472951585,1,0.010775661,1,NA,NA,Stable
MI0015996,hsa-mir-3606,hsa-miR-3606-5p,chr2:188995645-188995665,+,Single miR only,hsa-miR-3606-5p,0.477920777,0.11187791,0,0.185080169,0,0,0.326853036,0,0,0,0,0,0,0,0,0,0.193719714,0.102090766,0.081713259,0.081713259,0,0,0,0,0.193719714,NA,NA,NA,NA,NA,NA,NA,NA,NA,NA,NA,NA,NA,NA,NA,Stable
MI0015997,hsa-mir-3607,hsa-miR-3607-5p,chr5:86620508-86620529,+,>20% RPMM,hsa-miR-3607-5p,10.51425709,142.1968235,60.57485976,208.4002707,6.746316218,121.6344169,69.83759871,437.1754905,9.572880178,146.2399639,202.6382067,229.9499738,12.79920844,52.06857605,89.55265457,314.1057202,105.4215527,43.7565781,158.8484556,95.70302001,147.1002561,49.04339821,117.1315398,67.50175755,158.8484556,0.989342575,0.158368599,1,0.312884539,1,-0.446938906,1,0.471253138,1,0.024314233,1,-0.134054367,1,NA,NA,Stable
MI0015997,hsa-mir-3607,hsa-miR-3607-3p,chr5:86620547-86620566,+,Single miR only,hsa-miR-3607-3p,13.85970253,144.9937712,65.92395238,220.9857222,13.05265529,126.2133991,77.8999736,460.1343784,14.35932027,152.0201996,215.7280908,239.802587,17.24524927,53.37029045,97.60477661,328.6364397,111.4407871,45.38698956,169.3251016,99.6695732,155.4775494,50.55289933,124.214189,70.09382369,169.3251016,0.970837113,0.284102571,1,0.223030728,1,-0.478221455,1,0.5071333,1,0.028911844,1,-0.255190727,1,NA,NA,Stable
MI0015999,hsa-mir-3609,hsa-miR-3609,chr7:98881700-98881723,+,Single miR only,hsa-miR-3609,5.575742398,7.495819962,11.99931589,10.17940931,9.532838134,5.911049692,15.25314168,16.2625456,9.572880178,18.78576611,19.54982698,9.518626365,4.176583808,10.70298508,11.9693706,15.49943415,8.812571892,1.421105283,11.73989378,2.443423287,14.35677491,2.782041862,10.58709341,2.365548668,14.35677491,0.810092923,0.464010052,1,0.266163707,1,-0.492026968,1,0.730173759,0.823977738,0.238146791,1,-0.225863261,1,NA,NA,Stable
MI0016000,hsa-mir-3610,hsa-miR-3610,chr8:116874740-116874759,-,Single miR only,hsa-miR-3610,0,0.22375582,0.289140142,0.185080169,0,0,0,0,0.18409385,0.578023573,0,0,0,0.289269867,0,0.484357317,0.174494033,0.062001806,0,0,0.190529356,0.13625835,0.193406796,0.118551786,0.193406796,NA,-2.790659927,NA,2.648800526,1,-0.326445489,1,-0.1418594,NA,-0.468304889,NA,2.322355037,NA,NA,NA,Stable
MI0016001,hsa-mir-3611,hsa-miR-3611,chr10:35079609-35079629,-,Single miR only,hsa-miR-3611,0,0.33563373,0,0,0,0.249762663,0,0,0.368187699,0,0,0.33398689,0,0,0,0,0.083908432,0.083908432,0.062440666,0.062440666,0.175543647,0.101590328,0,0,0.175543647,NA,NA,NA,NA,NA,NA,NA,NA,NA,NA,NA,NA,NA,NA,NA,Stable
MI0016003,hsa-mir-3613,hsa-miR-3613-3p,chr13:49996426-49996449,-,>20% RPMM,hsa-miR-3613-3p,2.867524662,5.593895494,4.047961988,3.516523217,1.173272386,5.74454125,3.704334409,4.974425712,1.840938496,8.092330017,4.92995637,3.67385579,2.425113179,4.049778137,4.461310859,5.327930489,4.00647634,0.581584446,3.899143439,1.001251242,4.634270168,1.315633747,4.066033166,0.608379811,4.634270168,0.997263686,-0.104361643,1,0.217097755,1,-0.084200529,1,0.112736112,1,0.028535583,1,0.132897226,1,NA,NA,Stable
MI0016003,hsa-mir-3613,hsa-miR-3613-5p,chr13:49996465-49996486,-,Single miR only,hsa-miR-3613-5p,0.955841554,14.87976201,1.590270781,2.77620254,2.346544771,27.80690982,0.653706072,4.209129449,1.656844646,2.023082504,0.849992478,5.510783685,4.850226357,16.05447762,2.61149904,0.968714634,5.050519222,3.298057947,8.754072527,6.392309605,2.510175828,1.029777091,6.121229412,3.405283694,8.754072527,0.986346122,0.501240846,1,-0.722322589,1,0.91968846,1,-0.221081742,1,0.698606717,1,0.197365871,1,NA,NA,Stable
MI0016004,hsa-mir-3614,hsa-miR-3614-5p,chr17:56891319-56891341,-,Single miR only,hsa-miR-3614-5p,0,0.33563373,1.734840852,4.071763725,1.906567627,1.332067536,6.319158698,13.01003648,6.811472434,3.901659116,15.2998646,11.35555426,6.466968476,1.880254135,4.896560699,8.234074392,1.535559577,0.925104037,5.641957585,2.696841954,9.342137602,2.509173668,5.369464426,1.34810768,9.342137602,0.000110194,2.000520839,0.025361643,1.0502192,0.759652516,-0.729507212,1,3.050740039,8.05E-06,2.321232828,0.003224577,0.320711989,1,DE,DE,DE
MI0016004,hsa-mir-3614,hsa-miR-3614-3p,chr17:56891281-56891303,-,NA,hsa-miR-3614-3p,0,0,0,0,0,0,0,0,0,0,0,0,0.13472851,0,0,0,0,0,0,0,0,0,0.033682127,0.033682127,0.033682127,NA,NA,NA,NA,NA,NA,NA,NA,NA,NA,NA,NA,NA,NA,NA,Stable
MI0016005,hsa-mir-3615,hsa-miR-3615,chr17:74748663-74748683,+,Single miR only,hsa-miR-3615,32.97653361,22.59933779,42.06989067,31.64870895,36.66476205,21.14657214,41.29243356,33.86435966,37.55514531,45.37485045,66.63941024,27.05293809,41.09219553,23.14158936,50.92423127,31.72540427,32.32361776,3.983646334,33.24203185,4.312882711,44.15558602,8.381901838,36.72085511,5.987455629,44.15558602,0.810092923,0.073672809,1,0.362232482,1,-0.258691387,1,0.435905291,0.86842762,0.177213904,1,0.103541095,1,NA,NA,Stable
MI0016007,hsa-mir-3617,hsa-miR-3617-3p,chr20:45705109-45705131,-,NA,hsa-miR-3617-3p,0.318613851,0,0.289140142,0,0.293318096,0,0,0,0,0.289011786,0.169998496,0,0,0,0.43524984,0,0.151938498,0.087927801,0.073329524,0.073329524,0.11475257,0.070565981,0.10881246,0.10881246,0.151938498,NA,-0.646437704,NA,1.252526843,1,-0.767332336,1,0.606089139,NA,-0.161243197,NA,0.485194507,NA,NA,NA,Stable
MI0016007,hsa-mir-3617,hsa-miR-3617-5p,chr20:45705150-45705171,-,Single miR only,hsa-miR-3617-5p,0.159306926,0,0.144570071,0.370160339,0.146659048,0.249762663,0.217902024,0.382648132,0,0,0.169998496,0.166993445,0.13472851,0.144634933,0.21762492,1.453071952,0.168509334,0.076221331,0.249242967,0.049415688,0.084247985,0.048644465,0.487515079,0.322382528,0.487515079,NA,0.999212716,NA,-1.788774901,1,2.094726886,1,-0.789562184,NA,1.305164702,1,0.305951985,NA,NA,NA,Stable
MI0016009,hsa-mir-3619,hsa-miR-3619-5p,chr22:46091059-46091080,+,Single miR only,hsa-miR-3619-5p,1.11514848,0.22375582,0.867420426,0.925400847,0.879954289,0.749287989,0.54475506,1.147944395,0.920469248,0.722529466,0.169998496,0.834967225,1.482013609,1.446349335,0.87049968,0.242178659,0.782931393,0.193752733,0.830485433,0.126313839,0.661991109,0.168931275,1.010260321,0.291862877,1.010260321,NA,0.134870255,1,-0.380750733,1,0.736718067,1,-0.245880478,1,0.490837589,1,0.355967333,1,NA,NA,Stable
MI0016009,hsa-mir-3619,hsa-miR-3619-3p,chr22:46091090-46091111,+,<20% RPMM,hsa-miR-3619-3p*,0.796534628,0.11187791,0,0,0,0.249762663,0,0,0,0,0.169998496,0,0,0,0,0,0.227103135,0.191633493,0.062440666,0.062440666,0.042499624,0.042499624,0,0,0.227103135,NA,NA,NA,NA,NA,NA,NA,NA,NA,NA,NA,NA,NA,NA,NA,Stable
MI0016010,hsa-mir-23c,hsa-miR-23c,chrX:20017101-20017122,-,Single miR only,hsa-miR-23c,0.318613851,0.33563373,0.144570071,0,0.293318096,0.166508442,0,0,0.736375398,0,0,0,0,0,0.43524984,0,0.199704413,0.079339924,0.114956635,0.071239301,0.18409385,0.18409385,0.10881246,0.10881246,0.199704413,NA,-0.857600026,NA,-0.075577597,1,0.622966717,1,-0.933177623,NA,-0.310210906,NA,0.54738912,NA,NA,NA,Stable
MI0016011,hsa-mir-3620,hsa-miR-3620-5p,chr1:228097285-228097306,+,<20% RPMM,hsa-miR-3620-5p*,0,0.559389549,0.144570071,0.185080169,0.146659048,0.083254221,0.762657084,0,0,1.011541252,0.849992478,1.00196067,0.26945702,0.4339048,0.10881246,0.484357317,0.222259947,0.119189592,0.248142588,0.174113706,0.7158736,0.241476027,0.324132899,0.085183174,0.7158736,NA,0.345782717,1,1.265644346,1,-0.807287057,1,1.611427063,1,0.804140006,1,0.458357289,1,NA,NA,Stable
MI0016011,hsa-mir-3620,hsa-miR-3620-3p,chr1:228097320-228097341,+,Single miR only,hsa-miR-3620-3p,2.867524662,0.671267459,2.602261278,1.665721524,0.879954289,3.163660398,2.287971253,1.721916593,4.786440089,5.780235727,5.779948847,3.840849235,1.886199139,2.748063736,3.2643738,3.632679879,1.951693731,0.498602712,2.013375633,0.48029072,5.046868475,0.465254385,2.882829138,0.37851525,5.046868475,0.128659853,0.093079628,1,1.273757197,0.260796713,-0.798592364,1,1.366836825,0.181560785,0.568244461,1,0.475164833,1,NA,NA,Stable
MI0016013,hsa-mir-3622a,hsa-miR-3622a-3p,chr8:27701726-27701747,+,NA,hsa-miR-3622a-3p,0,0.671267459,0.433710213,0.740320677,0.146659048,0.249762663,1.416363156,1.530592527,0,0.722529466,0.509995487,0.33398689,0,0.4339048,0.97931214,0.242178659,0.461324587,0.167206897,0.835844349,0.369475443,0.391627961,0.152807512,0.4138489,0.208345166,0.835844349,NA,0.863293338,1,-1.07439224,1,0.049147856,1,-0.211098902,1,-0.161951046,1,-1.025244384,1,NA,NA,Stable
MI0016013,hsa-mir-3622a,hsa-miR-3622a-5p,chr8:27701690-27701711,+,Single miR only,hsa-miR-3622a-5p,0.637227703,0.22375582,3.614251775,2.77620254,0.439977145,0.416271105,4.031187445,5.739721976,0.736375398,1.156047145,3.909965397,4.174836125,0,1.157079468,3.2643738,4.843573172,1.812859459,0.820589451,2.656789418,1.333154844,2.494306016,0.899515138,2.31625661,1.079930227,2.656789418,0.992535394,0.438510011,1,0.200152561,1,-0.314080102,1,0.638662571,1,0.32458247,1,-0.113927541,1,NA,NA,Stable
MI0016014,hsa-mir-3622b,hsa-miR-3622b-5p,chr8:27701726-27701745,-,NA,hsa-miR-3622b-5p,0,0.671267459,0.433710213,0.740320677,0.146659048,0.249762663,1.416363156,1.530592527,0,0.722529466,0.509995487,0.33398689,0,0.4339048,0.97931214,0.242178659,0.461324587,0.167206897,0.835844349,0.369475443,0.391627961,0.152807512,0.4138489,0.208345166,0.835844349,NA,0.863293338,1,-1.07439224,1,0.049147856,1,-0.211098902,1,-0.161951046,1,-1.025244384,1,NA,NA,Stable
MI0016014,hsa-mir-3622b,hsa-miR-3622b-3p,chr8:27701690-27701710,-,Single miR only,hsa-miR-3622b-3p,0.637227703,0.22375582,3.614251775,2.77620254,0.439977145,0.416271105,4.031187445,5.739721976,0.736375398,1.156047145,3.909965397,4.174836125,0,1.157079468,3.2643738,4.843573172,1.812859459,0.820589451,2.656789418,1.333154844,2.494306016,0.899515138,2.31625661,1.079930227,2.656789418,0.992535394,0.438510011,1,0.200152561,1,-0.314080102,1,0.638662571,1,0.32458247,1,-0.113927541,1,NA,NA,Stable
MI0016051,hsa-mir-3651,hsa-miR-3651,chr9:92292461-92292484,-,Single miR only,hsa-miR-3651,1.593069257,1.342534918,2.602261278,5.737485249,0.879954289,1.165559094,1.961118217,11.86209208,0.920469248,3.17912965,2.719975928,3.67385579,1.212556589,0.578539734,1.0881246,4.601394513,2.818837676,1.010255209,3.967180921,2.641558299,2.623357654,0.600110605,1.870153859,0.920685727,3.967180921,0.970837113,0.083818479,1,0.023436823,1,-0.825951005,1,0.107255302,1,-0.718695703,1,-0.802514182,1,NA,NA,Stable
MI0016052,hsa-mir-3652,hsa-miR-3652,chr12:103930425-103930442,+,Single miR only,hsa-miR-3652,0.159306926,0.447511639,0,0,0.293318096,0.166508442,0.217902024,0.191324066,0.368187699,0,0,0,0.13472851,0.4339048,0.21762492,0.242178659,0.151704641,0.105509941,0.217263157,0.027437261,0.092046925,0.092046925,0.257109222,0.063255861,0.257109222,NA,0.798123777,NA,-1.515021942,1,1.736696707,1,-0.716898165,NA,1.019798542,NA,0.221674764,NA,NA,NA,Stable
MI0016053,hsa-mir-3653,hsa-miR-3653-3p,chr22:29333176-29333193,-,Single miR only,hsa-miR-3653-3p,1.274455405,3.244459386,3.758821846,6.847966265,1.466590482,3.663185724,5.120697565,26.78536922,2.761407744,5.202212154,7.819930794,8.516665695,1.347285099,3.471238403,4.461310859,15.98379147,3.781425726,1.153885279,9.258960748,5.890203368,6.075054097,1.314919741,6.315906457,3.287436437,9.258960748,0.755848793,0.851632417,0.823977738,-0.03891543,1,-0.353786293,1,0.812716987,0.905874565,0.458930694,1,-0.392701723,1,NA,NA,Stable
MI0016053,hsa-mir-3653,hsa-miR-3653-5p,chr22:29333226-29333245,-,>20% RPMM,hsa-miR-3653-5p,1.911683108,4.027604755,2.89140142,7.218126604,1.906567627,3.246914619,3.268530361,12.62738835,1.472750797,4.913200368,7.649932298,5.00980335,2.964027218,3.615873337,4.026061019,8.960610368,4.012203972,1.152770697,5.262350238,2.475586828,4.761421703,1.266345793,4.891642986,1.373833397,5.262350238,0.993959075,0.250843563,1,0.054070801,1,0.012189987,1,0.304914364,1,0.31710435,1,0.066260787,1,NA,NA,Stable
MI0016054,hsa-mir-3654,hsa-miR-3654,chr7:133034860-133034878,-,Single miR only,hsa-miR-3654,0.159306926,0.559389549,0,0.740320677,0.146659048,0,0,0.956620329,0.368187699,0.144505893,0.509995487,0.33398689,0.13472851,0.144634933,0,0,0.364754288,0.171801074,0.275819844,0.22955119,0.339168992,0.075246458,0.069840861,0.040373312,0.364754288,NA,-0.898439917,1,1.413413599,1,-2.356724857,1,0.514973681,NA,-1.841751176,1,-0.943311258,NA,NA,NA,Stable
MI0016055,hsa-mir-3655,hsa-miR-3655,chr5:140647844-140647864,+,Single miR only,hsa-miR-3655,0,0.11187791,0,0,0,0,0,0.191324066,0,0.144505893,0,0,0,0,0,0,0.027969477,0.027969477,0.047831016,0.047831016,0.036126473,0.036126473,0,0,0.047831016,NA,NA,NA,NA,NA,NA,NA,NA,NA,NA,NA,NA,NA,NA,NA,Stable
MI0016056,hsa-mir-3656,hsa-miR-3656,chr11:119018992-119019008,+,Single miR only,hsa-miR-3656,0,0,0,0,0,0,0,0.191324066,0,0,0,0,0,0,0,0,0,0,0.047831016,0.047831016,0,0,0,0,0.047831016,NA,NA,NA,NA,NA,NA,NA,NA,NA,NA,NA,NA,NA,NA,NA,Stable
MI0016060,hsa-mir-3659,hsa-miR-3659,chr1:38089289-38089309,+,Single miR only,hsa-miR-3659,0,0,0,0.185080169,0,0.166508442,0.108951012,0,0,0,0,0,0.13472851,0.144634933,0.21762492,0,0.046270042,0.046270042,0.068864864,0.041458721,0,0,0.124247091,0.045352584,0.124247091,NA,NA,NA,NA,NA,NA,NA,NA,NA,NA,NA,NA,NA,NA,NA,Stable
MI0016062,hsa-mir-3661,hsa-miR-3661,chr5:134225777-134225798,+,Single miR only,hsa-miR-3661,6.690890878,7.272064142,6.505653196,8.698767958,7.919588604,7.40962567,7.190766794,14.73195307,6.995566284,7.947824124,9.689914244,10.0196067,7.544796556,6.363937073,8.378559419,15.25725549,7.291844043,0.496577193,9.312983535,1.812763896,8.663227838,0.718026585,9.386137135,2.000197323,9.386137135,0.978328934,0.321431203,1,-0.096863653,1,0.079364754,1,0.224567549,1,0.303932303,1,-0.017498899,1,NA,NA,Stable
MI0016063,hsa-mir-3662,hsa-miR-3662,chr6:134979355-134979378,-,Single miR only,hsa-miR-3662,0,0.11187791,0,0,0,0.083254221,0.108951012,0,0,0.144505893,0.169998496,0.33398689,0,0,0.10881246,0.726535976,0.027969477,0.027969477,0.048051308,0.028233956,0.16212282,0.068430896,0.208837109,0.174461773,0.208837109,NA,0.447080125,NA,1.069511252,1,-0.095575802,1,1.516591376,NA,1.421015574,NA,0.973935449,NA,NA,NA,Stable
MI0016064,hsa-mir-3663,hsa-miR-3663-3p,chr10:117167695-117167717,-,Single miR only,hsa-miR-3663-3p,0,0,0,0,0,0,0.108951012,0,0,0,0,0,0,0,0,0,0,0,0.027237753,0.027237753,0,0,0,0,0.027237753,NA,NA,NA,NA,NA,NA,NA,NA,NA,NA,NA,NA,NA,NA,NA,Stable
MI0016065,hsa-mir-3664,hsa-miR-3664-3p,chr11:70872289-70872310,-,Single miR only,hsa-miR-3664-3p,0.477920777,0.671267459,1.590270781,0,1.466590482,1.332067536,0.54475506,0.382648132,1.104563097,0.867035359,1.869983451,1.168954115,1.212556589,1.012444534,1.0881246,0.242178659,0.684864754,0.333142925,0.931515303,0.273493784,1.252634006,0.215780361,0.888826096,0.219460656,1.252634006,NA,0.595615909,1,0.462797336,1,-0.579438207,1,1.058413245,1,0.478975039,1,-0.11664087,1,NA,NA,Stable
MI0016065,hsa-mir-3664,hsa-miR-3664-5p,chr11:70872327-70872348,-,NA,hsa-miR-3664-5p,0,0.11187791,0,0,0,0,0,0,0,0,0,0,0,0,0,0,0.027969477,0.027969477,0,0,0,0,0,0,0.027969477,NA,NA,NA,NA,NA,NA,NA,NA,NA,NA,NA,NA,NA,NA,NA,Stable
MI0016073,hsa-mir-3672,hsa-miR-3672,chrX:121370986-121371008,+,Single miR only,hsa-miR-3672,0,0,0,0,0,0,0,0,0,0,0,0,0,0,0.10881246,0,0,0,0,0,0,0,0.027203115,0.027203115,0.027203115,NA,NA,NA,NA,NA,NA,NA,NA,NA,NA,NA,NA,NA,NA,NA,Stable
MI0016076,hsa-mir-3675,hsa-miR-3675-5p,chr1:16858988-16859010,-,Single miR only,hsa-miR-3675-5p,0,0,0.144570071,0,0,0,0.108951012,0.382648132,0,0,0,0.33398689,0,0,0.10881246,0,0.036142518,0.036142518,0.122899786,0.0903108,0.083496723,0.083496723,0.027203115,0.027203115,0.122899786,NA,NA,NA,NA,NA,NA,NA,NA,NA,NA,NA,NA,NA,NA,NA,Stable
MI0016078,hsa-mir-3677,hsa-miR-3677-3p,chr16:2270751-2270772,+,Single miR only,hsa-miR-3677-3p,0,1.454412828,0.289140142,0.555240508,0.733295241,2.164609746,0.326853036,0.191324066,0.18409385,0.43351768,0,1.66993445,1.347285099,0.867809601,0.65287476,0.242178659,0.57469837,0.314390661,0.854020522,0.45178266,0.571886495,0.376640029,0.77753703,0.230020156,0.854020522,NA,0.69080139,1,-0.629067459,1,0.946479223,1,0.061733931,1,1.008213154,1,0.317411763,1,NA,NA,Stable
MI0016078,hsa-mir-3677,hsa-miR-3677-5p,chr16:2270715-2270736,+,NA,hsa-miR-3677-5p,0,0,0,0,0,0.083254221,0,0,0,0,0,0,0,0,0,0,0,0,0.020813555,0.020813555,0,0,0,0,0.020813555,NA,NA,NA,NA,NA,NA,NA,NA,NA,NA,NA,NA,NA,NA,NA,Stable
MI0016079,hsa-mir-3678,hsa-miR-3678-3p,chr17:75406137-75406158,+,NA,hsa-miR-3678-3p,0,0.11187791,0,0.185080169,0.439977145,0.166508442,0,0.191324066,0,0.144505893,0,0,0,0.144634933,0,0,0.07423952,0.045392098,0.199452413,0.090730731,0.036126473,0.036126473,0.036158733,0.036158733,0.199452413,NA,NA,NA,NA,NA,NA,NA,NA,NA,NA,NA,NA,NA,NA,NA,Stable
MI0016079,hsa-mir-3678,hsa-miR-3678-5p,chr17:75406077-75406096,+,Single miR only,hsa-miR-3678-5p,0.477920777,0,0.144570071,0,0.293318096,0.416271105,0,0.191324066,0.18409385,0.144505893,0.169998496,0.166993445,0.26945702,0.144634933,0.65287476,0,0.155622712,0.112707239,0.225228317,0.088039223,0.166397921,0.008194132,0.266741678,0.13999027,0.266741678,NA,0.999067633,NA,-0.539246948,1,0.592076174,1,0.459820685,NA,1.051896859,1,0.052829226,NA,NA,NA,Stable
MI0016080,hsa-mir-3679,hsa-miR-3679-5p,chr2:134127130-134127152,+,Single miR only,hsa-miR-3679-5p,0.796534628,1.230657009,1.156560568,2.591122371,1.466590482,1.165559094,2.505873277,3.635157251,2.761407744,1.878576611,0.339996991,2.170914785,1.077828079,1.446349335,1.84981182,1.937429269,1.443718644,0.394042879,2.193295026,0.559837214,1.787724033,0.516322162,1.577854626,0.198026688,2.193295026,0.992535394,0.646062997,1,-0.267152108,1,-0.135100186,1,0.378910889,1,0.243810703,1,-0.402252294,1,NA,NA,Stable
MI0016080,hsa-mir-3679,hsa-miR-3679-3p,chr2:134127168-134127189,+,<10% RPMM,hsa-miR-3679-3p**,0,0,0,0,0.146659048,0,0.435804048,0.191324066,0,0.578023573,0.169998496,0,0,0,0.21762492,0,0,0,0.193446791,0.0905319,0.187005517,0.136359355,0.05440623,0.05440623,0.193446791,NA,2.761286461,NA,-0.282138677,1,-1.427130045,1,2.479147784,NA,1.052017739,NA,-1.709268722,NA,NA,NA,Stable
MI0016081,hsa-mir-3680-1,hsa-miR-3680-5p,chr16:21506101-21506122,-,Single miR only,hsa-miR-3680-5p,0,0,0,0,0,0.083254221,0,0,0,0,0,0,0,0,0,0,0,0,0.020813555,0.020813555,0,0,0,0,0.020813555,NA,NA,NA,NA,NA,NA,NA,NA,NA,NA,NA,NA,NA,NA,NA,Stable
MI0016082,hsa-mir-3681,hsa-miR-3681-5p,chr2:12199138-12199159,+,Single miR only,hsa-miR-3681-5p,0,0.22375582,0,0,0,0,0,0,0,0,0,0,0,0.144634933,0,0,0.055938955,0.055938955,0,0,0,0,0.036158733,0.036158733,0.055938955,NA,NA,NA,NA,NA,NA,NA,NA,NA,NA,NA,NA,NA,NA,NA,Stable
MI0016083,hsa-mir-3682,hsa-miR-3682-5p,chr2:53849170-53849191,-,NA,hsa-miR-3682-5p,0,0,0,0,0,0,0,0,0,0.289011786,0,0,0,0,0,0,0,0,0,0,0.072252947,0.072252947,0,0,0.072252947,NA,NA,NA,NA,NA,NA,NA,NA,NA,NA,NA,NA,NA,NA,NA,Stable
MI0016083,hsa-mir-3682,hsa-miR-3682-3p,chr2:53849136-53849156,-,Single miR only,hsa-miR-3682-3p,0,0,0.144570071,0.185080169,0.146659048,0.166508442,0,0.191324066,0,0,0,0,0,0,0,0,0.08241256,0.048294111,0.126122889,0.043022187,0,0,0,0,0.126122889,NA,NA,NA,NA,NA,NA,NA,NA,NA,NA,NA,NA,NA,NA,NA,Stable
MI0016085,hsa-mir-3684,hsa-miR-3684,chr4:98997434-98997454,+,Single miR only,hsa-miR-3684,0.318613851,0.559389549,0.144570071,0.370160339,0,0.416271105,0.653706072,0.573972198,0,0.144505893,0.509995487,0.166993445,0.13472851,0.578539734,0.5440623,0,0.348183453,0.085354052,0.410987344,0.145606478,0.205373706,0.108070472,0.314332636,0.145385624,0.410987344,NA,-0.055929061,1,-1.03585132,1,0.785031986,1,-1.09178038,NA,-0.306748394,1,-0.250819333,NA,NA,NA,Stable
MI0016086,hsa-mir-3685,hsa-miR-3685,chr12:95309928-95309949,+,Single miR only,hsa-miR-3685,0.796534628,0,0,0,0,0.083254221,0.326853036,0,0.18409385,0,0,0.500980335,0,0.289269867,0,0,0.199133657,0.199133657,0.102526814,0.077307385,0.171268546,0.118159561,0.072317467,0.072317467,0.199133657,NA,0.731471073,NA,0.093466752,1,-1.238832644,1,0.824937826,NA,-0.413894818,NA,-1.145365891,NA,NA,NA,Stable
MI0016089,hsa-mir-3688-1,hsa-miR-3688-5p,chr4:159128860-159128880,-,NA,hsa-miR-3688-5p,0,0.11187791,0.289140142,0,0.146659048,0.083254221,0,0,0.18409385,0.144505893,0.339996991,0.166993445,0.26945702,0,0,0.242178659,0.100254513,0.06826103,0.057478317,0.03561965,0.208897545,0.044445216,0.12790892,0.074057872,0.208897545,NA,-0.729824091,NA,1.67460524,1,-0.948658357,1,0.944781149,NA,-0.003877207,NA,0.725946883,NA,NA,NA,Stable
MI0016089,hsa-mir-3688-1,hsa-miR-3688-3p,chr4:159128814-159128835,-,Single miR only,hsa-miR-3688-3p,0,0.22375582,0.144570071,0.185080169,0,0.166508442,0.108951012,0.191324066,0,0.144505893,0.849992478,0.166993445,0.13472851,0.144634933,0.10881246,0,0.138351515,0.048868254,0.11669588,0.042552486,0.290372954,0.190173203,0.097043976,0.033217784,0.290372954,NA,-0.230946048,NA,1.008968015,1,-1.042101047,1,0.778021967,NA,-0.26407908,NA,-0.033133032,NA,NA,NA,Stable
MI0016092,hsa-mir-3691,hsa-miR-3691-5p,chr6:5148286-5148308,-,Single miR only,hsa-miR-3691-5p,0.955841554,1.790046558,0.578280284,1.850801693,1.466590482,0.83254221,2.070069229,3.252509119,2.577313894,3.034623757,3.909965397,2.170914785,1.212556589,1.880254135,1.74099936,3.39050122,1.293742522,0.313939471,1.90542776,0.515218122,2.923204458,0.373239361,2.056077826,0.467475693,2.923204458,0.728163779,0.517758595,1,0.687464399,1,-0.591739,1,1.205222994,0.607785407,0.613483995,1,0.095725399,1,NA,NA,Stable
MI0016092,hsa-mir-3691,hsa-miR-3691-3p,chr6:5148246-5148267,-,<10% RPMM,hsa-miR-3691-3p**,0.159306926,0.11187791,0,0.185080169,0,0.083254221,0.217902024,0,0.368187699,0,0.339996991,0,0.26945702,0,0,0,0.114066251,0.040932458,0.075289061,0.05142858,0.177046173,0.102379501,0.067364255,0.067364255,0.177046173,NA,-0.444591673,NA,0.427986419,1,-0.974409446,1,-0.016605254,NA,-0.9910147,NA,-0.546423027,NA,NA,NA,Stable
MI0016408,hsa-mir-3180-4,hsa-miR-3180,chr16:15154949-15154967,-,Single miR only,hsa-miR-3180,0,0,0,0,0,0,0,0,0,7.080788765,0,0,0,0,0,0,0,0,0,0,1.770197191,1.770197191,0,0,1.770197191,NA,0,1,23.2619977,1.36E-05,-22.75554143,2.53E-05,18.10350361,0.002732744,0,1,0,1,NA,DE,Stable
MI0016410,hsa-mir-3907,hsa-miR-3907,chr7:151433526-151433547,-,Single miR only,hsa-miR-3907,0,0,0,0,0,0.083254221,0,0,0,0,0,0,0,0,0,0,0,0,0.020813555,0.020813555,0,0,0,0,0.020813555,NA,NA,NA,NA,NA,NA,NA,NA,NA,NA,NA,NA,NA,NA,NA,Stable
MI0016413,hsa-mir-3909,hsa-miR-3909,chr22:35335710-35335731,+,Single miR only,hsa-miR-3909,19.59475186,33.89900669,23.13121136,40.71763725,30.35842298,30.13802801,25.93034086,44.38718328,27.79817129,41.76220313,26.17976831,31.06078077,26.54151646,25.31111336,19.36861788,44.56087318,29.33565179,4.862732544,32.70349378,4.025596978,31.70023087,3.504208874,28.94553022,5.435565394,32.70349378,0.989342575,0.211161783,1,-0.072280391,1,-0.159178297,1,0.138881392,1,-0.020296905,1,-0.231458688,1,NA,NA,Stable
MI0016415,hsa-mir-3911,hsa-miR-3911,chr9:127690763-127690784,-,Single miR only,hsa-miR-3911,0.477920777,0.11187791,0,0,0.146659048,0.083254221,0,0.573972198,0.18409385,0.722529466,0.509995487,0,0.26945702,0.289269867,0.32643738,0,0.147449672,0.113269337,0.200971367,0.127908256,0.3541547,0.16184678,0.221291067,0.074703056,0.3541547,NA,0.767958784,NA,0.720639256,1,-0.571935317,1,1.48859804,NA,0.916662723,1,0.148703939,NA,NA,NA,Stable
MI0016416,hsa-mir-3912,hsa-miR-3912-3p,chr5:171386678-171386698,-,Single miR only,hsa-miR-3912-3p,0.318613851,1.678168648,2.023980994,0.925400847,0.586636193,2.247863967,0.871608096,1.147944395,0.552281549,0.578023573,0,0.500980335,1.347285099,1.012444534,1.30574952,0,1.236541085,0.382371457,1.213513163,0.363324311,0.407821364,0.136880238,0.916369788,0.31441328,1.236541085,NA,-0.013658509,1,-1.514141752,1,1.214859492,1,-1.527800261,1,-0.312940768,1,-0.29928226,1,NA,NA,Stable
MI0016416,hsa-mir-3912,hsa-miR-3912-5p,chr5:171386712-171386732,-,NA,hsa-miR-3912-5p,0,0,0,0,0,0.083254221,0,0,0,0,0,0,0,0,0,0,0,0,0.020813555,0.020813555,0,0,0,0,0.020813555,NA,NA,NA,NA,NA,NA,NA,NA,NA,NA,NA,NA,NA,NA,NA,Stable
MI0016417,hsa-mir-3913-1,hsa-miR-3913-3p,chr12:69584744-69584765,-,>20% RPMM,hsa-miR-3913-3p,0.637227703,2.349436107,1.734840852,1.480641355,0.146659048,2.081355525,1.307412144,2.29588879,0.552281549,1.589564825,1.189989469,1.502941005,0.26945702,0.4339048,1.19693706,3.148322562,1.550536504,0.354874035,1.457828877,0.485877335,1.208694212,0.235030326,1.26215536,0.660386826,1.550536504,0.992535394,-0.242407045,1,-0.173008842,1,-0.128045972,1,-0.415415887,1,-0.543461859,1,-0.301054813,1,NA,NA,Stable
MI0016417,hsa-mir-3913-1,hsa-miR-3913-5p,chr12:69584780-69584801,-,Single miR only,hsa-miR-3913-5p,0.955841554,2.685069837,1.879410923,2.220962032,0.586636193,1.831592862,1.525314168,1.721916593,1.288656947,2.167588398,0.509995487,1.836927895,0.80837106,0.578539734,1.74099936,1.937429269,1.935321087,0.365857445,1.416364954,0.283739283,1.450792182,0.362202045,1.266334855,0.336460383,1.935321087,0.992535394,-0.425434688,1,0.025005402,1,-0.167917619,1,-0.400429285,1,-0.568346904,1,-0.142912216,1,NA,NA,Stable
MI0016418,hsa-mir-3913-2,hsa-miR-3913-5p,chr12:69584744-69584765,+,>20% RPMM,hsa-miR-3913-5p,0.637227703,2.349436107,1.734840852,1.480641355,0.146659048,2.081355525,1.307412144,2.29588879,0.552281549,1.589564825,1.189989469,1.502941005,0.26945702,0.4339048,1.19693706,3.148322562,1.550536504,0.354874035,1.457828877,0.485877335,1.208694212,0.235030326,1.26215536,0.660386826,1.550536504,0.992535394,-0.242407045,1,-0.173008842,1,-0.128045972,1,-0.415415887,1,-0.543461859,1,-0.301054813,1,NA,NA,Stable
MI0016418,hsa-mir-3913-2,hsa-miR-3913-3p,chr12:69584780-69584801,+,Single miR only,hsa-miR-3913-3p,0.955841554,2.685069837,1.879410923,2.220962032,0.586636193,1.831592862,1.525314168,1.721916593,1.288656947,2.167588398,0.509995487,1.836927895,0.80837106,0.578539734,1.74099936,1.937429269,1.935321087,0.365857445,1.416364954,0.283739283,1.450792182,0.362202045,1.266334855,0.336460383,1.935321087,0.992535394,-0.425434688,1,0.025005402,1,-0.167917619,1,-0.400429285,1,-0.568346904,1,-0.142912216,1,NA,NA,Stable
MI0016420,hsa-mir-3915,hsa-miR-3915,chrX:32583711-32583732,-,Single miR only,hsa-miR-3915,0.159306926,0,0,0,0.146659048,0,0,0,0,0,0,0,0,0.144634933,0,0,0.039826731,0.039826731,0.036664762,0.036664762,0,0,0.036158733,0.036158733,0.039826731,NA,NA,NA,NA,NA,NA,NA,NA,NA,NA,NA,NA,NA,NA,NA,Stable
MI0016422,hsa-mir-3916,hsa-miR-3916,chr1:247202016-247202041,-,Single miR only,hsa-miR-3916,0,0.33563373,0.289140142,0.370160339,0.439977145,0.915796431,0.108951012,2.29588879,0.920469248,0.578023573,0.339996991,0.66797378,0.26945702,0,0.5440623,2.179607927,0.248733553,0.084556282,0.940153344,0.481290401,0.626615898,0.119920765,0.748281812,0.489863834,0.940153344,NA,1.592825765,1,-0.168684503,1,-0.259260133,1,1.424141262,1,1.164881129,1,-0.427944636,1,NA,NA,Stable
MI0016423,hsa-mir-3917,hsa-miR-3917,chr1:25906384-25906403,-,Single miR only,hsa-miR-3917,0,0.11187791,0.433710213,0,0.146659048,0.166508442,0.326853036,0,0,0.144505893,0.509995487,0.166993445,0,0,0.32643738,0.484357317,0.136397031,0.102552676,0.160005132,0.066870694,0.205373706,0.108070472,0.202698674,0.12138656,0.205373706,NA,0.607802951,NA,-0.022464558,1,-0.091971225,1,0.585338393,NA,0.493367168,NA,-0.114435784,NA,NA,NA,Stable
MI0016424,hsa-mir-3918,hsa-miR-3918,chr6:158764715-158764735,-,Single miR only,hsa-miR-3918,0,0,0,0,0.293318096,0.416271105,0.217902024,0,0,0,0,0,0,0,0.21762492,0,0,0,0.231872806,0.087434946,0,0,0.05440623,0.05440623,0.231872806,NA,3.059367178,NA,-2.907535718,1,0.954781496,1,0,NA,1.106612955,NA,-1.952754223,NA,NA,NA,Stable
MI0016425,hsa-mir-3919,hsa-miR-3919,chr3:159282700-159282720,+,Single miR only,hsa-miR-3919,0,0.22375582,0,0.925400847,0,0.915796431,0.108951012,0.382648132,0,0.144505893,0,1.502941005,0.13472851,0.144634933,0.43524984,0.484357317,0.287289167,0.219144764,0.351848894,0.204487661,0.411861725,0.365284512,0.29974265,0.092975285,0.411861725,NA,0.913905605,1,-0.575193844,1,1.001499693,1,0.338711762,NA,1.340211454,1,0.426305849,NA,NA,NA,Stable
MI0016426,hsa-mir-3150b,hsa-miR-3150b-3p,chr8:95072924-95072944,-,NA,hsa-miR-3150b-3p,0.159306926,0,0.722850355,0.185080169,0,0.333016884,0.762657084,0.956620329,0,0.144505893,0,0.834967225,0.40418553,0,0.43524984,0.242178659,0.266809363,0.157426453,0.513073574,0.21499817,0.24486828,0.199626802,0.270403507,0.099576872,0.513073574,NA,1.104457903,1,-1.20122259,1,0.46873698,1,-0.096764687,NA,0.371972293,1,-0.73248561,NA,NA,NA,Stable
MI0016426,hsa-mir-3150b,hsa-miR-3150b-5p,chr8:95072961-95072982,-,Single miR only,hsa-miR-3150b-5p,0.477920777,0.11187791,0,2.220962032,0,0.166508442,0.217902024,0,0.18409385,0.43351768,0,0.33398689,0,0.144634933,0.10881246,0,0.70269018,0.516277003,0.096102617,0.056467913,0.237899605,0.094423902,0.063361848,0.03730563,0.70269018,NA,-2.244486686,1,0.885081509,1,-1.490257627,1,-1.359405177,NA,-2.849662805,1,-0.605176118,NA,NA,NA,Stable
MI0016428,hsa-mir-3921,hsa-miR-3921,chr3:99964325-99964347,-,Single miR only,hsa-miR-3921,0,0,0,0,0,0,0,0,0,0,0,0,0.13472851,0,0,0,0,0,0,0,0,0,0.033682127,0.033682127,0.033682127,NA,NA,NA,NA,NA,NA,NA,NA,NA,NA,NA,NA,NA,NA,NA,Stable
MI0016429,hsa-mir-3922,hsa-miR-3922-3p,chr12:104591694-104591715,+,Single miR only,hsa-miR-3922-3p,0.637227703,0.447511639,0.144570071,0.370160339,0.439977145,1.082304873,0.653706072,0.382648132,0.368187699,0.289011786,1.359987964,0.500980335,0.53891404,1.012444534,0.87049968,0,0.399867438,0.101926903,0.639659055,0.158655843,0.629541946,0.247377294,0.605464563,0.224887494,0.639659055,NA,0.642728746,1,-0.067257777,1,-0.036480334,1,0.575470969,1,0.538990635,1,-0.10373811,1,NA,NA,Stable
MI0016429,hsa-mir-3922,hsa-miR-3922-5p,chr12:104591645-104591667,+,NA,hsa-miR-3922-5p,0,0,0,0,0,0,0,0,0,0,0,0.166993445,0,0,0,0,0,0,0,0,0.041748361,0.041748361,0,0,0.041748361,NA,NA,NA,NA,NA,NA,NA,NA,NA,NA,NA,NA,NA,NA,NA,Stable
MI0016433,hsa-mir-3925,hsa-miR-3925-3p,chr6:36622446-36622466,-,Single miR only,hsa-miR-3925-3p,0.159306926,0,0,0.370160339,0,0,0.108951012,1.147944395,0.18409385,0.144505893,0,0.500980335,0.13472851,0,0.10881246,0,0.132366816,0.08770855,0.314223852,0.279090807,0.207395019,0.105555285,0.060885242,0.035547939,0.314223852,NA,0.712773395,NA,0.176614055,1,-0.82998035,1,0.88938745,NA,0.0594071,NA,-0.653366295,NA,NA,NA,Stable
MI0016434,hsa-mir-3926-1,hsa-miR-3926,chr8:12727274-12727294,-,Single miR only,hsa-miR-3926,0,0,0,0,0,0.083254221,0,0,0,0,0,0,0,0,0,0,0,0,0.020813555,0.020813555,0,0,0,0,0.020813555,NA,NA,NA,NA,NA,NA,NA,NA,NA,NA,NA,NA,NA,NA,NA,Stable
MI0016436,hsa-mir-676,hsa-miR-676-5p,chrX:70022864-70022884,+,NA,hsa-miR-676-5p,0,0,0.144570071,0,0,0,0,0,0,0.144505893,0,0.500980335,0,0,0.21762492,0,0.036142518,0.036142518,0,0,0.161371557,0.118215951,0.05440623,0.05440623,0.161371557,NA,NA,NA,NA,NA,NA,NA,NA,NA,NA,NA,NA,NA,NA,NA,Stable
MI0016436,hsa-mir-676,hsa-miR-676-3p,chrX:70022899-70022919,+,Single miR only,hsa-miR-676-3p,0,0.11187791,0.144570071,0.370160339,0.293318096,0.333016884,0,0,0.368187699,0.578023573,0.169998496,0.500980335,0,0.4339048,0,0.484357317,0.15665208,0.077608178,0.156583745,0.090766125,0.404297526,0.08931604,0.229565529,0.132939227,0.404297526,NA,0.107287322,NA,1.321044667,1,-1.249757173,1,1.428331988,NA,0.178574815,1,0.071287494,NA,NA,NA,Stable
MI0016437,hsa-mir-3926-2,hsa-miR-3926,chr8:12727242-12727262,+,Single miR only,hsa-miR-3926,0.637227703,0.671267459,0,0.370160339,0.293318096,0.083254221,0.217902024,0.382648132,0.18409385,0.144505893,0.339996991,0.33398689,0.26945702,0.289269867,0,0,0.419663875,0.155243559,0.244280618,0.063361117,0.250645906,0.050517501,0.139681722,0.080746624,0.419663875,NA,-0.611308748,1,0.099849686,1,-0.990453087,1,-0.511459062,NA,-1.501912149,1,-0.890603401,NA,NA,NA,Stable
MI0016438,hsa-mir-3928,hsa-miR-3928-5p,chr22:31160095-31160117,-,<10% RPMM,hsa-miR-3928-5p**,0.159306926,0.671267459,0.289140142,0.185080169,0.439977145,0.915796431,0.653706072,0.191324066,0.736375398,2.74561197,0.509995487,0.166993445,0.80837106,2.169524002,0.5440623,0,0.326198674,0.118396611,0.550200928,0.154195566,1.039744075,0.580541777,0.88048934,0.461452059,1.039744075,NA,0.87263575,1,0.626566706,1,-0.149827561,1,1.499202456,0.962557251,1.349374896,1,0.476739146,1,NA,NA,Stable
MI0016438,hsa-mir-3928,hsa-miR-3928-3p,chr22:31160062-31160083,-,Single miR only,hsa-miR-3928-3p,7.009504729,8.278965331,7.662213764,11.84513084,9.532838134,7.159863007,8.933982986,13.96665681,7.916035532,17.91873075,9.519915749,10.68758048,8.487896125,8.244191208,6.093497759,15.25725549,8.698953665,1.080273435,9.898335234,1.446663804,11.51056563,2.210301985,9.520710146,1.986410973,11.51056563,0.978328934,0.226619328,1,0.186448676,1,-0.312212413,1,0.413068004,1,0.10085559,1,-0.125763737,1,NA,NA,Stable
MI0016439,hsa-mir-3929,hsa-miR-3929,chr18:35934088-35934110,-,Single miR only,hsa-miR-3929,0,0,0.578280284,0,0,0.083254221,0.54475506,0.191324066,0,0.144505893,0,0,0,0,0,0,0.144570071,0.144570071,0.204833337,0.119884478,0.036126473,0.036126473,0,0,0.204833337,NA,0.886650764,NA,-1.217215051,1,-0.91508799,1,-0.330564288,NA,-1.245652277,NA,-2.132303041,NA,NA,NA,Stable
MI0016590,hsa-mir-3934,hsa-miR-3934-5p,chr6:33698152-33698173,+,Single miR only,hsa-miR-3934-5p,0.796534628,0.671267459,1.301130639,1.110481016,1.466590482,1.165559094,1.961118217,1.913240659,2.025032345,2.023082504,1.52998646,2.170914785,1.212556589,0.723174667,2.28506166,0.968714634,0.969853436,0.143965765,1.626627113,0.189786517,1.937254024,0.140099899,1.297376888,0.344049749,1.937254024,0.769167483,0.78339622,1,0.268372174,1,-0.584123275,1,1.051768394,0.792515632,0.467645119,1,-0.315751101,1,NA,NA,Stable
MI0016590,hsa-mir-3934,hsa-miR-3934-3p,chr6:33698191-33698212,+,<1% RPMM,hsa-miR-3934-3p***,0,0,0,0,0.146659048,0,0,0,0,0,0,0,0,0,0.10881246,0,0,0,0.036664762,0.036664762,0,0,0.027203115,0.027203115,0.036664762,NA,NA,NA,NA,NA,NA,NA,NA,NA,NA,NA,NA,NA,NA,NA,Stable
MI0016591,hsa-mir-3935,hsa-miR-3935,chr16:56245577-56245598,+,Single miR only,hsa-miR-3935,0,0,0,0,0,0,0,0,0.368187699,0,0,0,0,0,0,0,0,0,0,0,0.092046925,0.092046925,0,0,0.092046925,NA,NA,NA,NA,NA,NA,NA,NA,NA,NA,NA,NA,NA,NA,NA,Stable
MI0016593,hsa-mir-3937,hsa-miR-3937,chrX:39661276-39661298,+,Single miR only,hsa-miR-3937,0.637227703,0,0,0,0,0,0,0,0,0,0,0,0,0,0,0,0.159306926,0.159306926,0,0,0,0,0,0,0.159306926,NA,NA,NA,NA,NA,NA,NA,NA,NA,NA,NA,NA,NA,NA,NA,Stable
MI0016594,hsa-mir-3938,hsa-miR-3938,chr3:55852515-55852536,-,Single miR only,hsa-miR-3938,0,0,0,0,0,0,0,0,0,0,0,0,0,0,0.21762492,0,0,0,0,0,0,0,0.05440623,0.05440623,0.05440623,NA,NA,NA,NA,NA,NA,NA,NA,NA,NA,NA,NA,NA,NA,NA,Stable
MI0016596,hsa-mir-3939,hsa-miR-3939,chr6:166997830-166997851,-,Single miR only,hsa-miR-3939,0.159306926,0.447511639,0,0.185080169,0.293318096,0.582779547,0.326853036,0.382648132,0.18409385,0,0.169998496,1.168954115,0.13472851,0.4339048,0.43524984,0.726535976,0.197974684,0.092702091,0.396399703,0.064800404,0.380761615,0.266039804,0.432604782,0.120807873,0.432604782,NA,1.095610663,1,-0.451998214,1,0.436555304,1,0.643612449,NA,1.080167753,1,-0.01544291,NA,NA,NA,Stable
MI0016597,hsa-mir-3940,hsa-miR-3940-3p,chr19:6416434-6416455,-,Single miR only,hsa-miR-3940-3p,1.911683108,2.125680288,3.180541562,1.665721524,0.733295241,3.246914619,2.287971253,3.826481317,1.656844646,4.046165009,4.589959379,1.502941005,0.80837106,1.301714401,2.1762492,2.421786586,2.22090662,0.33339378,2.523665608,0.67585722,2.94897751,0.798815311,1.677030312,0.376310193,2.94897751,0.970837113,0.120605433,1,0.204174224,1,-0.797937019,1,0.324779658,1,-0.473157361,1,-0.593762794,1,NA,NA,Stable
MI0016597,hsa-mir-3940,hsa-miR-3940-5p,chr19:6416470-6416489,-,<10% RPMM,hsa-miR-3940-5p**,0,0.22375582,0,0.185080169,0,0,0,0,0,0,0,0,0.26945702,0,0,0,0.102208997,0.059536137,0,0,0,0,0.067364255,0.067364255,0.102208997,NA,NA,NA,NA,NA,NA,NA,NA,NA,NA,NA,NA,NA,NA,NA,Stable
MI0016598,hsa-mir-3941,hsa-miR-3941,chr10:122417024-122417045,+,Single miR only,hsa-miR-3941,0,0,0,0,0,0,0.108951012,0,0.18409385,0,0,0,0.40418553,0,0,0,0,0,0.027237753,0.027237753,0.046023462,0.046023462,0.101046382,0.101046382,0.101046382,NA,NA,NA,NA,NA,NA,NA,NA,NA,NA,NA,NA,NA,NA,NA,Stable
MI0016599,hsa-mir-3942,hsa-miR-3942-3p,chr15:35372280-35372300,-,NA,hsa-miR-3942-3p,0,0,0.289140142,0.370160339,0,0.166508442,0,0,0,0,0,0.166993445,0,0,0,0,0.16482512,0.096588223,0.041627111,0.041627111,0.041748361,0.041748361,0,0,0.16482512,NA,NA,NA,NA,NA,NA,NA,NA,NA,NA,NA,NA,NA,NA,NA,Stable
MI0016599,hsa-mir-3942,hsa-miR-3942-5p,chr15:35372321-35372342,-,Single miR only,hsa-miR-3942-5p,0,0.11187791,0,0,0.879954289,0,0.435804048,0,0.552281549,0,0.169998496,0,0,0.144634933,0.21762492,0.242178659,0.027969477,0.027969477,0.328939584,0.210443919,0.180570011,0.130221696,0.151109628,0.054462444,0.328939584,NA,2.05801401,NA,-0.820696125,1,0.698411712,1,1.237317884,NA,1.935729596,NA,-0.122284413,NA,NA,NA,Stable
MI0016600,hsa-mir-3943,hsa-miR-3943,chr7:43150917-43150939,+,Single miR only,hsa-miR-3943,0,0,0,0,0,0,0,0,0,0,0,0,0,0.144634933,0,0,0,0,0,0,0,0,0.036158733,0.036158733,0.036158733,NA,NA,NA,NA,NA,NA,NA,NA,NA,NA,NA,NA,NA,NA,NA,Stable
MI0016601,hsa-mir-3944,hsa-miR-3944-5p,chr10:133371621-133371641,-,NA,hsa-miR-3944-5p,0,0,0.289140142,0,0,0,0,0,0,0.144505893,0.169998496,0,0,0,0.21762492,0,0.072285036,0.072285036,0,0,0.078626097,0.045692075,0.05440623,0.05440623,0.078626097,NA,NA,NA,NA,NA,NA,NA,NA,NA,NA,NA,NA,NA,NA,NA,Stable
MI0016601,hsa-mir-3944,hsa-miR-3944-3p,chr10:133371579-133371601,-,Single miR only,hsa-miR-3944-3p,0.318613851,0.33563373,0,0.370160339,0.293318096,0,0,0,0,0.144505893,0.509995487,0.166993445,0.26945702,0,0.43524984,0.242178659,0.25610198,0.086038057,0.073329524,0.073329524,0.205373706,0.108070472,0.23672138,0.089699482,0.25610198,NA,-2.220093736,NA,1.745869438,1,0.023430856,1,-0.474224297,NA,-0.450793441,NA,1.769300295,NA,NA,NA,Stable
MI0016684,hsa-mir-374c,hsa-miR-374c-5p,chrX:74218561-74218582,+,<20% RPMM,hsa-miR-374c-5p*,4.141980067,7.383942052,4.626242273,3.886683556,3.373158109,7.492879891,2.287971253,1.530592527,2.209126195,2.601106077,2.549977433,3.840849235,6.736425496,9.401270676,3.04674888,3.39050122,5.009711987,0.806131139,3.671150445,1.328833708,2.800264735,0.357604155,5.643736568,1.503729981,5.643736568,0.604029964,-0.520308799,1,-0.248070618,1,0.890948458,0.715970495,-0.768379416,0.959015515,0.122569042,1,0.642877841,1,NA,NA,Stable
MI0016684,hsa-mir-374c,hsa-miR-374c-3p,chrX:74218587-74218608,+,Single miR only,hsa-miR-374c-3p,68.97989881,29.20013448,39.03391917,26.83662455,21.55888009,27.47389293,33.77481373,25.82874889,20.802605,37.86054401,38.07966299,23.71306919,21.55656159,28.92698669,27.52955238,35.60026281,41.01264425,9.689244906,27.15908391,2.533098562,30.1139703,4.574701476,28.40334087,2.882588294,41.01264425,0.893973937,-0.565313435,1,0.091816819,1,-0.034177809,1,-0.473496616,1,-0.507674425,1,0.05763901,1,NA,NA,Stable
MI0016685,hsa-mir-642b,hsa-miR-642b-3p,chr19:45674941-45674962,-,Single miR only,hsa-miR-642b-3p,1.11514848,0.559389549,1.301130639,0,0.439977145,0.416271105,0,0,0,0.144505893,0.169998496,0.166993445,0.26945702,0.4339048,0.10881246,0,0.743917167,0.293791697,0.214062062,0.123683485,0.120374458,0.040525929,0.20304357,0.094786535,0.743917167,NA,-1.827705036,1,-0.481721459,1,0.501956731,1,-2.309426495,NA,-1.807469763,1,0.020235272,NA,NA,NA,Stable
MI0016685,hsa-mir-642b,hsa-miR-642b-5p,chr19:45674978-45674999,-,NA,hsa-miR-642b-5p,0,0.33563373,0.578280284,0.185080169,0.146659048,0.166508442,0.108951012,0,0,0,0.339996991,0.500980335,0,0.144634933,0,0,0.274748546,0.122258504,0.105529626,0.037146392,0.210244332,0.125753905,0.036158733,0.036158733,0.274748546,NA,-0.958053932,NA,0.660313411,1,-1.898597247,1,-0.297740521,NA,-2.196337767,NA,-1.238283836,NA,NA,NA,Stable
MI0016686,hsa-mir-550b-1,hsa-miR-550b-2-5p,chr7:30289854-30289875,-,<20% RPMM,hsa-miR-550b-2-5p*,0,2.013802378,0,0,0,2.081355525,0,0,0,2.456600184,3.909965397,0,0,0,0,0,0.503450594,0.503450594,0.520338881,0.520338881,1.591641395,0.965635565,0,0,1.591641395,NA,-0.043390348,1,7.927135399,0.955834698,-28.29595667,1.15E-08,7.883745052,0.960053863,-20.41221162,0.000337363,-20.36882128,0.000337363,NA,DE,Stable
MI0016686,hsa-mir-550b-1,hsa-miR-550b-3p,chr7:30289814-30289833,-,Single miR only,hsa-miR-550b-3p,2.389603885,5.146383854,4.337102131,5.737485249,2.639862868,4.245965272,3.050628337,4.974425712,3.865970841,6.213753406,2.549977433,5.00980335,4.850226357,7.665651474,5.984685299,5.812287806,4.40264378,0.72981598,3.727720547,0.537334436,4.409876258,0.783631611,6.078212734,0.585048128,6.078212734,0.500874506,-0.213721873,1,0.2118323,1,0.53441016,1,-0.001889573,1,0.532520587,0.996776275,0.74624246,0.396753533,NA,NA,Stable
MI0016687,hsa-mir-550b-2,hsa-miR-550b-2-5p,chr7:32733041-32733062,-,<20% RPMM,hsa-miR-550b-2-5p*,0,1.454412828,0,0,0,1.914847083,0,0,0,4.913200368,3.39996991,0,0,0,0,0,0.363603207,0.363603207,0.478711771,0.478711771,2.078292569,1.239022909,0,0,2.078292569,NA,0.17424067,1,3.312988624,1,-4.5187066,1,3.487229295,1,-1.031477306,1,-1.205717976,1,NA,NA,Stable
MI0016687,hsa-mir-550b-2,hsa-miR-550b-3p,chr7:32733001-32733020,-,Single miR only,hsa-miR-550b-3p,2.389603885,4.139482665,4.481672202,4.441924064,2.786521916,4.329219493,3.486432385,6.887666371,3.129595443,4.479682688,3.569968406,3.172875455,5.523868907,8.678096008,5.440622999,5.08575183,3.863170704,0.497095482,4.372460041,0.895748168,3.588030498,0.313300478,6.182084936,0.837408288,6.182084936,0.388108097,0.175020406,1,-0.282050035,1,0.831408373,0.396753533,-0.107029629,1,0.724378745,0.640511989,0.549358338,1,NA,NA,Stable
MI0016746,hsa-mir-548o-2,hsa-miR-548o-3p,chr20:38516607-38516628,+,Single miR only,hsa-miR-548o-3p,4.141980067,9.28586652,4.047961988,8.14352745,4.986407639,6.077558134,4.466991493,6.505018239,0,7.947824124,4.759957874,9.01764603,2.155656159,7.231746674,4.352498399,9.687146343,6.404834006,1.353968146,5.508993876,0.472069485,5.431357007,2.023703112,5.856761894,1.646294336,6.404834006,0.992535394,-0.048836629,1,-0.439346721,1,0.259867321,1,-0.48818335,1,-0.228316029,1,-0.1794794,1,NA,NA,Stable
MI0016747,hsa-mir-1254-2,hsa-miR-1254,chr10:23393408-23393431,+,Single miR only,hsa-miR-1254,2.070990034,2.461314017,1.879410923,2.591122371,2.49320382,1.66508442,1.307412144,3.635157251,2.761407744,0,3.229971415,4.174836125,2.425113179,2.024889069,2.06743674,0,2.250709336,0.165930936,2.275214409,0.516870692,2.541553821,0.896723733,1.629359747,0.550484,2.541553821,0.997263686,-0.035713979,1,0.035566648,1,-0.370745267,1,-0.000147331,1,-0.370892598,1,-0.33517862,1,NA,NA,Stable
MI0016749,hsa-mir-378d-1,hsa-miR-378d,chr4:5923279-5923298,-,Single miR only,hsa-miR-378d,0,0,0,0,0,0.083254221,0,0,0,0.144505893,0,0.166993445,0,0,0,0,0,0,0.020813555,0.020813555,0.077874835,0.045194768,0,0,0.077874835,NA,NA,NA,NA,NA,NA,NA,NA,NA,NA,NA,NA,NA,NA,NA,Stable
MI0016752,hsa-mir-548ab,hsa-miR-548ab,chr3:103524085-103524106,-,Single miR only,hsa-miR-548ab,0,0,0,0,0,0,0,0,0,0,0,0,0,0.144634933,0,0,0,0,0,0,0,0,0.036158733,0.036158733,0.036158733,NA,NA,NA,NA,NA,NA,NA,NA,NA,NA,NA,NA,NA,NA,NA,Stable
MI0016756,hsa-mir-378f,hsa-miR-378f,chr1:23929121-23929140,+,Single miR only,hsa-miR-378f,0,0,0,0,0,0,0,0,0,0,0,0,0,0,0.10881246,0,0,0,0,0,0,0,0.027203115,0.027203115,0.027203115,NA,NA,NA,NA,NA,NA,NA,NA,NA,NA,NA,NA,NA,NA,NA,Stable
MI0016757,hsa-mir-4420,hsa-miR-4420,chr1:30739158-30739179,-,Single miR only,hsa-miR-4420,0,0,0,0,0,0,0,0,0,0,0,0.33398689,0,0.289269867,0,0,0,0,0,0,0.083496723,0.083496723,0.072317467,0.072317467,0.083496723,NA,NA,NA,NA,NA,NA,NA,NA,NA,NA,NA,NA,NA,NA,NA,Stable
MI0016758,hsa-mir-4421,hsa-miR-4421,chr1:51059879-51059900,+,Single miR only,hsa-miR-4421,0.159306926,0.11187791,0.144570071,0,0.439977145,0.166508442,0,0.191324066,0.368187699,0.43351768,0.169998496,0.500980335,0.13472851,0.144634933,0.10881246,0,0.103938727,0.036035669,0.199452413,0.090730731,0.368171052,0.07140311,0.097043976,0.033217784,0.368171052,NA,0.71019948,NA,1.084552989,1,-1.762949334,1,1.794752468,NA,0.031803134,1,-0.678396346,NA,NA,NA,Stable
MI0016759,hsa-mir-4422,hsa-miR-4422,chr1:55225656-55225676,+,Single miR only,hsa-miR-4422,0,0,0,0,0,0.083254221,0,0,0,0,0,0.166993445,0.13472851,0.4339048,0.10881246,0.242178659,0,0,0.020813555,0.020813555,0.041748361,0.041748361,0.229906107,0.073874064,0.229906107,NA,NA,NA,NA,NA,NA,NA,NA,NA,NA,NA,NA,NA,NA,NA,Stable
MI0016760,hsa-mir-4423,hsa-miR-4423-3p,chr1:85133842-85133862,+,>20% RPMM,hsa-miR-4423-3p,0.159306926,0.33563373,0.289140142,0.740320677,0.146659048,0.582779547,0.871608096,0.382648132,0,1.156047145,0.169998496,0.166993445,0,0.144634933,0.97931214,0.242178659,0.381100369,0.125417788,0.495923706,0.153704222,0.373259771,0.263934947,0.341531433,0.218335971,0.495923706,NA,0.278095443,1,-0.55902963,1,-0.124990386,1,-0.280934188,1,-0.405924574,1,-0.684020017,1,NA,NA,Stable
MI0016760,hsa-mir-4423,hsa-miR-4423-5p,chr1:85133806-85133827,+,Single miR only,hsa-miR-4423-5p,0.318613851,0.11187791,0.578280284,1.295561185,0.146659048,0.249762663,0.54475506,1.147944395,0.368187699,0.867035359,1.359987964,0.500980335,0.26945702,0,0.97931214,1.210893293,0.576083308,0.258106957,0.522280292,0.224966268,0.774047839,0.221972375,0.614915613,0.286565448,0.774047839,NA,-0.063215564,1,0.874971797,1,-0.742973923,1,0.811756234,1,0.068782311,1,0.131997874,1,NA,NA,Stable
MI0016762,hsa-mir-548ac,hsa-miR-548ac,chr1:116560038-116560059,-,Single miR only,hsa-miR-548ac,0,0,0.289140142,0.185080169,0,0,0,0,0,0,0,0,0,0,0,0,0.118555078,0.071667906,0,0,0,0,0,0,0.118555078,NA,NA,NA,NA,NA,NA,NA,NA,NA,NA,NA,NA,NA,NA,NA,Stable
MI0016763,hsa-mir-4424,hsa-miR-4424,chr1:178677763-178677784,+,Single miR only,hsa-miR-4424,0.159306926,0,0,0.370160339,0,0,0,0,0,0,0,0.33398689,0,0,0,0.242178659,0.132366816,0.08770855,0,0,0.083496723,0.083496723,0.060544665,0.060544665,0.132366816,NA,NA,NA,NA,NA,NA,NA,NA,NA,NA,NA,NA,NA,NA,NA,Stable
MI0016765,hsa-mir-4426,hsa-miR-4426,chr1:192716333-192716349,+,Single miR only,hsa-miR-4426,0,0.22375582,0,0,0,0,0,0,0,0,0,0,0,0,0,0,0.055938955,0.055938955,0,0,0,0,0,0,0.055938955,NA,NA,NA,NA,NA,NA,NA,NA,NA,NA,NA,NA,NA,NA,NA,Stable
MI0016768,hsa-mir-4429,hsa-miR-4429,chr2:11540652-11540671,-,Single miR only,hsa-miR-4429,0,0.11187791,0,0,0,0,0.217902024,0,0,0,0,0,0,0,0,0,0.027969477,0.027969477,0.054475506,0.054475506,0,0,0,0,0.054475506,NA,NA,NA,NA,NA,NA,NA,NA,NA,NA,NA,NA,NA,NA,NA,Stable
MI0016771,hsa-mir-4431,hsa-miR-4431,chr2:52702588-52702609,-,Single miR only,hsa-miR-4431,0,0,0,0,0,0,0.108951012,0,0,0,0,0,0,0,0.10881246,0,0,0,0.027237753,0.027237753,0,0,0.027203115,0.027203115,0.027237753,NA,NA,NA,NA,NA,NA,NA,NA,NA,NA,NA,NA,NA,NA,NA,Stable
MI0016773,hsa-mir-4433a,hsa-miR-4433a-3p,chr2:64340809-64340829,+,Single miR only,hsa-miR-4433a-3p,0,0,0,0,0,0,0,0,0,0,0.339996991,0,0,0,0,0,0,0,0,0,0.084999248,0.084999248,0,0,0.084999248,NA,NA,NA,NA,NA,NA,NA,NA,NA,NA,NA,NA,NA,NA,NA,Stable
MI0016775,hsa-mir-4435-1,hsa-miR-4435,chr2:87629764-87629785,+,Single miR only,hsa-miR-4435,2.867524662,1.790046558,4.337102131,4.441924064,5.573043832,2.414372409,4.684893517,8.800907029,2.393220044,2.890117863,4.759957874,4.508823015,3.233484238,2.169524002,3.699623639,7.749717075,3.359149354,0.634597716,5.368304197,1.323424966,3.638029699,0.586367847,4.213087239,1.221582587,5.368304197,0.769167483,0.663417837,0.824500004,-0.519971689,1,0.122502149,1,0.143446148,1,0.265948297,1,-0.39746954,1,NA,NA,Stable
MI0016777,hsa-mir-4435-2,hsa-miR-4435,chr2:111321061-111321082,-,Single miR only,hsa-miR-4435,3.504752365,2.685069837,5.204522557,4.627004233,7.479611459,1.831592862,4.140138457,9.948851424,4.786440089,3.468141436,6.629941325,4.67581646,3.098755728,3.32660347,3.37318626,8.234074392,4.005337248,0.564077899,5.850048551,1.791820278,4.890084828,0.652282966,4.508154962,1.243419334,5.850048551,0.992535394,0.443787318,1,-0.153473739,1,-0.179556433,1,0.290313579,1,0.110757146,1,-0.333030172,1,NA,NA,Stable
MI0016782,hsa-mir-4439,hsa-miR-4439,chr2:225010516-225010537,-,Single miR only,hsa-miR-4439,0,0.33563373,0,0.370160339,0,0,0.108951012,0.191324066,0,0,0,0,0.13472851,0,0,0,0.176448517,0.102116094,0.075068769,0.046488297,0,0,0.033682127,0.033682127,0.176448517,NA,NA,NA,NA,NA,NA,NA,NA,NA,NA,NA,NA,NA,NA,NA,Stable
MI0016785,hsa-mir-4442,hsa-miR-4442,chr3:25664875-25664891,-,Single miR only,hsa-miR-4442,0,0,0,0,0,0,0,0,0,0,0.169998496,0,0,0,0,0,0,0,0,0,0.042499624,0.042499624,0,0,0.042499624,NA,NA,NA,NA,NA,NA,NA,NA,NA,NA,NA,NA,NA,NA,NA,Stable
MI0016786,hsa-mir-4443,hsa-miR-4443,chr3:48196572-48196588,+,Single miR only,hsa-miR-4443,1.593069257,0.33563373,0.289140142,1.110481016,0.293318096,0.416271105,0.326853036,0.956620329,1.104563097,0.43351768,0.849992478,0.500980335,0.67364255,0.723174667,0.21762492,0.242178659,0.832081036,0.315944927,0.498265642,0.154972552,0.722263397,0.156739716,0.464155199,0.135716248,0.832081036,NA,-0.567379777,1,0.515828496,1,-0.573633781,1,-0.051551281,1,-0.625185062,1,-0.057805285,1,NA,NA,Stable
MI0016787,hsa-mir-4444-1,hsa-miR-4444,chr2:177212768-177212785,+,Single miR only,hsa-miR-4444,0,0.22375582,0,0,0.146659048,0,0,0,0.18409385,0,0,0,0,0,0,0.242178659,0.055938955,0.055938955,0.036664762,0.036664762,0.046023462,0.046023462,0.060544665,0.060544665,0.060544665,NA,NA,NA,NA,NA,NA,NA,NA,NA,NA,NA,NA,NA,NA,NA,Stable
MI0016792,hsa-mir-4449,hsa-miR-4449,chr4:52712720-52712741,+,Single miR only,hsa-miR-4449,1.752376182,0.671267459,0.722850355,0.370160339,1.466590482,0.249762663,1.198461132,0.765296263,1.288656947,0.578023573,1.52998646,0.500980335,1.751470629,1.012444534,0.76168722,0.726535976,0.879163584,0.301280485,0.920027635,0.266059688,0.974411829,0.256364681,1.06303459,0.238143005,1.06303459,NA,0.050557085,1,0.103093912,1,0.176771226,1,0.153650996,1,0.330422223,1,0.279865138,1,NA,NA,Stable
MI0016794,hsa-mir-548ag-2,hsa-miR-548ag,chr20:60564565-60564585,+,Single miR only,hsa-miR-548ag,0,0,0,0,0,0,0,0,0,0,0,0.33398689,0,0,0,0,0,0,0,0,0.083496723,0.083496723,0,0,0.083496723,NA,NA,NA,NA,NA,NA,NA,NA,NA,NA,NA,NA,NA,NA,NA,Stable
MI0016796,hsa-mir-548ah,hsa-miR-548ah-5p,chr4:76575561-76575580,+,Single miR only,hsa-miR-548ah-5p,0,0,0.289140142,0.185080169,0.879954289,0,0.326853036,0.382648132,0,0,0,0.33398689,0.13472851,0,0.10881246,0,0.118555078,0.071667906,0.397363864,0.181654408,0.083496723,0.083496723,0.060885242,0.035547939,0.397363864,NA,1.544331597,NA,-1.964392874,1,-0.041165161,1,-0.420061277,NA,-0.461226438,NA,-2.005558035,NA,NA,NA,Stable
MI0016797,hsa-mir-4451,hsa-miR-4451,chr4:85722515-85722531,+,Single miR only,hsa-miR-4451,0,0.11187791,0,0,0,0,0,0,0,0,0,0,0,0.144634933,0,0,0.027969477,0.027969477,0,0,0,0,0.036158733,0.036158733,0.036158733,NA,NA,NA,NA,NA,NA,NA,NA,NA,NA,NA,NA,NA,NA,NA,Stable
MI0016799,hsa-mir-4453,hsa-miR-4453,chr4:152536432-152536451,+,Single miR only,hsa-miR-4453,0,0,0.433710213,0,0,0,0.108951012,0,0,0.144505893,0,0,0,0,0,0,0.108427553,0.108427553,0.027237753,0.027237753,0.036126473,0.036126473,0,0,0.108427553,NA,NA,NA,NA,NA,NA,NA,NA,NA,NA,NA,NA,NA,NA,NA,Stable
MI0016800,hsa-mir-4454,hsa-miR-4454,chr4:163093607-163093626,-,Single miR only,hsa-miR-4454,3.186138513,2.685069837,2.023980994,5.55240508,3.373158109,3.579931503,3.377481373,3.061185054,3.681876991,8.381341804,3.909965397,0,2.829298708,4.772952805,2.82912396,7.507538416,3.361898606,0.767969777,3.34793901,0.10706583,3.993296048,1.715257141,4.484728472,1.106869731,4.484728472,0.997263686,0.066660078,1,0.127812672,1,0.194920293,1,0.19447275,1,0.389393043,1,0.322732964,1,NA,NA,Stable
MI0016804,hsa-mir-4458,hsa-miR-4458,chr5:8460933-8460951,+,Single miR only,hsa-miR-4458,0,0,0,0.925400847,0.586636193,0,0.217902024,0,0,0.43351768,0,0,0.40418553,0,0,0,0.231350212,0.231350212,0.201134554,0.138384392,0.10837942,0.10837942,0.101046382,0.101046382,0.231350212,NA,0.656434002,NA,-0.818109813,1,-1.569004193,1,-0.161675811,NA,-1.730680004,NA,-2.387114006,NA,NA,NA,Stable
MI0016816,hsa-mir-4465,hsa-miR-4465,chr6:140683855-140683876,+,Single miR only,hsa-miR-4465,0,0,0,0,0,0.166508442,0,0,0,0,0,0,0,0,0,0,0,0,0.041627111,0.041627111,0,0,0,0,0.041627111,NA,NA,NA,NA,NA,NA,NA,NA,NA,NA,NA,NA,NA,NA,NA,Stable
MI0016817,hsa-mir-4466,hsa-miR-4466,chr6:156779710-156779727,-,Single miR only,hsa-miR-4466,0.955841554,0,0,0,0,0.582779547,0,0.573972198,0,0,0,0,0,0.289269867,0,0.242178659,0.238960388,0.238960388,0.289187936,0.166972411,0,0,0.132862131,0.07730792,0.289187936,NA,0.254407431,NA,-2.731650032,1,1.81710173,1,-2.477242601,NA,-0.660140871,NA,-0.914548302,NA,NA,NA,Stable
MI0016818,hsa-mir-4467,hsa-miR-4467,chr7:102471472-102471493,+,Single miR only,hsa-miR-4467,0,0,0.722850355,0,0.146659048,0,0,0,0,0.144505893,0,0,0.13472851,0,0,0,0.180712589,0.180712589,0.036664762,0.036664762,0.036126473,0.036126473,0.033682127,0.033682127,0.180712589,NA,NA,NA,NA,NA,NA,NA,NA,NA,NA,NA,NA,NA,NA,NA,Stable
MI0016820,hsa-mir-4469,hsa-miR-4469,chr8:42896203-42896224,-,Single miR only,hsa-miR-4469,0.159306926,0,0,0,0,0,0,0,0,0,0,0,0,0,0.10881246,0,0.039826731,0.039826731,0,0,0,0,0.027203115,0.027203115,0.039826731,NA,NA,NA,NA,NA,NA,NA,NA,NA,NA,NA,NA,NA,NA,NA,Stable
MI0016821,hsa-mir-4470,hsa-miR-4470,chr8:61714832-61714852,+,Single miR only,hsa-miR-4470,0,0,0,0,0,0,0.217902024,0,0,0.43351768,0,0,0.13472851,0,0,0,0,0,0.054475506,0.054475506,0.10837942,0.10837942,0.033682127,0.033682127,0.10837942,NA,NA,NA,NA,NA,NA,NA,NA,NA,NA,NA,NA,NA,NA,NA,Stable
MI0016825,hsa-mir-4473,hsa-miR-4473,chr9:20411161-20411182,-,Single miR only,hsa-miR-4473,1.11514848,0.895023279,0.289140142,0.740320677,0.586636193,0.999050652,0.435804048,0.191324066,0.368187699,0.722529466,1.52998646,1.168954115,0.67364255,0.723174667,1.0881246,1.937429269,0.759908144,0.174751723,0.55320374,0.169468971,0.947414435,0.254058204,1.105592771,0.292272945,1.105592771,NA,-0.372986666,1,0.648278318,1,0.202990691,1,0.275291653,1,0.478282344,1,0.851269009,1,NA,NA,Stable
MI0016826,hsa-mir-4474,hsa-miR-4474-3p,chr9:20502277-20502298,-,Single miR only,hsa-miR-4474-3p,0,0,0.578280284,0,0,0.166508442,0,0.191324066,0,0.144505893,0,0,0,0,0.32643738,0.968714634,0.144570071,0.144570071,0.089458127,0.051896478,0.036126473,0.036126473,0.323788004,0.228329937,0.323788004,NA,-0.186077866,NA,-0.770289507,1,1.805297504,1,-0.956367373,NA,0.848930131,NA,1.035007997,NA,NA,NA,Stable
MI0016838,hsa-mir-4479,hsa-miR-4479,chr9:136886777-136886798,+,Single miR only,hsa-miR-4479,0,0.11187791,0,0.185080169,0.146659048,0,0.217902024,0,0,0.144505893,0,0.33398689,0.40418553,0.289269867,0.5440623,0.484357317,0.07423952,0.045392098,0.091140268,0.05459241,0.119623196,0.079157206,0.430468753,0.055102484,0.430468753,NA,0.452312747,NA,0.136059525,1,2.015850768,1,0.588372271,NA,2.604223039,NA,2.151910292,NA,NA,NA,Stable
MI0016839,hsa-mir-3155b,hsa-miR-3155b,chr10:6152209-6152226,-,Single miR only,hsa-miR-3155b,0,0.11187791,0,0,0.439977145,0.166508442,0,0,0,0.144505893,0,0.166993445,0.53891404,0.144634933,0,0.484357317,0.027969477,0.027969477,0.151621397,0.103822267,0.077874835,0.045194768,0.291976573,0.130686757,0.291976573,NA,1.358929013,NA,-0.492829071,1,1.31986462,1,0.866099942,NA,2.185964562,NA,0.827035549,NA,NA,NA,Stable
MI0016840,hsa-mir-548ak,hsa-miR-548ak,chr10:12130792-12130812,-,Single miR only,hsa-miR-548ak,0,0.22375582,0,0,0,0,0,0,0,0,0,0,0,0,0,0,0.055938955,0.055938955,0,0,0,0,0,0,0.055938955,NA,NA,NA,NA,NA,NA,NA,NA,NA,NA,NA,NA,NA,NA,NA,Stable
MI0016843,hsa-mir-4482,hsa-miR-4482-3p,chr10:104268341-104268362,-,Single miR only,hsa-miR-4482-3p,0,0,0,1.295561185,0,0,0,0.382648132,0,0,0,3.172875455,0,0,0,1.453071952,0.323890296,0.323890296,0.095662033,0.095662033,0.793218864,0.793218864,0.363267988,0.363267988,0.793218864,NA,-0.566321898,1,1.148301583,1,-0.592817775,1,0.581979684,1,-0.010838091,1,0.555483808,NA,NA,NA,Stable
MI0016845,hsa-mir-4484,hsa-miR-4484,chr10:125819803-125819822,+,Single miR only,hsa-miR-4484,0,0,0,0,0,0,0,0,0,0,0,0,0,0.144634933,0,0,0,0,0,0,0,0,0.036158733,0.036158733,0.036158733,NA,NA,NA,NA,NA,NA,NA,NA,NA,NA,NA,NA,NA,NA,NA,Stable
MI0016846,hsa-mir-4485,hsa-miR-4485-3p,chr11:10508277-10508296,-,Single miR only,hsa-miR-4485-3p,0.159306926,0,0,0.185080169,0,0,0,0,0,0,0,0,0,0,0.10881246,0,0.086096774,0.049985621,0,0,0,0,0.027203115,0.027203115,0.086096774,NA,NA,NA,NA,NA,NA,NA,NA,NA,NA,NA,NA,NA,NA,NA,Stable
MI0016848,hsa-mir-4487,hsa-miR-4487,chr11:47401023-47401041,+,Single miR only,hsa-miR-4487,0,0.11187791,0,0,0,0,0,0,0,0,0,0,0,0,0,0,0.027969477,0.027969477,0,0,0,0,0,0,0.027969477,NA,NA,NA,NA,NA,NA,NA,NA,NA,NA,NA,NA,NA,NA,NA,Stable
MI0016850,hsa-mir-4489,hsa-miR-4489,chr11:65649197-65649217,+,Single miR only,hsa-miR-4489,0,0,0.144570071,0,0,0.083254221,0,0,0,0,0.169998496,0,0,0,0,0,0.036142518,0.036142518,0.020813555,0.020813555,0.042499624,0.042499624,0,0,0.042499624,NA,NA,NA,NA,NA,NA,NA,NA,NA,NA,NA,NA,NA,NA,NA,Stable
MI0016851,hsa-mir-548al,hsa-miR-548al,chr11:74399301-74399322,+,Single miR only,hsa-miR-548al,0,0.671267459,0.144570071,0.370160339,0.439977145,0.83254221,0.326853036,0.382648132,0.920469248,0.578023573,0,0.834967225,0.67364255,0.289269867,0.10881246,0.242178659,0.296499467,0.146307737,0.495505131,0.11469437,0.583365011,0.207622696,0.328475884,0.121235435,0.583365011,NA,0.850195993,1,-7.41E-05,1,-0.686844359,1,0.850121886,1,0.163277528,1,-0.686918465,1,NA,NA,Stable
MI0016854,hsa-mir-4492,hsa-miR-4492,chr11:118910765-118910781,+,Single miR only,hsa-miR-4492,0,0.11187791,0,0,0,0,0,0,0,0,0,0,0,0,0.32643738,0,0.027969477,0.027969477,0,0,0,0,0.081609345,0.081609345,0.081609345,NA,NA,NA,NA,NA,NA,NA,NA,NA,NA,NA,NA,NA,NA,NA,Stable
MI0016859,hsa-mir-4497,hsa-miR-4497,chr12:109833350-109833366,+,Single miR only,hsa-miR-4497,0,0,0,0,0,0,0,0,0,0,0.339996991,0.33398689,0,0.723174667,0,0,0,0,0,0,0.16849597,0.097288929,0.180793667,0.180793667,0.180793667,NA,NA,NA,NA,NA,NA,NA,NA,NA,NA,NA,NA,NA,NA,NA,Stable
MI0016860,hsa-mir-4498,hsa-miR-4498,chr12:120155473-120155494,-,Single miR only,hsa-miR-4498,0,0.22375582,0,0,0,0,0.108951012,0,0,0.43351768,0,0.500980335,0,0,0,0,0.055938955,0.055938955,0.027237753,0.027237753,0.233624504,0.135584303,0,0,0.233624504,NA,NA,NA,NA,NA,NA,NA,NA,NA,NA,NA,NA,NA,NA,NA,Stable
MI0016861,hsa-mir-4419b,hsa-miR-4419b,chr12:128244547-128244564,+,Single miR only,hsa-miR-4419b,0.318613851,0,0,0,0,0,0,0,0,0,0,0,0,0,0,0,0.079653463,0.079653463,0,0,0,0,0,0,0.079653463,NA,NA,NA,NA,NA,NA,NA,NA,NA,NA,NA,NA,NA,NA,NA,Stable
MI0016867,hsa-mir-4504,hsa-miR-4504,chr14:50299871-50299892,-,Single miR only,hsa-miR-4504,0,0,0.144570071,0,0,0,0,0,0,0.43351768,0,0,0,0,0,0,0.036142518,0.036142518,0,0,0.10837942,0.10837942,0,0,0.10837942,NA,NA,NA,NA,NA,NA,NA,NA,NA,NA,NA,NA,NA,NA,NA,Stable
MI0016868,hsa-mir-4505,hsa-miR-4505,chr14:73758749-73758766,+,Single miR only,hsa-miR-4505,0,0,0,0,0,0,0,0,0.18409385,0,0,0,0,0,0,0,0,0,0,0,0.046023462,0.046023462,0,0,0.046023462,NA,NA,NA,NA,NA,NA,NA,NA,NA,NA,NA,NA,NA,NA,NA,Stable
MI0016876,hsa-mir-4510,hsa-miR-4510,chr15:35926863-35926884,+,Single miR only,hsa-miR-4510,0.318613851,0.11187791,0,0,0,0,0,0,0,0.144505893,0,0.166993445,0,0,0,0,0.10762294,0.075111397,0,0,0.077874835,0.045194768,0,0,0.10762294,NA,NA,NA,NA,NA,NA,NA,NA,NA,NA,NA,NA,NA,NA,NA,Stable
MI0016877,hsa-mir-4511,hsa-miR-4511,chr15:65719297-65719318,-,Single miR only,hsa-miR-4511,0.318613851,0.447511639,0,0.555240508,0.146659048,0.416271105,0.435804048,0.573972198,0.920469248,0.722529466,0.509995487,1.00196067,0.67364255,0.4339048,0.76168722,0.484357317,0.3303415,0.120267566,0.3931766,0.089353421,0.788738718,0.109885542,0.588397972,0.077453427,0.788738718,NA,0.330942365,1,0.941321266,1,-0.284751641,1,1.272263631,1,0.98751199,1,0.656569625,1,NA,NA,Stable
MI0016878,hsa-mir-4512,hsa-miR-4512,chr15:66496965-66496986,-,Single miR only,hsa-miR-4512,0.318613851,0.11187791,0,0.185080169,0.146659048,0.499525326,0.217902024,0,0.368187699,0.144505893,0,0.500980335,0,0.289269867,0,0.242178659,0.153892983,0.066804392,0.2160216,0.104823023,0.253418482,0.112005105,0.132862131,0.07730792,0.253418482,NA,0.885335843,NA,-0.233014067,1,-1.018123259,1,0.652321776,NA,-0.365801483,NA,-1.251137326,NA,NA,NA,Stable
MI0016881,hsa-mir-4515,hsa-miR-4515,chr15:83067349-83067370,+,Single miR only,hsa-miR-4515,0,0,0,0,0,0,0,0,0,0,0,0,0,0,0.10881246,0,0,0,0,0,0,0,0.027203115,0.027203115,0.027203115,NA,NA,NA,NA,NA,NA,NA,NA,NA,NA,NA,NA,NA,NA,NA,Stable
MI0016883,hsa-mir-4517,hsa-miR-4517,chr16:28958587-28958611,+,Single miR only,hsa-miR-4517,0.159306926,0.33563373,0.144570071,0.555240508,0.146659048,0.499525326,0.326853036,0.765296263,0.368187699,0.578023573,0.169998496,1.502941005,0.13472851,0.867809601,0.5440623,0.484357317,0.298687809,0.095900815,0.434583418,0.13168609,0.654787693,0.294733904,0.507739432,0.150181487,0.654787693,NA,0.585364178,1,0.485410895,1,-0.118456684,1,1.070775073,1,0.952318389,1,0.366954211,1,NA,NA,Stable
MI0016885,hsa-mir-4519,hsa-miR-4519,chr16:30875301-30875318,-,Single miR only,hsa-miR-4519,0,0.22375582,0.289140142,0.185080169,0,0,0.108951012,0.765296263,0,0,0,0,0,0,0,0,0.174494033,0.062001806,0.218561819,0.184045198,0,0,0,0,0.218561819,NA,NA,NA,NA,NA,NA,NA,NA,NA,NA,NA,NA,NA,NA,NA,Stable
MI0016886,hsa-mir-4520-1,hsa-miR-4520-3p,chr17:6655447-6655468,-,Single miR only,hsa-miR-4520-3p,0,0,0,0,0,0,0,0.191324066,0,0,0.169998496,0,0,0,0,0,0,0,0.047831016,0.047831016,0.042499624,0.042499624,0,0,0.047831016,NA,NA,NA,NA,NA,NA,NA,NA,NA,NA,NA,NA,NA,NA,NA,Stable
MI0016887,hsa-mir-4521,hsa-miR-4521,chr17:8186948-8186969,+,Single miR only,hsa-miR-4521,21.82504882,15.10351783,18.50496909,12.77053168,13.19931434,26.5580965,17.32321091,22.57623977,15.27978951,20.37533094,19.88982398,24.21404953,23.17330371,11.86006454,16.97474376,24.94440183,17.05101686,1.979492023,19.91421538,2.930169653,19.93974849,1.829778938,19.23812846,2.994521352,19.93974849,0.993959075,0.239349729,1,-0.045755317,1,-0.042779627,1,0.193594413,1,0.150814786,1,-0.088534943,1,NA,NA,Stable
MI0016888,hsa-mir-1269b,hsa-miR-1269b,chr17:12917313-12917334,-,Single miR only,hsa-miR-1269b,0.318613851,0,0,0,0,0,0,0,0.736375398,0,0,0,0.67364255,0,0,0,0.079653463,0.079653463,0,0,0.18409385,0.18409385,0.168410637,0.168410637,0.18409385,NA,-0.721206207,NA,1.187656055,1,-0.047820219,1,0.466449848,NA,0.418629629,NA,1.139835836,NA,NA,NA,Stable
MI0016889,hsa-mir-4522,hsa-miR-4522,chr17:27293922-27293942,-,Single miR only,hsa-miR-4522,0,0.11187791,0.289140142,0,0,0.083254221,0,0.191324066,0,0.144505893,0,0,0,0,0.21762492,0.484357317,0.100254513,0.06826103,0.068644572,0.045357703,0.036126473,0.036126473,0.175495559,0.115024581,0.175495559,NA,NA,NA,NA,NA,NA,NA,NA,NA,NA,NA,NA,NA,NA,NA,Stable
MI0016890,hsa-mir-4523,hsa-miR-4523,chr17:29390668-29390688,+,Single miR only,hsa-miR-4523,0,0.11187791,0,0,0,0.083254221,0.108951012,0.191324066,0,0,0.169998496,0.166993445,0,0.144634933,0,0,0.027969477,0.027969477,0.095882325,0.039404744,0.084247985,0.048644465,0.036158733,0.036158733,0.095882325,NA,NA,NA,NA,NA,NA,NA,NA,NA,NA,NA,NA,NA,NA,NA,Stable
MI0016891,hsa-mir-4524a,hsa-miR-4524a-3p,chr17:69099570-69099591,-,>20% RPMM,hsa-miR-4524a-3p,0.159306926,0.33563373,0.289140142,0.740320677,0,0.416271105,0.435804048,0.191324066,1.840938496,0.722529466,0.849992478,0,1.347285099,0.144634933,0.65287476,0.484357317,0.381100369,0.125417788,0.260849805,0.103134708,0.85336511,0.3786668,0.657288027,0.253119481,0.85336511,NA,-0.463090615,1,1.368002998,1,-0.308112247,1,0.904912383,1,0.596800136,1,1.059890751,1,NA,NA,Stable
MI0016891,hsa-mir-4524a,hsa-miR-4524a-5p,chr17:69099606-69099627,-,Single miR only,hsa-miR-4524a-5p,0.477920777,1.678168648,1.011990497,0,1.026613338,0.249762663,0.326853036,0.191324066,0.920469248,0.289011786,0.339996991,0.500980335,2.020927649,1.301714401,1.84981182,0.726535976,0.792019981,0.360508951,0.448638276,0.194646887,0.51261459,0.143258457,1.474747461,0.292794999,1.474747461,NA,-0.92708463,1,0.310775158,1,1.52340734,0.932295531,-0.616309471,1,0.907097869,1,1.834182498,0.626648696,NA,NA,Stable
MI0016892,hsa-mir-4525,hsa-miR-4525,chr17:82668281-82668301,-,Single miR only,hsa-miR-4525,0,0,0,0,0,0,0,0,0,0,0,0.166993445,0.13472851,0.144634933,0,0,0,0,0,0,0.041748361,0.041748361,0.069840861,0.040373312,0.069840861,NA,NA,NA,NA,NA,NA,NA,NA,NA,NA,NA,NA,NA,NA,NA,Stable
MI0016893,hsa-mir-4526,hsa-miR-4526,chr18:13611167-13611188,+,Single miR only,hsa-miR-4526,0,0,0,0,0,0,0.108951012,0,0,0,0,0,0,0,0,0,0,0,0.027237753,0.027237753,0,0,0,0,0.027237753,NA,NA,NA,NA,NA,NA,NA,NA,NA,NA,NA,NA,NA,NA,NA,Stable
MI0016896,hsa-mir-4529,hsa-miR-4529-5p,chr18:55479226-55479247,+,NA,hsa-miR-4529-5p,0,0.11187791,0,0,0,0,0,0,0,0,0.169998496,0,0,0,0,0.242178659,0.027969477,0.027969477,0,0,0.042499624,0.042499624,0.060544665,0.060544665,0.060544665,NA,NA,NA,NA,NA,NA,NA,NA,NA,NA,NA,NA,NA,NA,NA,Stable
MI0016896,hsa-mir-4529,hsa-miR-4529-3p,chr18:55479270-55479290,+,Single miR only,hsa-miR-4529-3p,0,0.559389549,0,0,0,0,0,0,0.18409385,0,0,0,0,0,0,0,0.139847387,0.139847387,0,0,0.046023462,0.046023462,0,0,0.139847387,NA,NA,NA,NA,NA,NA,NA,NA,NA,NA,NA,NA,NA,NA,NA,Stable
MI0016899,hsa-mir-4532,hsa-miR-4532,chr20:57895399-57895415,+,Single miR only,hsa-miR-4532,0,0,0,0,0,0,0,0,0,0,0,0,0,0,0.10881246,0,0,0,0,0,0,0,0.027203115,0.027203115,0.027203115,NA,NA,NA,NA,NA,NA,NA,NA,NA,NA,NA,NA,NA,NA,NA,Stable
MI0016902,hsa-mir-378i,hsa-miR-378i,chr22:41923271-41923291,-,Single miR only,hsa-miR-378i,0.159306926,0,0,0,0,0.166508442,0,0,0,0,0,0,0,0,0,0,0.039826731,0.039826731,0.041627111,0.041627111,0,0,0,0,0.041627111,NA,NA,NA,NA,NA,NA,NA,NA,NA,NA,NA,NA,NA,NA,NA,Stable
MI0016906,hsa-mir-4536-1,hsa-miR-4536-3p,chrX:55451495-55451515,-,NA,hsa-miR-4536-3p,0,0,0,0,0.146659048,0,0,0,0,0.289011786,0,0,0,0.144634933,0,0,0,0,0.036664762,0.036664762,0.072252947,0.072252947,0.036158733,0.036158733,0.072252947,NA,NA,NA,NA,NA,NA,NA,NA,NA,NA,NA,NA,NA,NA,NA,Stable
MI0016906,hsa-mir-4536-1,hsa-miR-4536-5p,chrX:55451561-55451581,-,Single miR only,hsa-miR-4536-5p,0,0,0,0,0.293318096,0,0,0,0,0.144505893,0,0,0.13472851,0,0,0,0,0,0.073329524,0.073329524,0.036126473,0.036126473,0.033682127,0.033682127,0.073329524,NA,NA,NA,NA,NA,NA,NA,NA,NA,NA,NA,NA,NA,NA,NA,Stable
MI0017259,hsa-mir-4632,hsa-miR-4632-5p,chr1:12191713-12191735,+,NA,hsa-miR-4632-5p,0,0,0,0,0,0,0,0,0,0,0,0,0.13472851,0,0,0,0,0,0,0,0,0,0.033682127,0.033682127,0.033682127,NA,NA,NA,NA,NA,NA,NA,NA,NA,NA,NA,NA,NA,NA,NA,Stable
MI0017259,hsa-mir-4632,hsa-miR-4632-3p,chr1:12191752-12191773,+,Single miR only,hsa-miR-4632-3p,0,0,0,0,0.146659048,0,0,0,0,0,0,0,0,0,0,0.242178659,0,0,0.036664762,0.036664762,0,0,0.060544665,0.060544665,0.060544665,NA,NA,NA,NA,NA,NA,NA,NA,NA,NA,NA,NA,NA,NA,NA,Stable
MI0017263,hsa-mir-4636,hsa-miR-4636,chr5:9053865-9053886,-,Single miR only,hsa-miR-4636,1.752376182,1.118779099,1.156560568,1.665721524,1.173272386,2.247863967,0.653706072,0.956620329,2.025032345,1.300553039,0.339996991,1.00196067,1.077828079,1.590984268,1.0881246,0.968714634,1.423359343,0.166067812,1.257865689,0.346772047,1.166885761,0.349431422,1.181412895,0.139170693,1.423359343,0.997263686,-0.18304552,1,-0.188947821,1,0.15495297,1,-0.371993341,1,-0.217040372,1,-0.033994851,1,NA,NA,Stable
MI0017264,hsa-mir-4637,hsa-miR-4637,chr5:14825932-14825953,-,Single miR only,hsa-miR-4637,0,0,0,0,0.293318096,0,0,0,0,0,0,0.33398689,0,0,0,0,0,0,0.073329524,0.073329524,0.083496723,0.083496723,0,0,0.083496723,NA,NA,NA,NA,NA,NA,NA,NA,NA,NA,NA,NA,NA,NA,NA,Stable
MI0017265,hsa-mir-4638,hsa-miR-4638-3p,chr5:181222577-181222599,-,Single miR only,hsa-miR-4638-3p,0.159306926,0.33563373,0,0.370160339,0.146659048,1.248813315,0.108951012,0.191324066,0.18409385,0.289011786,0.169998496,1.00196067,0.943099569,1.880254135,0.21762492,1.210893293,0.216275248,0.085609307,0.42393686,0.275473675,0.4112662,0.1986797,1.062967979,0.343852183,1.062967979,NA,0.998293914,1,0.037387976,1,1.36480249,1,1.03568189,1,2.400484381,0.51104756,1.402190467,1,NA,NA,Stable
MI0017265,hsa-mir-4638,hsa-miR-4638-5p,chr5:181222612-181222632,-,NA,hsa-miR-4638-5p,0,0.11187791,0,0.185080169,0,0.083254221,0,0.382648132,0.18409385,0.144505893,0,0,0,0,0,0,0.07423952,0.045392098,0.116475588,0.090868315,0.082149936,0.048112759,0,0,0.116475588,NA,NA,NA,NA,NA,NA,NA,NA,NA,NA,NA,NA,NA,NA,NA,Stable
MI0017266,hsa-mir-4639,hsa-miR-4639-5p,chr6:16141556-16141577,+,NA,hsa-miR-4639-5p,0,0,0,0,0,0.083254221,0,0,0,0.144505893,0,0,0,0,0.10881246,0,0,0,0.020813555,0.020813555,0.036126473,0.036126473,0.027203115,0.027203115,0.036126473,NA,NA,NA,NA,NA,NA,NA,NA,NA,NA,NA,NA,NA,NA,NA,Stable
MI0017266,hsa-mir-4639,hsa-miR-4639-3p,chr6:16141603-16141622,+,Single miR only,hsa-miR-4639-3p,0,0,0,0,0.439977145,0,0,0,0,0,0,0.166993445,0,0,0,0,0,0,0.109994286,0.109994286,0.041748361,0.041748361,0,0,0.109994286,NA,NA,NA,NA,NA,NA,NA,NA,NA,NA,NA,NA,NA,NA,NA,Stable
MI0017268,hsa-mir-4641,hsa-miR-4641,chr6:41598764-41598787,+,Single miR only,hsa-miR-4641,0,0.11187791,0,0,0,0,0.108951012,0,0,0,0,0,0,0,0,0,0.027969477,0.027969477,0.027237753,0.027237753,0,0,0,0,0.027969477,NA,NA,NA,NA,NA,NA,NA,NA,NA,NA,NA,NA,NA,NA,NA,Stable
MI0017269,hsa-mir-4642,hsa-miR-4642,chr6:44435650-44435671,+,Single miR only,hsa-miR-4642,0,0,0,0.185080169,0,0,0,0,0,0,0,0,0,0,0,0,0.046270042,0.046270042,0,0,0,0,0,0,0.046270042,NA,NA,NA,NA,NA,NA,NA,NA,NA,NA,NA,NA,NA,NA,NA,Stable
MI0017272,hsa-mir-4645,hsa-miR-4645-3p,chr6:2854040-2854061,-,Single miR only,hsa-miR-4645-3p,0.318613851,1.006901189,0.578280284,1.480641355,0.293318096,1.998101304,0.435804048,1.339268461,0.18409385,0.578023573,1.189989469,0.33398689,1.077828079,1.301714401,0.87049968,0.726535976,0.84610917,0.254700607,1.016622977,0.400824192,0.571523445,0.221560334,0.994144534,0.125334403,1.016622977,NA,0.230336059,1,-0.740779978,1,0.953442541,1,-0.510443918,1,0.442998622,1,0.212662563,1,NA,NA,Stable
MI0017272,hsa-mir-4645,hsa-miR-4645-5p,chr6:2854079-2854097,-,<10% RPMM,hsa-miR-4645-5p**,0,0,0,0,0,0,0,0,0,0.144505893,0,0,0,0,0,0,0,0,0,0,0.036126473,0.036126473,0,0,0.036126473,NA,NA,NA,NA,NA,NA,NA,NA,NA,NA,NA,NA,NA,NA,NA,Stable
MI0017274,hsa-mir-4647,hsa-miR-4647,chr6:44254253-44254275,-,Single miR only,hsa-miR-4647,0,0.33563373,0.433710213,0.370160339,0.293318096,0.582779547,0.217902024,0.191324066,0.552281549,0.867035359,1.189989469,0.166993445,0,0.289269867,0.65287476,0.484357317,0.28487607,0.097106352,0.321330933,0.089786516,0.694074955,0.218663896,0.356625486,0.140177735,0.694074955,NA,0.362165787,1,0.968270431,1,-1.038940755,1,1.330436218,1,0.291495463,1,-0.070670324,1,NA,NA,Stable
MI0017275,hsa-mir-4648,hsa-miR-4648,chr7:2527074-2527093,+,Single miR only,hsa-miR-4648,0,0,0,0.185080169,0,0,0.326853036,0,0,0,0,0.166993445,0,0,0,0,0.046270042,0.046270042,0.081713259,0.081713259,0.041748361,0.041748361,0,0,0.081713259,NA,NA,NA,NA,NA,NA,NA,NA,NA,NA,NA,NA,NA,NA,NA,Stable
MI0017276,hsa-mir-4649,hsa-miR-4649-5p,chr7:44110851-44110874,+,NA,hsa-miR-4649-5p,0.477920777,0.33563373,0.144570071,0.555240508,0.733295241,0.166508442,0.217902024,0.191324066,0.368187699,0.289011786,0.169998496,0.66797378,0,0.578539734,0.10881246,0,0.378341271,0.090223023,0.327257443,0.135752049,0.37379294,0.106181372,0.171838048,0.137971952,0.378341271,NA,-0.120240808,1,0.132702751,1,-0.978352111,1,0.012461943,NA,-0.965890168,1,-0.845649359,NA,NA,NA,Stable
MI0017276,hsa-mir-4649,hsa-miR-4649-3p,chr7:44110891-44110911,+,Single miR only,hsa-miR-4649-3p,1.274455405,0.671267459,0.722850355,0.555240508,0.293318096,0.333016884,0.54475506,0,0.368187699,0.289011786,0,0.500980335,0.67364255,0.4339048,0.10881246,0,0.805953432,0.160051425,0.29277251,0.112112613,0.289544955,0.105958391,0.304089953,0.153846519,0.805953432,NA,-1.299241654,1,-0.109929204,1,-0.058139891,1,-1.409170858,1,-1.467310749,1,-0.168069095,1,NA,NA,Stable
MI0017279,hsa-mir-4651,hsa-miR-4651,chr7:75915206-75915225,+,Single miR only,hsa-miR-4651,0.477920777,0.22375582,0,0.370160339,0.146659048,0,0,0,0,0,0,0,0,0,0,0,0.267959234,0.103394474,0.036664762,0.036664762,0,0,0,0,0.267959234,NA,NA,NA,NA,NA,NA,NA,NA,NA,NA,NA,NA,NA,NA,NA,Stable
MI0017281,hsa-mir-4653,hsa-miR-4653-5p,chr7:101159482-101159503,+,NA,hsa-miR-4653-5p,0,0,0,0,0,0.166508442,0,0,0,0,0,0,0,0,0,0,0,0,0.041627111,0.041627111,0,0,0,0,0.041627111,NA,NA,NA,NA,NA,NA,NA,NA,NA,NA,NA,NA,NA,NA,NA,Stable
MI0017281,hsa-mir-4653,hsa-miR-4653-3p,chr7:101159524-101159546,+,Single miR only,hsa-miR-4653-3p,0,0,0,0.370160339,0,0,0,0.382648132,0,0,0,0,0,0,0,0,0.092540085,0.092540085,0.095662033,0.095662033,0,0,0,0,0.095662033,NA,NA,NA,NA,NA,NA,NA,NA,NA,NA,NA,NA,NA,NA,NA,Stable
MI0017283,hsa-mir-4655,hsa-miR-4655-5p,chr7:1844223-1844244,-,Single miR only,hsa-miR-4655-5p,0,0,0,0,0,0,0.108951012,0,0,0,0,0,0,0,0,0.242178659,0,0,0.027237753,0.027237753,0,0,0.060544665,0.060544665,0.060544665,NA,NA,NA,NA,NA,NA,NA,NA,NA,NA,NA,NA,NA,NA,NA,Stable
MI0017285,hsa-mir-4657,hsa-miR-4657,chr7:44881778-44881800,-,Single miR only,hsa-miR-4657,0,0,0,0,0,0,0.435804048,0,0,0,0.849992478,0,0.13472851,0,0,0.484357317,0,0,0.108951012,0.108951012,0.212498119,0.212498119,0.154771457,0.114359436,0.212498119,NA,0.782679612,NA,0.534206386,1,1.112701883,1,1.316885997,NA,2.42958788,NA,1.646908268,NA,NA,NA,Stable
MI0017286,hsa-mir-4658,hsa-miR-4658,chr7:100156611-100156633,-,Single miR only,hsa-miR-4658,0,0,0,0,0,0,0,0,0,0,0,0,0,0,0.10881246,0,0,0,0,0,0,0,0.027203115,0.027203115,0.027203115,NA,NA,NA,NA,NA,NA,NA,NA,NA,NA,NA,NA,NA,NA,NA,Stable
MI0017287,hsa-mir-4659a,hsa-miR-4659a-5p,chr8:6745177-6745198,+,NA,hsa-miR-4659a-5p,0,0.11187791,0,0,0,0,0,0,0,0,0,0.166993445,0,0,0,0,0.027969477,0.027969477,0,0,0.041748361,0.041748361,0,0,0.041748361,NA,NA,NA,NA,NA,NA,NA,NA,NA,NA,NA,NA,NA,NA,NA,Stable
MI0017287,hsa-mir-4659a,hsa-miR-4659a-3p,chr8:6745212-6745233,+,Single miR only,hsa-miR-4659a-3p,0,0.11187791,0.289140142,0,0.293318096,0.249762663,0.54475506,0.191324066,0,0,0,0,0,0,0,0,0.100254513,0.06826103,0.319789971,0.077844591,0,0,0,0,0.319789971,NA,1.831979932,NA,-3.3535311,1,0,1,-1.521551168,NA,-1.63294564,NA,-3.464925572,NA,NA,NA,Stable
MI0017288,hsa-mir-4660,hsa-miR-4660,chr8:9048453-9048475,+,Single miR only,hsa-miR-4660,0,0.559389549,0,0,0,0.083254221,0,0,0,0.722529466,0,0,0.26945702,0,0.10881246,0,0.139847387,0.139847387,0.020813555,0.020813555,0.180632366,0.180632366,0.09456737,0.063688884,0.180632366,NA,-0.819574682,NA,1.009515955,1,0.995548198,1,0.189941273,NA,1.18548947,NA,2.005064153,NA,NA,NA,Stable
MI0017289,hsa-mir-4661,hsa-miR-4661-5p,chr8:91205494-91205515,+,Single miR only,hsa-miR-4661-5p,1.11514848,0.33563373,0.144570071,1.110481016,0.293318096,0.666033768,0.871608096,1.147944395,0.18409385,1.300553039,0.509995487,0.166993445,0.40418553,0.289269867,1.74099936,1.453071952,0.676458324,0.254933205,0.744726089,0.17996428,0.540408955,0.265383936,0.971881677,0.36643825,0.971881677,NA,0.048246673,1,-0.391194332,1,0.742674178,1,-0.342947659,1,0.399726519,1,0.351479846,1,NA,NA,Stable
MI0017289,hsa-mir-4661,hsa-miR-4661-3p,chr8:91205531-91205552,+,>20% RPMM,hsa-miR-4661-3p,0,0.33563373,0,0.185080169,0,0.166508442,0,0,0,0,0.169998496,0.500980335,0.13472851,0,0,0,0.130178475,0.081198793,0.041627111,0.041627111,0.167744708,0.118084587,0.033682127,0.033682127,0.167744708,NA,-0.995116447,NA,1.663351036,1,-1.68562896,1,0.668234589,NA,-1.017394371,NA,-0.022277924,NA,NA,NA,Stable
MI0017290,hsa-mir-4662a,hsa-miR-4662a-5p,chr8:124821990-124822011,+,Single miR only,hsa-miR-4662a-5p,5.257128547,7.495819962,14.31243703,14.25117304,7.626270507,8.491930543,12.74726841,8.609582963,7.731941682,5.92474162,8.32992628,15.02941005,11.45192334,4.917587738,10.881246,7.265359758,10.32913964,2.327409164,9.368763105,1.147307295,9.254004908,1.991856261,8.629029209,1.545843996,10.32913964,0.997263686,-0.034643061,1,-0.109698415,1,-0.033805713,1,-0.144341475,1,-0.178147189,1,-0.143504128,1,NA,NA,Stable
MI0017290,hsa-mir-4662a,hsa-miR-4662a-3p,chr8:124822027-124822048,+,<1% RPMM,hsa-miR-4662a-3p***,0,0.11187791,0,0,0,0.166508442,0,0.191324066,0,0,0,0,0.26945702,0,0,0,0.027969477,0.027969477,0.089458127,0.051896478,0,0,0.067364255,0.067364255,0.089458127,NA,NA,NA,NA,NA,NA,NA,NA,NA,NA,NA,NA,NA,NA,NA,Stable
MI0017291,hsa-mir-4659b,hsa-miR-4659b-3p,chr8:6745175-6745196,-,NA,hsa-miR-4659b-3p,0,0.11187791,0,0,0,0,0,0,0,0,0,0.166993445,0,0,0,0,0.027969477,0.027969477,0,0,0.041748361,0.041748361,0,0,0.041748361,NA,NA,NA,NA,NA,NA,NA,NA,NA,NA,NA,NA,NA,NA,NA,Stable
MI0017291,hsa-mir-4659b,hsa-miR-4659b-5p,chr8:6745213-6745231,-,Single miR only,hsa-miR-4659b-5p,0,0.11187791,0.289140142,0,0.293318096,0.249762663,0.54475506,0.191324066,0,0,0,0,0,0,0,0,0.100254513,0.06826103,0.319789971,0.077844591,0,0,0,0,0.319789971,NA,1.831979932,NA,-3.3535311,1,0,1,-1.521551168,NA,-1.63294564,NA,-3.464925572,NA,NA,NA,Stable
MI0017293,hsa-mir-4662b,hsa-miR-4662b,chr8:124821988-124822009,-,Single miR only,hsa-miR-4662b,5.257128547,7.495819962,14.31243703,14.25117304,7.626270507,8.491930543,12.74726841,8.609582963,7.731941682,5.92474162,8.32992628,15.02941005,11.45192334,4.917587738,10.881246,7.265359758,10.32913964,2.327409164,9.368763105,1.147307295,9.254004908,1.991856261,8.629029209,1.545843996,10.32913964,0.997263686,-0.034643061,1,-0.109698415,1,-0.033805713,1,-0.144341475,1,-0.178147189,1,-0.143504128,1,NA,NA,Stable
MI0017294,hsa-mir-4664,hsa-miR-4664-3p,chr8:143733089-143733110,-,Single miR only,hsa-miR-4664-3p,0,0,0,0,0,0,0.108951012,0.382648132,0,0,0.169998496,0,0.53891404,0,0.10881246,0,0,0,0.122899786,0.0903108,0.042499624,0.042499624,0.161931625,0.12825141,0.161931625,NA,NA,NA,NA,NA,NA,NA,NA,NA,NA,NA,NA,NA,NA,NA,Stable
MI0017295,hsa-mir-4665,hsa-miR-4665-3p,chr9:6007871-6007896,+,NA,hsa-miR-4665-3p,0,0,0,0,0.146659048,0,0,0,0,0,0,0,0,0,0,0,0,0,0.036664762,0.036664762,0,0,0,0,0.036664762,NA,NA,NA,NA,NA,NA,NA,NA,NA,NA,NA,NA,NA,NA,NA,Stable
MI0017295,hsa-mir-4665,hsa-miR-4665-5p,chr9:6007835-6007857,+,Single miR only,hsa-miR-4665-5p,0.159306926,0.22375582,0,0.925400847,0.293318096,0.166508442,0,0.382648132,0,0.289011786,0.169998496,0.33398689,0.40418553,0,0,0.242178659,0.327115898,0.204896894,0.210618668,0.083035769,0.198249293,0.074589664,0.161591047,0.098982229,0.327115898,NA,-0.420808696,NA,0.258320801,1,-0.635102416,1,-0.162487895,NA,-0.797590311,1,-0.376781615,NA,NA,NA,Stable
MI0017296,hsa-mir-4666a,hsa-miR-4666a-3p,chr1:228462125-228462145,+,Single miR only,hsa-miR-4666a-3p,0,0,0,0,0,0.083254221,0,0,0,0,0,0,0,0.144634933,0,0,0,0,0.020813555,0.020813555,0,0,0.036158733,0.036158733,0.036158733,NA,NA,NA,NA,NA,NA,NA,NA,NA,NA,NA,NA,NA,NA,NA,Stable
MI0017297,hsa-mir-4667,hsa-miR-4667-5p,chr9:35608096-35608117,+,Single miR only,hsa-miR-4667-5p,0.159306926,0.22375582,0.433710213,0,0.733295241,0.249762663,0.54475506,0.382648132,0.368187699,0.43351768,0.169998496,0.166993445,0.40418553,0.289269867,0.76168722,0.484357317,0.20419324,0.089800889,0.477615274,0.104409278,0.28467433,0.068391132,0.484874983,0.100580578,0.484874983,NA,1.205544585,1,-0.688953699,1,0.713961843,1,0.516590886,1,1.230552729,1,0.025008144,1,NA,NA,Stable
MI0017297,hsa-mir-4667,hsa-miR-4667-3p,chr9:35608139-35608159,+,NA,hsa-miR-4667-3p,0,0.11187791,0,0,0,0.416271105,0,0,0.18409385,0.144505893,0,0,0.26945702,0,0.21762492,0,0.027969477,0.027969477,0.104067776,0.104067776,0.082149936,0.048112759,0.121770485,0.071095879,0.121770485,NA,0.66234554,NA,0.2125709,1,1.054629758,1,0.874916441,NA,1.929546199,NA,1.267200659,NA,NA,NA,Stable
MI0017298,hsa-mir-4668,hsa-miR-4668-5p,chr9:111932100-111932122,+,Single miR only,hsa-miR-4668-5p,0.796534628,0.559389549,0.722850355,0.555240508,0.146659048,0,0.762657084,0.765296263,0.368187699,0.144505893,1.019990973,1.168954115,0.40418553,0.289269867,0.43524984,0.242178659,0.65850376,0.060332365,0.418653099,0.201608409,0.67540967,0.248087107,0.342720974,0.045921365,0.67540967,NA,-1.078494609,1,0.780167126,1,-0.676428371,1,-0.298327483,1,-0.974755854,1,0.103738755,1,NA,NA,Stable
MI0017298,hsa-mir-4668,hsa-miR-4668-3p,chr9:111932147-111932169,+,NA,hsa-miR-4668-3p,0,0.11187791,0.144570071,0.185080169,0,0,0.108951012,0,0,0,0,0,0,0,0.10881246,0,0.110382038,0.039723067,0.027237753,0.027237753,0,0,0.027203115,0.027203115,0.110382038,NA,NA,NA,NA,NA,NA,NA,NA,NA,NA,NA,NA,NA,NA,NA,Stable
MI0017299,hsa-mir-219b,hsa-miR-219b-5p,chr9:128392634-128392655,+,Single miR only,hsa-miR-219b-5p,0.477920777,0,0.144570071,0.185080169,0.146659048,0.582779547,0.326853036,0,0.18409385,0.144505893,0.849992478,0.500980335,0.13472851,0.289269867,0.5440623,0.968714634,0.201892754,0.100216726,0.264072908,0.125510883,0.419893139,0.164063,0.484193828,0.182223765,0.484193828,NA,0.64478544,1,0.293139006,1,0.22328898,1,0.937924446,NA,1.161213426,1,0.516427986,NA,NA,NA,Stable
MI0017299,hsa-mir-219b,hsa-miR-219b-3p,chr9:128392676-128392698,+,NA,hsa-miR-219b-3p,0,0,0,0,0,0.083254221,0.108951012,0,0,0,0,0,0.67364255,0,0,0,0,0,0.048051308,0.028233956,0,0,0.168410637,0.168410637,0.168410637,NA,NA,NA,NA,NA,NA,NA,NA,NA,NA,NA,NA,NA,NA,NA,Stable
MI0017300,hsa-mir-4669,hsa-miR-4669,chr9:134379449-134379470,+,Single miR only,hsa-miR-4669,0,0,0,0,0.293318096,0,0,0,0.736375398,0,0,0,0.40418553,0,0,0,0,0,0.073329524,0.073329524,0.18409385,0.18409385,0.101046382,0.101046382,0.18409385,NA,NA,NA,NA,NA,NA,NA,NA,NA,NA,NA,NA,NA,NA,NA,Stable
MI0017301,hsa-mir-4670,hsa-miR-4670-3p,chr9:92527991-92528012,-,NA,hsa-miR-4670-3p,0,0,0,0,0,0.083254221,0.217902024,0,0,0.289011786,0,0.166993445,0.13472851,0.4339048,0.21762492,0,0,0,0.075289061,0.05142858,0.114001308,0.070373664,0.196564558,0.090937365,0.196564558,NA,1.509697049,NA,0.44374249,1,0.719978737,1,1.953439539,NA,2.673418276,NA,1.163721227,NA,NA,NA,Stable
MI0017301,hsa-mir-4670,hsa-miR-4670-5p,chr9:92528030-92528051,-,Single miR only,hsa-miR-4670-5p,0.159306926,0,0.289140142,0.370160339,0,0.166508442,0,0,0.18409385,0,0,0.166993445,0,0.144634933,0.10881246,0,0.204651852,0.080865049,0.041627111,0.041627111,0.087771824,0.050795164,0.063361848,0.03730563,0.204651852,NA,-1.927280295,NA,0.649809003,1,-0.202111952,1,-1.277471292,NA,-1.479583243,NA,0.447697052,NA,NA,NA,Stable
MI0017302,hsa-mir-4671,hsa-miR-4671-3p,chr1:234306512-234306532,+,Single miR only,hsa-miR-4671-3p,0,0,0,0,0,0.083254221,0,0,0,0,0,0,0,0,0,0,0,0,0.020813555,0.020813555,0,0,0,0,0.020813555,NA,NA,NA,NA,NA,NA,NA,NA,NA,NA,NA,NA,NA,NA,NA,Stable
MI0017302,hsa-mir-4671,hsa-miR-4671-5p,chr1:234306476-234306497,+,NA,hsa-miR-4671-5p,0,0,0,0,0,0.083254221,0,0,0,0,0,0,0,0,0,0,0,0,0.020813555,0.020813555,0,0,0,0,0.020813555,NA,NA,NA,NA,NA,NA,NA,NA,NA,NA,NA,NA,NA,NA,NA,Stable
MI0017303,hsa-mir-4672,hsa-miR-4672,chr9:127869425-127869445,-,Single miR only,hsa-miR-4672,0.318613851,0,0,0,0,0,0.217902024,0,0.18409385,0,0.169998496,0.166993445,0.53891404,0,0,0,0.079653463,0.079653463,0.054475506,0.054475506,0.130271448,0.043583487,0.13472851,0.13472851,0.13472851,NA,0.372854303,NA,0.800166469,1,-0.665601186,1,1.173020773,NA,0.507419586,NA,0.134565283,NA,NA,NA,Stable
MI0017304,hsa-mir-4673,hsa-miR-4673,chr9:136519604-136519625,-,Single miR only,hsa-miR-4673,0,0,0,0,0,0.083254221,0,0,0,0,0,0,0.13472851,0.144634933,0,0,0,0,0.020813555,0.020813555,0,0,0.069840861,0.040373312,0.069840861,NA,NA,NA,NA,NA,NA,NA,NA,NA,NA,NA,NA,NA,NA,NA,Stable
MI0017305,hsa-mir-4674,hsa-miR-4674,chr9:136546182-136546202,-,Single miR only,hsa-miR-4674,0,0,0,0.185080169,0,0,0,0,0,0,0,0,0,0,0,0,0.046270042,0.046270042,0,0,0,0,0,0,0.046270042,NA,NA,NA,NA,NA,NA,NA,NA,NA,NA,NA,NA,NA,NA,NA,Stable
MI0017307,hsa-mir-4676,hsa-miR-4676-5p,chr10:72721038-72721058,+,NA,hsa-miR-4676-5p,0,0.11187791,0,0,0,0,0,0,0,0,0,0,0.13472851,0,0.10881246,0,0.027969477,0.027969477,0,0,0,0,0.060885242,0.035547939,0.060885242,NA,NA,NA,NA,NA,NA,NA,NA,NA,NA,NA,NA,NA,NA,NA,Stable
MI0017307,hsa-mir-4676,hsa-miR-4676-3p,chr10:72721072-72721093,+,Single miR only,hsa-miR-4676-3p,0,0.11187791,0.289140142,0,0.293318096,0.333016884,0,0,0.368187699,0.43351768,0.169998496,0,0.13472851,0.4339048,0.32643738,0.484357317,0.100254513,0.06826103,0.156583745,0.090766125,0.242925969,0.098466214,0.344857002,0.077396767,0.344857002,NA,0.476386509,NA,0.555829761,1,0.786528319,1,1.03221627,NA,1.81874459,1,1.34235808,NA,NA,NA,Stable
MI0017308,hsa-mir-4677,hsa-miR-4677-5p,chr1:243346188-243346209,+,<10% RPMM,hsa-miR-4677-5p**,0.159306926,0.671267459,0.144570071,0.555240508,0.146659048,0.333016884,0.217902024,0,0,0.43351768,0.679993982,1.33594756,0.40418553,1.157079468,0.43524984,1.453071952,0.382596241,0.135293413,0.174394489,0.069663873,0.612364805,0.279153879,0.862396697,0.262701844,0.862396697,NA,-0.834287691,1,1.442717933,1,0.576218549,1,0.608430242,1,1.184648791,1,2.018936482,0.758773204,NA,NA,Stable
MI0017308,hsa-mir-4677,hsa-miR-4677-3p,chr1:243346225-243346246,+,Single miR only,hsa-miR-4677-3p,10.03633632,18.79548886,9.830764829,22.57978066,12.02604195,19.98101304,14.38153359,17.41048999,7.179660133,14.7396011,12.91988566,25.88398398,14.41595056,17.50082695,10.99005846,19.61647135,15.31059267,3.199373489,15.94976964,1.737805862,15.18078272,3.914532502,15.63082683,1.879603639,15.94976964,0.992535394,0.163928491,1,-0.202638422,1,0.144395097,1,-0.038709931,1,0.105685166,1,-0.058243325,1,NA,NA,Stable
MI0017310,hsa-mir-4679-1,hsa-miR-4679,chr10:89063344-89063365,+,Single miR only,hsa-miR-4679,0,0.33563373,0,0,0,0,0,0,0,0,0,0.166993445,0,0,0,0,0.083908432,0.083908432,0,0,0.041748361,0.041748361,0,0,0.083908432,NA,NA,NA,NA,NA,NA,NA,NA,NA,NA,NA,NA,NA,NA,NA,Stable
MI0017311,hsa-mir-4679-2,hsa-miR-4679,chr10:89063381-89063402,-,Single miR only,hsa-miR-4679,0,0.22375582,0,0,0,0,0,0,0,0,0,0,0,0,0,0,0.055938955,0.055938955,0,0,0,0,0,0,0.055938955,NA,NA,NA,NA,NA,NA,NA,NA,NA,NA,NA,NA,NA,NA,NA,Stable
MI0017312,hsa-mir-4680,hsa-miR-4680-5p,chr10:110898094-110898116,+,NA,hsa-miR-4680-5p,0,0,0,0,0,0.083254221,0,0,0,0,0,0,0,0,0,0,0,0,0.020813555,0.020813555,0,0,0,0,0.020813555,NA,NA,NA,NA,NA,NA,NA,NA,NA,NA,NA,NA,NA,NA,NA,Stable
MI0017312,hsa-mir-4680,hsa-miR-4680-3p,chr10:110898131-110898151,+,Single miR only,hsa-miR-4680-3p,0,0,0,0,0,0,0,0,0,0,0,0.166993445,0.13472851,0.289269867,0,0,0,0,0,0,0.041748361,0.041748361,0.105999594,0.068850788,0.105999594,NA,NA,NA,NA,NA,NA,NA,NA,NA,NA,NA,NA,NA,NA,NA,Stable
MI0017314,hsa-mir-4682,hsa-miR-4682,chr10:119958522-119958544,+,Single miR only,hsa-miR-4682,0,0.559389549,0.144570071,1.295561185,0.439977145,0.582779547,0,0.191324066,0,1.156047145,0,0.33398689,0.26945702,0.578539734,0.21762492,0.968714634,0.499880201,0.290513209,0.303520189,0.129524375,0.372508509,0.272785308,0.508584077,0.172832507,0.508584077,NA,-0.394313497,1,-0.182856819,1,0.959543087,1,-0.577170316,1,0.382372771,1,0.776686268,1,NA,NA,Stable
MI0017315,hsa-mir-4683,hsa-miR-4683,chr10:35641181-35641203,-,Single miR only,hsa-miR-4683,0,0.11187791,0,0,0.146659048,0,0.108951012,0,0,0,0.339996991,0,0,0,0,0.242178659,0.027969477,0.027969477,0.063902515,0.037688497,0.084999248,0.084999248,0.060544665,0.060544665,0.084999248,NA,NA,NA,NA,NA,NA,NA,NA,NA,NA,NA,NA,NA,NA,NA,Stable
MI0017316,hsa-mir-4684,hsa-miR-4684-3p,chr1:22719566-22719587,+,Single miR only,hsa-miR-4684-3p,0.159306926,0,0,0,0,0,0,0.382648132,0,0,0,0,0,0,0,0,0.039826731,0.039826731,0.095662033,0.095662033,0,0,0,0,0.095662033,NA,NA,NA,NA,NA,NA,NA,NA,NA,NA,NA,NA,NA,NA,NA,Stable
MI0017317,hsa-mir-4685,hsa-miR-4685-3p,chr10:98431292-98431313,-,Single miR only,hsa-miR-4685-3p,0.637227703,1.118779099,1.011990497,1.850801693,0.146659048,0.416271105,1.08951012,1.339268461,0.736375398,1.156047145,1.359987964,1.66993445,1.077828079,0.723174667,0.43524984,0.968714634,1.154699748,0.253967101,0.747927184,0.279565516,1.230586239,0.195697915,0.801241805,0.142767793,1.230586239,NA,-0.662410723,1,0.762722854,1,-0.519343624,1,0.100312131,1,-0.419031493,1,0.243379231,1,NA,NA,Stable
MI0017317,hsa-mir-4685,hsa-miR-4685-5p,chr10:98431332-98431357,-,<10% RPMM,hsa-miR-4685-5p**,0,0.11187791,0,0.185080169,0,0,0.108951012,0,0,0,0.169998496,0,0,0,0,0,0.07423952,0.045392098,0.027237753,0.027237753,0.042499624,0.042499624,0,0,0.07423952,NA,NA,NA,NA,NA,NA,NA,NA,NA,NA,NA,NA,NA,NA,NA,Stable
MI0017319,hsa-mir-4687,hsa-miR-4687-5p,chr11:3856073-3856094,+,Single miR only,hsa-miR-4687-5p,0,0.559389549,0.433710213,0.185080169,0.439977145,0.499525326,0.108951012,1.147944395,0.920469248,1.156047145,1.869983451,0.66797378,0.80837106,0.4339048,0.87049968,0.484357317,0.294544983,0.125249384,0.549099469,0.217315283,1.153618406,0.258746016,0.649283214,0.110993273,1.153618406,NA,0.846378719,1,1.062611571,1,-0.723174749,1,1.90899029,0.724443834,1.185815541,1,0.339436822,1,NA,NA,Stable
MI0017319,hsa-mir-4687,hsa-miR-4687-3p,chr11:3856113-3856133,+,NA,hsa-miR-4687-3p,0,0,0.144570071,0.185080169,0.146659048,0,0.435804048,0.191324066,0,0,0.509995487,0,0,0.289269867,0.43524984,0,0.08241256,0.048294111,0.193446791,0.0905319,0.127498872,0.127498872,0.181129927,0.108737941,0.193446791,NA,1.118801828,NA,-1.031317486,1,1.10290059,1,0.087484342,NA,1.190384932,NA,0.071583104,NA,NA,NA,Stable
MI0017320,hsa-mir-1343,hsa-miR-1343-3p,chr11:34941888-34941909,+,Single miR only,hsa-miR-1343-3p,4.460593919,2.908825657,3.903391917,4.441924064,3.079840013,4.495727935,4.140138457,11.86209208,3.129595443,6.213753406,5.949947343,5.176796795,1.616742119,3.181968536,5.331810539,6.538823782,3.928683889,0.36367273,5.894449622,2.011815387,5.117523247,0.69821324,4.167336244,1.097589535,5.894449622,0.978328934,0.443378091,1,-0.108878358,1,-0.370255495,1,0.334499733,1,-0.035755762,1,-0.479133853,1,NA,NA,Stable
MI0017320,hsa-mir-1343,hsa-miR-1343-5p,chr11:34941851-34941872,+,<1% RPMM,hsa-miR-1343-5p***,0,0,0,0,0.146659048,0,0,0.382648132,0,0,0,0,0,0,0,0.242178659,0,0,0.132326795,0.090317471,0,0,0.060544665,0.060544665,0.132326795,NA,NA,NA,NA,NA,NA,NA,NA,NA,NA,NA,NA,NA,NA,NA,Stable
MI0017321,hsa-mir-4688,hsa-miR-4688,chr11:46376456-46376477,+,Single miR only,hsa-miR-4688,0.637227703,0.22375582,0,0.185080169,0.293318096,0.249762663,0,0.191324066,0.368187699,0,0.339996991,0.166993445,0.26945702,0.4339048,0,0,0.261515923,0.134417933,0.183601206,0.064668501,0.218794534,0.085421872,0.175840455,0.106927155,0.261515923,NA,-0.379131914,NA,0.674508968,1,-0.757525035,1,0.295377054,NA,-0.462147981,1,-0.083016067,NA,NA,NA,Stable
MI0017322,hsa-mir-4689,hsa-miR-4689,chr1:5862711-5862732,-,Single miR only,hsa-miR-4689,0,0,0,0,0,0.083254221,0,0.382648132,0.18409385,0,0.169998496,0.166993445,0.40418553,0.578539734,0.10881246,0.242178659,0,0,0.116475588,0.090868315,0.130271448,0.043583487,0.333429096,0.101597643,0.333429096,NA,1.637527333,NA,0.580312112,1,1.436130001,1,2.217839445,NA,3.653969446,NA,2.016442113,NA,NA,NA,Stable
MI0017323,hsa-mir-4690,hsa-miR-4690-5p,chr11:65636310-65636331,+,Single miR only,hsa-miR-4690-5p,0,0,0,0.185080169,1.173272386,0.166508442,0.217902024,0.765296263,0.368187699,0.578023573,0.339996991,0.834967225,0,0,0.10881246,0.242178659,0.046270042,0.046270042,0.580744779,0.239512495,0.530293872,0.114599044,0.08774778,0.057512291,0.580744779,NA,3.504119907,0.437452776,0.041627372,1,-2.794774467,0.824500004,3.545747279,NA,0.750972812,1,-2.753147095,NA,NA,NA,Stable
MI0017323,hsa-mir-4690,hsa-miR-4690-3p,chr11:65636348-65636368,+,NA,hsa-miR-4690-3p,0,0.22375582,0,0,0,0,0.326853036,0,0,0.43351768,0.509995487,0.500980335,0,0.144634933,0.10881246,0,0.055938955,0.055938955,0.081713259,0.081713259,0.361123375,0.121577788,0.063361848,0.03730563,0.361123375,NA,0.208907,NA,1.959476602,1,-2.089624494,1,2.168383602,NA,0.078759108,NA,-0.130147893,NA,NA,NA,Stable
MI0017324,hsa-mir-4691,hsa-miR-4691-3p,chr11:68033949-68033971,+,Single miR only,hsa-miR-4691-3p,0,0,0,0,0,0.166508442,0,0,0,0,0,0,0,0,0,0,0,0,0.041627111,0.041627111,0,0,0,0,0.041627111,NA,NA,NA,NA,NA,NA,NA,NA,NA,NA,NA,NA,NA,NA,NA,Stable
MI0017327,hsa-mir-4694,hsa-miR-4694-3p,chr11:19760013-19760033,-,NA,hsa-miR-4694-3p,0,0,0,0,0,0.249762663,0.108951012,0,0,0,0.169998496,0.66797378,0,0,0.10881246,0,0,0,0.089678419,0.05921911,0.209493069,0.157992372,0.027203115,0.027203115,0.209493069,NA,NA,NA,NA,NA,NA,NA,NA,NA,NA,NA,NA,NA,NA,NA,Stable
MI0017327,hsa-mir-4694,hsa-miR-4694-5p,chr11:19760053-19760074,-,Single miR only,hsa-miR-4694-5p,0,0.11187791,0,0.370160339,0,0.083254221,0.653706072,0.191324066,0,0.43351768,0,0.66797378,0,0,0.10881246,0,0.120509562,0.087295058,0.23207109,0.14589946,0.275372865,0.166033553,0.027203115,0.027203115,0.275372865,NA,0.922011836,NA,0.223135017,1,-2.221946096,1,1.145146853,NA,-1.076799242,NA,-1.998811078,NA,NA,NA,Stable
MI0017328,hsa-mir-4695,hsa-miR-4695-5p,chr1:18883250-18883271,-,Single miR only,hsa-miR-4695-5p,0,0,0,0,0,0,0,0,0,0,0,0.166993445,0,0,0,0.242178659,0,0,0,0,0.041748361,0.041748361,0.060544665,0.060544665,0.060544665,NA,NA,NA,NA,NA,NA,NA,NA,NA,NA,NA,NA,NA,NA,NA,Stable
MI0017330,hsa-mir-4697,hsa-miR-4697-3p,chr11:133898506-133898529,-,Single miR only,hsa-miR-4697-3p,0,0,1.879410923,1.110481016,0.293318096,0,4.140138457,1.530592527,0.920469248,0.144505893,6.629941325,1.66993445,0,0,2.50268658,2.663965244,0.747472985,0.459210378,1.49101227,0.943266712,2.341212729,1.463097185,1.291662956,0.74646825,2.341212729,0.593990071,1.048262435,1,0.934437497,1,-1.217386115,1,1.982699932,0.430915219,0.765313817,1,-0.282948618,1,NA,NA,Stable
MI0017331,hsa-mir-4698,hsa-miR-4698,chr12:47187860-47187882,+,Single miR only,hsa-miR-4698,0,0,0,0,0,0,0,0,0,0,0,0,0,0.144634933,0,0,0,0,0,0,0,0,0.036158733,0.036158733,0.036158733,NA,NA,NA,NA,NA,NA,NA,NA,NA,NA,NA,NA,NA,NA,NA,Stable
MI0017332,hsa-mir-4699,hsa-miR-4699-5p,chr12:81158397-81158418,+,Single miR only,hsa-miR-4699-5p,0,0.22375582,0,0,0,0,0,0,0,0,0,0,0,0,0.10881246,0,0.055938955,0.055938955,0,0,0,0,0.027203115,0.027203115,0.055938955,NA,NA,NA,NA,NA,NA,NA,NA,NA,NA,NA,NA,NA,NA,NA,Stable
MI0017333,hsa-mir-4700,hsa-miR-4700-3p,chr12:120723233-120723258,+,NA,hsa-miR-4700-3p,0,0,0,0.925400847,0.146659048,0,0,0.191324066,0,0,0.169998496,0,0.13472851,0,0,0,0.231350212,0.231350212,0.084495779,0.049628309,0.042499624,0.042499624,0.033682127,0.033682127,0.231350212,NA,NA,NA,NA,NA,NA,NA,NA,NA,NA,NA,NA,NA,NA,NA,Stable
MI0017333,hsa-mir-4700,hsa-miR-4700-5p,chr12:120723202-120723223,+,Single miR only,hsa-miR-4700-5p,0,0,0.144570071,0.185080169,0.146659048,0,0,0.382648132,0,0,0,1.168954115,0.26945702,0,0,0,0.08241256,0.048294111,0.132326795,0.090317471,0.292238529,0.292238529,0.067364255,0.067364255,0.292238529,NA,-0.074952995,NA,0.553134857,1,-0.401722539,1,0.478181862,NA,0.076459323,NA,0.151412318,NA,NA,NA,Stable
MI0017334,hsa-mir-4701,hsa-miR-4701-5p,chr12:48772014-48772035,-,Single miR only,hsa-miR-4701-5p,0,0,0,0,0,0,0.108951012,0,0,0,0,0,0,0,0,0,0,0,0.027237753,0.027237753,0,0,0,0,0.027237753,NA,NA,NA,NA,NA,NA,NA,NA,NA,NA,NA,NA,NA,NA,NA,Stable
MI0017335,hsa-mir-3198-2,hsa-miR-3198,chr12:54231407-54231428,-,Single miR only,hsa-miR-3198,0,0,0,0.185080169,0,0,0,0,0,0,0,0,0,0,0,0,0.046270042,0.046270042,0,0,0,0,0,0,0.046270042,NA,NA,NA,NA,NA,NA,NA,NA,NA,NA,NA,NA,NA,NA,NA,Stable
MI0017337,hsa-mir-4704,hsa-miR-4704-5p,chr13:66218259-66218280,+,NA,hsa-miR-4704-5p,0,0,0,0,0,0.083254221,0,0,0,0,0,0,0,0,0,0,0,0,0.020813555,0.020813555,0,0,0,0,0.020813555,NA,NA,NA,NA,NA,NA,NA,NA,NA,NA,NA,NA,NA,NA,NA,Stable
MI0017337,hsa-mir-4704,hsa-miR-4704-3p,chr13:66218296-66218317,+,Single miR only,hsa-miR-4704-3p,0,0,0,0,0,0,0,0,0,0,0,0,0.13472851,0,0,0,0,0,0,0,0,0,0.033682127,0.033682127,0.033682127,NA,NA,NA,NA,NA,NA,NA,NA,NA,NA,NA,NA,NA,NA,NA,Stable
MI0017339,hsa-mir-4706,hsa-miR-4706,chr14:65044697-65044721,+,Single miR only,hsa-miR-4706,0.159306926,0,0.289140142,0,0,0.083254221,0,0,0.18409385,0,0.509995487,0.166993445,0,0,0,0,0.112111767,0.069943147,0.020813555,0.020813555,0.215270695,0.106656326,0,0,0.215270695,NA,NA,NA,NA,NA,NA,NA,NA,NA,NA,NA,NA,NA,NA,NA,Stable
MI0017340,hsa-mir-4707,hsa-miR-4707-3p,chr14:22956957-22956978,-,Single miR only,hsa-miR-4707-3p,0.955841554,0.22375582,0.144570071,0.185080169,0,0,0.108951012,0.382648132,0.368187699,0.289011786,0,0.166993445,0.13472851,0.289269867,0,0,0.377311904,0.193519557,0.122899786,0.0903108,0.206048233,0.080183804,0.105999594,0.068850788,0.377311904,NA,-1.41543653,NA,0.530047703,1,-0.789184382,1,-0.885388828,NA,-1.67457321,1,-0.259136679,NA,NA,NA,Stable
MI0017341,hsa-mir-4708,hsa-miR-4708-3p,chr14:65335123-65335144,-,Single miR only,hsa-miR-4708-3p,0,0,0,0,0,0,0,0,0.368187699,0.144505893,0,0,0,0,0,0,0,0,0,0,0.128173398,0.086953271,0,0,0.128173398,NA,NA,NA,NA,NA,NA,NA,NA,NA,NA,NA,NA,NA,NA,NA,Stable
MI0017342,hsa-mir-4709,hsa-miR-4709-5p,chr14:74480175-74480196,-,NA,hsa-miR-4709-5p,0.159306926,0.11187791,0,1.110481016,0.733295241,0.333016884,0.217902024,0,0.368187699,0,0.169998496,0,0.53891404,0.144634933,0.87049968,0,0.345416463,0.257198581,0.321053537,0.153786094,0.134546549,0.087583567,0.388512163,0.196924371,0.388512163,NA,-0.242118365,1,-1.617736103,1,1.7941927,1,-1.859854468,NA,-0.065661768,1,0.176456597,NA,NA,NA,Stable
MI0017342,hsa-mir-4709,hsa-miR-4709-3p,chr14:74480135-74480157,-,Single miR only,hsa-miR-4709-3p,0.318613851,0.33563373,0.289140142,2.035881863,0.733295241,0.083254221,0.217902024,0.382648132,0.368187699,1.011541252,1.019990973,0.33398689,0.67364255,0.4339048,0.32643738,0,0.744817396,0.430461956,0.354274904,0.140389704,0.683426704,0.192010954,0.358496183,0.139806703,0.744817396,NA,-1.016267147,1,1.158987522,1,-0.913500884,1,0.142720374,1,-0.77078051,1,0.245486637,1,NA,NA,Stable
MI0017343,hsa-mir-203b,hsa-miR-203b-5p,chr14:104117468-104117489,-,Single miR only,hsa-miR-203b-5p,0.796534628,0.671267459,1.44570071,0,0.586636193,1.581830199,2.941677325,2.104564724,0.552281549,0.578023573,1.019990973,1.502941005,0,4.628317871,0.43524984,0.484357317,0.728375699,0.296225325,1.80367711,0.492948822,0.913309275,0.223942716,1.386981257,1.085913698,1.80367711,0.989342575,1.216069323,1,-0.855940614,1,-0.040444597,1,0.360128709,1,0.319684112,1,-0.896385211,1,NA,NA,Stable
MI0017343,hsa-mir-203b,hsa-miR-203b-3p,chr14:104117428-104117450,-,NA,hsa-miR-203b-3p,0,0,0,0,0,0,0,0.382648132,0,0,0,0,0,0,0,0,0,0,0.095662033,0.095662033,0,0,0,0,0.095662033,NA,NA,NA,NA,NA,NA,NA,NA,NA,NA,NA,NA,NA,NA,NA,Stable
MI0017344,hsa-mir-4710,hsa-miR-4710,chr14:104677723-104677740,-,Single miR only,hsa-miR-4710,0.159306926,0,0,0,0,0,0,0,0,0,0,0,0.13472851,0,0,0,0.039826731,0.039826731,0,0,0,0,0.033682127,0.033682127,0.039826731,NA,NA,NA,NA,NA,NA,NA,NA,NA,NA,NA,NA,NA,NA,NA,Stable
MI0017345,hsa-mir-4711,hsa-miR-4711-5p,chr1:59733269-59733291,-,NA,hsa-miR-4711-5p,0,0,0.144570071,0,0,0,0.217902024,0,0,0,0,0,0,0,0,0.242178659,0.036142518,0.036142518,0.054475506,0.054475506,0,0,0.060544665,0.060544665,0.060544665,NA,NA,NA,NA,NA,NA,NA,NA,NA,NA,NA,NA,NA,NA,NA,Stable
MI0017345,hsa-mir-4711,hsa-miR-4711-3p,chr1:59733235-59733252,-,Single miR only,hsa-miR-4711-3p,0,0,0,0,0,0,0,0,0.552281549,0,0,0,0,0,0,0,0,0,0,0,0.138070387,0.138070387,0,0,0.138070387,NA,NA,NA,NA,NA,NA,NA,NA,NA,NA,NA,NA,NA,NA,NA,Stable
MI0017346,hsa-mir-4712,hsa-miR-4712-3p,chr15:50360385-50360405,+,Single miR only,hsa-miR-4712-3p,0.159306926,0,0.289140142,0.185080169,0,0.166508442,0,0.191324066,0.18409385,0,0,0,0,0,0.10881246,0.242178659,0.158381809,0.059788654,0.089458127,0.051896478,0.046023462,0.046023462,0.08774778,0.057512291,0.158381809,NA,NA,NA,NA,NA,NA,NA,NA,NA,NA,NA,NA,NA,NA,NA,Stable
MI0017348,hsa-mir-4714,hsa-miR-4714-3p,chr15:98784473-98784494,+,Single miR only,hsa-miR-4714-3p,0.159306926,0,0,0,0.146659048,0,0,0,0,0,0,0.166993445,0,0,0,0.242178659,0.039826731,0.039826731,0.036664762,0.036664762,0.041748361,0.041748361,0.060544665,0.060544665,0.060544665,NA,NA,NA,NA,NA,NA,NA,NA,NA,NA,NA,NA,NA,NA,NA,Stable
MI0017349,hsa-mir-4715,hsa-miR-4715-3p,chr15:25848758-25848780,-,NA,hsa-miR-4715-3p,0,0,0,0,0.146659048,0,0,0,0,0,0,0,0,0,0,0,0,0,0.036664762,0.036664762,0,0,0,0,0.036664762,NA,NA,NA,NA,NA,NA,NA,NA,NA,NA,NA,NA,NA,NA,NA,Stable
MI0017349,hsa-mir-4715,hsa-miR-4715-5p,chr15:25848795-25848816,-,Single miR only,hsa-miR-4715-5p,0,0,0.144570071,0.370160339,0,0.083254221,0,0,0,0,0,0,0,0,0,0,0.128682602,0.087408206,0.020813555,0.020813555,0,0,0,0,0.128682602,NA,NA,NA,NA,NA,NA,NA,NA,NA,NA,NA,NA,NA,NA,NA,Stable
MI0017350,hsa-mir-4716,hsa-miR-4716-5p,chr15:49169121-49169142,-,NA,hsa-miR-4716-5p,0,0,0,0,0.146659048,0,0,0,0,0,0.169998496,0,0,0,0.21762492,0,0,0,0.036664762,0.036664762,0.042499624,0.042499624,0.05440623,0.05440623,0.05440623,NA,NA,NA,NA,NA,NA,NA,NA,NA,NA,NA,NA,NA,NA,NA,Stable
MI0017350,hsa-mir-4716,hsa-miR-4716-3p,chr15:49169079-49169100,-,Single miR only,hsa-miR-4716-3p,0,0,0,0,0.146659048,0,0,0,0,0,0,0,0,0,0,0.242178659,0,0,0.036664762,0.036664762,0,0,0.060544665,0.060544665,0.060544665,NA,NA,NA,NA,NA,NA,NA,NA,NA,NA,NA,NA,NA,NA,NA,Stable
MI0017351,hsa-mir-3529,hsa-miR-3529-3p,chr15:88611856-88611879,-,Single miR only,hsa-miR-3529-3p,0,0,0.144570071,0,0,0.166508442,0,0.382648132,0.736375398,0,0.339996991,2.170914785,0.40418553,1.446349335,0.21762492,0,0.036142518,0.036142518,0.137289143,0.090715406,0.811821794,0.477362475,0.517039946,0.320589525,0.811821794,NA,1.1544689,1,2.773175397,1,-0.324056691,1,3.927644297,0.675318008,3.603587606,0.828155436,2.449118706,1,NA,NA,Stable
MI0017351,hsa-mir-3529,hsa-miR-3529-5p,chr15:88611894-88611915,-,NA,hsa-miR-3529-5p,0,0.11187791,0.144570071,0.185080169,0,0.249762663,0.108951012,0.191324066,0.368187699,0,0.339996991,0.166993445,0.13472851,0.4339048,0,0,0.110382038,0.039723067,0.137509435,0.054176586,0.218794534,0.085421872,0.142158328,0.102302324,0.218794534,NA,0.270427574,NA,0.935419228,1,-0.909332038,1,1.205846802,NA,0.296514764,NA,0.02608719,NA,NA,NA,Stable
MI0017352,hsa-mir-4717,hsa-miR-4717-3p,chr16:2274661-2274681,+,NA,hsa-miR-4717-3p,0.159306926,0.11187791,0,0.370160339,0.293318096,0,0,0.191324066,0,0,0,0,0.13472851,0,0.65287476,0,0.160336294,0.077504372,0.121160541,0.072984529,0,0,0.196900817,0.155273279,0.196900817,NA,-0.820207457,NA,-1.596540381,1,2.517106237,1,-2.416747838,NA,0.100358399,NA,0.920565856,NA,NA,NA,Stable
MI0017352,hsa-mir-4717,hsa-miR-4717-5p,chr16:2274629-2274650,+,Single miR only,hsa-miR-4717-5p,0.318613851,0,0,0.370160339,0,0,0,0.382648132,0,0.578023573,0.169998496,0.166993445,0,0,0.32643738,0,0.172193547,0.099971242,0.095662033,0.095662033,0.228753878,0.123012263,0.081609345,0.081609345,0.228753878,NA,-1.455859038,NA,2.296039502,1,-1.589797804,1,0.840180464,NA,-0.74961734,NA,0.706241699,NA,NA,NA,Stable
MI0017355,hsa-mir-4720,hsa-miR-4720-5p,chr16:81385021-81385042,+,Single miR only,hsa-miR-4720-5p,0,0,0,0,0,0.083254221,0,0,0,0,0,0,0,0,0.10881246,0,0,0,0.020813555,0.020813555,0,0,0.027203115,0.027203115,0.027203115,NA,NA,NA,NA,NA,NA,NA,NA,NA,NA,NA,NA,NA,NA,NA,Stable
MI0017356,hsa-mir-4721,hsa-miR-4721,chr16:28843927-28843948,-,Single miR only,hsa-miR-4721,0,0,0,0,0,0,0,0.191324066,0,0,0.169998496,0,0,0,0,0,0,0,0.047831016,0.047831016,0.042499624,0.042499624,0,0,0.047831016,NA,NA,NA,NA,NA,NA,NA,NA,NA,NA,NA,NA,NA,NA,NA,Stable
MI0017357,hsa-mir-4722,hsa-miR-4722-5p,chr16:88716315-88716337,-,Single miR only,hsa-miR-4722-5p,0,0,0.144570071,0.370160339,0.439977145,0.333016884,0.980559108,0,0.368187699,0.144505893,0.679993982,0,0.13472851,0,0.10881246,1.210893293,0.128682602,0.087408206,0.438388284,0.203559808,0.298171894,0.14810189,0.363608566,0.283932171,0.438388284,NA,2.512260142,1,-0.781039278,1,-0.433092145,1,1.731220864,NA,1.298128719,1,-1.214131422,NA,NA,NA,Stable
MI0017357,hsa-mir-4722,hsa-miR-4722-3p,chr16:88716278-88716299,-,NA,hsa-miR-4722-3p,0,0,0,0,0,0,0.108951012,0.191324066,0,0,0,0,0,0,0,0,0,0,0.075068769,0.046488297,0,0,0,0,0.075068769,NA,NA,NA,NA,NA,NA,NA,NA,NA,NA,NA,NA,NA,NA,NA,Stable
MI0017358,hsa-mir-4520-2,hsa-miR-4520-5p,chr17:6655449-6655468,+,Single miR only,hsa-miR-4520-5p,0,0,0,0,0,0,0,0.191324066,0,0,0.169998496,0,0,0,0,0,0,0,0.047831016,0.047831016,0.042499624,0.042499624,0,0,0.047831016,NA,NA,NA,NA,NA,NA,NA,NA,NA,NA,NA,NA,NA,NA,NA,Stable
MI0017359,hsa-mir-4723,hsa-miR-4723-5p,chr17:28360660-28360683,+,Single miR only,hsa-miR-4723-5p,0.159306926,0.22375582,0.578280284,0.740320677,0.293318096,0,0.435804048,0.191324066,0.18409385,0,0.169998496,1.00196067,0,0.289269867,0.21762492,0.242178659,0.425415927,0.139646373,0.230111553,0.091633448,0.339013254,0.224906513,0.187268361,0.064168014,0.425415927,NA,-0.792697027,1,0.207495628,1,-0.384530486,1,-0.585201399,NA,-0.969731885,1,-0.177034858,NA,NA,NA,Stable
MI0017359,hsa-mir-4723,hsa-miR-4723-3p,chr17:28360712-28360733,+,NA,hsa-miR-4723-3p,0,0,0,0,0,0,0,0.191324066,0,0.144505893,0,0.33398689,0,0,0.21762492,0,0,0,0.047831016,0.047831016,0.119623196,0.079157206,0.05440623,0.05440623,0.119623196,NA,NA,NA,NA,NA,NA,NA,NA,NA,NA,NA,NA,NA,NA,NA,Stable
MI0017362,hsa-mir-4725,hsa-miR-4725-5p,chr17:31575281-31575301,+,>20% RPMM,hsa-miR-4725-5p,0.955841554,0.22375582,0.433710213,0,0.146659048,0.083254221,0.108951012,0.191324066,0,0,0.509995487,0.33398689,0.943099569,0.578539734,0.5440623,1.210893293,0.403326897,0.204351403,0.132547087,0.023523821,0.210995594,0.12700593,0.819148724,0.158743201,0.819148724,NA,-1.56852835,1,0.56981856,1,2.070128125,0.960053863,-0.99870979,1,1.071418336,1,2.639946685,0.616919058,NA,NA,Stable
MI0017362,hsa-mir-4725,hsa-miR-4725-3p,chr17:31575326-31575347,+,Single miR only,hsa-miR-4725-3p,1.752376182,1.454412828,1.156560568,2.591122371,1.466590482,1.332067536,0.871608096,1.913240659,1.472750797,2.023082504,1.189989469,1.66993445,1.886199139,1.012444534,0.21762492,3.874858537,1.738617987,0.309100364,1.395876693,0.214397427,1.588939305,0.175047915,1.747781783,0.78664455,1.747781783,0.997263686,-0.266489382,1,0.191138821,1,-0.158481596,1,-0.075350561,1,-0.233832157,1,0.032657225,1,NA,NA,Stable
MI0017363,hsa-mir-4726,hsa-miR-4726-5p,chr17:38719691-38719713,+,Single miR only,hsa-miR-4726-5p,0,0.11187791,0,0.185080169,0,0.083254221,0.108951012,0,0,0,0.169998496,0.166993445,0,0,0,0,0.07423952,0.045392098,0.048051308,0.028233956,0.084247985,0.048644465,0,0,0.084247985,NA,NA,NA,NA,NA,NA,NA,NA,NA,NA,NA,NA,NA,NA,NA,Stable
MI0017364,hsa-mir-4727,hsa-miR-4727-3p,chr17:38825871-38825892,+,Single miR only,hsa-miR-4727-3p,0.159306926,0,0.144570071,0,0,0.083254221,0.326853036,0.191324066,0,0,0,0,0,0,0,0,0.075969249,0.043963901,0.150357831,0.07067482,0,0,0,0,0.150357831,NA,NA,NA,NA,NA,NA,NA,NA,NA,NA,NA,NA,NA,NA,NA,Stable
MI0017365,hsa-mir-4728,hsa-miR-4728-3p,chr17:39726537-39726561,+,Single miR only,hsa-miR-4728-3p,1.274455405,1.454412828,0.433710213,1.850801693,2.053226675,0.582779547,0.54475506,2.29588879,0.920469248,1.300553039,2.379978937,0.66797378,1.347285099,0.4339048,1.41456198,0.484357317,1.253345035,0.298556193,1.369162518,0.467690352,1.317243751,0.377344467,0.920027299,0.266651645,1.369162518,0.997035888,0.024032901,1,0.043219707,1,-0.509717616,1,0.067252608,1,-0.442465007,1,-0.466497909,1,NA,NA,Stable
MI0017365,hsa-mir-4728,hsa-miR-4728-5p,chr17:39726496-39726518,+,>20% RPMM,hsa-miR-4728-5p,0.318613851,0,0.289140142,0,0.146659048,0.416271105,0,0.191324066,0.920469248,0,0.679993982,0,0,0.289269867,0,0,0.151938498,0.087927801,0.188563555,0.086202548,0.400115807,0.236164634,0.072317467,0.072317467,0.400115807,NA,0.488051523,NA,0.707604821,1,-1.989695652,1,1.195656344,NA,-0.794039308,1,-1.282090832,NA,NA,NA,Stable
MI0017367,hsa-mir-4730,hsa-miR-4730,chr17:80419427-80419449,+,Single miR only,hsa-miR-4730,0,0.33563373,0,0,0,0,0,0,0,0,0,0,0,0,0,0,0.083908432,0.083908432,0,0,0,0,0,0,0.083908432,NA,NA,NA,NA,NA,NA,NA,NA,NA,NA,NA,NA,NA,NA,NA,Stable
MI0017368,hsa-mir-4731,hsa-miR-4731-5p,chr17:15251666-15251687,-,Single miR only,hsa-miR-4731-5p,0.318613851,0.11187791,0.578280284,1.110481016,0,0.416271105,0.326853036,1.339268461,0,0.144505893,0.679993982,0,0,0.289269867,0.21762492,0.726535976,0.529813265,0.215792965,0.520598151,0.287179504,0.206124969,0.161586859,0.308357691,0.152357672,0.529813265,NA,-0.2869432,1,-1.064942216,1,0.342634399,1,-1.351885417,1,-1.009251018,1,-0.722307818,1,NA,NA,Stable
MI0017368,hsa-mir-4731,hsa-miR-4731-3p,chr17:15251634-15251655,-,NA,hsa-miR-4731-3p,0,0.447511639,0.433710213,0.185080169,0.146659048,0.416271105,0,0.382648132,0,0.289011786,0.679993982,0.33398689,0.26945702,0,0.21762492,0.242178659,0.266575505,0.107384001,0.236394571,0.099028838,0.325748165,0.139349502,0.18231515,0.061686667,0.325748165,NA,-0.047391107,NA,0.273258023,1,-0.488155611,1,0.225866915,NA,-0.262288696,1,-0.214897588,NA,NA,NA,Stable
MI0017370,hsa-mir-4733,hsa-miR-4733-3p,chr17:31094358-31094379,-,NA,hsa-miR-4733-3p,0,0.11187791,0,0,0,0.083254221,0,0.191324066,0,0,0,0.166993445,0,0,0,0.242178659,0.027969477,0.027969477,0.068644572,0.045357703,0.041748361,0.041748361,0.060544665,0.060544665,0.068644572,NA,NA,NA,NA,NA,NA,NA,NA,NA,NA,NA,NA,NA,NA,NA,Stable
MI0017370,hsa-mir-4733,hsa-miR-4733-5p,chr17:31094395-31094416,-,Single miR only,hsa-miR-4733-5p,0,0,0,0.370160339,0.439977145,0.333016884,0.108951012,0,0,0.144505893,0,0,0.13472851,0.144634933,0,0.726535976,0.092540085,0.092540085,0.22048626,0.10078595,0.036126473,0.036126473,0.251474855,0.161752679,0.251474855,NA,2.095385216,NA,-2.293922991,1,1.477303613,1,-0.198537775,NA,1.278765839,NA,-0.816619378,NA,NA,NA,Stable
MI0017371,hsa-mir-4734,hsa-miR-4734,chr17:38702270-38702291,-,Single miR only,hsa-miR-4734,0.477920777,0.11187791,0,0,0,0,0,0.382648132,0,0,0,0,0,0,0,0,0.147449672,0.113269337,0.095662033,0.095662033,0,0,0,0,0.147449672,NA,NA,NA,NA,NA,NA,NA,NA,NA,NA,NA,NA,NA,NA,NA,Stable
MI0017372,hsa-mir-4735,hsa-miR-4735-5p,chr1:196582453-196582474,-,Single miR only,hsa-miR-4735-5p,0,0,0.144570071,0,0,0.083254221,0,0,0,0,0.509995487,0,0.13472851,0.289269867,0.10881246,0.484357317,0.036142518,0.036142518,0.020813555,0.020813555,0.127498872,0.127498872,0.254292039,0.086416253,0.254292039,NA,0.045343713,NA,0.827739409,1,1.867659061,1,0.873083122,NA,2.740742183,NA,2.69539847,NA,NA,NA,Stable
MI0017374,hsa-mir-4737,hsa-miR-4737,chr17:60043077-60043096,-,Single miR only,hsa-miR-4737,0,0,0,0,0,0,0,0,0,0,0,0,0,0,0,0.242178659,0,0,0,0,0,0,0.060544665,0.060544665,0.060544665,NA,NA,NA,NA,NA,NA,NA,NA,NA,NA,NA,NA,NA,NA,NA,Stable
MI0017375,hsa-mir-3064,hsa-miR-3064-5p,chr17:64500817-64500837,-,Single miR only,hsa-miR-3064-5p,0.318613851,0.33563373,0,0.185080169,0.733295241,0.083254221,0.762657084,0.765296263,0.18409385,0.289011786,0.169998496,0.33398689,0.53891404,0.289269867,0.21762492,0.484357317,0.209831938,0.077621779,0.586125702,0.167780615,0.244272755,0.039987887,0.382541536,0.076765828,0.586125702,NA,1.439944932,1,-1.246729789,1,0.586583816,1,0.193215143,1,0.779798959,1,-0.660145973,NA,NA,NA,Stable
MI0017375,hsa-mir-3064,hsa-miR-3064-3p,chr17:64500775-64500797,-,NA,hsa-miR-3064-3p,0,0,0,0.185080169,0,0,0,0,0.18409385,0.43351768,0.169998496,0,0,0,0.10881246,0,0.046270042,0.046270042,0,0,0.196902506,0.089277295,0.027203115,0.027203115,0.196902506,NA,NA,NA,NA,NA,NA,NA,NA,NA,NA,NA,NA,NA,NA,NA,Stable
MI0017376,hsa-mir-4738,hsa-miR-4738-3p,chr17:75784530-75784551,-,Single miR only,hsa-miR-4738-3p,0,0.783145369,0.289140142,0,0.293318096,0.249762663,0,0,0.18409385,0.722529466,0,0.166993445,0,0.578539734,0.5440623,0.726535976,0.268071378,0.184722683,0.13577019,0.078889541,0.26840419,0.156966809,0.462284502,0.159096064,0.462284502,NA,-0.626791817,1,0.678517839,1,1.232039745,1,0.051726022,NA,1.283765767,1,1.910557583,NA,NA,NA,Stable
MI0017378,hsa-mir-4740,hsa-miR-4740-5p,chr17:81400753-81400774,-,NA,hsa-miR-4740-5p,0,0.11187791,0,0.185080169,0.293318096,0,0,0,0,0,0.169998496,0,0,0,0.10881246,0,0.07423952,0.045392098,0.073329524,0.073329524,0.042499624,0.042499624,0.027203115,0.027203115,0.07423952,NA,NA,NA,NA,NA,NA,NA,NA,NA,NA,NA,NA,NA,NA,NA,Stable
MI0017378,hsa-mir-4740,hsa-miR-4740-3p,chr17:81400716-81400737,-,Single miR only,hsa-miR-4740-3p,0,0,0,0,0,0.166508442,0,0,0,0,0,0,0,0,0,0.484357317,0,0,0.041627111,0.041627111,0,0,0.121089329,0.121089329,0.121089329,NA,NA,NA,NA,NA,NA,NA,NA,NA,NA,NA,NA,NA,NA,NA,Stable
MI0017379,hsa-mir-4741,hsa-miR-4741,chr18:22933407-22933429,+,Single miR only,hsa-miR-4741,0,0.447511639,0,2.035881863,0.439977145,0.582779547,0.653706072,0.765296263,1.472750797,1.589564825,2.039981946,0.500980335,0.943099569,0.4339048,1.52337444,1.69525061,0.620848376,0.483327943,0.610439757,0.068114549,1.400819476,0.32391332,1.148907355,0.287561884,1.400819476,NA,0.423639871,1,1.310100483,1,-0.468218293,1,1.733740355,0.932295531,1.265522062,1,0.841882191,1,NA,NA,Stable
MI0017380,hsa-mir-4742,hsa-miR-4742-5p,chr1:224398289-224398311,-,>20% RPMM,hsa-miR-4742-5p,0.637227703,0.895023279,0.144570071,0.555240508,0.733295241,0.499525326,0.54475506,0.191324066,0.18409385,0.578023573,0.509995487,0,0.53891404,0.4339048,0.97931214,1.453071952,0.55801539,0.15566889,0.492224923,0.112349505,0.318028227,0.13648241,0.851300733,0.232794675,0.851300733,NA,-0.139873545,1,-0.717623322,1,1.489548745,1,-0.857496868,1,0.632051877,1,0.771925423,1,NA,NA,Stable
MI0017380,hsa-mir-4742,hsa-miR-4742-3p,chr1:224398227-224398249,-,Single miR only,hsa-miR-4742-3p,0.796534628,0.11187791,0.433710213,0,0.879954289,0.166508442,0.871608096,0.573972198,0.920469248,1.589564825,0.679993982,0.66797378,0,0.4339048,0.97931214,1.453071952,0.335530688,0.179063597,0.623010756,0.167983074,0.964500459,0.216316939,0.716572223,0.316864947,0.964500459,NA,0.92601064,1,0.808313778,1,-0.5569736,1,1.734324418,1,1.177350819,1,0.251340179,1,NA,NA,Stable
MI0017381,hsa-mir-4743,hsa-miR-4743-5p,chr18:48670602-48670624,+,Single miR only,hsa-miR-4743-5p,0.477920777,0.11187791,0.433710213,0.185080169,0.586636193,0.166508442,0.217902024,0.573972198,0.552281549,0,0.339996991,0.166993445,0.26945702,0.144634933,0.76168722,0.242178659,0.302147267,0.09042136,0.386254714,0.112554299,0.264817996,0.11831645,0.354489458,0.138351355,0.386254714,NA,0.440935113,1,-0.774398269,1,0.637229147,1,-0.333463156,NA,0.303765991,1,-0.137169121,NA,NA,NA,Stable
MI0017381,hsa-mir-4743,hsa-miR-4743-3p,chr18:48670648-48670668,+,NA,hsa-miR-4743-3p,0.159306926,0.11187791,0,0,0.293318096,0,0,0,0.18409385,0,0,0,0,0,0.21762492,0,0.067796209,0.040321685,0.073329524,0.073329524,0.046023462,0.046023462,0.05440623,0.05440623,0.073329524,NA,NA,NA,NA,NA,NA,NA,NA,NA,NA,NA,NA,NA,NA,NA,Stable
MI0017382,hsa-mir-4744,hsa-miR-4744,chr18:49049737-49049759,-,Single miR only,hsa-miR-4744,0,0,0,0,0,0.166508442,0,0,0,0,0,0,0,0,0,0,0,0,0.041627111,0.041627111,0,0,0,0,0.041627111,NA,NA,NA,NA,NA,NA,NA,NA,NA,NA,NA,NA,NA,NA,NA,Stable
MI0017383,hsa-mir-3591,hsa-miR-3591-3p,chr18:58451087-58451108,-,Single miR only,hsa-miR-3591-3p,2.708217736,0.895023279,1.879410923,12.03021101,3.373158109,0.749287989,1.63426518,11.86209208,4.41825239,1.011541252,1.52998646,8.34967225,3.368212748,0.867809601,0.97931214,3.39050122,4.378215736,2.577443503,4.40470084,2.544833351,3.827363088,1.683429592,2.151458927,0.709307135,4.40470084,0.959058619,0.006852996,1,-0.054381958,1,-0.615086872,1,-0.047528962,1,-0.662615834,1,-0.66946883,1,NA,NA,Stable
MI0017383,hsa-mir-3591,hsa-miR-3591-5p,chr18:58451121-58451143,-,<10% RPMM,hsa-miR-3591-5p**,0.796534628,0,0,0.185080169,0.439977145,0.249762663,0,0.382648132,0,0,0,0.166993445,0.26945702,0,0,0,0.245403699,0.188818736,0.268096985,0.09784209,0.041748361,0.041748361,0.067364255,0.067364255,0.268096985,NA,0.811665409,NA,-1.892044111,1,-0.04520323,1,-1.080378702,NA,-1.125581932,NA,-1.937247341,NA,NA,NA,Stable
MI0017384,hsa-mir-4745,hsa-miR-4745-5p,chr19:804941-804963,+,Single miR only,hsa-miR-4745-5p,0,0.22375582,0.433710213,1.850801693,0.439977145,0.915796431,0.54475506,1.530592527,2.761407744,2.023082504,3.059972919,3.3398689,1.482013609,1.157079468,2.1762492,2.663965244,0.627066932,0.417411306,0.857780291,0.246405229,2.796083017,0.283442107,1.86982688,0.339479796,2.796083017,0.003095608,0.762983349,1,1.746457116,0.116719819,-0.596176166,1,2.509440465,0.00622781,1.9132643,0.14492232,1.15028095,0.855323048,DE,DE,DE
MI0017384,hsa-mir-4745,hsa-miR-4745-3p,chr19:804977-804999,+,>20% RPMM,hsa-miR-4745-3p,0.159306926,0.11187791,0.144570071,0,0.146659048,0,0.326853036,0,0.368187699,0.289011786,0.679993982,0.166993445,0.26945702,0,0.32643738,0.242178659,0.103938727,0.036035669,0.118378021,0.077614625,0.376046728,0.109439501,0.209518265,0.07201119,0.376046728,NA,-0.101433021,NA,1.840072106,1,-0.987035172,1,1.738639084,NA,0.751603912,1,0.853036933,NA,NA,NA,Stable
MI0017385,hsa-mir-4746,hsa-miR-4746-5p,chr19:4445987-4446009,+,Single miR only,hsa-miR-4746-5p,2.548910811,7.048308322,3.469681704,4.627004233,2.346544771,5.078507482,3.486432385,4.974425712,3.129595443,5.780235727,2.549977433,7.514705025,1.616742119,5.206857605,4.678935779,6.538823782,4.423476268,0.972748968,3.971477588,0.652373591,4.743628407,1.160841195,4.510339821,1.040881696,4.743628407,0.997263686,-0.121946579,1,0.186281835,1,-0.051457791,1,0.064335255,1,0.012877465,1,0.134824044,1,NA,NA,Stable
MI0017385,hsa-mir-4746,hsa-miR-4746-3p,chr19:4446021-4446041,+,<10% RPMM,hsa-miR-4746-3p**,0,0,0.289140142,0,0,0,0,0.382648132,0,0,0,0,0,0,0,0.484357317,0.072285036,0.072285036,0.095662033,0.095662033,0,0,0.121089329,0.121089329,0.121089329,NA,NA,NA,NA,NA,NA,NA,NA,NA,NA,NA,NA,NA,NA,NA,Stable
MI0017386,hsa-mir-4747,hsa-miR-4747-5p,chr19:4932687-4932708,+,NA,hsa-miR-4747-5p,0.159306926,0.33563373,0.144570071,0,0,0,0,0,0,0,0,0.166993445,0,0,0,0.484357317,0.159877682,0.068729973,0,0,0.041748361,0.041748361,0.121089329,0.121089329,0.159877682,NA,NA,NA,NA,NA,NA,NA,NA,NA,NA,NA,NA,NA,NA,NA,Stable
MI0017386,hsa-mir-4747,hsa-miR-4747-3p,chr19:4932719-4932740,+,Single miR only,hsa-miR-4747-3p,0,0.783145369,0.144570071,0,0,0.083254221,0,0.191324066,0,0,0,0.166993445,0,0,0,0,0.23192886,0.186871879,0.068644572,0.045357703,0.041748361,0.041748361,0,0,0.23192886,NA,-1.613509032,NA,-0.205632553,1,-0.849047081,1,-1.819141585,NA,-2.668188667,NA,-1.054679634,NA,NA,NA,Stable
MI0017387,hsa-mir-4748,hsa-miR-4748,chr19:10780263-10780283,+,Single miR only,hsa-miR-4748,0.159306926,0.33563373,0,0.185080169,0,0,0,0,0,0.144505893,0.339996991,0,0,0,0,0,0.170005206,0.068724259,0,0,0.121125721,0.080516119,0,0,0.170005206,NA,NA,NA,NA,NA,NA,NA,NA,NA,NA,NA,NA,NA,NA,NA,Stable
MI0017388,hsa-mir-4749,hsa-miR-4749-3p,chr19:49854632-49854651,+,Single miR only,hsa-miR-4749-3p,1.274455405,0,0,0.185080169,0.146659048,0.333016884,0.435804048,0.765296263,0,0.722529466,0.169998496,0.834967225,0.13472851,0,0.21762492,0,0.364883894,0.306312779,0.420194061,0.129666388,0.431873797,0.20454394,0.088088357,0.053598929,0.431873797,NA,0.820889227,1,0.131486837,1,-2.296286512,1,0.952376064,NA,-1.343910448,1,-2.164799675,NA,NA,NA,Stable
MI0017388,hsa-mir-4749,hsa-miR-4749-5p,chr19:49854593-49854614,+,NA,hsa-miR-4749-5p,0.159306926,0.22375582,0.144570071,0.185080169,0,0.166508442,0.108951012,0.956620329,0.18409385,0.144505893,0,0.166993445,0,0.144634933,0,0,0.178178246,0.01734596,0.308019946,0.21893924,0.123898297,0.042087367,0.036158733,0.036158733,0.308019946,NA,0.261089397,NA,-0.935460755,1,-1.270954293,1,-0.674371358,NA,-1.945325651,NA,-2.206415048,NA,NA,NA,Stable
MI0017389,hsa-mir-4750,hsa-miR-4750-5p,chr19:49888177-49888198,+,Single miR only,hsa-miR-4750-5p,0.477920777,0.33563373,0.144570071,0.370160339,0.439977145,0.166508442,0,0.382648132,0.552281549,0.722529466,0.169998496,0.166993445,0.40418553,0,0,0.968714634,0.332071229,0.069457569,0.24728343,0.101295016,0.402950739,0.139753606,0.343225041,0.229230646,0.402950739,NA,-0.685671176,1,1.054071956,1,-0.844294137,1,0.36840078,NA,-0.475893357,1,0.209777819,NA,NA,NA,Stable
MI0017389,hsa-mir-4750,hsa-miR-4750-3p,chr19:49888209-49888230,+,NA,hsa-miR-4750-3p,0.159306926,0.22375582,0.289140142,0.185080169,0,0,0,0,0,0,0.169998496,0.166993445,0,0,0.21762492,0,0.214320764,0.028237821,0,0,0.084247985,0.048644465,0.05440623,0.05440623,0.214320764,NA,NA,NA,NA,NA,NA,NA,NA,NA,NA,NA,NA,NA,NA,NA,Stable
MI0017390,hsa-mir-4751,hsa-miR-4751,chr19:49933073-49933096,+,Single miR only,hsa-miR-4751,0.159306926,0.11187791,0,0,0.146659048,0.083254221,0.108951012,0.573972198,0.18409385,0.289011786,0.339996991,0,0,0,0,0,0.067796209,0.040321685,0.22820912,0.115987406,0.203275657,0.075128968,0,0,0.22820912,NA,1.581284913,NA,-0.012913783,1,-2.922744211,1,1.56837113,NA,-1.354373081,NA,-2.935657994,NA,NA,NA,Stable
MI0017392,hsa-mir-4753,hsa-miR-4753-3p,chr1:235190040-235190061,-,NA,hsa-miR-4753-3p,0,0,0,0,0,0,0,0,0.552281549,0.144505893,0.509995487,0,0.13472851,0,0,0,0,0,0,0,0.301695732,0.135987438,0.033682127,0.033682127,0.301695732,NA,NA,NA,NA,NA,NA,NA,NA,NA,NA,NA,NA,NA,NA,NA,Stable
MI0017392,hsa-mir-4753,hsa-miR-4753-5p,chr1:235190086-235190107,-,Single miR only,hsa-miR-4753-5p,0,0.33563373,0.289140142,0,0.146659048,0.083254221,0.108951012,0,0.368187699,0.144505893,0,0.834967225,0,0.144634933,0,0,0.156193468,0.090676359,0.08471607,0.031095571,0.336915204,0.182475337,0.036158733,0.036158733,0.336915204,NA,-0.677757677,NA,1.902726896,1,-2.913460375,1,1.224969219,NA,-1.688491156,NA,-1.010733479,NA,NA,NA,Stable
MI0017393,hsa-mir-371b,hsa-miR-371b-3p,chr19:53787678-53787700,-,NA,hsa-miR-371b-3p,0,0.11187791,0,0,0,0,0,0,0,0,0,0,0,0,0,0,0.027969477,0.027969477,0,0,0,0,0,0,0.027969477,NA,NA,NA,NA,NA,NA,NA,NA,NA,NA,NA,NA,NA,NA,NA,Stable
MI0017393,hsa-mir-371b,hsa-miR-371b-5p,chr19:53787715-53787736,-,Single miR only,hsa-miR-371b-5p,0,0,0,0,0,0,0,0,0,0,0.509995487,0,0,0,0,0,0,0,0,0,0.127498872,0.127498872,0,0,0.127498872,NA,NA,NA,NA,NA,NA,NA,NA,NA,NA,NA,NA,NA,NA,NA,Stable
MI0017394,hsa-mir-4754,hsa-miR-4754,chr19:58386827-58386849,-,Single miR only,hsa-miR-4754,0,0,0,0,0,0,0,0,0,0,0,0,0,0.144634933,0,0.242178659,0,0,0,0,0,0,0.096703398,0.059275893,0.096703398,NA,NA,NA,NA,NA,NA,NA,NA,NA,NA,NA,NA,NA,NA,NA,Stable
MI0017395,hsa-mir-4755,hsa-miR-4755-5p,chr20:34049128-34049149,+,NA,hsa-miR-4755-5p,0,0,0,0,0,0,0,0,0,0.144505893,0,0.834967225,0,0.144634933,0.21762492,0,0,0,0,0,0.24486828,0.199626802,0.090564963,0.05436897,0.24486828,NA,NA,NA,NA,NA,NA,NA,NA,NA,NA,NA,NA,NA,NA,NA,Stable
MI0017395,hsa-mir-4755,hsa-miR-4755-3p,chr20:34049162-34049183,+,Single miR only,hsa-miR-4755-3p,0.318613851,0.33563373,0.289140142,0.185080169,0.146659048,0.333016884,0.108951012,0.573972198,0,0.289011786,0.169998496,0.33398689,0,0,0.21762492,0.484357317,0.282116973,0.033741087,0.290649785,0.106385438,0.198249293,0.074589664,0.175495559,0.115024581,0.290649785,NA,-0.237446317,NA,-0.56016919,1,-0.348217691,1,-0.797615508,NA,-1.145833198,1,-0.908386881,NA,NA,NA,Stable
MI0017396,hsa-mir-499b,hsa-miR-499b-3p,chr20:34990406-34990427,-,Single miR only,hsa-miR-499b-3p,0.159306926,1.118779099,0.433710213,1.295561185,0,0.499525326,0.217902024,0.191324066,0.18409385,0.144505893,0,0,0,1.012444534,0.10881246,0,0.751839356,0.271197811,0.227187854,0.102937869,0.082149936,0.048112759,0.280314249,0.24538741,0.751839356,NA,-1.835151965,1,-1.297674969,1,1.246699485,1,-3.132826934,NA,-1.886127448,1,-0.050975484,NA,NA,NA,Stable
MI0017398,hsa-mir-4757,hsa-miR-4757-3p,chr2:19348476-19348497,+,Single miR only,hsa-miR-4757-3p,0.159306926,0.33563373,0.578280284,0.185080169,0.146659048,0.499525326,0.435804048,0.191324066,0,0.144505893,0.169998496,1.00196067,0,0.289269867,0.87049968,0.484357317,0.314575277,0.096116697,0.318328122,0.087670463,0.329116265,0.22738304,0.411031716,0.182633621,0.411031716,NA,0.118970537,1,-0.296849555,1,0.331374748,1,-0.177879018,NA,0.15349573,1,0.034525193,NA,NA,NA,Stable
MI0017398,hsa-mir-4757,hsa-miR-4757-5p,chr2:19348439-19348461,+,NA,hsa-miR-4757-5p,0,0.447511639,0,0.370160339,0,0.083254221,0,0.191324066,0.18409385,0,0,0.166993445,0,0,0,0,0.204417995,0.119072274,0.068644572,0.045357703,0.087771824,0.050795164,0,0,0.204417995,NA,NA,NA,NA,NA,NA,NA,NA,NA,NA,NA,NA,NA,NA,NA,Stable
MI0017399,hsa-mir-4758,hsa-miR-4758-3p,chr20:62332490-62332512,-,Single miR only,hsa-miR-4758-3p,1.911683108,0.33563373,1.011990497,0,1.759908579,0.166508442,1.525314168,0.956620329,0.368187699,0.289011786,1.699984955,0.166993445,0.80837106,0.4339048,0.43524984,0.968714634,0.814826834,0.421854635,1.10208788,0.354532351,0.631044471,0.358708,0.661560084,0.13507425,1.10208788,NA,0.504700311,1,-0.827757107,1,0.346678375,1,-0.323056795,1,0.023621579,1,-0.481078732,1,NA,NA,Stable
MI0017400,hsa-mir-4759,hsa-miR-4759,chr21:26953965-26953985,+,Single miR only,hsa-miR-4759,0,0,0,0,0,0,0,0.191324066,0,0,0,0,0,0,0,0,0,0,0.047831016,0.047831016,0,0,0,0,0.047831016,NA,NA,NA,NA,NA,NA,NA,NA,NA,NA,NA,NA,NA,NA,NA,Stable
MI0017402,hsa-mir-4761,hsa-miR-4761-3p,chr22:19963814-19963834,+,Single miR only,hsa-miR-4761-3p,0.159306926,0.11187791,0.433710213,0,0,0.249762663,0.217902024,0,0,0,0.169998496,0.166993445,0,0.144634933,0.21762492,0,0.176223762,0.092096261,0.116916172,0.067814155,0.084247985,0.048644465,0.090564963,0.05436897,0.176223762,NA,-0.456702019,NA,-0.373642934,1,0.055867443,1,-0.830344953,NA,-0.77447751,NA,-0.317775491,NA,NA,NA,Stable
MI0017403,hsa-mir-4762,hsa-miR-4762-5p,chr22:45760532-45760552,+,Single miR only,hsa-miR-4762-5p,0.637227703,0.33563373,0.433710213,1.110481016,0.293318096,0.666033768,0.217902024,0.956620329,0.18409385,1.300553039,0.679993982,0.500980335,0.40418553,0.144634933,0.21762492,0,0.629263165,0.172262701,0.533468554,0.171727846,0.666405301,0.234932217,0.191611346,0.084056618,0.666405301,NA,-0.264347565,1,0.379310051,1,-1.537331357,1,0.114962485,1,-1.422368872,1,-1.158021306,1,NA,NA,Stable
MI0017403,hsa-mir-4762,hsa-miR-4762-3p,chr22:45760572-45760593,+,NA,hsa-miR-4762-3p,0,0,0,0.370160339,0,0,0,0,0.18409385,0.144505893,0.169998496,0,0,0.144634933,0.10881246,0,0.092540085,0.092540085,0,0,0.12464956,0.042349672,0.063361848,0.03730563,0.12464956,NA,NA,NA,NA,NA,NA,NA,NA,NA,NA,NA,NA,NA,NA,NA,Stable
MI0017404,hsa-mir-4763,hsa-miR-4763-3p,chr22:46113624-46113647,+,>20% RPMM,hsa-miR-4763-3p,0.159306926,0.22375582,0.144570071,1.295561185,0.146659048,0.915796431,0.871608096,0.191324066,0,1.156047145,0.679993982,1.00196067,0.13472851,0.289269867,0.76168722,2.663965244,0.4557985,0.280448385,0.53134691,0.209598703,0.709500449,0.256449874,0.96241271,0.582648706,0.96241271,NA,0.749690174,1,0.027551171,1,0.23477332,1,0.777241345,1,1.012014666,1,0.262324491,1,NA,NA,Stable
MI0017404,hsa-mir-4763,hsa-miR-4763-5p,chr22:46113584-46113604,+,Single miR only,hsa-miR-4763-5p,0.318613851,0.33563373,0.144570071,0.740320677,0.146659048,0.666033768,0.980559108,0.573972198,0.368187699,1.156047145,1.359987964,0.66797378,0.53891404,0.289269867,0.43524984,2.906143903,0.384784582,0.126129331,0.591806031,0.172025336,0.888049147,0.226060144,1.042394412,0.623356223,1.042394412,NA,0.742285614,1,0.55423957,1,-0.085856318,1,1.296525184,1,1.210668866,1,0.468383252,1,NA,NA,Stable
MI0017406,hsa-mir-4765,hsa-miR-4765,chr2:32635300-32635321,+,Single miR only,hsa-miR-4765,0.159306926,0,0,0,0,0,0,0,0,0,0,0,0,0,0,0,0.039826731,0.039826731,0,0,0,0,0,0,0.039826731,NA,NA,NA,NA,NA,NA,NA,NA,NA,NA,NA,NA,NA,NA,NA,Stable
MI0017407,hsa-mir-4766,hsa-miR-4766-5p,chr22:40813927-40813947,-,NA,hsa-miR-4766-5p,0,0.11187791,0,0,0.146659048,0,0,0,0,0,0.169998496,0,0,0.144634933,0.32643738,0,0.027969477,0.027969477,0.036664762,0.036664762,0.042499624,0.042499624,0.117768078,0.077461467,0.117768078,NA,NA,NA,NA,NA,NA,NA,NA,NA,NA,NA,NA,NA,NA,NA,Stable
MI0017407,hsa-mir-4766,hsa-miR-4766-3p,chr22:40813893-40813913,-,Single miR only,hsa-miR-4766-3p,0.159306926,0.22375582,0,0,0.146659048,0.333016884,0,0,0,0.144505893,0,0,0,0.4339048,0.43524984,0.484357317,0.095765686,0.056833893,0.119918983,0.078997295,0.036126473,0.036126473,0.338377989,0.11340163,0.338377989,NA,0.135213492,NA,-0.947225589,1,3.03933198,1,-0.812012097,NA,2.227319884,NA,2.092106392,NA,NA,NA,Stable
MI0017408,hsa-mir-4767,hsa-miR-4767,chrX:7147869-7147891,+,Single miR only,hsa-miR-4767,1.11514848,0.671267459,1.301130639,0.925400847,1.173272386,1.082304873,1.525314168,0.191324066,1.656844646,0.867035359,0.509995487,2.00392134,1.347285099,2.024889069,1.6321869,2.421786586,1.003236856,0.134637489,0.993053873,0.28380101,1.259449208,0.344943401,1.856536913,0.234079755,1.856536913,0.970837113,0.097571793,1,0.221621596,1,0.591501828,1,0.319193389,1,0.910695217,1,0.813123424,1,NA,NA,Stable
MI0017409,hsa-mir-4768,hsa-miR-4768-5p,chrX:17425889-17425910,+,Single miR only,hsa-miR-4768-5p,0.159306926,1.006901189,1.156560568,0,0.586636193,0.416271105,0,1.147944395,0.552281549,0.289011786,0.849992478,0.66797378,0.40418553,0.4339048,0.65287476,0.968714634,0.580692171,0.292695442,0.537712923,0.237812818,0.589814898,0.117506187,0.614919931,0.130315875,0.614919931,NA,-0.190677802,1,0.126457576,1,0.048711165,1,-0.064220226,1,-0.015509061,1,0.175168741,1,NA,NA,Stable
MI0017409,hsa-mir-4768,hsa-miR-4768-3p,chrX:17425927-17425946,+,NA,hsa-miR-4768-3p,0,0,0,0,0,0.083254221,0.108951012,0,0,0,0.169998496,0.33398689,0,0,0,0,0,0,0.048051308,0.028233956,0.125996346,0.080076221,0,0,0.125996346,NA,NA,NA,NA,NA,NA,NA,NA,NA,NA,NA,NA,NA,NA,NA,Stable
MI0017410,hsa-mir-4769,hsa-miR-4769-5p,chrX:47587436-47587459,+,Single miR only,hsa-miR-4769-5p,0.159306926,0,0,0.185080169,0.146659048,0,0.435804048,0.191324066,0,0.144505893,0.849992478,0.834967225,0.26945702,0,0.5440623,0.726535976,0.086096774,0.049985621,0.193446791,0.0905319,0.457366399,0.224314389,0.385013824,0.159039517,0.457366399,NA,0.946923257,1,1.178273051,1,-0.288098113,1,2.125196308,NA,1.837098195,1,0.890174938,NA,NA,NA,Stable
MI0017410,hsa-mir-4769,hsa-miR-4769-3p,chrX:47587476-47587497,+,NA,hsa-miR-4769-3p,0,0,0.144570071,0.185080169,0,0.166508442,0,0.191324066,0,0.289011786,0.509995487,0,0,0,0.32643738,0,0.08241256,0.048294111,0.089458127,0.051896478,0.199751818,0.123834585,0.081609345,0.081609345,0.199751818,NA,0.504668053,NA,0.541352205,1,-1.171005111,1,1.046020258,NA,-0.124984853,NA,-0.629652906,NA,NA,NA,Stable
MI0017411,hsa-mir-4770,hsa-miR-4770,chrX:6383907-6383924,-,Single miR only,hsa-miR-4770,0,0,0,0,0,0,0,0,0,0.144505893,0,0,0.13472851,0,0.21762492,0,0,0,0,0,0.036126473,0.036126473,0.088088357,0.053598929,0.088088357,NA,NA,NA,NA,NA,NA,NA,NA,NA,NA,NA,NA,NA,NA,NA,Stable
MI0017415,hsa-mir-4773-1,hsa-miR-4773,chr2:151368381-151368402,+,Single miR only,hsa-miR-4773,0.477920777,0.447511639,1.156560568,0.740320677,1.906567627,1.248813315,2.396922265,0.765296263,1.288656947,1.734070718,5.439951856,2.504901675,2.694570199,1.446349335,5.440622999,0.968714634,0.705578415,0.164067666,1.579399868,0.359100005,2.741895299,0.933777599,2.637564292,1.002681407,2.741895299,0.027452667,1.25374325,0.62944609,0.669324707,1,-0.049224083,1,1.923067957,0.028872938,1.873843873,0.038513063,0.620100623,1,DE,DE,DE
MI0017416,hsa-mir-4773-2,hsa-miR-4773,chr2:151368343-151368364,-,Single miR only,hsa-miR-4773,1.911683108,0.671267459,0.867420426,1.480641355,1.026613338,0.666033768,2.396922265,2.29588879,1.840938496,2.023082504,0,1.00196067,1.751470629,1.880254135,4.352498399,1.453071952,1.232753087,0.284477391,1.59636454,0.439730848,1.216495418,0.462457038,2.359323779,0.670387364,2.359323779,0.978328934,0.404822706,1,-0.327634082,1,0.928390281,1,0.077188624,1,1.005578906,1,0.6007562,1,NA,NA,Stable
MI0017418,hsa-mir-4775,hsa-miR-4775,chr2:207754816-207754837,+,Single miR only,hsa-miR-4775,28.03801892,21.36868079,27.03460328,18.6930971,24.9320382,21.72935168,19.28432913,5.54839791,27.79817129,10.83794199,10.87990371,23.88006264,31.52647132,20.97206535,20.23911756,11.38239695,23.78360002,2.24377207,17.87352923,4.26799264,18.34901991,4.397754007,21.0300128,4.121902941,23.78360002,0.992535394,-0.446814831,1,0.081031527,1,0.148464823,1,-0.365783304,1,-0.217318481,1,0.229496351,1,NA,NA,Stable
MI0017419,hsa-mir-4776-1,hsa-miR-4776-5p,chr2:212926266-212926287,+,NA,hsa-miR-4776-5p,0,0,0,0,0,0,0,0,0,0,0,0,0,0,0.10881246,0,0,0,0,0,0,0,0.027203115,0.027203115,0.027203115,NA,NA,NA,NA,NA,NA,NA,NA,NA,NA,NA,NA,NA,NA,NA,Stable
MI0017419,hsa-mir-4776-1,hsa-miR-4776-3p,chr2:212926310-212926332,+,Single miR only,hsa-miR-4776-3p,0,0,0,0,0,0,0,0.191324066,0,0,0,0.166993445,0,0,0.10881246,0,0,0,0.047831016,0.047831016,0.041748361,0.041748361,0.027203115,0.027203115,0.047831016,NA,NA,NA,NA,NA,NA,NA,NA,NA,NA,NA,NA,NA,NA,NA,Stable
MI0017420,hsa-mir-4776-2,hsa-miR-4776-3p,chr2:212926261-212926283,-,NA,hsa-miR-4776-3p,0,0,0,0,0,0,0,0,0,0,0,0,0,0,0.10881246,0,0,0,0,0,0,0,0.027203115,0.027203115,0.027203115,NA,NA,NA,NA,NA,NA,NA,NA,NA,NA,NA,NA,NA,NA,NA,Stable
MI0017420,hsa-mir-4776-2,hsa-miR-4776-5p,chr2:212926306-212926327,-,Single miR only,hsa-miR-4776-5p,0,0,0,0,0,0,0,0.191324066,0,0,0,0.166993445,0,0,0.10881246,0,0,0,0.047831016,0.047831016,0.041748361,0.041748361,0.027203115,0.027203115,0.047831016,NA,NA,NA,NA,NA,NA,NA,NA,NA,NA,NA,NA,NA,NA,NA,Stable
MI0017423,hsa-mir-4779,hsa-miR-4779,chr2:86193037-86193058,-,Single miR only,hsa-miR-4779,0,0,0,0,0,0,0,0,0,0,0,0,0,0,0,0.242178659,0,0,0,0,0,0,0.060544665,0.060544665,0.060544665,NA,NA,NA,NA,NA,NA,NA,NA,NA,NA,NA,NA,NA,NA,NA,Stable
MI0017425,hsa-mir-4436b-1,hsa-miR-4436b-3p,chr2:110086443-110086464,-,NA,hsa-miR-4436b-3p,0.159306926,0,0,0.185080169,0.146659048,0,0,0.191324066,0,0,0,0,0.40418553,0,0,0,0.086096774,0.049985621,0.084495779,0.049628309,0,0,0.101046382,0.101046382,0.101046382,NA,NA,NA,NA,NA,NA,NA,NA,NA,NA,NA,NA,NA,NA,NA,Stable
MI0017425,hsa-mir-4436b-1,hsa-miR-4436b-5p,chr2:110086490-110086511,-,Single miR only,hsa-miR-4436b-5p,0.477920777,0,0,0,0,0,0,0,0,0,0,0,0.13472851,0,0,0,0.119480194,0.119480194,0,0,0,0,0.033682127,0.033682127,0.119480194,NA,NA,NA,NA,NA,NA,NA,NA,NA,NA,NA,NA,NA,NA,NA,Stable
MI0017426,hsa-mir-4781,hsa-miR-4781-3p,chr1:54054124-54054145,+,Single miR only,hsa-miR-4781-3p,2.070990034,1.118779099,1.011990497,2.591122371,1.173272386,1.248813315,1.08951012,1.147944395,1.840938496,3.034623757,0.849992478,2.00392134,2.020927649,1.012444534,1.41456198,2.906143903,1.6982205,0.381105282,1.164885054,0.033018514,1.932369017,0.447212082,1.838519517,0.411828689,1.932369017,0.986580855,-0.399214618,1,0.635673683,1,-0.091504767,1,0.236459065,1,0.144954298,1,0.544168916,1,NA,NA,Stable
MI0017426,hsa-mir-4781,hsa-miR-4781-5p,chr1:54054091-54054111,+,<10% RPMM,hsa-miR-4781-5p**,0,0,0.289140142,0,0,0.083254221,0.108951012,0,0,0.144505893,0,0,0,0,0,0,0.072285036,0.072285036,0.048051308,0.028233956,0.036126473,0.036126473,0,0,0.072285036,NA,NA,NA,NA,NA,NA,NA,NA,NA,NA,NA,NA,NA,NA,NA,Stable
MI0017427,hsa-mir-4782,hsa-miR-4782-5p,chr2:113721338-113721359,-,Single miR only,hsa-miR-4782-5p,0,0,0,0,0,0.083254221,0,0,0,0,0,0,0,0,0,0,0,0,0.020813555,0.020813555,0,0,0,0,0.020813555,NA,NA,NA,NA,NA,NA,NA,NA,NA,NA,NA,NA,NA,NA,NA,Stable
MI0017428,hsa-mir-4783,hsa-miR-4783-3p,chr2:127423546-127423568,-,Single miR only,hsa-miR-4783-3p,0,0,0,0,0,0,0,0,0,0,0,0,0.13472851,0,0,0,0,0,0,0,0,0,0.033682127,0.033682127,0.033682127,NA,NA,NA,NA,NA,NA,NA,NA,NA,NA,NA,NA,NA,NA,NA,Stable
MI0017429,hsa-mir-4784,hsa-miR-4784,chr2:131491208-131491227,-,Single miR only,hsa-miR-4784,0,0,0,0,0,0,0,0,0,0.144505893,0,0,0,0.144634933,0,0,0,0,0,0,0.036126473,0.036126473,0.036158733,0.036158733,0.036158733,NA,NA,NA,NA,NA,NA,NA,NA,NA,NA,NA,NA,NA,NA,NA,Stable
MI0017430,hsa-mir-4785,hsa-miR-4785,chr2:160407819-160407839,-,Single miR only,hsa-miR-4785,0.955841554,0.11187791,0.289140142,0.740320677,0,0,0.435804048,0,0.552281549,0,0.169998496,0.166993445,0,0.4339048,0.43524984,0.726535976,0.524295071,0.195423724,0.108951012,0.108951012,0.222318372,0.116939932,0.398922654,0.149725634,0.524295071,NA,-2.347858373,1,1.002515073,1,1.324478985,1,-1.3453433,NA,-0.020864316,1,2.326994057,NA,NA,NA,Stable
MI0017431,hsa-mir-1245b,hsa-miR-1245b-5p,chr2:188978133-188978153,-,>20% RPMM,hsa-miR-1245b-5p,0.637227703,1.566290738,0.722850355,1.295561185,0.586636193,1.748338641,0.435804048,1.721916593,0,1.300553039,1.359987964,0.834967225,1.077828079,0.867809601,1.30574952,2.906143903,1.055482495,0.224377667,1.123173869,0.354691625,0.873877057,0.314050327,1.539382776,0.464279347,1.539382776,0.986346122,0.041064322,1,-0.365201461,1,0.888895958,1,-0.324137139,1,0.564758819,1,0.523694497,1,NA,NA,Stable
MI0017431,hsa-mir-1245b,hsa-miR-1245b-3p,chr2:188978099-188978120,-,Single miR only,hsa-miR-1245b-3p,1.11514848,3.580093116,4.192532059,4.627004233,1.173272386,5.411524366,3.159579349,3.061185054,2.761407744,3.323635543,3.569968406,4.67581646,1.886199139,4.628317871,5.222998079,7.507538416,3.378694472,0.784474917,3.201390288,0.866956387,3.582707038,0.401735926,4.811263376,1.155742705,4.811263376,0.967009342,-0.003703187,1,0.165760103,1,0.358716992,1,0.162056916,1,0.520773908,1,0.524477095,1,NA,NA,Stable
MI0017432,hsa-mir-2467,hsa-miR-2467-5p,chr2:239351771-239351793,-,Single miR only,hsa-miR-2467-5p,0.637227703,1.342534918,0.578280284,0.740320677,0.293318096,0.749287989,0.326853036,1.530592527,0.18409385,0.289011786,0.679993982,0.66797378,0.53891404,1.012444534,0.87049968,0.242178659,0.824590896,0.175864854,0.725012912,0.287871426,0.455268349,0.128102194,0.666009228,0.172631425,0.824590896,NA,-0.311450613,1,-0.601629056,1,0.724298632,1,-0.91307967,1,-0.188781038,1,0.122669576,1,NA,NA,Stable
MI0017432,hsa-mir-2467,hsa-miR-2467-3p,chr2:239351732-239351753,-,<10% RPMM,hsa-miR-2467-3p**,0.159306926,0,0,0,0.146659048,0,0,0,0,0,0,0,0,0.144634933,0.10881246,0,0.039826731,0.039826731,0.036664762,0.036664762,0,0,0.063361848,0.03730563,0.063361848,NA,NA,NA,NA,NA,NA,NA,NA,NA,NA,NA,NA,NA,NA,NA,Stable
MI0017433,hsa-mir-4786,hsa-miR-4786-5p,chr2:239943063-239943084,-,Single miR only,hsa-miR-4786-5p,1.11514848,0.559389549,0.144570071,0.925400847,1.319931434,0.666033768,0.54475506,1.530592527,0.736375398,0.722529466,1.189989469,0.166993445,1.212556589,0.289269867,0.76168722,2.421786586,0.686127237,0.214215175,1.015328197,0.241820549,0.703971944,0.209354824,1.171325066,0.457454787,1.171325066,NA,0.590815248,1,-0.355353856,1,0.438336722,1,0.235461391,1,0.673798113,1,0.082982865,1,NA,NA,Stable
MI0017433,hsa-mir-4786,hsa-miR-4786-3p,chr2:239943023-239943044,-,<10% RPMM,hsa-miR-4786-3p**,0,0,0,0.185080169,0,0,0,0,0,0,0,0,0,0,0,0,0.046270042,0.046270042,0,0,0,0,0,0,0.046270042,NA,NA,NA,NA,NA,NA,NA,NA,NA,NA,NA,NA,NA,NA,NA,Stable
MI0017434,hsa-mir-4787,hsa-miR-4787-3p,chr3:50675130-50675153,+,Single miR only,hsa-miR-4787-3p,3.026831588,0.671267459,2.313121136,1.850801693,2.199885723,0.83254221,2.070069229,2.869860988,2.209126195,0.867035359,5.269953361,1.66993445,2.290384669,0.289269867,3.15556134,1.937429269,1.965505469,0.494592321,1.993089537,0.424685061,2.504012341,0.962322154,1.918161286,0.600233819,2.504012341,0.993959075,0.100890535,1,0.172532162,1,-0.380441593,1,0.273422697,1,-0.107018896,1,-0.207909431,1,NA,NA,Stable
MI0017434,hsa-mir-4787,hsa-miR-4787-5p,chr3:50675093-50675114,+,<10% RPMM,hsa-miR-4787-5p**,0.159306926,0,0,0,0.293318096,0.249762663,0,0.191324066,0,0.144505893,0,0,0,0,0,0,0.039826731,0.039826731,0.183601206,0.064668501,0.036126473,0.036126473,0,0,0.183601206,NA,NA,NA,NA,NA,NA,NA,NA,NA,NA,NA,NA,NA,NA,NA,Stable
MI0017435,hsa-mir-4788,hsa-miR-4788,chr3:134437836-134437857,+,Single miR only,hsa-miR-4788,0,0.11187791,0,0.370160339,0,0.166508442,0.108951012,0,0,0.144505893,0,0,0,0.144634933,0,0,0.120509562,0.087295058,0.068864864,0.041458721,0.036126473,0.036126473,0.036158733,0.036158733,0.120509562,NA,NA,NA,NA,NA,NA,NA,NA,NA,NA,NA,NA,NA,NA,NA,Stable
MI0017438,hsa-mir-4791,hsa-miR-4791,chr3:19314907-19314924,-,Single miR only,hsa-miR-4791,0,0,0,0,0.146659048,0,0,0,0,0,0,0,0.53891404,0.289269867,0,0,0,0,0.036664762,0.036664762,0,0,0.207045977,0.129946544,0.207045977,NA,NA,NA,NA,NA,NA,NA,NA,NA,NA,NA,NA,NA,NA,NA,Stable
MI0017439,hsa-mir-4792,hsa-miR-4792,chr3:24521412-24521429,-,Single miR only,hsa-miR-4792,0,0,0,0,0.439977145,0,0,0,0,0,0,0,0,0,0,0,0,0,0.109994286,0.109994286,0,0,0,0,0.109994286,NA,NA,NA,NA,NA,NA,NA,NA,NA,NA,NA,NA,NA,NA,NA,Stable
MI0017441,hsa-mir-4794,hsa-miR-4794,chr1:64579855-64579876,+,Single miR only,hsa-miR-4794,0,0,0,0,0,0.083254221,0.108951012,0,0,0,0,0,0.40418553,0,0,0,0,0,0.048051308,0.028233956,0,0,0.101046382,0.101046382,0.101046382,NA,NA,NA,NA,NA,NA,NA,NA,NA,NA,NA,NA,NA,NA,NA,Stable
MI0017442,hsa-mir-4795,hsa-miR-4795-5p,chr3:87226240-87226260,-,NA,hsa-miR-4795-5p,0,0,0,0,0,0,0,0,0,0,0,0,0,0.144634933,0,0,0,0,0,0,0,0,0.036158733,0.036158733,0.036158733,NA,NA,NA,NA,NA,NA,NA,NA,NA,NA,NA,NA,NA,NA,NA,Stable
MI0017442,hsa-mir-4795,hsa-miR-4795-3p,chr3:87226199-87226220,-,Single miR only,hsa-miR-4795-3p,0,0,0.144570071,0,0,0.166508442,0,0,0.368187699,0,0,0,0,0,0,0,0.036142518,0.036142518,0.041627111,0.041627111,0.092046925,0.092046925,0,0,0.092046925,NA,NA,NA,NA,NA,NA,NA,NA,NA,NA,NA,NA,NA,NA,NA,Stable
MI0017443,hsa-mir-4796,hsa-miR-4796-5p,chr3:114743496-114743517,-,NA,hsa-miR-4796-5p,0,0,0,0,0,0,0,0,0.18409385,0,0,0,0.13472851,0,0,0,0,0,0,0,0.046023462,0.046023462,0.033682127,0.033682127,0.046023462,NA,NA,NA,NA,NA,NA,NA,NA,NA,NA,NA,NA,NA,NA,NA,Stable
MI0017443,hsa-mir-4796,hsa-miR-4796-3p,chr3:114743452-114743473,-,Single miR only,hsa-miR-4796-3p,0,0,0.144570071,0,0.146659048,0.333016884,0.217902024,0,0.18409385,0,0.339996991,0.166993445,0,0,0.21762492,0,0.036142518,0.036142518,0.174394489,0.069663873,0.172771071,0.069507756,0.05440623,0.05440623,0.174394489,NA,2.159653913,NA,-0.356849718,1,-1.428437279,1,1.802804196,NA,0.374366916,NA,-1.785286997,NA,NA,NA,Stable
MI0017444,hsa-mir-4797,hsa-miR-4797-5p,chr3:197293919-197293939,-,NA,hsa-miR-4797-5p,0.159306926,0.33563373,0,0,0,0,0.217902024,0,0,0,0,0,0,0.144634933,0.10881246,0,0.123735164,0.079993299,0.054475506,0.054475506,0,0,0.063361848,0.03730563,0.123735164,NA,NA,NA,NA,NA,NA,NA,NA,NA,NA,NA,NA,NA,NA,NA,Stable
MI0017444,hsa-mir-4797,hsa-miR-4797-3p,chr3:197293888-197293908,-,Single miR only,hsa-miR-4797-3p,0,0.447511639,0.433710213,0.555240508,0,0.249762663,0,0.765296263,0,0.289011786,0,0.166993445,0,0,0,0,0.35911559,0.122748798,0.253764732,0.180386992,0.114001308,0.070373664,0,0,0.35911559,NA,-1.066654322,NA,-0.580962168,1,-1.700965713,1,-1.64761649,NA,-3.348582203,NA,-2.281927881,NA,NA,NA,Stable
MI0017446,hsa-mir-4799,hsa-miR-4799-5p,chr4:147782604-147782625,+,Single miR only,hsa-miR-4799-5p,0.159306926,0.22375582,0,0.185080169,0,0.166508442,0,0,0.18409385,0,0.339996991,0,0,0.144634933,0,0,0.142035729,0.049162519,0.041627111,0.041627111,0.13102271,0.0820674,0.036158733,0.036158733,0.142035729,NA,NA,NA,NA,NA,NA,NA,NA,NA,NA,NA,NA,NA,NA,NA,Stable
MI0017447,hsa-mir-3688-2,hsa-miR-3688-3p,chr4:159128861-159128882,+,NA,hsa-miR-3688-3p,0,0.11187791,0.289140142,0,0.146659048,0.083254221,0,0,0.18409385,0.144505893,0.339996991,0.166993445,0.26945702,0,0,0.242178659,0.100254513,0.06826103,0.057478317,0.03561965,0.208897545,0.044445216,0.12790892,0.074057872,0.208897545,NA,-0.729824091,NA,1.67460524,1,-0.948658357,1,0.944781149,NA,-0.003877207,NA,0.725946883,NA,NA,NA,Stable
MI0017447,hsa-mir-3688-2,hsa-miR-3688-5p,chr4:159128816-159128836,+,Single miR only,hsa-miR-3688-5p,0,0.22375582,0.144570071,0.185080169,0,0.166508442,0.108951012,0.191324066,0,0.144505893,0.849992478,0.166993445,0.13472851,0.144634933,0.10881246,0,0.138351515,0.048868254,0.11669588,0.042552486,0.290372954,0.190173203,0.097043976,0.033217784,0.290372954,NA,-0.230946048,NA,1.008968015,1,-1.042101047,1,0.778021967,NA,-0.26407908,NA,-0.033133032,NA,NA,NA,Stable
MI0017448,hsa-mir-4800,hsa-miR-4800-3p,chr4:2250091-2250109,-,NA,hsa-miR-4800-3p,0,0,0,0,0,0.083254221,0,0.382648132,0,0,0,0,0,0,0,0,0,0,0.116475588,0.090868315,0,0,0,0,0.116475588,NA,NA,NA,NA,NA,NA,NA,NA,NA,NA,NA,NA,NA,NA,NA,Stable
MI0017448,hsa-mir-4800,hsa-miR-4800-5p,chr4:2250127-2250147,-,Single miR only,hsa-miR-4800-5p,0.159306926,0,0,0,0.293318096,0,0,0,0.368187699,0,0,0.33398689,0.13472851,0,0,0.242178659,0.039826731,0.039826731,0.073329524,0.073329524,0.175543647,0.101590328,0.094226792,0.058656856,0.175543647,NA,NA,NA,NA,NA,NA,NA,NA,NA,NA,NA,NA,NA,NA,NA,Stable
MI0017450,hsa-mir-4802,hsa-miR-4802-3p,chr4:40502051-40502073,-,Single miR only,hsa-miR-4802-3p,0,0,0,0.555240508,0,0,0,0,0,0,0,0,0,0,0,0,0.138810127,0.138810127,0,0,0,0,0,0,0.138810127,NA,NA,NA,NA,NA,NA,NA,NA,NA,NA,NA,NA,NA,NA,NA,Stable
MI0017451,hsa-mir-4803,hsa-miR-4803,chr5:72169476-72169496,+,Single miR only,hsa-miR-4803,0,0.11187791,0.144570071,0,0,0,0,0,0,0,0,0,0.13472851,0,0,0,0.064111995,0.037611812,0,0,0,0,0.033682127,0.033682127,0.064111995,NA,NA,NA,NA,NA,NA,NA,NA,NA,NA,NA,NA,NA,NA,NA,Stable
MI0017452,hsa-mir-4804,hsa-miR-4804-5p,chr5:72878600-72878620,+,Single miR only,hsa-miR-4804-5p,0.477920777,0.895023279,0.578280284,0.370160339,0.733295241,0.999050652,0.326853036,1.339268461,0,1.445058932,0.509995487,1.502941005,0.40418553,1.446349335,0.5440623,1.453071952,0.58034617,0.113172065,0.849616848,0.213873382,0.864498856,0.367161328,0.961917279,0.28307461,0.961917279,NA,0.444823515,1,-0.117463816,1,0.238506429,1,0.327359699,1,0.565866129,1,0.121042614,1,NA,NA,Stable
MI0017452,hsa-mir-4804,hsa-miR-4804-3p,chr5:72878635-72878655,+,NA,hsa-miR-4804-3p,0,0,0.289140142,0.555240508,0,0.249762663,0.108951012,0,0,0.289011786,0.509995487,0.166993445,0.13472851,0,0.21762492,0.726535976,0.211095163,0.133432059,0.089678419,0.05921911,0.241500179,0.10732376,0.269722351,0.158736237,0.269722351,NA,-0.38577722,NA,0.899688634,1,0.047730748,1,0.513911414,NA,0.561642162,NA,0.947419383,NA,NA,NA,Stable
MI0017865,hsa-mir-4999,hsa-miR-4999-3p,chr19:8389311-8389330,-,NA,hsa-miR-4999-3p,0,0,0,0,0,0.166508442,0,0.382648132,0.18409385,0,0,0,0,0.144634933,0,0,0,0,0.137289143,0.090715406,0.046023462,0.046023462,0.036158733,0.036158733,0.137289143,NA,NA,NA,NA,NA,NA,NA,NA,NA,NA,NA,NA,NA,NA,NA,Stable
MI0017865,hsa-mir-4999,hsa-miR-4999-5p,chr19:8389340-8389360,-,Single miR only,hsa-miR-4999-5p,0,0.22375582,0,0,0.586636193,0.083254221,0,0.382648132,0.552281549,0.144505893,0.169998496,0,0.40418553,0,0,0,0.055938955,0.055938955,0.263134636,0.135564724,0.216696484,0.117957226,0.101046382,0.101046382,0.263134636,NA,1.295147659,NA,-0.201118547,1,-1.294738765,1,1.094029113,NA,-0.200709652,NA,-1.495857312,NA,NA,NA,Stable
MI0017866,hsa-mir-5000,hsa-miR-5000-3p,chr2:75090873-75090894,+,Single miR only,hsa-miR-5000-3p,0.159306926,0.22375582,0,0.185080169,0.146659048,0.915796431,0.217902024,1.339268461,0,0.144505893,0.169998496,1.00196067,0.13472851,0.4339048,0.10881246,0,0.142035729,0.049162519,0.654906491,0.286604145,0.329116265,0.22738304,0.169361443,0.092885281,0.654906491,NA,2.022574001,1,-1.07213929,1,-0.387373176,1,0.950434711,NA,0.563061535,1,-1.459512466,NA,NA,NA,Stable
MI0017866,hsa-mir-5000,hsa-miR-5000-5p,chr2:75090835-75090856,+,NA,hsa-miR-5000-5p,0.159306926,0,0,0,0,0,0,0,0,0,0,0,0,0.289269867,0,0,0.039826731,0.039826731,0,0,0,0,0.072317467,0.072317467,0.072317467,NA,NA,NA,NA,NA,NA,NA,NA,NA,NA,NA,NA,NA,NA,NA,Stable
MI0017867,hsa-mir-5001,hsa-miR-5001-5p,chr2:232550530-232550553,-,NA,hsa-miR-5001-5p,0.159306926,0,0.144570071,0.370160339,0.293318096,0.083254221,0.54475506,0.765296263,0.18409385,2.023082504,0,0.166993445,0.13472851,0.4339048,0.43524984,0,0.168509334,0.076221331,0.42165591,0.148388115,0.59354245,0.478319072,0.250970788,0.109514925,0.59354245,NA,1.412066472,1,-0.010147856,1,-0.822007741,1,1.401918616,1,0.579910875,1,-0.832155597,NA,NA,NA,Stable
MI0017867,hsa-mir-5001,hsa-miR-5001-3p,chr2:232550493-232550514,-,Single miR only,hsa-miR-5001-3p,0.637227703,0,0.722850355,0.925400847,0.439977145,0.999050652,0.762657084,1.339268461,0.920469248,0.289011786,1.189989469,0.166993445,0.53891404,0.144634933,0.5440623,1.937429269,0.571369726,0.199809295,0.885238335,0.189820154,0.641615987,0.246317697,0.791260135,0.393341789,0.885238335,NA,1.050953703,1,-0.653983937,1,0.02255574,1,0.396969766,1,0.419525506,1,-0.631428197,1,NA,NA,Stable
MI0017868,hsa-mir-5002,hsa-miR-5002-5p,chr3:124132949-124132972,+,Single miR only,hsa-miR-5002-5p,0,0.11187791,0.144570071,0.925400847,0,0.083254221,0.108951012,0.382648132,0,0.144505893,0.169998496,0,0,0.144634933,0,0.242178659,0.295462207,0.212248329,0.143713341,0.082969414,0.078626097,0.045692075,0.096703398,0.059275893,0.295462207,NA,-0.703645065,NA,-0.188483028,1,-0.346507471,1,-0.892128093,NA,-1.238635564,NA,-0.534990499,NA,NA,NA,Stable
MI0017869,hsa-mir-5003,hsa-miR-5003-5p,chr5:172662187-172662209,+,NA,hsa-miR-5003-5p,0,0,0,0,0,0,0,0,0,0,0,0,0,0.144634933,0,0,0,0,0,0,0,0,0.036158733,0.036158733,0.036158733,NA,NA,NA,NA,NA,NA,NA,NA,NA,NA,NA,NA,NA,NA,NA,Stable
MI0017869,hsa-mir-5003,hsa-miR-5003-3p,chr5:172662222-172662242,+,Single miR only,hsa-miR-5003-3p,0.159306926,0,0,0,0,0.083254221,0,0,0,0,0,0,0,0,0,0,0.039826731,0.039826731,0.020813555,0.020813555,0,0,0,0,0.039826731,NA,NA,NA,NA,NA,NA,NA,NA,NA,NA,NA,NA,NA,NA,NA,Stable
MI0017870,hsa-mir-5004,hsa-miR-5004-5p,chr6:33438351-33438372,+,NA,hsa-miR-5004-5p,0,0,0,0,0,0,0,0,0,0,0,0,0.13472851,0,0,0,0,0,0,0,0,0,0.033682127,0.033682127,0.033682127,NA,NA,NA,NA,NA,NA,NA,NA,NA,NA,NA,NA,NA,NA,NA,Stable
MI0017870,hsa-mir-5004,hsa-miR-5004-3p,chr6:33438397-33438418,+,Single miR only,hsa-miR-5004-3p,0,0,0,0,0,0,0,0.191324066,0,0,0,0,0,0,0,0,0,0,0.047831016,0.047831016,0,0,0,0,0.047831016,NA,NA,NA,NA,NA,NA,NA,NA,NA,NA,NA,NA,NA,NA,NA,Stable
MI0017871,hsa-mir-548ao,hsa-miR-548ao-3p,chr8:41271065-41271086,-,Single miR only,hsa-miR-548ao-3p,0,0,0.144570071,0.185080169,0,0,0.108951012,0.191324066,0,0,0,0,0,0.144634933,0,0,0.08241256,0.048294111,0.075068769,0.046488297,0,0,0.036158733,0.036158733,0.08241256,NA,NA,NA,NA,NA,NA,NA,NA,NA,NA,NA,NA,NA,NA,NA,Stable
MI0017873,hsa-mir-5006,hsa-miR-5006-3p,chr13:41568306-41568326,-,Single miR only,hsa-miR-5006-3p,0.318613851,0.33563373,0.144570071,0.370160339,0.733295241,0.166508442,0,0.765296263,0.368187699,0.144505893,0.339996991,0.166993445,0.67364255,0,0,0.242178659,0.292244498,0.050379049,0.416274987,0.1953599,0.254921007,0.057727824,0.228955302,0.158840241,0.416274987,NA,0.033423163,1,-0.241617407,1,-0.751352931,1,-0.208194244,NA,-0.959547175,1,-0.992970338,NA,NA,NA,Stable
MI0017873,hsa-mir-5006,hsa-miR-5006-5p,chr13:41568355-41568375,-,NA,hsa-miR-5006-5p,0.318613851,0,0,0,0,0,0,0,0,0,0,0,0,0,0,0,0.079653463,0.079653463,0,0,0,0,0,0,0.079653463,NA,NA,NA,NA,NA,NA,NA,NA,NA,NA,NA,NA,NA,NA,NA,Stable
MI0017876,hsa-mir-5008,hsa-miR-5008-3p,chr1:227941610-227941630,-,Single miR only,hsa-miR-5008-3p,0.159306926,0,0,0.185080169,0,0,0,0.573972198,0,0,0.509995487,0.33398689,0,0,0,0,0.086096774,0.049985621,0.143493049,0.143493049,0.210995594,0.12700593,0,0,0.210995594,NA,NA,NA,NA,NA,NA,NA,NA,NA,NA,NA,NA,NA,NA,NA,Stable
MI0017877,hsa-mir-5009,hsa-miR-5009-5p,chr15:89883987-89884010,-,Single miR only,hsa-miR-5009-5p,0.318613851,0.11187791,0,1.480641355,0.146659048,0.083254221,0.326853036,0.191324066,0,0,0.169998496,0.166993445,0.40418553,0,0.21762492,0,0.477783279,0.340737292,0.187022593,0.05161407,0.084247985,0.048644465,0.155452612,0.097495508,0.477783279,NA,-0.879612708,NA,-1.275487362,1,1.01988192,1,-2.155100071,NA,-1.13521815,1,-0.255605442,NA,NA,NA,Stable
MI0017878,hsa-mir-5010,hsa-miR-5010-5p,chr17:42514208-42514229,+,>20% RPMM,hsa-miR-5010-5p,0.796534628,0.447511639,1.156560568,0.925400847,0.879954289,0.333016884,0.435804048,2.29588879,1.656844646,1.300553039,1.869983451,0.834967225,0.13472851,0.867809601,0.87049968,0.968714634,0.831501921,0.148085386,0.986166003,0.45241544,1.41558709,0.226390798,0.710438106,0.193333434,1.41558709,NA,0.122793447,1,0.719390171,1,-1.035945211,1,0.842183618,1,-0.193761593,1,-0.31655504,1,NA,NA,Stable
MI0017878,hsa-mir-5010,hsa-miR-5010-3p,chr17:42514267-42514288,+,Single miR only,hsa-miR-5010-3p,4.77920777,1.230657009,2.457691207,0.925400847,2.49320382,1.415321757,3.050628337,4.974425712,3.497783142,4.046165009,3.39996991,1.66993445,2.559841689,1.880254135,3.37318626,2.906143903,2.348239208,0.875359301,2.983394906,0.745422962,3.153463128,0.51454639,2.679856497,0.31433523,3.153463128,0.992535394,0.444840204,1,0.095860446,1,-0.253925222,1,0.54070065,1,0.286775428,1,-0.158064776,1,NA,NA,Stable
MI0017932,hsa-mir-5047,hsa-miR-5047,chr17:64501230-64501250,-,Single miR only,hsa-miR-5047,0,0,0,0.185080169,0,0.083254221,0,0,0.18409385,0,0,0,0.13472851,0,0,0,0.046270042,0.046270042,0.020813555,0.020813555,0.046023462,0.046023462,0.033682127,0.033682127,0.046270042,NA,NA,NA,NA,NA,NA,NA,NA,NA,NA,NA,NA,NA,NA,NA,Stable
MI0017976,hsa-mir-5087,hsa-miR-5087,chr1:148334522-148334544,-,Single miR only,hsa-miR-5087,0,0,0,0,0,0,0,0,0,0,0,0,0.13472851,0,0.10881246,0,0,0,0,0,0,0,0.060885242,0.035547939,0.060885242,NA,NA,NA,NA,NA,NA,NA,NA,NA,NA,NA,NA,NA,NA,NA,Stable
MI0017977,hsa-mir-5088,hsa-miR-5088-5p,chr19:49682122-49682145,+,Single miR only,hsa-miR-5088-5p,0,0,0,0.185080169,0,0.083254221,0,0,0,0.722529466,0.339996991,0.166993445,0,0,0.32643738,0,0.046270042,0.046270042,0.020813555,0.020813555,0.307379975,0.154812735,0.081609345,0.081609345,0.307379975,NA,-0.275236507,NA,2.603340928,1,-1.550381062,1,2.328104421,NA,0.777723359,NA,1.052959866,NA,NA,NA,Stable
MI0017979,hsa-mir-5090,hsa-miR-5090,chr7:102465752-102465774,+,Single miR only,hsa-miR-5090,0,0.22375582,0.144570071,0.185080169,0.146659048,0.083254221,0,0,0.18409385,0,0,0,0.26945702,0,0.10881246,0.484357317,0.138351515,0.048868254,0.057478317,0.03561965,0.046023462,0.046023462,0.215656699,0.105284535,0.215656699,NA,-1.384499906,NA,-0.29100672,1,1.863494293,1,-1.675506626,NA,0.187987667,NA,1.572487574,NA,NA,NA,Stable
MI0017980,hsa-mir-5091,hsa-miR-5091,chr4:13627875-13627897,+,Single miR only,hsa-miR-5091,0.159306926,0.11187791,0.433710213,0.370160339,0.293318096,0.416271105,0,0.956620329,0.18409385,0.144505893,0,0,0.13472851,0,0,0.726535976,0.268763847,0.078571924,0.416552383,0.200078327,0.082149936,0.048112759,0.215316121,0.173340264,0.416552383,NA,0.097575393,NA,-1.824598452,1,0.45210723,1,-1.72702306,NA,-1.274915829,1,-1.372491222,NA,NA,NA,Stable
MI0017981,hsa-mir-5092,hsa-miR-5092,chr3:125151475-125151496,-,Single miR only,hsa-miR-5092,0.796534628,0.33563373,0.722850355,1.850801693,1.173272386,0.083254221,1.08951012,0.382648132,0.18409385,0,0.169998496,0.500980335,0.943099569,0.144634933,0.21762492,0.726535976,0.926455102,0.324271072,0.682171215,0.267008269,0.21376817,0.104476476,0.50797385,0.194383955,0.926455102,NA,-0.41586664,1,-1.815789477,0.98386007,1.260661419,1,-2.231656116,0.638615605,-0.970994698,1,-0.555128058,1,NA,NA,Stable
MI0017982,hsa-mir-5093,hsa-miR-5093,chr16:85306236-85306258,-,Single miR only,hsa-miR-5093,0,0,0,0,0,0,0,0.191324066,0,0,0,0,0,0,0,0,0,0,0.047831016,0.047831016,0,0,0,0,0.047831016,NA,NA,NA,NA,NA,NA,NA,NA,NA,NA,NA,NA,NA,NA,NA,Stable
MI0017983,hsa-mir-5094,hsa-miR-5094,chr15:89850690-89850711,-,Single miR only,hsa-miR-5094,0.796534628,1.454412828,0.722850355,1.850801693,1.026613338,1.248813315,1.307412144,1.530592527,0.368187699,1.011541252,1.019990973,1.168954115,0.943099569,1.157079468,0.5440623,1.210893293,1.206149876,0.270581709,1.278357831,0.103567475,0.89216851,0.178361663,0.963783658,0.151388103,1.278357831,NA,0.170163127,1,-0.589537638,1,0.138370923,1,-0.419374511,1,-0.281003588,1,-0.451166715,1,NA,NA,Stable
MI0018003,hsa-mir-1273g,hsa-miR-1273g-3p,chr1:52940370-52940390,+,Single miR only,hsa-miR-1273g-3p,0,0.11187791,0,0,0,0,0,0,0,0,0,0,0,0,0,0,0.027969477,0.027969477,0,0,0,0,0,0,0.027969477,NA,NA,NA,NA,NA,NA,NA,NA,NA,NA,NA,NA,NA,NA,NA,Stable
MI0018003,hsa-mir-1273g,hsa-miR-1273g-5p,chr1:52940339-52940360,+,NA,hsa-miR-1273g-5p,0,0.11187791,0,0,0,0,0,0,0,0,0,0,0,0,0,0,0.027969477,0.027969477,0,0,0,0,0,0,0.027969477,NA,NA,NA,NA,NA,NA,NA,NA,NA,NA,NA,NA,NA,NA,NA,Stable
MI0018166,hsa-mir-5187,hsa-miR-5187-3p,chr1:161227237-161227257,+,NA,hsa-miR-5187-3p,0,0.11187791,0,0,0,0,0,0,0,0,0,0,0.26945702,0,0.10881246,0.968714634,0.027969477,0.027969477,0,0,0,0,0.336746029,0.217804142,0.336746029,NA,NA,NA,NA,NA,NA,NA,NA,NA,NA,NA,NA,NA,NA,NA,Stable
MI0018166,hsa-mir-5187,hsa-miR-5187-5p,chr1:161227195-161227216,+,Single miR only,hsa-miR-5187-5p,0.159306926,0.22375582,0,0,0.146659048,0,0,0,0.920469248,0.144505893,0.169998496,0.166993445,0,0,0,0,0.095765686,0.056833893,0.036664762,0.036664762,0.35049177,0.190077608,0,0,0.35049177,NA,-1.250450967,NA,2.791306066,1,-3.234599093,1,1.540855099,NA,-1.693743994,NA,-0.443293027,NA,NA,NA,Stable
MI0018167,hsa-mir-5188,hsa-miR-5188,chr12:124915610-124915632,+,Single miR only,hsa-miR-5188,0,0.11187791,0,0,0.293318096,0,0,0,0,0.144505893,0.169998496,0.166993445,0,0,0,0.242178659,0.027969477,0.027969477,0.073329524,0.073329524,0.120374458,0.040525929,0.060544665,0.060544665,0.120374458,NA,NA,NA,NA,NA,NA,NA,NA,NA,NA,NA,NA,NA,NA,NA,Stable
MI0018168,hsa-mir-5189,hsa-miR-5189-3p,chr16:88468984-88469004,+,NA,hsa-miR-5189-3p,0.477920777,0.11187791,0,0.555240508,0.146659048,0.166508442,0,0.765296263,0,0.43351768,0.169998496,0.834967225,0.26945702,0.144634933,0.21762492,0.484357317,0.286259799,0.135842515,0.269615938,0.169347102,0.35962085,0.181819212,0.279018548,0.073077337,0.35962085,NA,-0.272953902,1,0.697461507,1,-0.127760679,1,0.424507605,NA,0.296746927,1,0.569700828,NA,NA,NA,Stable
MI0018168,hsa-mir-5189,hsa-miR-5189-5p,chr16:88468943-88468966,+,Single miR only,hsa-miR-5189-5p,0,0.33563373,0.578280284,0.925400847,0,0.083254221,0.108951012,1.147944395,0,0.43351768,0.169998496,0.166993445,0.13472851,0.289269867,0.21762492,0,0.459828715,0.195289321,0.335037407,0.271964714,0.192627405,0.089583578,0.160405824,0.0620949,0.459828715,NA,-0.73599904,1,-0.214615886,1,0.136566901,1,-0.950614925,NA,-0.814048025,1,-0.078048985,NA,NA,NA,Stable
MI0018170,hsa-mir-5191,hsa-miR-5191,chr1:201719579-201719600,+,Single miR only,hsa-miR-5191,0,0,0,0,0,0.083254221,0.108951012,0,0,0.289011786,0.339996991,0.166993445,0,0,0.21762492,0,0,0,0.048051308,0.028233956,0.199000556,0.075612881,0.05440623,0.05440623,0.199000556,NA,NA,NA,NA,NA,NA,NA,NA,NA,NA,NA,NA,NA,NA,NA,Stable
MI0018172,hsa-mir-5193,hsa-miR-5193,chr3:49806165-49806186,-,Single miR only,hsa-miR-5193,0,0,0,0,0,0,0.217902024,0,0,0,0.169998496,0,0.13472851,0,0,0.242178659,0,0,0.054475506,0.054475506,0.042499624,0.042499624,0.094226792,0.058656856,0.094226792,NA,NA,NA,NA,NA,NA,NA,NA,NA,NA,NA,NA,NA,NA,NA,Stable
MI0018175,hsa-mir-5196,hsa-miR-5196-3p,chr19:35345581-35345601,+,Single miR only,hsa-miR-5196-3p,0,0,0,0,0,0,0,0,0,0.289011786,0,0,0,0,0,0,0,0,0,0,0.072252947,0.072252947,0,0,0.072252947,NA,NA,NA,NA,NA,NA,NA,NA,NA,NA,NA,NA,NA,NA,NA,Stable
MI0019110,hsa-mir-4436b-2,hsa-miR-4436b-5p,chr2:110284865-110284886,+,NA,hsa-miR-4436b-5p,0,0,0,0,0,0,0,0,0,0,0,0,0.26945702,0,0,0,0,0,0,0,0,0,0.067364255,0.067364255,0.067364255,NA,NA,NA,NA,NA,NA,NA,NA,NA,NA,NA,NA,NA,NA,NA,Stable
MI0019110,hsa-mir-4436b-2,hsa-miR-4436b-3p,chr2:110284912-110284933,+,Single miR only,hsa-miR-4436b-3p,0.159306926,0,0.144570071,0,0.293318096,0,0.108951012,0,0,0,0,0,0,0,0.10881246,0,0.075969249,0.043963901,0.100567277,0.069192196,0,0,0.027203115,0.027203115,0.100567277,NA,NA,NA,NA,NA,NA,NA,NA,NA,NA,NA,NA,NA,NA,NA,Stable
MI0019111,hsa-mir-4444-2,hsa-miR-4444,chr3:75214518-75214535,+,Single miR only,hsa-miR-4444,0,0,0,0,0.146659048,0,0.108951012,0.191324066,0,0,0.169998496,0,0,0.144634933,0.10881246,0,0,0,0.111733532,0.040872331,0.042499624,0.042499624,0.063361848,0.03730563,0.111733532,NA,NA,NA,NA,NA,NA,NA,NA,NA,NA,NA,NA,NA,NA,NA,Stable
MI0019114,hsa-mir-4524b,hsa-miR-4524b-5p,chr17:69099570-69099590,+,>20% RPMM,hsa-miR-4524b-5p,0.159306926,0.33563373,0.289140142,0.740320677,0,0.416271105,0.435804048,0.191324066,1.840938496,0.722529466,0.849992478,0,1.347285099,0.144634933,0.65287476,0.484357317,0.381100369,0.125417788,0.260849805,0.103134708,0.85336511,0.3786668,0.657288027,0.253119481,0.85336511,NA,-0.463090615,1,1.368002998,1,-0.308112247,1,0.904912383,1,0.596800136,1,1.059890751,1,NA,NA,Stable
MI0019114,hsa-mir-4524b,hsa-miR-4524b-3p,chr17:69099607-69099626,+,Single miR only,hsa-miR-4524b-3p,0.477920777,1.678168648,1.011990497,0,1.026613338,0.249762663,0.326853036,0.191324066,0.920469248,0.289011786,0.339996991,0.500980335,2.020927649,1.301714401,1.84981182,0.726535976,0.792019981,0.360508951,0.448638276,0.194646887,0.51261459,0.143258457,1.474747461,0.292794999,1.474747461,NA,-0.92708463,1,0.310775158,1,1.52340734,0.932295531,-0.616309471,1,0.907097869,1,1.834182498,0.626648696,NA,NA,Stable
MI0019116,hsa-mir-5100,hsa-miR-5100,chr10:42997630-42997651,+,Single miR only,hsa-miR-5100,1.593069257,0,0,0.370160339,0,0,0.217902024,0.191324066,0.18409385,0.43351768,1.869983451,0,0.26945702,0.144634933,0.10881246,0.242178659,0.490807399,0.377637472,0.102306522,0.059315324,0.621898745,0.425405104,0.191270768,0.038382914,0.621898745,NA,-2.043870198,1,2.709368006,1,-1.569969895,1,0.665497808,1,-0.904472086,1,1.139398111,NA,NA,NA,Stable
MI0019130,hsa-mir-548aq,hsa-miR-548aq-5p,chr3:185767883-185767904,-,Single miR only,hsa-miR-548aq-5p,0,0.22375582,0,0,0.146659048,0,0,0,0,0,0,0,0.26945702,0,0,0,0.055938955,0.055938955,0.036664762,0.036664762,0,0,0.067364255,0.067364255,0.067364255,NA,NA,NA,NA,NA,NA,NA,NA,NA,NA,NA,NA,NA,NA,NA,Stable
MI0019131,hsa-mir-548ar,hsa-miR-548ar-3p,chr13:114244541-114244561,+,Single miR only,hsa-miR-548ar-3p,0,0,0,0.555240508,0,0.333016884,0.217902024,0,0.18409385,0,0.509995487,0.166993445,0,0.144634933,0,0,0.138810127,0.138810127,0.137729727,0.082917442,0.215270695,0.106656326,0.036158733,0.036158733,0.215270695,NA,0.493620431,NA,0.797430919,1,-2.347992781,1,1.29105135,NA,-1.056941432,NA,-1.550561862,NA,NA,NA,Stable
MI0019133,hsa-mir-5579,hsa-miR-5579-5p,chr11:79422206-79422226,-,NA,hsa-miR-5579-5p,0,0.33563373,0,0,0.439977145,0,0,0.382648132,0,0.144505893,0,0,0,0.144634933,0.21762492,0,0.083908432,0.083908432,0.205656319,0.119311006,0.036126473,0.036126473,0.090564963,0.05436897,0.205656319,NA,2.137562046,NA,-2.586682437,1,1.10944631,1,-0.449120391,NA,0.660325919,NA,-1.477236127,NA,NA,NA,Stable
MI0019133,hsa-mir-5579,hsa-miR-5579-3p,chr11:79422169-79422190,-,Single miR only,hsa-miR-5579-3p,0,0.33563373,0.433710213,0.185080169,0,0,0,0.765296263,0,0.144505893,0,0.166993445,0,0.144634933,0,0.242178659,0.238606028,0.094550635,0.191324066,0.191324066,0.077874835,0.045194768,0.096703398,0.059275893,0.238606028,NA,-1.638805456,NA,-0.143045446,1,-0.083417208,1,-1.781850902,NA,-1.86526811,NA,-0.226462654,NA,NA,NA,Stable
MI0019134,hsa-mir-664b,hsa-miR-664b-5p,chrX:154768596-154768619,+,>20% RPMM,hsa-miR-664b-5p,1.911683108,0.22375582,2.313121136,2.406042201,2.786521916,0.915796431,1.743216192,4.974425712,1.840938496,1.011541252,2.719975928,1.168954115,2.559841689,0.867809601,1.0881246,1.69525061,1.713650566,0.508082538,2.604990063,0.877648774,1.685352448,0.388945319,1.552756625,0.378545484,2.604990063,0.978328934,0.679105726,1,-0.517603332,1,-0.147715507,1,0.161502394,1,0.013786887,1,-0.665318839,1,NA,NA,Stable
MI0019134,hsa-mir-664b,hsa-miR-664b-3p,chrX:154768635-154768656,+,Single miR only,hsa-miR-664b-3p,7.487425506,3.803848936,6.505653196,3.516523217,6.159680025,2.580880851,7.081815782,4.59177758,4.970533938,6.936282872,13.08988415,3.506862345,4.715497847,2.603428803,6.855184979,2.179607927,5.328362714,0.985497744,5.10353856,0.985508193,7.125890828,2.1084769,4.088429889,1.076141931,7.125890828,0.75864633,-0.054580801,1,0.421856078,1,-0.78102287,0.680228467,0.367275276,1,-0.413747594,1,-0.359166792,1,NA,NA,Stable
MI0019135,hsa-mir-5580,hsa-miR-5580-5p,chr14:53948463-53948484,-,NA,hsa-miR-5580-5p,0,0,0,0,0,0,0,0,0,0,0,0,0,0,0.10881246,0,0,0,0,0,0,0,0.027203115,0.027203115,0.027203115,NA,NA,NA,NA,NA,NA,NA,NA,NA,NA,NA,NA,NA,NA,NA,Stable
MI0019135,hsa-mir-5580,hsa-miR-5580-3p,chr14:53948427-53948448,-,Single miR only,hsa-miR-5580-3p,0,0,0,0,0,0,0,0,0,0,0,0.166993445,0,0,0,0,0,0,0,0,0.041748361,0.041748361,0,0,0.041748361,NA,NA,NA,NA,NA,NA,NA,NA,NA,NA,NA,NA,NA,NA,NA,Stable
MI0019136,hsa-mir-5581,hsa-miR-5581-3p,chr1:37500935-37500956,-,Single miR only,hsa-miR-5581-3p,0,0.895023279,0.722850355,1.480641355,0.439977145,1.914847083,0.435804048,0.956620329,1.104563097,0.578023573,1.019990973,1.33594756,0.26945702,0.578539734,0.76168722,1.210893293,0.774628747,0.304915199,0.936812151,0.348185635,1.009631301,0.158610346,0.705144317,0.196814479,1.009631301,NA,0.434970624,1,0.198126126,1,-0.648464923,1,0.633096751,1,-0.015368173,1,-0.450338797,1,NA,NA,Stable
MI0019137,hsa-mir-548at,hsa-miR-548at-5p,chr17:42494773-42494794,+,Single miR only,hsa-miR-548at-5p,0.159306926,0.447511639,0.289140142,0.370160339,0.879954289,0.499525326,0.217902024,0,0.736375398,1.300553039,0.169998496,0,0,0.578539734,0.76168722,0.726535976,0.316529761,0.061577663,0.39934541,0.190048101,0.551731733,0.295092471,0.516690732,0.176742024,0.551731733,NA,0.193490833,1,0.261900165,1,0.388233452,1,0.455390998,1,0.84362445,1,0.650133617,1,NA,NA,Stable
MI0019137,hsa-mir-548at,hsa-miR-548at-3p,chr17:42494810-42494830,+,NA,hsa-miR-548at-3p,0,0,0,0,0.146659048,0,0,0,0,0,0,0,0,0,0,0,0,0,0.036664762,0.036664762,0,0,0,0,0.036664762,NA,NA,NA,NA,NA,NA,NA,NA,NA,NA,NA,NA,NA,NA,NA,Stable
MI0019138,hsa-mir-5582,hsa-miR-5582-5p,chr11:46753171-46753192,-,NA,hsa-miR-5582-5p,0,0,0.144570071,0,0,0,0,0,0,0,0,0,0,0,0,0,0.036142518,0.036142518,0,0,0,0,0,0,0.036142518,NA,NA,NA,NA,NA,NA,NA,NA,NA,NA,NA,NA,NA,NA,NA,Stable
MI0019138,hsa-mir-5582,hsa-miR-5582-3p,chr11:46753125-46753146,-,Single miR only,hsa-miR-5582-3p,0,0.33563373,0.289140142,0,0,0.083254221,0,0.191324066,0.18409385,0.144505893,0,0,0,0,0,0.968714634,0.156193468,0.090676359,0.068644572,0.045357703,0.082149936,0.048112759,0.242178659,0.242178659,0.242178659,NA,-1.834792931,NA,0.833712761,1,-0.119901731,1,-1.00108017,NA,-1.1209819,NA,0.713811031,NA,NA,NA,Stable
MI0019141,hsa-mir-5584,hsa-miR-5584-3p,chr1:44545531-44545552,+,Single miR only,hsa-miR-5584-3p,0,0,0,0,0,0,0,0,0,0,0,0,0.40418553,0,0,0,0,0,0,0,0,0,0.101046382,0.101046382,0.101046382,NA,NA,NA,NA,NA,NA,NA,NA,NA,NA,NA,NA,NA,NA,NA,Stable
MI0019142,hsa-mir-5585,hsa-miR-5585-5p,chr1:32086949-32086970,+,Single miR only,hsa-miR-5585-5p,0,0.447511639,0.144570071,0,0,0,0,0,0,0.289011786,0,0,0,0,0,0,0.148020428,0.105485775,0,0,0.072252947,0.072252947,0,0,0.148020428,NA,NA,NA,NA,NA,NA,NA,NA,NA,NA,NA,NA,NA,NA,NA,Stable
MI0019144,hsa-mir-5587,hsa-miR-5587-3p,chr16:535348-535368,+,Single miR only,hsa-miR-5587-3p,1.11514848,0.671267459,0.867420426,0.555240508,0.439977145,0.666033768,0.762657084,1.530592527,0,0.289011786,0.339996991,0.33398689,0.53891404,1.012444534,0.76168722,2.179607927,0.802269218,0.122584242,0.849815131,0.236783507,0.240748917,0.081051859,1.12316343,0.365187857,1.12316343,NA,-0.073306111,1,-1.788184747,0.775459976,2.132695185,0.405318569,-1.861490858,0.700003952,0.271204327,1,0.344510438,1,NA,NA,Stable
MI0019144,hsa-mir-5587,hsa-miR-5587-5p,chr16:535316-535333,+,>20% RPMM,hsa-miR-5587-5p,0,0,0.289140142,0,0.293318096,0.083254221,0.54475506,0.573972198,0.368187699,0.43351768,0.169998496,0.166993445,0,0,0.21762492,0.726535976,0.072285036,0.072285036,0.373824894,0.115538134,0.28467433,0.068391132,0.236040224,0.171356155,0.373824894,NA,2.292442038,NA,0.159288206,1,-1.230852917,1,2.451730244,NA,1.220877326,1,-1.071564711,NA,NA,NA,Stable
MI0019146,hsa-mir-1295b,hsa-miR-1295b-5p,chr1:171101739-171101759,+,Single miR only,hsa-miR-1295b-5p,0,0,0.144570071,0.185080169,0,0.083254221,0.108951012,0,0,0,0,0,0,0,0,0,0.08241256,0.048294111,0.048051308,0.028233956,0,0,0,0,0.08241256,NA,NA,NA,NA,NA,NA,NA,NA,NA,NA,NA,NA,NA,NA,NA,Stable
MI0019147,hsa-mir-5588,hsa-miR-5588-3p,chr3:185253210-185253228,-,NA,hsa-miR-5588-3p,0,0,0,0,0,0.083254221,0,0,0,0,0,0,0,0,0.21762492,0,0,0,0.020813555,0.020813555,0,0,0.05440623,0.05440623,0.05440623,NA,NA,NA,NA,NA,NA,NA,NA,NA,NA,NA,NA,NA,NA,NA,Stable
MI0019147,hsa-mir-5588,hsa-miR-5588-5p,chr3:185253252-185253272,-,Single miR only,hsa-miR-5588-5p,0,0.447511639,0,0,0.146659048,0.083254221,0,0.191324066,0,0.144505893,0.679993982,0,0.13472851,0.289269867,0,0,0.11187791,0.11187791,0.105309334,0.041517884,0.206124969,0.161586859,0.105999594,0.068850788,0.206124969,NA,0.594731813,NA,0.785330431,1,-1.08612799,1,1.380062244,NA,0.293934254,NA,-0.300797559,NA,NA,NA,Stable
MI0019149,hsa-mir-4536-2,hsa-miR-4536-5p,chrX:55451496-55451516,+,NA,hsa-miR-4536-5p,0,0,0,0,0.146659048,0,0,0,0,0.289011786,0,0,0,0.144634933,0,0,0,0,0.036664762,0.036664762,0.072252947,0.072252947,0.036158733,0.036158733,0.072252947,NA,NA,NA,NA,NA,NA,NA,NA,NA,NA,NA,NA,NA,NA,NA,Stable
MI0019149,hsa-mir-4536-2,hsa-miR-4536-3p,chrX:55451562-55451582,+,Single miR only,hsa-miR-4536-3p,0,0,0,0,0.293318096,0,0,0,0,0.144505893,0,0,0.13472851,0,0,0,0,0,0.073329524,0.073329524,0.036126473,0.036126473,0.033682127,0.033682127,0.073329524,NA,NA,NA,NA,NA,NA,NA,NA,NA,NA,NA,NA,NA,NA,NA,Stable
MI0019280,hsa-mir-5680,hsa-miR-5680,chr8:102125483-102125504,+,Single miR only,hsa-miR-5680,0,0,0.289140142,0.185080169,0,0,0.108951012,0,0,0,0,0.166993445,0,0.144634933,0.10881246,0.484357317,0.118555078,0.071667906,0.027237753,0.027237753,0.041748361,0.041748361,0.184451178,0.104591459,0.184451178,NA,NA,NA,NA,NA,NA,NA,NA,NA,NA,NA,NA,NA,NA,NA,Stable
MI0019283,hsa-mir-548aw,hsa-miR-548aw,chr9:132945714-132945733,+,Single miR only,hsa-miR-548aw,0,0,0,0,0,0,0.217902024,0,0,0,0.169998496,0,0,0.289269867,0.21762492,0,0,0,0.054475506,0.054475506,0.042499624,0.042499624,0.126723697,0.074611259,0.126723697,NA,NA,NA,NA,NA,NA,NA,NA,NA,NA,NA,NA,NA,NA,NA,Stable
MI0019284,hsa-mir-5683,hsa-miR-5683,chr6:6169343-6169366,+,Single miR only,hsa-miR-5683,0,0.11187791,0,0,0,0,0,0,0,0,0,0.33398689,0,0,0,0,0.027969477,0.027969477,0,0,0.083496723,0.083496723,0,0,0.083496723,NA,NA,NA,NA,NA,NA,NA,NA,NA,NA,NA,NA,NA,NA,NA,Stable
MI0019285,hsa-mir-5684,hsa-miR-5684,chr19:12787132-12787151,+,Single miR only,hsa-miR-5684,0,0,0,0,0,0.083254221,0,0,0,0,0,0,0,0,0,0,0,0,0.020813555,0.020813555,0,0,0,0,0.020813555,NA,NA,NA,NA,NA,NA,NA,NA,NA,NA,NA,NA,NA,NA,NA,Stable
MI0019286,hsa-mir-548ax,hsa-miR-548ax,chrX:11318656-11318677,-,Single miR only,hsa-miR-548ax,0.159306926,0.22375582,0,0,0,0.166508442,0.108951012,0,0,0.578023573,0,0,0.26945702,0,0,0.242178659,0.095765686,0.056833893,0.068864864,0.041458721,0.144505893,0.144505893,0.12790892,0.074057872,0.144505893,NA,-0.18810984,NA,0.217494893,1,0.6614912,1,0.029385053,NA,0.690876254,NA,0.878986093,NA,NA,NA,Stable
MI0019287,hsa-mir-5685,hsa-miR-5685,chr6:53277002-53277023,+,Single miR only,hsa-miR-5685,0,0,0,0.555240508,0.146659048,0.166508442,0,0.191324066,0,0,0,0.166993445,0,0,0,0,0.138810127,0.138810127,0.126122889,0.043022187,0.041748361,0.041748361,0,0,0.138810127,NA,NA,NA,NA,NA,NA,NA,NA,NA,NA,NA,NA,NA,NA,NA,Stable
MI0019291,hsa-mir-5687,hsa-miR-5687,chr5:55508859-55508880,-,Single miR only,hsa-miR-5687,0.159306926,0,0,0,0,0,0,0,0,0,0,0,0,0,0,0,0.039826731,0.039826731,0,0,0,0,0,0,0.039826731,NA,NA,NA,NA,NA,NA,NA,NA,NA,NA,NA,NA,NA,NA,NA,Stable
MI0019295,hsa-mir-5690,hsa-miR-5690,chr6:35664760-35664780,-,Single miR only,hsa-miR-5690,0.477920777,0.11187791,0.433710213,1.110481016,0.146659048,0.333016884,0.54475506,0.191324066,0.368187699,1.878576611,0,0.66797378,0.26945702,0,0.21762492,1.210893293,0.533497479,0.208909736,0.303938765,0.089562364,0.728684523,0.406906695,0.424493808,0.268553267,0.728684523,NA,-0.488973232,1,1.029471177,1,-1.066516258,1,0.540497945,1,-0.526018312,1,-0.037045081,1,NA,NA,Stable
MI0019302,hsa-mir-5695,hsa-miR-5695,chr19:12920373-12920394,+,Single miR only,hsa-miR-5695,0,0,0,0,0,0.333016884,0.108951012,0,0,0.289011786,0.339996991,0,0.13472851,0.289269867,0.10881246,0,0,0,0.110491974,0.078494513,0.157252194,0.091384151,0.133202709,0.059649764,0.157252194,NA,1.632309094,NA,0.396507933,1,0.139144999,1,2.028817026,NA,2.167962026,NA,0.535652932,NA,NA,NA,Stable
MI0019303,hsa-mir-5696,hsa-miR-5696,chr2:101309453-101309474,+,Single miR only,hsa-miR-5696,0,0.11187791,0,0.370160339,0,0,0.217902024,0,0.368187699,0.289011786,0,0.500980335,0,0.4339048,0,0,0.120509562,0.087295058,0.054475506,0.054475506,0.289544955,0.105958391,0.1084762,0.1084762,0.289544955,NA,-0.081342616,NA,1.681771141,1,-1.841203527,1,1.600428525,NA,-0.240775002,NA,-0.159432386,NA,NA,NA,Stable
MI0019304,hsa-mir-5697,hsa-miR-5697,chr1:9967390-9967411,+,Single miR only,hsa-miR-5697,0,0,0.144570071,0,0.146659048,0.333016884,0.326853036,0.191324066,0,0,0,0,0.13472851,0,0,0.726535976,0.036142518,0.036142518,0.249463259,0.047363187,0,0,0.215316121,0.173340264,0.249463259,NA,2.639629229,NA,-3.209097369,1,2.278757743,1,-0.569468141,NA,1.709289603,NA,-0.930339626,NA,NA,NA,Stable
MI0019305,hsa-mir-5698,hsa-miR-5698,chr1:154104562-154104583,-,Single miR only,hsa-miR-5698,0,0.22375582,0,0,0,0,0,0,0,0,0,0.166993445,0.13472851,0.289269867,0.10881246,0,0.055938955,0.055938955,0,0,0.041748361,0.041748361,0.133202709,0.059649764,0.133202709,NA,NA,NA,NA,NA,NA,NA,NA,NA,NA,NA,NA,NA,NA,NA,Stable
MI0019306,hsa-mir-5699,hsa-miR-5699-5p,chr10:641748-641769,-,>20% RPMM,hsa-miR-5699-5p,0.796534628,1.342534918,1.590270781,1.480641355,0.293318096,1.332067536,0.980559108,0.765296263,0.368187699,0.722529466,1.869983451,1.836927895,0.80837106,1.735619202,1.41456198,1.69525061,1.302495421,0.17610369,0.842810251,0.217235948,1.199407128,0.384539051,1.413450713,0.213956058,1.413450713,0.986346122,-0.585246065,1,0.384041939,1,0.337330928,1,-0.201204126,1,0.136126801,1,0.721372867,1,NA,NA,Stable
MI0019306,hsa-mir-5699,hsa-miR-5699-3p,chr10:641699-641720,-,Single miR only,hsa-miR-5699-3p,1.274455405,1.901924468,1.156560568,1.665721524,0.146659048,2.747389293,0.435804048,2.29588879,0.18409385,1.011541252,0.849992478,2.504901675,1.077828079,1.157079468,1.0881246,1.69525061,1.499665491,0.172681658,1.406435295,0.653098152,1.137632314,0.489667978,1.254570689,0.147943002,1.499665491,0.992535394,-0.398992754,1,-0.252946334,1,0.433939536,1,-0.651939088,1,-0.217999551,1,0.180993202,1,NA,NA,Stable
MI0019309,hsa-mir-5702,hsa-miR-5702,chr2:226658720-226658741,-,Single miR only,hsa-miR-5702,0,0,0,0,0,0,0,0,0,0,0,0,0.13472851,0,0,0,0,0,0,0,0,0,0.033682127,0.033682127,0.033682127,NA,NA,NA,NA,NA,NA,NA,NA,NA,NA,NA,NA,NA,NA,NA,Stable
MI0019310,hsa-mir-5703,hsa-miR-5703,chr2:227472162-227472179,+,Single miR only,hsa-miR-5703,0,0.11187791,0,0,0,0.083254221,0,0,0,0,0,0,0,0,0,0,0.027969477,0.027969477,0.020813555,0.020813555,0,0,0,0,0.027969477,NA,NA,NA,NA,NA,NA,NA,NA,NA,NA,NA,NA,NA,NA,NA,Stable
MI0019314,hsa-mir-5706,hsa-miR-5706,chr5:119154646-119154667,+,Single miR only,hsa-miR-5706,0.159306926,0,0,0,0.146659048,0.333016884,0,0,0,1.011541252,0,0.166993445,0,0,0,0,0.039826731,0.039826731,0.119918983,0.078997295,0.294633674,0.242189063,0,0,0.294633674,NA,0.615771405,NA,0.984944462,1,-2.569662718,1,1.600715867,NA,-0.968946851,NA,-1.584718256,NA,NA,NA,Stable
MI0019797,hsa-mir-5787,hsa-miR-5787,chr3:50227438-50227457,+,Single miR only,hsa-miR-5787,0,0,0,0,0,0,0.108951012,0,0,0,0,0,0,0,0,0,0,0,0.027237753,0.027237753,0,0,0,0,0.027237753,NA,NA,NA,NA,NA,NA,NA,NA,NA,NA,NA,NA,NA,NA,NA,Stable
MI0020348,hsa-mir-6071,hsa-miR-6071,chr2:85783657-85783675,-,Single miR only,hsa-miR-6071,0,0.11187791,0,0,0,0,0,0,0,0,0,0,0,0,0,0,0.027969477,0.027969477,0,0,0,0,0,0,0.027969477,NA,NA,NA,NA,NA,NA,NA,NA,NA,NA,NA,NA,NA,NA,NA,Stable
MI0020354,hsa-mir-6077,hsa-miR-6077,chr1:148388294-148388314,+,Single miR only,hsa-miR-6077,0,0,0,0,0,0.083254221,0,0.191324066,0,0,0,0,0,0,0,0,0,0,0.068644572,0.045357703,0,0,0,0,0.068644572,NA,NA,NA,NA,NA,NA,NA,NA,NA,NA,NA,NA,NA,NA,NA,Stable
MI0020358,hsa-mir-6081,hsa-miR-6081,chr9:95065406-95065429,+,Single miR only,hsa-miR-6081,0,0,0,0,0,0,0,0,0,0,0,0,0.13472851,0,0,0,0,0,0,0,0,0,0.033682127,0.033682127,0.033682127,NA,NA,NA,NA,NA,NA,NA,NA,NA,NA,NA,NA,NA,NA,NA,Stable
MI0020361,hsa-mir-6084,hsa-miR-6084,chr1:20633756-20633775,+,Single miR only,hsa-miR-6084,0,0,0,0.185080169,0,0,0,0,0,0,0,0.166993445,0,0,0,0,0.046270042,0.046270042,0,0,0.041748361,0.041748361,0,0,0.046270042,NA,NA,NA,NA,NA,NA,NA,NA,NA,NA,NA,NA,NA,NA,NA,Stable
MI0020364,hsa-mir-6087,hsa-miR-6087,chrX:109054544-109054561,+,Single miR only,hsa-miR-6087,91.60148226,30.5426694,62.02056047,5691.030127,14.22592768,219.1251097,77.57312057,2355.007927,85.97182775,39.30560294,904.3919961,127.582992,17.78416331,250.5077048,81.06528269,376.3456354,1468.79871,1407.465676,666.4830211,564.4687505,289.3131047,205.8174956,181.4256966,81.4539085,1468.79871,0.992535394,-0.827058117,1,1.081247911,1,-1.46116071,1,0.254189794,1,-1.206970916,1,-0.379912799,1,NA,NA,Stable
MI0020367,hsa-mir-6090,hsa-miR-6090,chr11:128522430-128522448,+,Single miR only,hsa-miR-6090,0,0,0,0,0,0,0,0,0,0,0,0.33398689,0,0,0,0,0,0,0,0,0.083496723,0.083496723,0,0,0.083496723,NA,NA,NA,NA,NA,NA,NA,NA,NA,NA,NA,NA,NA,NA,NA,Stable
MI0021259,hsa-mir-6125,hsa-miR-6125,chr12:62260418-62260437,+,Single miR only,hsa-miR-6125,0,0.11187791,0,0.370160339,0.146659048,0.083254221,0.54475506,0.382648132,0,0.144505893,0.339996991,0.33398689,0.13472851,0,0.10881246,0.484357317,0.120509562,0.087295058,0.289329115,0.106760036,0.204622444,0.081927698,0.181974572,0.104934485,0.289329115,NA,1.411106443,NA,-0.596196426,1,-0.340882257,1,0.814910017,NA,0.474027759,NA,-0.937078684,NA,NA,NA,Stable
MI0021274,hsa-mir-6129,hsa-miR-6129,chr17:49288416-49288434,-,Single miR only,hsa-miR-6129,0,0,0,0,0,0,0,0,0,0,0,0,0,0,0.10881246,0,0,0,0,0,0,0,0.027203115,0.027203115,0.027203115,NA,NA,NA,NA,NA,NA,NA,NA,NA,NA,NA,NA,NA,NA,NA,Stable
MI0021277,hsa-mir-6132,hsa-miR-6132,chr7:117020231-117020249,+,Single miR only,hsa-miR-6132,0.159306926,0,0,0,0,0,0,0,0,0,0,0,0,0,0,0,0.039826731,0.039826731,0,0,0,0,0,0,0.039826731,NA,NA,NA,NA,NA,NA,NA,NA,NA,NA,NA,NA,NA,NA,NA,Stable
MI0022209,hsa-mir-6499,hsa-miR-6499-5p,chr5:151522123-151522144,-,Single miR only,hsa-miR-6499-5p,0,0,0.289140142,0,0,0,0,0,0,0,0.169998496,0,0,0,0,0,0.072285036,0.072285036,0,0,0.042499624,0.042499624,0,0,0.072285036,NA,NA,NA,NA,NA,NA,NA,NA,NA,NA,NA,NA,NA,NA,NA,Stable
MI0022210,hsa-mir-548ay,hsa-miR-548ay-3p,chr3:32506305-32506326,-,Single miR only,hsa-miR-548ay-3p,0.318613851,0.671267459,0.433710213,1.110481016,0.586636193,0.166508442,1.08951012,0.382648132,0.368187699,0.578023573,0.679993982,0,0.53891404,0.289269867,0.5440623,0,0.633518135,0.175120557,0.556325722,0.197341866,0.406551313,0.150257935,0.343061552,0.128887636,0.633518135,NA,-0.40383985,1,-0.457530726,1,-0.141486545,1,-0.861370576,1,-1.002857121,1,-0.599017272,1,NA,NA,Stable
MI0022212,hsa-mir-548az,hsa-miR-548az-5p,chr8:119325190-119325211,+,Single miR only,hsa-miR-548az-5p,0,0,0,0,0.146659048,0,0,0,0,0,0,0,0,0,0,0,0,0,0.036664762,0.036664762,0,0,0,0,0.036664762,NA,NA,NA,NA,NA,NA,NA,NA,NA,NA,NA,NA,NA,NA,NA,Stable
MI0022213,hsa-mir-6501,hsa-miR-6501-5p,chr21:33550664-33550685,+,Single miR only,hsa-miR-6501-5p,0.637227703,0.22375582,0.144570071,0.740320677,0,0.249762663,0.217902024,0.191324066,0,0.144505893,0.169998496,0.166993445,0.40418553,0,0.65287476,0.242178659,0.436468568,0.148065802,0.164747188,0.056199818,0.120374458,0.040525929,0.324809737,0.137312428,0.436468568,NA,-1.260611035,1,-0.589825248,1,1.418407391,1,-1.850436283,NA,-0.432028892,1,0.828582143,NA,NA,NA,Stable
MI0022213,hsa-mir-6501,hsa-miR-6501-3p,chr21:33550705-33550727,+,NA,hsa-miR-6501-3p,0,0,0.144570071,0,0,0,0,0,0,0,0,0.500980335,0.13472851,0,0.21762492,0,0.036142518,0.036142518,0,0,0.125245084,0.125245084,0.088088357,0.053598929,0.125245084,NA,NA,NA,NA,NA,NA,NA,NA,NA,NA,NA,NA,NA,NA,NA,Stable
MI0022214,hsa-mir-6502,hsa-miR-6502-3p,chr12:66251128-66251148,+,NA,hsa-miR-6502-3p,0,0,0,0,0,0,0,0,0,0,0,0,0,0,0,0.242178659,0,0,0,0,0,0,0.060544665,0.060544665,0.060544665,NA,NA,NA,NA,NA,NA,NA,NA,NA,NA,NA,NA,NA,NA,NA,Stable
MI0022214,hsa-mir-6502,hsa-miR-6502-5p,chr12:66251091-66251112,+,Single miR only,hsa-miR-6502-5p,0,0,0,0,0.146659048,0.249762663,0.108951012,0.382648132,0,0,0,0.500980335,0.26945702,0,0.65287476,0.242178659,0,0,0.222005214,0.061260999,0.125245084,0.125245084,0.29112761,0.134932668,0.29112761,NA,3.091426621,NA,-1.499037053,1,1.789085835,1,1.592389568,NA,3.381475403,NA,0.290048783,NA,NA,NA,Stable
MI0022216,hsa-mir-6504,hsa-miR-6504-5p,chr16:81611352-81611372,+,Single miR only,hsa-miR-6504-5p,0,0,0,0,0,0,0,0,0,0,0.339996991,0,0,0,0,0,0,0,0,0,0.084999248,0.084999248,0,0,0.084999248,NA,NA,NA,NA,NA,NA,NA,NA,NA,NA,NA,NA,NA,NA,NA,Stable
MI0022217,hsa-mir-6505,hsa-miR-6505-5p,chr12:48132800-48132821,+,NA,hsa-miR-6505-5p,0.955841554,0,0.144570071,0.370160339,0.439977145,0,0.435804048,0.765296263,0.18409385,0.43351768,0.509995487,0.166993445,0,0,0.32643738,0,0.367642991,0.210338375,0.410269364,0.157029621,0.323650115,0.086992693,0.081609345,0.081609345,0.410269364,NA,0.161883534,1,0.256874449,1,-2.201813356,1,0.418757983,NA,-1.783055373,1,-1.944938907,NA,NA,NA,Stable
MI0022217,hsa-mir-6505,hsa-miR-6505-3p,chr12:48132847-48132867,+,Single miR only,hsa-miR-6505-3p,0.159306926,0.447511639,0,0.370160339,0.293318096,0.083254221,0.108951012,1.530592527,0,0.722529466,0,0.166993445,0.13472851,0,0,0,0.244244726,0.101670258,0.504028964,0.345370549,0.222380728,0.171299661,0.033682127,0.033682127,0.504028964,NA,1.085812949,NA,-1.263617478,1,-1.721807882,1,-0.177804529,NA,-1.899612411,1,-2.98542536,NA,NA,NA,Stable
MI0022218,hsa-mir-6506,hsa-miR-6506-5p,chr16:15611072-15611094,-,Single miR only,hsa-miR-6506-5p,0,0,0,0,0,0,0,0,0,0,0,0,0,0,0.10881246,0,0,0,0,0,0,0,0.027203115,0.027203115,0.027203115,NA,NA,NA,NA,NA,NA,NA,NA,NA,NA,NA,NA,NA,NA,NA,Stable
MI0022220,hsa-mir-6508,hsa-miR-6508-3p,chr21:39447046-39447067,+,NA,hsa-miR-6508-3p,0,0,0.289140142,0.185080169,0,0.416271105,0,0,0.18409385,0,0.169998496,0.166993445,0,0.144634933,0,0.242178659,0.118555078,0.071667906,0.104067776,0.104067776,0.130271448,0.043583487,0.096703398,0.059275893,0.130271448,NA,-0.535579516,NA,0.830408082,1,-1.017336505,1,0.294828565,NA,-0.72250794,NA,-0.186928424,NA,NA,NA,Stable
MI0022220,hsa-mir-6508,hsa-miR-6508-5p,chr21:39447014-39447034,+,Single miR only,hsa-miR-6508-5p,0.159306926,0,0,0.185080169,0.146659048,0.249762663,0,0,0,0,0.339996991,0.500980335,0,0,0.32643738,0.484357317,0.086096774,0.049985621,0.099105428,0.06096633,0.210244332,0.125753905,0.202698674,0.12138656,0.210244332,NA,1.244097682,NA,-0.314070497,1,-0.028130628,1,0.930027185,NA,0.901896557,NA,-0.342201125,NA,NA,NA,Stable
MI0022221,hsa-mir-6509,hsa-miR-6509-3p,chr7:135207006-135207027,-,NA,hsa-miR-6509-3p,0,0,0,0,0,0,0,0,0,0,0,0,0,0,0.21762492,0.242178659,0,0,0,0,0,0,0.114950895,0.066555914,0.114950895,NA,NA,NA,NA,NA,NA,NA,NA,NA,NA,NA,NA,NA,NA,NA,Stable
MI0022221,hsa-mir-6509,hsa-miR-6509-5p,chr7:135207044-135207064,-,Single miR only,hsa-miR-6509-5p,0.159306926,0,0.433710213,0.370160339,0,0,0,0.573972198,0.18409385,0.578023573,0,0,0.13472851,0,0.10881246,0.484357317,0.240794369,0.099404145,0.143493049,0.143493049,0.190529356,0.13625835,0.181974572,0.104934485,0.240794369,NA,-1.757102355,NA,2.182345494,1,-1.229859134,1,0.425243139,NA,-0.804615995,NA,0.95248636,NA,NA,NA,Stable
MI0022222,hsa-mir-6510,hsa-miR-6510-3p,chr17:41517166-41517186,-,Single miR only,hsa-miR-6510-3p,0,0,0,0,0.146659048,0,0,0,0,0,0,0,0,0,0,0,0,0,0.036664762,0.036664762,0,0,0,0,0.036664762,NA,NA,NA,NA,NA,NA,NA,NA,NA,NA,NA,NA,NA,NA,NA,Stable
MI0022224,hsa-mir-6512,hsa-miR-6512-3p,chr2:177313811-177313832,-,NA,hsa-miR-6512-3p,0,0,0.144570071,0,0,0,0.108951012,0,0,0,0,0,0,0,0,0,0.036142518,0.036142518,0.027237753,0.027237753,0,0,0,0,0.036142518,NA,NA,NA,NA,NA,NA,NA,NA,NA,NA,NA,NA,NA,NA,NA,Stable
MI0022224,hsa-mir-6512,hsa-miR-6512-5p,chr2:177313853-177313874,-,Single miR only,hsa-miR-6512-5p,0,0.11187791,0,0,0,0.166508442,0.217902024,0.382648132,0.18409385,0,0.169998496,0.166993445,0,0.4339048,0.10881246,0,0.027969477,0.027969477,0.191764649,0.078809487,0.130271448,0.043583487,0.135679315,0.102663699,0.191764649,NA,1.963224389,NA,-0.252900662,1,-0.343752769,1,1.710323727,NA,1.366570957,NA,-0.596653432,NA,NA,NA,Stable
MI0022225,hsa-mir-6513,hsa-miR-6513-5p,chr2:218280164-218280186,-,NA,hsa-miR-6513-5p,0.796534628,0.22375582,0.578280284,0,0,0.166508442,0.326853036,0.191324066,0.18409385,0.867035359,1.019990973,0.33398689,0.13472851,0.144634933,0.43524984,0,0.399642683,0.177971222,0.171171386,0.067059857,0.601276768,0.202368204,0.178653321,0.091672162,0.601276768,NA,-1.22512002,1,1.832330301,1,-1.753036405,1,0.607210282,NA,-1.145826123,1,0.079293896,NA,NA,NA,Stable
MI0022225,hsa-mir-6513,hsa-miR-6513-3p,chr2:218280127-218280147,-,Single miR only,hsa-miR-6513-3p,0.318613851,1.118779099,0.867420426,1.110481016,0.586636193,0.749287989,1.307412144,0.382648132,0.920469248,1.300553039,1.189989469,0.66797378,0.943099569,1.446349335,0.87049968,0,0.853823598,0.187685196,0.756496115,0.198363122,1.019746384,0.141843517,0.814987146,0.300321591,1.019746384,NA,-0.174450503,1,0.400460542,1,-0.27760976,1,0.226010039,1,-0.05159972,1,0.122850782,1,NA,NA,Stable
MI0022226,hsa-mir-6514,hsa-miR-6514-5p,chr11:62792749-62792771,-,Single miR only,hsa-miR-6514-5p,0.318613851,0.11187791,0.144570071,0.555240508,0.439977145,0.333016884,0.326853036,0.573972198,0.736375398,0.289011786,1.189989469,0.66797378,0.40418553,0,0.32643738,0.968714634,0.282575585,0.101582534,0.418454816,0.057979445,0.720837608,0.184755022,0.424834386,0.201328572,0.720837608,NA,0.79759987,1,0.652574865,1,-0.997770741,1,1.450174735,1,0.452403994,1,-0.345195876,1,NA,NA,Stable
MI0022226,hsa-mir-6514,hsa-miR-6514-3p,chr11:62792702-62792722,-,NA,hsa-miR-6514-3p,0,0,0,0.925400847,0.439977145,0,0.108951012,0,0,0.144505893,0,0,0.13472851,0,0,0,0.231350212,0.231350212,0.137232039,0.1041312,0.036126473,0.036126473,0.033682127,0.033682127,0.231350212,NA,0.343784352,NA,-1.367395767,1,-1.42203291,1,-1.023611415,NA,-2.445644325,NA,-2.789428677,NA,NA,NA,Stable
MI0022227,hsa-mir-6515,hsa-miR-6515-5p,chr19:12940486-12940506,+,Single miR only,hsa-miR-6515-5p,0.159306926,0.895023279,1.011990497,0.925400847,0.733295241,0.666033768,0.653706072,0.191324066,0.368187699,2.601106077,0.679993982,0.33398689,0.13472851,0.289269867,0.21762492,0.242178659,0.747930387,0.197766151,0.561089787,0.124489766,0.995818662,0.540727506,0.220950489,0.032356686,0.995818662,NA,-0.298482775,1,0.50299453,1,-1.973541887,0.784748286,0.204511755,1,-1.769030132,0.955834698,-1.470547357,1,NA,NA,Stable
MI0022227,hsa-mir-6515,hsa-miR-6515-3p,chr19:12940521-12940540,+,>20% RPMM,hsa-miR-6515-3p,0.159306926,0,0,0,0.146659048,0,0.108951012,0.191324066,0,0,0.679993982,0,0,0,0,0,0.039826731,0.039826731,0.111733532,0.040872331,0.169998496,0.169998496,0,0,0.169998496,NA,NA,NA,NA,NA,NA,NA,NA,NA,NA,NA,NA,NA,NA,NA,Stable
MI0022548,hsa-mir-6715a,hsa-miR-6715a-3p,chr10:112299660-112299680,+,Single miR only,hsa-miR-6715a-3p,0,0,0,0,0,0,0,0.382648132,0,0,0,0,0,0,0,0.242178659,0,0,0.095662033,0.095662033,0,0,0.060544665,0.060544665,0.095662033,NA,NA,NA,NA,NA,NA,NA,NA,NA,NA,NA,NA,NA,NA,NA,Stable
MI0022549,hsa-mir-6715b,hsa-miR-6715b-3p,chr10:112299622-112299643,-,NA,hsa-miR-6715b-3p,0,0,0,0,0,0,0,0.191324066,0,0,0,0,0,0,0,0,0,0,0.047831016,0.047831016,0,0,0,0,0.047831016,NA,NA,NA,NA,NA,NA,NA,NA,NA,NA,NA,NA,NA,NA,NA,Stable
MI0022549,hsa-mir-6715b,hsa-miR-6715b-5p,chr10:112299658-112299678,-,Single miR only,hsa-miR-6715b-5p,0,0,0,0,0,0,0,0.382648132,0,0,0,0,0,0,0,0.242178659,0,0,0.095662033,0.095662033,0,0,0.060544665,0.060544665,0.095662033,NA,NA,NA,NA,NA,NA,NA,NA,NA,NA,NA,NA,NA,NA,NA,Stable
MI0022550,hsa-mir-6716,hsa-miR-6716-3p,chr11:118644048-118644069,+,Single miR only,hsa-miR-6716-3p,8.602573986,7.495819962,9.397054616,10.73464982,18.03906293,7.576134112,10.35034614,16.2625456,14.17522642,15.89564825,16.14985707,8.516665695,11.18246632,4.194413071,9.901933859,14.53071952,9.057524596,0.681538155,13.0570222,2.457341714,13.68434936,1.77750963,9.952383192,2.153118534,13.68434936,0.75864633,0.510469963,1,0.11982846,1,-0.557116272,1,0.630298423,0.962557251,0.073182151,1,-0.437287812,1,NA,NA,Stable
MI0022550,hsa-mir-6716,hsa-miR-6716-5p,chr11:118644015-118644034,+,<1% RPMM,hsa-miR-6716-5p***,0.159306926,0,0,0,0.146659048,0,0.108951012,0,0,0,0,0.33398689,0,0,0,0,0.039826731,0.039826731,0.063902515,0.037688497,0.083496723,0.083496723,0,0,0.083496723,NA,NA,NA,NA,NA,NA,NA,NA,NA,NA,NA,NA,NA,NA,NA,Stable
MI0022552,hsa-mir-6511b-1,hsa-miR-6511b-3p,chr16:2106679-2106701,-,Single miR only,hsa-miR-6511b-3p,1.593069257,0.783145369,1.44570071,1.850801693,2.346544771,1.165559094,2.287971253,2.487212856,1.656844646,1.589564825,2.889974424,1.836927895,0.80837106,0.723174667,1.84981182,3.148322562,1.418179257,0.227628014,2.071821994,0.304966544,1.993327947,0.303408629,1.632420027,0.56649533,2.071821994,0.970837113,0.590743203,1,-0.073028418,1,-0.410727114,1,0.517714784,1,0.10698767,1,-0.483755532,1,NA,NA,Stable
MI0022555,hsa-mir-6720,hsa-miR-6720-3p,chr6:1390324-1390345,-,Single miR only,hsa-miR-6720-3p,0,0,0.578280284,2.035881863,0,0.166508442,0.326853036,0.573972198,0,0.578023573,0,0.834967225,0,0,0,0.726535976,0.653540537,0.480517266,0.266833419,0.122202618,0.353247699,0.210583667,0.181633994,0.181633994,0.653540537,NA,-0.520372303,1,0.342772418,1,-1.805558391,1,-0.177599885,NA,-1.983158276,1,-1.462785973,NA,NA,NA,Stable
MI0022555,hsa-mir-6720,hsa-miR-6720-5p,chr6:1390359-1390381,-,NA,hsa-miR-6720-5p,0,0.11187791,0.144570071,0.555240508,0,0,0,0.191324066,0,0.144505893,0,0.66797378,0,0,0,1.210893293,0.202922122,0.121449456,0.047831016,0.047831016,0.203119918,0.158650591,0.302723323,0.302723323,0.302723323,NA,-1.908668792,NA,1.548272205,1,-0.416650374,1,-0.360396587,NA,-0.777046961,NA,1.131621831,NA,NA,NA,Stable
MI0022558,hsa-mir-6723,hsa-miR-6723-5p,chr1:632382-632403,-,Single miR only,hsa-miR-6723-5p,0,0,0,0,0,0,0,0,0,0,0,0.166993445,0,0,0.10881246,0,0,0,0,0,0.041748361,0.041748361,0.027203115,0.027203115,0.041748361,NA,NA,NA,NA,NA,NA,NA,NA,NA,NA,NA,NA,NA,NA,NA,Stable
MI0022571,hsa-mir-6726,hsa-miR-6726-3p,chr1:1296110-1296129,-,Single miR only,hsa-miR-6726-3p,1.274455405,0,0.722850355,0,0,0.166508442,0.435804048,0.573972198,0.368187699,1.011541252,0.339996991,0,0.13472851,0.144634933,0.32643738,0,0.49932644,0.309494432,0.294071172,0.12948066,0.429931486,0.211149929,0.151450206,0.067009787,0.49932644,NA,-0.108410011,1,0.143218843,1,-1.441628157,1,0.034808832,1,-1.406819325,1,-1.298409314,NA,NA,NA,Stable
MI0022571,hsa-mir-6726,hsa-miR-6726-5p,chr1:1296145-1296165,-,NA,hsa-miR-6726-5p,0.318613851,0,0,0,0,0,0,0,0,0,0.169998496,0,0,0.144634933,0,0.242178659,0.079653463,0.079653463,0,0,0.042499624,0.042499624,0.096703398,0.059275893,0.096703398,NA,NA,NA,NA,NA,NA,NA,NA,NA,NA,NA,NA,NA,NA,NA,Stable
MI0022572,hsa-mir-6727,hsa-miR-6727-3p,chr1:1312502-1312521,-,NA,hsa-miR-6727-3p,0.159306926,0,0,0,0,0.083254221,0,0,0,0,0,0,0,0,0.10881246,0,0.039826731,0.039826731,0.020813555,0.020813555,0,0,0.027203115,0.027203115,0.039826731,NA,NA,NA,NA,NA,NA,NA,NA,NA,NA,NA,NA,NA,NA,NA,Stable
MI0022572,hsa-mir-6727,hsa-miR-6727-5p,chr1:1312539-1312561,-,Single miR only,hsa-miR-6727-5p,0.318613851,0,0.144570071,0,0.146659048,0,0.108951012,0.191324066,0.18409385,0.144505893,0,0.500980335,0.13472851,0,0,0,0.115795981,0.075708022,0.111733532,0.040872331,0.207395019,0.105555285,0.033682127,0.033682127,0.207395019,NA,-0.053887648,NA,1.033465034,1,-2.078750201,1,0.979577386,NA,-1.099172815,NA,-1.045285167,NA,NA,NA,Stable
MI0022573,hsa-mir-6728,hsa-miR-6728-5p,chr1:8866563-8866585,-,NA,hsa-miR-6728-5p,0,0,0,0,0,0.166508442,0,0,0,0,0,0,0,0,0.10881246,0,0,0,0.041627111,0.041627111,0,0,0.027203115,0.027203115,0.041627111,NA,NA,NA,NA,NA,NA,NA,NA,NA,NA,NA,NA,NA,NA,NA,Stable
MI0022573,hsa-mir-6728,hsa-miR-6728-3p,chr1:8866502-8866522,-,Single miR only,hsa-miR-6728-3p,0,0,0,0,0,0.249762663,0.108951012,0,0,0.144505893,0.169998496,0,0,0,0.10881246,0.242178659,0,0,0.089678419,0.05921911,0.078626097,0.045692075,0.08774778,0.057512291,0.089678419,NA,NA,NA,NA,NA,NA,NA,NA,NA,NA,NA,NA,NA,NA,NA,Stable
MI0022574,hsa-mir-6729,hsa-miR-6729-5p,chr1:12029163-12029184,+,NA,hsa-miR-6729-5p,0,0,0.144570071,0.370160339,0,0,0,0,0.368187699,0,0.169998496,0,0,0,0,0,0.128682602,0.087408206,0,0,0.134546549,0.087583567,0,0,0.134546549,NA,NA,NA,NA,NA,NA,NA,NA,NA,NA,NA,NA,NA,NA,NA,Stable
MI0022574,hsa-mir-6729,hsa-miR-6729-3p,chr1:12029202-12029222,+,Single miR only,hsa-miR-6729-3p,0,0,0,0,0,0,0.108951012,0,0,0.144505893,0.169998496,0.33398689,0.13472851,0,0,0.726535976,0,0,0.027237753,0.027237753,0.16212282,0.068430896,0.215316121,0.173340264,0.215316121,NA,NA,NA,NA,NA,NA,NA,NA,NA,NA,NA,NA,NA,NA,NA,Stable
MI0022575,hsa-mir-6730,hsa-miR-6730-3p,chr1:12578958-12578979,-,NA,hsa-miR-6730-3p,0,0,0,0,0.293318096,0,0.217902024,0,0,0,0,0.33398689,0,0,0.32643738,0,0,0,0.12780503,0.075376994,0.083496723,0.083496723,0.081609345,0.081609345,0.12780503,NA,NA,NA,NA,NA,NA,NA,NA,NA,NA,NA,NA,NA,NA,NA,Stable
MI0022575,hsa-mir-6730,hsa-miR-6730-5p,chr1:12578996-12579018,-,Single miR only,hsa-miR-6730-5p,0,0,0,0.555240508,0,0.083254221,0.653706072,0,0.18409385,0,0,0,0,0,0.32643738,0,0.138810127,0.138810127,0.184240073,0.157714213,0.046023462,0.046023462,0.081609345,0.081609345,0.184240073,NA,0.409944648,NA,-1.057521096,1,-0.959526351,1,-0.647576448,NA,-1.607102799,NA,-2.017047447,NA,NA,NA,Stable
MI0022577,hsa-mir-6732,hsa-miR-6732-3p,chr1:37480267-37480289,+,Single miR only,hsa-miR-6732-3p,0.318613851,0.447511639,0.433710213,1.850801693,0.879954289,0.83254221,0.762657084,2.29588879,1.104563097,0.578023573,1.699984955,1.66993445,0.53891404,1.012444534,3.15556134,1.453071952,0.762659349,0.363863044,1.192760593,0.368497616,1.263126519,0.266277799,1.539997966,0.56994757,1.539997966,0.959058619,0.791146814,1,0.058166927,1,0.337900004,1,0.849313741,1,1.187213745,1,0.396066932,1,NA,NA,Stable
MI0022577,hsa-mir-6732,hsa-miR-6732-5p,chr1:37480235-37480254,+,<20% RPMM,hsa-miR-6732-5p*,0,0.11187791,0,0,0.586636193,0.083254221,0.217902024,0,0,0.289011786,0,0,0.13472851,0.289269867,0.10881246,0,0.027969477,0.027969477,0.221948109,0.129586113,0.072252947,0.072252947,0.133202709,0.059649764,0.221948109,NA,2.335028625,NA,-1.759440013,1,0.938714947,1,0.575588612,NA,1.514303559,NA,-0.820725066,NA,NA,NA,Stable
MI0022578,hsa-mir-6733,hsa-miR-6733-5p,chr1:43171686-43171707,-,Single miR only,hsa-miR-6733-5p,0.318613851,0.783145369,0.722850355,0,0.733295241,0.499525326,0.217902024,0.382648132,0.18409385,0.722529466,0,0.500980335,0,0.4339048,0.10881246,0,0.456152394,0.183721725,0.458342681,0.108334472,0.351900913,0.161137535,0.135679315,0.102663699,0.458342681,NA,0.137841206,1,-0.575429696,1,-1.42319534,1,-0.43758849,1,-1.86078383,1,-1.998625036,NA,NA,NA,Stable
MI0022578,hsa-mir-6733,hsa-miR-6733-3p,chr1:43171652-43171671,-,NA,hsa-miR-6733-3p,0,0.22375582,0,0,0,0.249762663,0.108951012,0.382648132,0,0,0.509995487,0,0.13472851,0.4339048,0.32643738,0,0.055938955,0.055938955,0.185340452,0.083300146,0.127498872,0.127498872,0.223767673,0.096910021,0.223767673,NA,1.505777124,NA,-0.856247334,1,1.020135683,1,0.649529789,NA,1.669665472,NA,0.163888349,NA,NA,NA,Stable
MI0022579,hsa-mir-6734,hsa-miR-6734-5p,chr1:43364688-43364710,-,Single miR only,hsa-miR-6734-5p,1.274455405,0.559389549,0.433710213,1.665721524,1.466590482,0.83254221,0.54475506,2.104564724,0.920469248,1.445058932,2.379978937,1.00196067,1.212556589,0,0.43524984,1.69525061,0.983319173,0.293288767,1.237113119,0.347391404,1.436866947,0.334830478,0.83576426,0.380745206,1.436866947,0.964791628,0.382782403,1,0.458635091,1,-1.227525017,1,0.841417493,1,-0.386107523,1,-0.768889926,1,NA,NA,Stable
MI0022579,hsa-mir-6734,hsa-miR-6734-3p,chr1:43364648-43364670,-,>20% RPMM,hsa-miR-6734-3p,0,0,0.144570071,0,0,0,0,0,0,0,0.339996991,0,0.13472851,0.289269867,0.10881246,0,0.036142518,0.036142518,0,0,0.084999248,0.084999248,0.133202709,0.059649764,0.133202709,NA,NA,NA,NA,NA,NA,NA,NA,NA,NA,NA,NA,NA,NA,NA,Stable
MI0022580,hsa-mir-6735,hsa-miR-6735-3p,chr1:43448590-43448611,+,>20% RPMM,hsa-miR-6735-3p,0.159306926,0.22375582,0.289140142,0.370160339,0.733295241,0.582779547,0.326853036,0.191324066,1.104563097,0,0.339996991,0,0.13472851,0.289269867,0.21762492,0,0.260590807,0.045125554,0.458562973,0.122362752,0.361140022,0.260443392,0.160405824,0.0620949,0.458562973,NA,0.659075348,1,-0.721723787,1,-0.66995677,1,-0.062648439,NA,-0.732605209,1,-1.391680557,NA,NA,NA,Stable
MI0022580,hsa-mir-6735,hsa-miR-6735-5p,chr1:43448544-43448568,+,Single miR only,hsa-miR-6735-5p,0.477920777,0.671267459,0.433710213,1.850801693,1.173272386,0.666033768,0.871608096,2.29588879,1.472750797,1.734070718,1.869983451,2.504901675,0.53891404,0.867809601,1.74099936,2.421786586,0.858425036,0.334789182,1.25170076,0.363312986,1.89542666,0.219240693,1.392377397,0.42669189,1.89542666,0.728163779,0.59762854,1,0.670655149,1,-0.506235808,1,1.268283689,0.626648696,0.762047881,1,0.164419341,1,NA,NA,Stable
MI0022581,hsa-mir-6736,hsa-miR-6736-3p,chr1:145850587-145850607,-,NA,hsa-miR-6736-3p,0,0.11187791,0,0.370160339,0,0,0.108951012,0.191324066,0,0,0,0,0.13472851,0,0,0,0.120509562,0.087295058,0.075068769,0.046488297,0,0,0.033682127,0.033682127,0.120509562,NA,NA,NA,NA,NA,NA,NA,NA,NA,NA,NA,NA,NA,NA,NA,Stable
MI0022581,hsa-mir-6736,hsa-miR-6736-5p,chr1:145850620-145850640,-,Single miR only,hsa-miR-6736-5p,0,0,0,0,0,0,0,0,0,0.43351768,0.339996991,0,0.13472851,0,0,0,0,0,0,0,0.193378668,0.113267492,0.033682127,0.033682127,0.193378668,NA,NA,NA,NA,NA,NA,NA,NA,NA,NA,NA,NA,NA,NA,NA,Stable
MI0022582,hsa-mir-6737,hsa-miR-6737-5p,chr1:153962395-153962415,-,NA,hsa-miR-6737-5p,0,0,0,0,0,0,0.217902024,0,0,0,0,0,0,0,0,0,0,0,0.054475506,0.054475506,0,0,0,0,0.054475506,NA,NA,NA,NA,NA,NA,NA,NA,NA,NA,NA,NA,NA,NA,NA,Stable
MI0022582,hsa-mir-6737,hsa-miR-6737-3p,chr1:153962351-153962372,-,Single miR only,hsa-miR-6737-3p,0,0,0.433710213,0,0.293318096,0.166508442,0.108951012,0,0.368187699,0.144505893,0.339996991,0,0.13472851,0,0.10881246,0.242178659,0.108427553,0.108427553,0.142194388,0.061069574,0.213172646,0.086733203,0.121429907,0.049717147,0.213172646,NA,0.85932788,NA,0.226754778,1,-0.73359644,1,1.086082658,NA,0.352486218,NA,-0.506841662,NA,NA,NA,Stable
MI0022583,hsa-mir-6738,hsa-miR-6738-3p,chr1:155951273-155951296,-,Single miR only,hsa-miR-6738-3p,0,0.22375582,0.144570071,0.185080169,0.146659048,0.166508442,0.326853036,0.573972198,0.920469248,0.578023573,0.169998496,0.33398689,0.13472851,0.144634933,0.21762492,1.937429269,0.138351515,0.048868254,0.303498181,0.09877008,0.500619552,0.163131306,0.608604408,0.443327053,0.608604408,NA,1.017306191,1,0.933465094,1,-0.416791063,1,1.950771285,1,1.533980222,1,0.516674031,1,NA,NA,Stable
MI0022583,hsa-mir-6738,hsa-miR-6738-5p,chr1:155951309-155951331,-,NA,hsa-miR-6738-5p,0,0,0,0,0.146659048,0,0.108951012,0,0,0,0,0,0,0,0,0,0,0,0.063902515,0.037688497,0,0,0,0,0.063902515,NA,NA,NA,NA,NA,NA,NA,NA,NA,NA,NA,NA,NA,NA,NA,Stable
MI0022584,hsa-mir-6739,hsa-miR-6739-3p,chr1:201863427-201863447,+,Single miR only,hsa-miR-6739-3p,0,0,0,0,0,0,0,0,0.18409385,0,0.169998496,0.33398689,0,0.578539734,0.10881246,0,0,0,0,0,0.172019809,0.068297156,0.171838048,0.137971952,0.172019809,NA,NA,NA,NA,NA,NA,NA,NA,NA,NA,NA,NA,NA,NA,NA,Stable
MI0022585,hsa-mir-6740,hsa-miR-6740-3p,chr1:202003215-202003236,+,NA,hsa-miR-6740-3p,0,0,0.144570071,0.370160339,0,0,0,0,0,0,0,0.166993445,0,0,0,0,0.128682602,0.087408206,0,0,0.041748361,0.041748361,0,0,0.128682602,NA,NA,NA,NA,NA,NA,NA,NA,NA,NA,NA,NA,NA,NA,NA,Stable
MI0022585,hsa-mir-6740,hsa-miR-6740-5p,chr1:202003129-202003150,+,Single miR only,hsa-miR-6740-5p,0.159306926,0,0,0,0,0,0.108951012,0.573972198,0,0.144505893,0.339996991,0.33398689,0,0.144634933,0,0,0.039826731,0.039826731,0.170730802,0.136844918,0.204622444,0.081927698,0.036158733,0.036158733,0.204622444,NA,1.252190081,NA,0.701430479,1,-1.925743379,1,1.95362056,NA,0.027877181,NA,-1.2243129,NA,NA,NA,Stable
MI0022586,hsa-mir-6741,hsa-miR-6741-3p,chr1:225922080-225922101,-,Single miR only,hsa-miR-6741-3p,0.796534628,0.447511639,0.867420426,1.295561185,0.293318096,0.166508442,1.198461132,0.191324066,0.920469248,4.046165009,0.679993982,0.33398689,0.80837106,1.590984268,1.0881246,1.453071952,0.85175697,0.174086023,0.462402934,0.246881999,1.495153782,0.858812875,1.23513797,0.177450635,1.495153782,NA,-0.934286679,1,1.534474938,1,-0.129267294,1,0.600188259,1,0.470920966,1,1.405207644,1,NA,NA,Stable
MI0022586,hsa-mir-6741,hsa-miR-6741-5p,chr1:225922116-225922137,-,<10% RPMM,hsa-miR-6741-5p**,0,0,0,0,0,0.083254221,0,0,0,0,0,0,0,0,0,0,0,0,0.020813555,0.020813555,0,0,0,0,0.020813555,NA,NA,NA,NA,NA,NA,NA,NA,NA,NA,NA,NA,NA,NA,NA,Stable
MI0022587,hsa-mir-6742,hsa-miR-6742-3p,chr1:228397048-228397067,-,Single miR only,hsa-miR-6742-3p,0.159306926,0.11187791,0,0,0.146659048,0.166508442,0,0,0,0,0,0,0,0,0,0,0.067796209,0.040321685,0.078291873,0.045383063,0,0,0,0,0.078291873,NA,NA,NA,NA,NA,NA,NA,NA,NA,NA,NA,NA,NA,NA,NA,Stable
MI0022588,hsa-mir-6743,hsa-miR-6743-3p,chr11:209383-209405,+,Single miR only,hsa-miR-6743-3p,0.159306926,0.22375582,0.578280284,0,0.293318096,0.083254221,0.108951012,0,0.368187699,0.144505893,0,0,0.13472851,0,0.10881246,0,0.240335757,0.122068405,0.121380832,0.06184919,0.128173398,0.086953271,0.060885242,0.035547939,0.240335757,NA,-0.993367177,NA,0.017432569,1,-0.668354548,1,-0.975934608,NA,-1.644289157,NA,-0.65092198,NA,NA,NA,Stable
MI0022591,hsa-mir-6746,hsa-miR-6746-3p,chr11:61878216-61878237,-,Single miR only,hsa-miR-6746-3p,0.477920777,0,0.722850355,0.370160339,0.586636193,0.582779547,0.217902024,0,0.368187699,0.289011786,0.339996991,0,0.67364255,0.144634933,0.10881246,0.484357317,0.392732868,0.150272852,0.346829441,0.144364317,0.249299119,0.084699343,0.352861815,0.136354278,0.392732868,NA,-0.102443813,1,-0.592987423,1,0.483208479,1,-0.695431236,1,-0.212222757,1,-0.109778943,NA,NA,NA,Stable
MI0022591,hsa-mir-6746,hsa-miR-6746-5p,chr11:61878252-61878273,-,NA,hsa-miR-6746-5p,0,0,0,0,0,0,0,0,0,0,0.169998496,0.166993445,0,0,0,0,0,0,0,0,0.084247985,0.048644465,0,0,0.084247985,NA,NA,NA,NA,NA,NA,NA,NA,NA,NA,NA,NA,NA,NA,NA,Stable
MI0022592,hsa-mir-6747,hsa-miR-6747-3p,chr11:62567011-62567031,-,Single miR only,hsa-miR-6747-3p,1.593069257,1.901924468,1.44570071,2.961282709,0.586636193,0.499525326,1.08951012,1.913240659,1.840938496,2.601106077,2.209980442,1.502941005,1.212556589,2.169524002,2.39387412,2.906143903,1.975494286,0.342067424,1.022228074,0.32421556,2.038741505,0.236605313,2.170524654,0.354580089,2.170524654,0.589031581,-1.012487557,0.834095216,1.10652435,0.686430563,0.05511787,1,0.094036793,1,0.149154663,1,1.161642221,0.595885459,NA,NA,Stable
MI0022592,hsa-mir-6747,hsa-miR-6747-5p,chr11:62567043-62567066,-,<10% RPMM,hsa-miR-6747-5p**,0,0,0,0,0,0,0,0,0,0,0.169998496,0.500980335,0,0,0,0,0,0,0,0,0.167744708,0.118084587,0,0,0.167744708,NA,NA,NA,NA,NA,NA,NA,NA,NA,NA,NA,NA,NA,NA,NA,Stable
MI0022593,hsa-mir-6748,hsa-miR-6748-5p,chr11:62789820-62789841,+,NA,hsa-miR-6748-5p,0,0,0,0,0,0,0,0,0,0.144505893,0,0,0,0,0,0.242178659,0,0,0,0,0.036126473,0.036126473,0.060544665,0.060544665,0.060544665,NA,NA,NA,NA,NA,NA,NA,NA,NA,NA,NA,NA,NA,NA,NA,Stable
MI0022593,hsa-mir-6748,hsa-miR-6748-3p,chr11:62789865-62789885,+,Single miR only,hsa-miR-6748-3p,0,0,0,0,0,0,0,0,0,0,0.509995487,0,0.13472851,0,0.10881246,0,0,0,0,0,0.127498872,0.127498872,0.060885242,0.035547939,0.127498872,NA,NA,NA,NA,NA,NA,NA,NA,NA,NA,NA,NA,NA,NA,NA,Stable
MI0022594,hsa-mir-6749,hsa-miR-6749-3p,chr11:64902387-64902407,-,Single miR only,hsa-miR-6749-3p,0,0.11187791,0.867420426,0,0.439977145,0.083254221,0,0.382648132,0.552281549,0.578023573,0.169998496,0.33398689,0,0,0.21762492,0.242178659,0.244824584,0.209200573,0.226469874,0.108695419,0.408572627,0.096542963,0.114950895,0.066555914,0.408572627,NA,0.359841177,1,0.973507032,1,-2.363201966,1,1.333348209,NA,-1.029853757,1,-1.389694934,NA,NA,NA,Stable
MI0022594,hsa-mir-6749,hsa-miR-6749-5p,chr11:64902429-64902450,-,NA,hsa-miR-6749-5p,0,0,0,0,0,0,0,0,0.18409385,0,0,0,0,0,0,0,0,0,0,0,0.046023462,0.046023462,0,0,0.046023462,NA,NA,NA,NA,NA,NA,NA,NA,NA,NA,NA,NA,NA,NA,NA,Stable
MI0022595,hsa-mir-6750,hsa-miR-6750-3p,chr11:64898363-64898383,-,Single miR only,hsa-miR-6750-3p,0.159306926,0,0.144570071,0.185080169,0,0,0.108951012,0.573972198,0.18409385,0.144505893,0.169998496,0.500980335,0,0,0.5440623,0,0.122239292,0.041597369,0.170730802,0.136844918,0.249894643,0.08409516,0.136015575,0.136015575,0.249894643,NA,-0.048625624,NA,1.246333093,1,-1.113340096,1,1.197707469,NA,0.084367374,NA,0.132992997,NA,NA,NA,Stable
MI0022596,hsa-mir-6751,hsa-miR-6751-5p,chr11:65129951-65129973,-,NA,hsa-miR-6751-5p,0,0,0.289140142,0,0,0,0,0.191324066,0,0,0,0.166993445,0,0,0.21762492,0,0.072285036,0.072285036,0.047831016,0.047831016,0.041748361,0.041748361,0.05440623,0.05440623,0.072285036,NA,NA,NA,NA,NA,NA,NA,NA,NA,NA,NA,NA,NA,NA,NA,Stable
MI0022596,hsa-mir-6751,hsa-miR-6751-3p,chr11:65129916-65129936,-,Single miR only,hsa-miR-6751-3p,0.159306926,0,0.144570071,0,0,0,0.217902024,0.382648132,0.18409385,0,0.509995487,0,0.13472851,0.144634933,0.10881246,0.242178659,0.075969249,0.043963901,0.150137539,0.092976593,0.173522334,0.120258728,0.15758864,0.029190425,0.173522334,NA,0.664328205,NA,0.200054724,1,0.344779042,1,0.86438293,NA,1.209161972,NA,0.544833767,NA,NA,NA,Stable
MI0022597,hsa-mir-6752,hsa-miR-6752-3p,chr11:67490295-67490315,+,Single miR only,hsa-miR-6752-3p,0,0,0,0,0,0.166508442,0.108951012,0.382648132,0,0.144505893,0,0,0,0,0,0.242178659,0,0,0.164526896,0.080487358,0.036126473,0.036126473,0.060544665,0.060544665,0.164526896,NA,NA,NA,NA,NA,NA,NA,NA,NA,NA,NA,NA,NA,NA,NA,Stable
MI0022598,hsa-mir-6753,hsa-miR-6753-5p,chr11:68044794-68044815,+,NA,hsa-miR-6753-5p,0,0,0,0,0,0,0,0,0,0,0,0,0.26945702,0,0,0,0,0,0,0,0,0,0.067364255,0.067364255,0.067364255,NA,NA,NA,NA,NA,NA,NA,NA,NA,NA,NA,NA,NA,NA,NA,Stable
MI0022598,hsa-mir-6753,hsa-miR-6753-3p,chr11:68044932-68044953,+,Single miR only,hsa-miR-6753-3p,0.159306926,0,0.144570071,0.185080169,0,0,0.217902024,0,0,0.43351768,0.169998496,0.166993445,0,0.289269867,0.10881246,0,0.122239292,0.041597369,0.054475506,0.054475506,0.192627405,0.089583578,0.099520582,0.068251876,0.192627405,NA,-1.157546538,NA,1.500299464,1,-0.825850607,1,0.342752926,NA,-0.483097681,NA,0.674448857,NA,NA,NA,Stable
MI0022599,hsa-mir-6754,hsa-miR-6754-3p,chr11:71473546-71473567,+,NA,hsa-miR-6754-3p,0,0,0,0,0,0,0,0.573972198,0,0,0,0,0.13472851,0,0.10881246,0,0,0,0.143493049,0.143493049,0,0,0.060885242,0.035547939,0.143493049,NA,NA,NA,NA,NA,NA,NA,NA,NA,NA,NA,NA,NA,NA,NA,Stable
MI0022599,hsa-mir-6754,hsa-miR-6754-5p,chr11:71473508-71473529,+,Single miR only,hsa-miR-6754-5p,0,0,0,0.185080169,0,0,0,0,0,0.144505893,0.169998496,0.500980335,0,0,0.21762492,0,0.046270042,0.046270042,0,0,0.203871181,0.105872921,0.05440623,0.05440623,0.203871181,NA,NA,NA,NA,NA,NA,NA,NA,NA,NA,NA,NA,NA,NA,NA,Stable
MI0022600,hsa-mir-6755,hsa-miR-6755-3p,chr11:86278377-86278398,+,NA,hsa-miR-6755-3p,0,0,0,0,0,0.333016884,0,0,0,0,0,0,0,0,0,0,0,0,0.083254221,0.083254221,0,0,0,0,0.083254221,NA,NA,NA,NA,NA,NA,NA,NA,NA,NA,NA,NA,NA,NA,NA,Stable
MI0022600,hsa-mir-6755,hsa-miR-6755-5p,chr11:86278338-86278359,+,Single miR only,hsa-miR-6755-5p,0,0,0,0,0,0,0.217902024,0,0,0,0.339996991,0,0.26945702,0,0.10881246,0,0,0,0.054475506,0.054475506,0.084999248,0.084999248,0.09456737,0.063688884,0.09456737,NA,NA,NA,NA,NA,NA,NA,NA,NA,NA,NA,NA,NA,NA,NA,Stable
MI0022601,hsa-mir-6756,hsa-miR-6756-3p,chr11:119312950-119312969,-,NA,hsa-miR-6756-3p,0,0,0,0,0,0.083254221,0,0,0,0,0,0,0,0,0,0,0,0,0.020813555,0.020813555,0,0,0,0,0.020813555,NA,NA,NA,NA,NA,NA,NA,NA,NA,NA,NA,NA,NA,NA,NA,Stable
MI0022601,hsa-mir-6756,hsa-miR-6756-5p,chr11:119312985-119313007,-,Single miR only,hsa-miR-6756-5p,0,0,0,0,0,0,0,0,0.18409385,0,0,0,0,0,0,0,0,0,0,0,0.046023462,0.046023462,0,0,0.046023462,NA,NA,NA,NA,NA,NA,NA,NA,NA,NA,NA,NA,NA,NA,NA,Stable
MI0022602,hsa-mir-6757,hsa-miR-6757-3p,chr12:53056990-53057011,+,>20% RPMM,hsa-miR-6757-3p,0.318613851,0.11187791,0.144570071,0.370160339,0.293318096,0.416271105,0.217902024,0.765296263,0.368187699,0.144505893,0.169998496,0.166993445,0.40418553,0.4339048,0.32643738,0.484357317,0.236305543,0.063632668,0.423196872,0.121138499,0.212421383,0.052232699,0.412221257,0.033036891,0.423196872,NA,0.90117926,1,-1.004269249,1,1.037799618,1,-0.103089989,NA,0.934709629,1,0.033530369,NA,NA,NA,Stable
MI0022602,hsa-mir-6757,hsa-miR-6757-5p,chr12:53056949-53056970,+,Single miR only,hsa-miR-6757-5p,0.159306926,0.447511639,0.289140142,0.555240508,0.439977145,0.333016884,0,1.913240659,0.18409385,0.289011786,0.169998496,0,0.943099569,0.4339048,0.32643738,0.242178659,0.362799804,0.087103682,0.671558672,0.424362831,0.160776033,0.059806713,0.486405102,0.157205372,0.671558672,NA,0.508756279,1,-1.597142915,1,1.627738301,1,-1.088386636,1,0.539351665,1,0.030595386,1,NA,NA,Stable
MI0022603,hsa-mir-6758,hsa-miR-6758-5p,chr12:57512693-57512715,+,NA,hsa-miR-6758-5p,0,0,0,0.370160339,0,0,0,0,0,0.144505893,0,0.166993445,0,0.144634933,0,0.242178659,0.092540085,0.092540085,0,0,0.077874835,0.045194768,0.096703398,0.059275893,0.096703398,NA,NA,NA,NA,NA,NA,NA,NA,NA,NA,NA,NA,NA,NA,NA,Stable
MI0022603,hsa-mir-6758,hsa-miR-6758-3p,chr12:57512731-57512750,+,Single miR only,hsa-miR-6758-3p,0,0,0.144570071,0.370160339,0,0,0.217902024,0.573972198,0,0.144505893,0,0,0,0.144634933,0.10881246,0,0.128682602,0.087408206,0.197968555,0.135449615,0.036126473,0.036126473,0.063361848,0.03730563,0.197968555,NA,0.5076281,NA,-1.267064082,1,0.514992138,1,-0.759435981,NA,-0.244443843,NA,-0.752071944,NA,NA,NA,Stable
MI0022604,hsa-mir-6759,hsa-miR-6759-5p,chr12:57748656-57748677,-,Single miR only,hsa-miR-6759-5p,0,0,0,0,0,0,0,0,0,0,0.339996991,0,0,0,0,0,0,0,0,0,0.084999248,0.084999248,0,0,0.084999248,NA,NA,NA,NA,NA,NA,NA,NA,NA,NA,NA,NA,NA,NA,NA,Stable
MI0022606,hsa-mir-6761,hsa-miR-6761-3p,chr12:111799882-111799903,+,NA,hsa-miR-6761-3p,0,0,0,0,0,0,0,0,0,0,0.339996991,0,0,0,0,0,0,0,0,0,0.084999248,0.084999248,0,0,0.084999248,NA,NA,NA,NA,NA,NA,NA,NA,NA,NA,NA,NA,NA,NA,NA,Stable
MI0022606,hsa-mir-6761,hsa-miR-6761-5p,chr12:111799839-111799859,+,Single miR only,hsa-miR-6761-5p,0,0.33563373,0,0.185080169,0.146659048,0.249762663,0.217902024,0,0.368187699,0.289011786,0.339996991,0.33398689,0,0.144634933,0.10881246,0.726535976,0.130178475,0.081198793,0.153580934,0.055545134,0.332795842,0.016388264,0.244995842,0.163432475,0.332795842,NA,0.592052371,NA,0.986984159,1,-0.906012504,1,1.579036529,NA,0.673024026,1,0.080971655,NA,NA,NA,Stable
MI0022607,hsa-mir-6762,hsa-miR-6762-3p,chr12:113291586-113291608,+,Single miR only,hsa-miR-6762-3p,0.159306926,0.11187791,0.722850355,0.185080169,0,0.166508442,0.326853036,0.956620329,0,0,0.169998496,0.33398689,0,0,0.10881246,0,0.29477884,0.143493441,0.362495452,0.208979387,0.125996346,0.080076221,0.027203115,0.027203115,0.362495452,NA,0.013158016,NA,-1.422970466,1,-1.074427254,1,-1.40981245,NA,-2.484239704,NA,-2.49739772,NA,NA,NA,Stable
MI0022608,hsa-mir-6763,hsa-miR-6763-3p,chr12:132582041-132582061,+,NA,hsa-miR-6763-3p,0,0,0,0,0,0,0,0.191324066,0,0,0,0.500980335,0,0,0,0.242178659,0,0,0.047831016,0.047831016,0.125245084,0.125245084,0.060544665,0.060544665,0.125245084,NA,NA,NA,NA,NA,NA,NA,NA,NA,NA,NA,NA,NA,NA,NA,Stable
MI0022608,hsa-mir-6763,hsa-miR-6763-5p,chr12:132582002-132582020,+,Single miR only,hsa-miR-6763-5p,0.159306926,0.11187791,0,0,0.293318096,0.083254221,0.108951012,0.191324066,0,0,0.169998496,0,0,0,0,0,0.067796209,0.040321685,0.169211849,0.047356268,0.042499624,0.042499624,0,0,0.169211849,NA,NA,NA,NA,NA,NA,NA,NA,NA,NA,NA,NA,NA,NA,NA,Stable
MI0022609,hsa-mir-6764,hsa-miR-6764-5p,chr14:100277362-100277383,+,NA,hsa-miR-6764-5p,0,0,0,0.185080169,0.293318096,0,0,0,0,0.43351768,0,0,0.13472851,0,0,0.242178659,0.046270042,0.046270042,0.073329524,0.073329524,0.10837942,0.10837942,0.094226792,0.058656856,0.10837942,NA,NA,NA,NA,NA,NA,NA,NA,NA,NA,NA,NA,NA,NA,NA,Stable
MI0022609,hsa-mir-6764,hsa-miR-6764-3p,chr14:100277397-100277417,+,Single miR only,hsa-miR-6764-3p,0,0.11187791,0,0.555240508,0,0.083254221,0.108951012,0.382648132,0,0.43351768,0.339996991,0,0.26945702,0.289269867,0,0.242178659,0.166779604,0.132144789,0.143713341,0.082969414,0.193378668,0.113267492,0.200226386,0.067436526,0.200226386,NA,0.072481574,NA,0.840327312,1,0.028201291,1,0.912808886,NA,0.941010177,NA,0.868528603,NA,NA,NA,Stable
MI0022611,hsa-mir-6766,hsa-miR-6766-5p,chr15:89326782-89326805,-,NA,hsa-miR-6766-5p,0,0,0,0,0,0,0,0,0,0,0,0,0.26945702,0,0,0,0,0,0,0,0,0,0.067364255,0.067364255,0.067364255,NA,NA,NA,NA,NA,NA,NA,NA,NA,NA,NA,NA,NA,NA,NA,Stable
MI0022611,hsa-mir-6766,hsa-miR-6766-3p,chr15:89326742-89326763,-,Single miR only,hsa-miR-6766-3p,0.159306926,0.22375582,0,0,0,0.083254221,0.108951012,0,0.552281549,0.289011786,0.339996991,0.166993445,0.53891404,0,0.43524984,0,0.095765686,0.056833893,0.048051308,0.028233956,0.337070943,0.080394965,0.24354097,0.142191757,0.337070943,NA,-0.687479913,NA,2.316921397,1,-0.569306546,1,1.629441484,NA,1.060134939,NA,1.747614852,NA,NA,NA,Stable
MI0022612,hsa-mir-6767,hsa-miR-6767-5p,chr16:2445397-2445419,+,Single miR only,hsa-miR-6767-5p,0,0,0,0,0,0.249762663,0,0,0,0,0.169998496,0,0,0,0,0,0,0,0.062440666,0.062440666,0.042499624,0.042499624,0,0,0.062440666,NA,NA,NA,NA,NA,NA,NA,NA,NA,NA,NA,NA,NA,NA,NA,Stable
MI0022613,hsa-mir-6768,hsa-miR-6768-5p,chr16:2463972-2463994,+,Single miR only,hsa-miR-6768-5p,0,0,0,0,0,0,0,0,0,0,0,0,0.53891404,0,0.10881246,0.242178659,0,0,0,0,0,0,0.22247629,0.116524747,0.22247629,NA,NA,NA,NA,NA,NA,NA,NA,NA,NA,NA,NA,NA,NA,NA,Stable
MI0022614,hsa-mir-6769a,hsa-miR-6769a-3p,chr16:4671370-4671390,+,NA,hsa-miR-6769a-3p,0,0,0,0,0,0.083254221,0,0,0,0,0,0,0,0,0,0,0,0,0.020813555,0.020813555,0,0,0,0,0.020813555,NA,NA,NA,NA,NA,NA,NA,NA,NA,NA,NA,NA,NA,NA,NA,Stable
MI0022614,hsa-mir-6769a,hsa-miR-6769a-5p,chr16:4671323-4671343,+,Single miR only,hsa-miR-6769a-5p,0.159306926,0.11187791,0,0,0,0,0,0,0,0,0,0,0,0,0,0,0.067796209,0.040321685,0,0,0,0,0,0,0.067796209,NA,NA,NA,NA,NA,NA,NA,NA,NA,NA,NA,NA,NA,NA,NA,Stable
MI0022616,hsa-mir-6771,hsa-miR-6771-5p,chr16:50292621-50292642,+,Single miR only,hsa-miR-6771-5p,0,0,0,0,0,0,0,0,0,0,0,0,0,0,0.10881246,0,0,0,0,0,0,0,0.027203115,0.027203115,0.027203115,NA,NA,NA,NA,NA,NA,NA,NA,NA,NA,NA,NA,NA,NA,NA,Stable
MI0022617,hsa-mir-6772,hsa-miR-6772-3p,chr16:57772290-57772312,-,Single miR only,hsa-miR-6772-3p,0.318613851,0.895023279,0.289140142,0.740320677,0.733295241,0.582779547,0.326853036,1.339268461,0.552281549,1.445058932,0.849992478,1.502941005,0.67364255,1.590984268,1.41456198,1.453071952,0.560774487,0.151763544,0.745549071,0.214952157,1.087568491,0.231536213,1.283065187,0.206640553,1.283065187,NA,0.374278139,1,0.558894318,1,0.34311433,1,0.933172457,1,1.276286787,0.855323048,0.902008648,1,NA,NA,Stable
MI0022620,hsa-mir-6775,hsa-miR-6775-3p,chr16:87834592-87834612,-,Single miR only,hsa-miR-6775-3p,0.477920777,1.118779099,1.156560568,1.110481016,0.586636193,0.999050652,1.307412144,0.382648132,0.552281549,0.722529466,1.359987964,0.500980335,0.80837106,0.578539734,1.84981182,1.453071952,0.965935365,0.16298028,0.81893678,0.207235883,0.783944828,0.197765501,1.172448641,0.291954704,1.172448641,NA,-0.190825306,1,-0.172370718,1,0.606928653,1,-0.363196023,1,0.24373263,1,0.434557935,1,NA,NA,Stable
MI0022620,hsa-mir-6775,hsa-miR-6775-5p,chr16:87834631-87834655,-,<1% RPMM,hsa-miR-6775-5p***,0,0,0,0,0,0.083254221,0,0,0,0,0,0,0,0,0,0,0,0,0.020813555,0.020813555,0,0,0,0,0.020813555,NA,NA,NA,NA,NA,NA,NA,NA,NA,NA,NA,NA,NA,NA,NA,Stable
MI0022621,hsa-mir-6776,hsa-miR-6776-5p,chr17:2692896-2692914,-,NA,hsa-miR-6776-5p,0,0,0,0,0,0,0.108951012,0,0,0,0,0,0.13472851,0,0,0,0,0,0.027237753,0.027237753,0,0,0.033682127,0.033682127,0.033682127,NA,NA,NA,NA,NA,NA,NA,NA,NA,NA,NA,NA,NA,NA,NA,Stable
MI0022621,hsa-mir-6776,hsa-miR-6776-3p,chr17:2692861-2692883,-,Single miR only,hsa-miR-6776-3p,0,0.22375582,0,0.370160339,0.439977145,0,0,0.382648132,0,0.144505893,0,0.166993445,0.53891404,0,0.43524984,0.242178659,0.14847904,0.090784196,0.205656319,0.119311006,0.077874835,0.045194768,0.304085635,0.118549911,0.304085635,NA,0.152675777,NA,-0.897488362,1,2.164124578,1,-0.744812585,NA,1.419311993,NA,1.266636215,NA,NA,NA,Stable
MI0022622,hsa-mir-6777,hsa-miR-6777-3p,chr17:17813480-17813499,-,Single miR only,hsa-miR-6777-3p,1.433762331,0.559389549,2.313121136,0.925400847,0.586636193,0.666033768,0.980559108,2.487212856,0.920469248,2.312094291,1.189989469,1.00196067,1.751470629,1.012444534,0.97931214,2.179607927,1.307918466,0.380009249,1.180110481,0.443924165,1.356128419,0.323613273,1.480708808,0.293320358,1.480708808,0.997263686,-0.235289826,1,0.350447108,1,0.043547221,1,0.115157283,1,0.158704503,1,0.393994329,1,NA,NA,Stable
MI0022622,hsa-mir-6777,hsa-miR-6777-5p,chr17:17813518-17813540,-,<20% RPMM,hsa-miR-6777-5p*,0,0,0,0.555240508,0,0.083254221,0.108951012,0.573972198,0.552281549,0.144505893,0,0,0.40418553,0.144634933,0.10881246,0.242178659,0.138810127,0.138810127,0.191544358,0.129579033,0.17419686,0.130549696,0.224952895,0.066055936,0.224952895,NA,0.922608046,NA,0.181861397,1,0.385080797,1,1.104469444,NA,1.489550241,NA,0.566942195,NA,NA,NA,Stable
MI0022624,hsa-mir-6779,hsa-miR-6779-3p,chr17:38915017-38915037,+,NA,hsa-miR-6779-3p,0.159306926,0,0,0,0,0.083254221,0.108951012,0.191324066,0,0,0,0,0,0.144634933,0,0,0.039826731,0.039826731,0.095882325,0.039404744,0,0,0.036158733,0.036158733,0.095882325,NA,NA,NA,NA,NA,NA,NA,NA,NA,NA,NA,NA,NA,NA,NA,Stable
MI0022624,hsa-mir-6779,hsa-miR-6779-5p,chr17:38914984-38915004,+,Single miR only,hsa-miR-6779-5p,0.796534628,0,0.289140142,0,0,0.333016884,0,0,0.18409385,0.144505893,0,0.33398689,0.13472851,0.289269867,0,0,0.271418693,0.18783792,0.083254221,0.083254221,0.165646658,0.068656439,0.105999594,0.068850788,0.271418693,NA,-2.175591445,NA,1.308049274,1,-0.960526952,1,-0.867542171,NA,-1.828069123,NA,0.347522321,NA,NA,NA,Stable
MI0022625,hsa-mir-6780a,hsa-miR-6780a-5p,chr17:42708124-42708146,-,Single miR only,hsa-miR-6780a-5p,0.637227703,0.11187791,0.722850355,1.110481016,0,0.249762663,0.762657084,1.530592527,1.104563097,0.722529466,0.339996991,1.168954115,0.67364255,0.144634933,0.21762492,1.210893293,0.645609246,0.205550347,0.635753069,0.337887166,0.834010917,0.191890442,0.561698924,0.246020662,0.834010917,NA,-0.02828971,1,0.611393463,1,-0.864948968,1,0.583103753,1,-0.281845216,1,-0.253555505,1,NA,NA,Stable
MI0022625,hsa-mir-6780a,hsa-miR-6780a-3p,chr17:42708084-42708104,-,NA,hsa-miR-6780a-3p,0.159306926,0.11187791,0,0,0,0,0,0.765296263,0,0.289011786,0,0,0,0,0,0,0.067796209,0.040321685,0.191324066,0.191324066,0.072252947,0.072252947,0,0,0.191324066,NA,NA,NA,NA,NA,NA,NA,NA,NA,NA,NA,NA,NA,NA,NA,Stable
MI0022626,hsa-mir-6781,hsa-miR-6781-5p,chr17:42823918-42823938,-,NA,hsa-miR-6781-5p,0,0,0,0,0,0,0,0.382648132,0,0,0.169998496,0,0,0,0,0,0,0,0.095662033,0.095662033,0.042499624,0.042499624,0,0,0.095662033,NA,NA,NA,NA,NA,NA,NA,NA,NA,NA,NA,NA,NA,NA,NA,Stable
MI0022626,hsa-mir-6781,hsa-miR-6781-3p,chr17:42823880-42823901,-,Single miR only,hsa-miR-6781-3p,0.477920777,0,0,0.185080169,0,0,0.108951012,0,0,0,0,0,0,0,0,0.242178659,0.165750237,0.112831133,0.027237753,0.027237753,0,0,0.060544665,0.060544665,0.165750237,NA,NA,NA,NA,NA,NA,NA,NA,NA,NA,NA,NA,NA,NA,NA,Stable
MI0022627,hsa-mir-6782,hsa-miR-6782-5p,chr17:44207810-44207834,-,NA,hsa-miR-6782-5p,0,0,0,0,0,0,0,0,0,0,0.169998496,0,0,0.289269867,0,0,0,0,0,0,0.042499624,0.042499624,0.072317467,0.072317467,0.072317467,NA,NA,NA,NA,NA,NA,NA,NA,NA,NA,NA,NA,NA,NA,NA,Stable
MI0022627,hsa-mir-6782,hsa-miR-6782-3p,chr17:44207772-44207794,-,Single miR only,hsa-miR-6782-3p,0,0,0,0,0,0.083254221,0,0,0.18409385,0,0.169998496,0,0.13472851,0,0,0,0,0,0.020813555,0.020813555,0.088523086,0.051189751,0.033682127,0.033682127,0.088523086,NA,NA,NA,NA,NA,NA,NA,NA,NA,NA,NA,NA,NA,NA,NA,Stable
MI0022628,hsa-mir-6783,hsa-miR-6783-5p,chr17:44934655-44934676,-,NA,hsa-miR-6783-5p,0,0.11187791,0.144570071,0.185080169,0.146659048,0.083254221,0,0,0,0.289011786,0,0.166993445,0,0,0.10881246,0,0.110382038,0.039723067,0.057478317,0.03561965,0.114001308,0.070373664,0.027203115,0.027203115,0.114001308,NA,NA,NA,NA,NA,NA,NA,NA,NA,NA,NA,NA,NA,NA,NA,Stable
MI0022628,hsa-mir-6783,hsa-miR-6783-3p,chr17:44934618-44934639,-,Single miR only,hsa-miR-6783-3p,0,0.33563373,0.144570071,0.370160339,0.146659048,0,0.326853036,0,0.18409385,0.144505893,0,0.166993445,0.13472851,0.144634933,0,0.242178659,0.212591035,0.086501151,0.118378021,0.077614625,0.123898297,0.042087367,0.130385525,0.049766117,0.212591035,NA,-0.55368952,NA,-0.2051614,1,-0.034846479,1,-0.75885092,NA,-0.793697399,NA,-0.240007879,NA,NA,NA,Stable
MI0022629,hsa-mir-6784,hsa-miR-6784-3p,chr17:45114367-45114388,-,Single miR only,hsa-miR-6784-3p,1.433762331,0.671267459,0.867420426,1.665721524,1.173272386,0.915796431,1.307412144,1.530592527,0.920469248,1.878576611,0.509995487,1.502941005,1.347285099,1.012444534,1.41456198,3.39050122,1.159542935,0.233659571,1.231768372,0.128542439,1.202995588,0.303651012,1.791198208,0.540304012,1.791198208,0.992535394,0.18195692,1,-0.071954277,1,0.475754765,1,0.110002643,1,0.585757408,1,0.403800488,1,NA,NA,Stable
MI0022629,hsa-mir-6784,hsa-miR-6784-5p,chr17:45114409-45114428,-,<10% RPMM,hsa-miR-6784-5p**,0,0,0,0,0.146659048,0,0,0,0,0.144505893,0,0,0,0,0,0,0,0,0.036664762,0.036664762,0.036126473,0.036126473,0,0,0.036664762,NA,NA,NA,NA,NA,NA,NA,NA,NA,NA,NA,NA,NA,NA,NA,Stable
MI0022630,hsa-mir-6785,hsa-miR-6785-5p,chr17:75498553-75498574,+,NA,hsa-miR-6785-5p,0.159306926,0,0,0,0,0,0,0,0,0.289011786,0,0,0,0,0,0,0.039826731,0.039826731,0,0,0.072252947,0.072252947,0,0,0.072252947,NA,NA,NA,NA,NA,NA,NA,NA,NA,NA,NA,NA,NA,NA,NA,Stable
MI0022630,hsa-mir-6785,hsa-miR-6785-3p,chr17:75498608-75498628,+,Single miR only,hsa-miR-6785-3p,0.159306926,0,0,0,0,0,0,0,0,0,0,0,0,0,0,0.484357317,0.039826731,0.039826731,0,0,0,0,0.121089329,0.121089329,0.121089329,NA,NA,NA,NA,NA,NA,NA,NA,NA,NA,NA,NA,NA,NA,NA,Stable
MI0022631,hsa-mir-6786,hsa-miR-6786-3p,chr17:81693844-81693866,+,Single miR only,hsa-miR-6786-3p,1.433762331,0.783145369,1.156560568,0.370160339,0.293318096,0.333016884,1.08951012,2.869860988,0.736375398,0.867035359,2.549977433,1.66993445,1.751470629,1.157079468,1.41456198,2.421786586,0.935907152,0.230931687,1.146426522,0.602971466,1.45583066,0.419055821,1.686224666,0.273724866,1.686224666,0.986580855,-0.075451381,1,0.498969078,1,0.301050198,1,0.423517696,1,0.724567894,1,0.800019276,1,NA,NA,Stable
MI0022631,hsa-mir-6786,hsa-miR-6786-5p,chr17:81693809-81693829,+,<10% RPMM,hsa-miR-6786-5p**,0,0,0,0,0,0.083254221,0,0,0,0,0,0,0,0,0,0,0,0,0.020813555,0.020813555,0,0,0,0,0.020813555,NA,NA,NA,NA,NA,NA,NA,NA,NA,NA,NA,NA,NA,NA,NA,Stable
MI0022632,hsa-mir-6787,hsa-miR-6787-5p,chr17:82236673-82236694,+,NA,hsa-miR-6787-5p,0,0,0,0,0.293318096,0.166508442,0,0,0,0,0.339996991,0,0.26945702,0.144634933,0,0.242178659,0,0,0.114956635,0.071239301,0.084999248,0.084999248,0.164067653,0.060898873,0.164067653,NA,NA,NA,NA,NA,NA,NA,NA,NA,NA,NA,NA,NA,NA,NA,Stable
MI0022632,hsa-mir-6787,hsa-miR-6787-3p,chr17:82236707-82236728,+,Single miR only,hsa-miR-6787-3p,0,0.33563373,0.144570071,0.185080169,0.146659048,0.249762663,0.217902024,0,0,0,0.339996991,0,0,0,0.32643738,0,0.166320992,0.069013576,0.153580934,0.055545134,0.084999248,0.084999248,0.081609345,0.081609345,0.166320992,NA,-0.121367876,NA,-1.301566668,1,0.060623423,1,-1.422934544,NA,-1.362311122,NA,-1.240943245,NA,NA,NA,Stable
MI0022633,hsa-mir-6788,hsa-miR-6788-3p,chr18:10759584-10759605,-,NA,hsa-miR-6788-3p,0,0,0,0,0,0,0.108951012,0,0,0,0,0,0,0,0,0,0,0,0.027237753,0.027237753,0,0,0,0,0.027237753,NA,NA,NA,NA,NA,NA,NA,NA,NA,NA,NA,NA,NA,NA,NA,Stable
MI0022633,hsa-mir-6788,hsa-miR-6788-5p,chr18:10759624-10759644,-,Single miR only,hsa-miR-6788-5p,0.318613851,0,0,0,0,0,0,0,0.368187699,0,0,0,0.53891404,0,0,0,0.079653463,0.079653463,0,0,0.092046925,0.092046925,0.13472851,0.13472851,0.13472851,NA,NA,NA,NA,NA,NA,NA,NA,NA,NA,NA,NA,NA,NA,NA,Stable
MI0022634,hsa-mir-6789,hsa-miR-6789-5p,chr19:2235899-2235922,-,NA,hsa-miR-6789-5p,0,0,0,0,0,0,0.108951012,0,0,0.144505893,0,0,0.13472851,0,0,0,0,0,0.027237753,0.027237753,0.036126473,0.036126473,0.033682127,0.033682127,0.036126473,NA,NA,NA,NA,NA,NA,NA,NA,NA,NA,NA,NA,NA,NA,NA,Stable
MI0022634,hsa-mir-6789,hsa-miR-6789-3p,chr19:2235829-2235849,-,Single miR only,hsa-miR-6789-3p,0.318613851,0.11187791,0.144570071,0,0.146659048,0.249762663,0.435804048,0,0.736375398,0,0.339996991,0,0,0,0,0.242178659,0.143765458,0.065991117,0.20805644,0.091590349,0.269093097,0.175167135,0.060544665,0.060544665,0.269093097,NA,0.727211191,NA,-0.213990535,1,-1.819766241,1,0.513220656,NA,-1.306545585,NA,-2.033756777,NA,NA,NA,Stable
MI0022635,hsa-mir-6790,hsa-miR-6790-3p,chr19:6392925-6392945,-,Single miR only,hsa-miR-6790-3p,0,0,0,0,0,0,0,0.382648132,0.368187699,0,0.169998496,0,0.13472851,0,0,0,0,0,0.095662033,0.095662033,0.134546549,0.087583567,0.033682127,0.033682127,0.134546549,NA,NA,NA,NA,NA,NA,NA,NA,NA,NA,NA,NA,NA,NA,NA,Stable
MI0022636,hsa-mir-6791,hsa-miR-6791-3p,chr19:6736712-6736732,-,Single miR only,hsa-miR-6791-3p,0,0,0.433710213,0.370160339,0.146659048,0.666033768,0.217902024,0,0,0.43351768,0.679993982,0.166993445,0.26945702,0.289269867,0,0.242178659,0.200967638,0.116751609,0.25764871,0.14348627,0.320126277,0.149525046,0.200226386,0.067436526,0.320126277,NA,0.436509589,NA,0.106715572,1,-0.207842559,1,0.543225161,NA,0.335382601,1,-0.101126987,NA,NA,NA,Stable
MI0022638,hsa-mir-6793,hsa-miR-6793-3p,chr19:10829016-10829035,+,Single miR only,hsa-miR-6793-3p,1.11514848,0,0.144570071,0.740320677,0,0.083254221,0.217902024,0.573972198,0,1.011541252,0.849992478,0.500980335,0.53891404,0.723174667,0.43524984,0.242178659,0.500009807,0.260206987,0.218782111,0.126620889,0.590628516,0.223851892,0.484879301,0.100445308,0.590628516,NA,-1.301778836,1,1.636854036,1,-0.187885425,1,0.3350752,1,0.147189775,1,1.448968611,1,NA,NA,Stable
MI0022638,hsa-mir-6793,hsa-miR-6793-5p,chr19:10828978-10828999,+,NA,hsa-miR-6793-5p,0.159306926,0,0,0,0,0,0,0.382648132,0.18409385,0.144505893,0.679993982,0.166993445,0,0.144634933,0.10881246,0.242178659,0.039826731,0.039826731,0.095662033,0.095662033,0.293896792,0.12895407,0.123906513,0.049998852,0.293896792,NA,0.38850852,NA,2.30844444,1,-1.409822114,1,2.69695296,NA,1.287130846,NA,0.898622326,NA,NA,NA,Stable
MI0022640,hsa-mir-6795,hsa-miR-6795-5p,chr19:15179322-15179345,-,NA,hsa-miR-6795-5p,0.159306926,0,0,0,0,0.083254221,0.217902024,0.573972198,0,0,0,0,0,0,0,0,0.039826731,0.039826731,0.218782111,0.126620889,0,0,0,0,0.218782111,NA,NA,NA,NA,NA,NA,NA,NA,NA,NA,NA,NA,NA,NA,NA,Stable
MI0022640,hsa-mir-6795,hsa-miR-6795-3p,chr19:15179283-15179303,-,Single miR only,hsa-miR-6795-3p,0.796534628,0.11187791,0,0,0.146659048,0.166508442,0,0,0,0,0,0,0,0,0,0,0.227103135,0.191633493,0.078291873,0.045383063,0,0,0,0,0.227103135,NA,NA,NA,NA,NA,NA,NA,NA,NA,NA,NA,NA,NA,NA,NA,Stable
MI0022641,hsa-mir-6796,hsa-miR-6796-5p,chr19:40369851-40369873,+,NA,hsa-miR-6796-5p,0,0,0.144570071,0,0,0,0.326853036,0,0,0,0,0.33398689,0,0,0.10881246,0,0.036142518,0.036142518,0.081713259,0.081713259,0.083496723,0.083496723,0.027203115,0.027203115,0.083496723,NA,NA,NA,NA,NA,NA,NA,NA,NA,NA,NA,NA,NA,NA,NA,Stable
MI0022641,hsa-mir-6796,hsa-miR-6796-3p,chr19:40369887-40369907,+,Single miR only,hsa-miR-6796-3p,0,0,0,0,0,0,0,0,0.368187699,0,0,0.166993445,0,0,0,0.484357317,0,0,0,0,0.133795286,0.087485369,0.121089329,0.121089329,0.133795286,NA,NA,NA,NA,NA,NA,NA,NA,NA,NA,NA,NA,NA,NA,NA,Stable
MI0022642,hsa-mir-6797,hsa-miR-6797-3p,chr19:41869675-41869696,+,Single miR only,hsa-miR-6797-3p,0,0.22375582,0.144570071,0.185080169,0,0,0,0.765296263,0.18409385,0.144505893,0.509995487,0,0.53891404,0.144634933,0.87049968,0.726535976,0.138351515,0.048868254,0.191324066,0.191324066,0.209648807,0.107648117,0.570146157,0.157243246,0.570146157,NA,-0.423144658,1,1.040820843,1,1.321685008,1,0.617676186,NA,1.939361194,1,2.362505852,NA,NA,NA,Stable
MI0022642,hsa-mir-6797,hsa-miR-6797-5p,chr19:41869632-41869656,+,NA,hsa-miR-6797-5p,0,0.11187791,0.144570071,0,0.146659048,0,0.108951012,0,0,0.289011786,0.169998496,0.166993445,0,0,0.10881246,0.484357317,0.064111995,0.037611812,0.063902515,0.037688497,0.156500932,0.059402543,0.148292444,0.114920105,0.156500932,NA,-0.146052303,NA,1.208059337,1,-0.477957086,1,1.062007034,NA,0.584049948,NA,0.730102251,NA,NA,NA,Stable
MI0022643,hsa-mir-6798,hsa-miR-6798-3p,chr19:49009952-49009972,+,Single miR only,hsa-miR-6798-3p,0.955841554,1.901924468,1.011990497,3.331443048,1.026613338,2.331118188,1.525314168,5.739721976,1.840938496,4.046165009,3.739966901,3.00588201,1.616742119,1.012444534,2.28506166,6.054466465,1.800299892,0.554471859,2.655691917,1.062553543,3.158238104,0.490349639,2.742178694,1.134269001,3.158238104,0.893973937,0.494810214,1,0.474140592,1,-0.413364404,1,0.968950806,0.866640296,0.555586401,1,0.060776188,1,NA,NA,Stable
MI0022644,hsa-mir-6799,hsa-miR-6799-3p,chr19:49791912-49791934,+,Single miR only,hsa-miR-6799-3p,0,0,0,0,0,0,0.217902024,0,0,0,0.169998496,0,0,0,0.32643738,0,0,0,0.054475506,0.054475506,0.042499624,0.042499624,0.081609345,0.081609345,0.081609345,NA,NA,NA,NA,NA,NA,NA,NA,NA,NA,NA,NA,NA,NA,NA,Stable
MI0022645,hsa-mir-6800,hsa-miR-6800-5p,chr19:49832022-49832042,+,NA,hsa-miR-6800-5p,0,0,0,0.185080169,0,0,0,0,0,0.144505893,0,0,0,0,0.21762492,0,0.046270042,0.046270042,0,0,0.036126473,0.036126473,0.05440623,0.05440623,0.05440623,NA,NA,NA,NA,NA,NA,NA,NA,NA,NA,NA,NA,NA,NA,NA,Stable
MI0022645,hsa-mir-6800,hsa-miR-6800-3p,chr19:49832076-49832096,+,Single miR only,hsa-miR-6800-3p,0.318613851,0,0.433710213,0,0.146659048,0,0,0,0,0,0,0.33398689,0.53891404,0.289269867,0.21762492,0.242178659,0.188081016,0.111101103,0.036664762,0.036664762,0.083496723,0.083496723,0.321996871,0.073817662,0.321996871,NA,-2.024668679,NA,1.018056406,1,2.086127985,1,-1.006612274,NA,1.079515712,NA,3.104184391,NA,NA,NA,Stable
MI0022646,hsa-mir-6801,hsa-miR-6801-5p,chr19:52222025-52222047,+,NA,hsa-miR-6801-5p,0,0,0,0,0,0,0,0,0,0,0,0,0,0,0,0.242178659,0,0,0,0,0,0,0.060544665,0.060544665,0.060544665,NA,NA,NA,NA,NA,NA,NA,NA,NA,NA,NA,NA,NA,NA,NA,Stable
MI0022646,hsa-mir-6801,hsa-miR-6801-3p,chr19:52222074-52222093,+,Single miR only,hsa-miR-6801-3p,0.159306926,0,0,0,0,0,0.108951012,0.191324066,0,0.289011786,0,0.166993445,0,0,0,0,0.039826731,0.039826731,0.075068769,0.046488297,0.114001308,0.070373664,0,0,0.114001308,NA,NA,NA,NA,NA,NA,NA,NA,NA,NA,NA,NA,NA,NA,NA,Stable
MI0022647,hsa-mir-6802,hsa-miR-6802-3p,chr19:55239912-55239933,-,Single miR only,hsa-miR-6802-3p,0.955841554,0.447511639,0.144570071,1.480641355,0.586636193,0.166508442,0.980559108,0.573972198,0.736375398,0.722529466,1.52998646,0.33398689,0.67364255,0.289269867,0.65287476,1.69525061,0.757141155,0.293548428,0.576918985,0.166198995,0.830719553,0.251051698,0.827759447,0.30233103,0.830719553,NA,-0.36833313,1,0.614119148,1,-0.215398284,1,0.245786018,1,0.030387733,1,0.398720863,1,NA,NA,Stable
MI0022647,hsa-mir-6802,hsa-miR-6802-5p,chr19:55239952-55239971,-,<20% RPMM,hsa-miR-6802-5p*,0,0.22375582,0,0,0,0.083254221,0,0,0,0,0.169998496,0,0,0.144634933,0.10881246,0.242178659,0.055938955,0.055938955,0.020813555,0.020813555,0.042499624,0.042499624,0.123906513,0.049998852,0.123906513,NA,NA,NA,NA,NA,NA,NA,NA,NA,NA,NA,NA,NA,NA,NA,Stable
MI0022648,hsa-mir-6803,hsa-miR-6803-3p,chr19:55245186-55245207,-,Single miR only,hsa-miR-6803-3p,0.477920777,0.559389549,0.722850355,0.370160339,0.586636193,0.416271105,0.108951012,1.339268461,1.104563097,0.722529466,0.679993982,0.166993445,0.13472851,0.289269867,0.87049968,0.968714634,0.532580255,0.074324366,0.612781693,0.261554388,0.668519998,0.192507823,0.565803173,0.207660308,0.668519998,NA,0.069746489,1,0.251498445,1,-0.336873449,1,0.321244934,1,-0.015628515,1,-0.085375004,1,NA,NA,Stable
MI0022649,hsa-mir-6804,hsa-miR-6804-3p,chr19:55230885-55230906,-,Single miR only,hsa-miR-6804-3p,0.159306926,0.11187791,0,0,0.293318096,0.582779547,0.108951012,1.339268461,0.18409385,0,1.019990973,0.166993445,0.26945702,0.4339048,0.43524984,0.484357317,0.067796209,0.040321685,0.581079279,0.27088825,0.342769567,0.229527601,0.405742244,0.046919985,0.581079279,NA,2.904498088,0.823977738,-0.863396586,1,0.401283832,1,2.041101502,1,2.442385334,1,-0.462112754,NA,NA,NA,Stable
MI0022649,hsa-mir-6804,hsa-miR-6804-5p,chr19:55230927-55230947,-,NA,hsa-miR-6804-5p,0.318613851,0.22375582,0,0,0,0.083254221,0.108951012,0,0,0.144505893,0,0,0,0,0,0,0.135592418,0.08064337,0.048051308,0.028233956,0.036126473,0.036126473,0,0,0.135592418,NA,NA,NA,NA,NA,NA,NA,NA,NA,NA,NA,NA,NA,NA,NA,Stable
MI0022650,hsa-mir-6805,hsa-miR-6805-3p,chr19:55388220-55388242,+,NA,hsa-miR-6805-3p,0.318613851,0,0,0,0,0.249762663,0,0.382648132,0,0.289011786,0,0,0.13472851,0.144634933,0,0.484357317,0.079653463,0.079653463,0.158102699,0.095225665,0.072252947,0.072252947,0.19093019,0.103221322,0.19093019,NA,0.331030494,NA,-0.67138239,1,0.931648648,1,-0.340351896,NA,0.591296752,NA,0.260266258,NA,NA,NA,Stable
MI0022650,hsa-mir-6805,hsa-miR-6805-5p,chr19:55388186-55388207,+,Single miR only,hsa-miR-6805-5p,0.159306926,0,0,0,0.146659048,0.083254221,0.217902024,0,0,0,0.509995487,0.33398689,0.13472851,0,0.21762492,0,0.039826731,0.039826731,0.111953823,0.046356229,0.210995594,0.12700593,0.088088357,0.053598929,0.210995594,NA,1.209922143,NA,0.619830312,1,-1.022035308,1,1.829752455,NA,0.807717146,NA,-0.402204996,NA,NA,NA,Stable
MI0022651,hsa-mir-6806,hsa-miR-6806-5p,chr19:58334693-58334716,+,NA,hsa-miR-6806-5p,0,0,0,0,0,0,0,0.191324066,0,0,0,0,0,0,0.21762492,0,0,0,0.047831016,0.047831016,0,0,0.05440623,0.05440623,0.05440623,NA,NA,NA,NA,NA,NA,NA,NA,NA,NA,NA,NA,NA,NA,NA,Stable
MI0022651,hsa-mir-6806,hsa-miR-6806-3p,chr19:58334730-58334751,+,Single miR only,hsa-miR-6806-3p,0,0.447511639,0.144570071,0.370160339,0.439977145,0.166508442,0,0,0.18409385,0,0,0,0,0.144634933,0.10881246,0.484357317,0.240560512,0.102757161,0.151621397,0.103822267,0.046023462,0.046023462,0.184451178,0.104591459,0.240560512,NA,-0.996711782,NA,-1.308815464,1,1.839612071,1,-2.305527246,NA,-0.465915175,NA,0.530796607,NA,NA,NA,Stable
MI0022652,hsa-mir-6807,hsa-miR-6807-3p,chr19:58550354-58550376,+,Single miR only,hsa-miR-6807-3p,0.637227703,0,0.433710213,0.555240508,0.439977145,0.249762663,0.108951012,0.956620329,0.368187699,0.144505893,0.169998496,0.500980335,0.53891404,0.289269867,0.43524984,0.726535976,0.406544606,0.141816093,0.438827787,0.185444229,0.295918106,0.084683144,0.497492431,0.091927268,0.497492431,NA,0.153189333,1,-0.547311303,1,0.863197016,1,-0.39412197,1,0.469075047,1,0.315885713,1,NA,NA,Stable
MI0022652,hsa-mir-6807,hsa-miR-6807-5p,chr19:58550285-58550306,+,NA,hsa-miR-6807-5p,0,0,0,0.370160339,0.146659048,0,0,0,0,0,0,0.33398689,0,0.4339048,0.10881246,0,0.092540085,0.092540085,0.036664762,0.036664762,0.083496723,0.083496723,0.135679315,0.102663699,0.135679315,NA,NA,NA,NA,NA,NA,NA,NA,NA,NA,NA,NA,NA,NA,NA,Stable
MI0022653,hsa-mir-6808,hsa-miR-6808-3p,chr1:1339650-1339670,-,Single miR only,hsa-miR-6808-3p,0,0,0,0.185080169,0,0,0,0.191324066,0,0,0,0,0,0,0,0,0.046270042,0.046270042,0.047831016,0.047831016,0,0,0,0,0.047831016,NA,NA,NA,NA,NA,NA,NA,NA,NA,NA,NA,NA,NA,NA,NA,Stable
MI0022654,hsa-mir-6809,hsa-miR-6809-5p,chr2:217900602-217900623,-,Single miR only,hsa-miR-6809-5p,0.318613851,0.11187791,0.722850355,0.185080169,0.586636193,0.333016884,0.217902024,0.956620329,0,0.289011786,0.169998496,0.500980335,0.13472851,0.4339048,0.65287476,0,0.334605571,0.136307008,0.523543858,0.163618798,0.239997654,0.105282596,0.305377018,0.147096937,0.523543858,NA,0.754842623,1,-1.199846205,1,0.469657142,1,-0.445003583,1,0.024653559,1,-0.730189064,NA,NA,NA,Stable
MI0022655,hsa-mir-6810,hsa-miR-6810-5p,chr2:218341916-218341938,+,NA,hsa-miR-6810-5p,0,0,0,0,0,0,0,0,0,0,0,0,0,0,0.10881246,0.242178659,0,0,0,0,0,0,0.08774778,0.057512291,0.08774778,NA,NA,NA,NA,NA,NA,NA,NA,NA,NA,NA,NA,NA,NA,NA,Stable
MI0022655,hsa-mir-6810,hsa-miR-6810-3p,chr2:218341958-218341980,+,Single miR only,hsa-miR-6810-3p,0,0,0,0,0,0,0,0,0.368187699,0,0,0,0,0.144634933,0,0,0,0,0,0,0.092046925,0.092046925,0.036158733,0.036158733,0.092046925,NA,NA,NA,NA,NA,NA,NA,NA,NA,NA,NA,NA,NA,NA,NA,Stable
MI0022656,hsa-mir-6811,hsa-miR-6811-5p,chr2:237510932-237510953,+,Single miR only,hsa-miR-6811-5p,0,0,0.144570071,0,0,0,0,0.765296263,0,0,0,0.33398689,0.26945702,0,0,0,0.036142518,0.036142518,0.191324066,0.191324066,0.083496723,0.083496723,0.067364255,0.067364255,0.191324066,NA,NA,NA,NA,NA,NA,NA,NA,NA,NA,NA,NA,NA,NA,NA,Stable
MI0022657,hsa-mir-6812,hsa-miR-6812-3p,chr20:45425553-45425573,+,Single miR only,hsa-miR-6812-3p,0.637227703,1.006901189,0.722850355,0.925400847,1.026613338,0.666033768,0.54475506,0.765296263,0.552281549,2.456600184,0.679993982,0.834967225,1.212556589,1.012444534,0.5440623,2.421786586,0.823095023,0.086045938,0.750674607,0.102438155,1.130960735,0.445643048,1.297712502,0.40001672,1.297712502,NA,-0.099228205,1,0.491366173,1,0.164902786,1,0.392137968,1,0.557040754,1,0.656268958,1,NA,NA,Stable
MI0022657,hsa-mir-6812,hsa-miR-6812-5p,chr20:45425515-45425539,+,<10% RPMM,hsa-miR-6812-5p**,0,0,0,0.185080169,0,0,0,0,0,0,0,0,0,0,0,0.242178659,0.046270042,0.046270042,0,0,0,0,0.060544665,0.060544665,0.060544665,NA,NA,NA,NA,NA,NA,NA,NA,NA,NA,NA,NA,NA,NA,NA,Stable
MI0022658,hsa-mir-6813,hsa-miR-6813-3p,chr20:64076955-64076975,-,NA,hsa-miR-6813-3p,0,0,0,0,0,0.083254221,0,0,0,0,0,0,0,0,0,0,0,0,0.020813555,0.020813555,0,0,0,0,0.020813555,NA,NA,NA,NA,NA,NA,NA,NA,NA,NA,NA,NA,NA,NA,NA,Stable
MI0022658,hsa-mir-6813,hsa-miR-6813-5p,chr20:64076983-64077005,-,Single miR only,hsa-miR-6813-5p,0.159306926,0,0.144570071,0,0.733295241,0,0,0,0,0.144505893,0,0,0,0.4339048,0.10881246,0,0.075969249,0.043963901,0.18332381,0.18332381,0.036126473,0.036126473,0.135679315,0.102663699,0.18332381,NA,0.439151535,NA,-1.028044114,1,1.452253481,1,-0.588892578,NA,0.863360903,NA,0.424209367,NA,NA,NA,Stable
MI0022659,hsa-mir-6814,hsa-miR-6814-5p,chr21:41746815-41746836,-,NA,hsa-miR-6814-5p,0,0,0,0,0,0,0.217902024,0,0,0,0.169998496,0,0.13472851,0,0,0,0,0,0.054475506,0.054475506,0.042499624,0.042499624,0.033682127,0.033682127,0.054475506,NA,NA,NA,NA,NA,NA,NA,NA,NA,NA,NA,NA,NA,NA,NA,Stable
MI0022659,hsa-mir-6814,hsa-miR-6814-3p,chr21:41746772-41746793,-,Single miR only,hsa-miR-6814-3p,0,0.11187791,0,0.185080169,0,0,0.326853036,0.191324066,0,0,0,0,0.26945702,0,0,0.242178659,0.07423952,0.045392098,0.129544275,0.079744868,0,0,0.12790892,0.074057872,0.129544275,NA,NA,NA,NA,NA,NA,NA,NA,NA,NA,NA,NA,NA,NA,NA,Stable
MI0022660,hsa-mir-6815,hsa-miR-6815-3p,chr21:45478306-45478326,+,NA,hsa-miR-6815-3p,0,0.22375582,0,0,0,0.083254221,0,0,0.18409385,0.289011786,0,0,0,0,0,0,0.055938955,0.055938955,0.020813555,0.020813555,0.118276409,0.071566474,0,0,0.118276409,NA,NA,NA,NA,NA,NA,NA,NA,NA,NA,NA,NA,NA,NA,NA,Stable
MI0022660,hsa-mir-6815,hsa-miR-6815-5p,chr21:45478271-45478293,+,Single miR only,hsa-miR-6815-5p,0,0.671267459,0,0.185080169,0,0.249762663,0.435804048,0,0.368187699,0.289011786,0,0,0,0,0.10881246,0,0.214086907,0.15851442,0.171391678,0.105989829,0.164299871,0.096225518,0.027203115,0.027203115,0.214086907,NA,-0.336883008,NA,0.279655051,1,-1.803094914,1,-0.057227956,NA,-1.86032287,NA,-1.523439863,NA,NA,NA,Stable
MI0022661,hsa-mir-6816,hsa-miR-6816-5p,chr22:20114726-20114746,-,NA,hsa-miR-6816-5p,0,0,0,0,0,0,0,0,0,0,0,0.33398689,0,0,0,0,0,0,0,0,0.083496723,0.083496723,0,0,0.083496723,NA,NA,NA,NA,NA,NA,NA,NA,NA,NA,NA,NA,NA,NA,NA,Stable
MI0022661,hsa-mir-6816,hsa-miR-6816-3p,chr22:20114693-20114710,-,Single miR only,hsa-miR-6816-3p,0,0,0.144570071,0.185080169,0.293318096,0.249762663,0,0,0,0.144505893,0,0.500980335,0.26945702,0,0,0.242178659,0.08241256,0.048294111,0.13577019,0.078889541,0.161371557,0.118215951,0.12790892,0.074057872,0.161371557,NA,0.980762578,NA,-0.229294947,1,-0.375389558,1,0.75146763,NA,0.376078072,NA,-0.604684505,NA,NA,NA,Stable
MI0022662,hsa-mir-6817,hsa-miR-6817-5p,chr22:25455651-25455674,+,NA,hsa-miR-6817-5p,0,0,0,0,0,0,0,0,0.18409385,0,0,0,0,0,0,0,0,0,0,0,0.046023462,0.046023462,0,0,0.046023462,NA,NA,NA,NA,NA,NA,NA,NA,NA,NA,NA,NA,NA,NA,NA,Stable
MI0022662,hsa-mir-6817,hsa-miR-6817-3p,chr22:25455692-25455710,+,Single miR only,hsa-miR-6817-3p,0,0.22375582,0,0,0,0.083254221,0.108951012,0.191324066,0.18409385,0.289011786,0,0.33398689,0.13472851,0.289269867,0,0.484357317,0.055938955,0.055938955,0.095882325,0.039404744,0.201773131,0.074227137,0.227088924,0.10414466,0.227088924,NA,0.556125952,NA,0.867253386,1,-0.012746378,1,1.423379338,NA,1.410632959,NA,0.854507007,NA,NA,NA,Stable
MI0022663,hsa-mir-6818,hsa-miR-6818-3p,chr22:30007092-30007113,+,NA,hsa-miR-6818-3p,0.637227703,0.22375582,0,0,0.146659048,0.582779547,0.871608096,0.191324066,0.18409385,0.43351768,0.509995487,0.166993445,0.26945702,0,0.10881246,1.210893293,0.215245881,0.150222794,0.448092689,0.17182797,0.323650115,0.086992693,0.397290693,0.276789665,0.448092689,NA,1.175295312,1,-0.566556633,1,0.065733091,1,0.608738679,1,0.67447177,1,-0.500823542,NA,NA,NA,Stable
MI0022663,hsa-mir-6818,hsa-miR-6818-5p,chr22:30007054-30007075,+,Single miR only,hsa-miR-6818-5p,0.955841554,0.22375582,0.144570071,0,0.879954289,0,0.217902024,0,0.552281549,0.144505893,0,0.33398689,0.53891404,0.578539734,0.21762492,0.484357317,0.331041861,0.213355219,0.274464078,0.208262399,0.257693583,0.119659299,0.454859003,0.081400416,0.454859003,NA,-0.350949156,1,0.183786542,1,1.167275837,1,-0.167162614,1,1.000113222,1,1.351062379,NA,NA,NA,Stable
MI0022664,hsa-mir-6819,hsa-miR-6819-3p,chr22:36286847-36286867,-,Single miR only,hsa-miR-6819-3p,1.433762331,1.006901189,1.011990497,2.961282709,1.026613338,1.248813315,1.307412144,2.869860988,2.209126195,2.601106077,1.869983451,1.168954115,1.482013609,1.880254135,1.52337444,2.179607927,1.603484182,0.463519003,1.613174946,0.423237976,1.962292459,0.303715384,1.766312528,0.164225599,1.962292459,0.992535394,0.053225863,1,0.366620466,1,-0.172350286,1,0.419846329,1,0.247496043,1,0.19427018,1,NA,NA,Stable
MI0022664,hsa-mir-6819,hsa-miR-6819-5p,chr22:36286881-36286902,-,<1% RPMM,hsa-miR-6819-5p***,0,0,0,0,0,0,0,0,0,0,0,0,0.13472851,0,0,0,0,0,0,0,0,0,0.033682127,0.033682127,0.033682127,NA,NA,NA,NA,NA,NA,NA,NA,NA,NA,NA,NA,NA,NA,NA,Stable
MI0022665,hsa-mir-6820,hsa-miR-6820-5p,chr22:37967568-37967586,+,Single miR only,hsa-miR-6820-5p,0.796534628,0.671267459,0,1.480641355,0.879954289,0.333016884,0.435804048,2.678536922,0.552281549,2.167588398,1.189989469,1.502941005,0.26945702,1.012444534,2.06743674,1.210893293,0.737110861,0.303320039,1.081828036,0.545305527,1.353200105,0.335876822,1.140057897,0.369603417,1.353200105,NA,0.465456435,1,0.51898538,1,-0.144785303,1,0.984441815,1,0.839656512,1,0.374200077,1,NA,NA,Stable
MI0022665,hsa-mir-6820,hsa-miR-6820-3p,chr22:37967603-37967624,+,NA,hsa-miR-6820-3p,0,0,0,0,0,0,0,0.956620329,0,0,0,0,0.13472851,0,0,0,0,0,0.239155082,0.239155082,0,0,0.033682127,0.033682127,0.239155082,NA,NA,NA,NA,NA,NA,NA,NA,NA,NA,NA,NA,NA,NA,NA,Stable
MI0022666,hsa-mir-6821,hsa-miR-6821-5p,chr22:49962866-49962888,+,NA,hsa-miR-6821-5p,0.159306926,0.11187791,0,0,0,0,0,0,0,0,0,0,0.26945702,0,0,0,0.067796209,0.040321685,0,0,0,0,0.067364255,0.067364255,0.067796209,NA,NA,NA,NA,NA,NA,NA,NA,NA,NA,NA,NA,NA,NA,NA,Stable
MI0022666,hsa-mir-6821,hsa-miR-6821-3p,chr22:49962919-49962939,+,Single miR only,hsa-miR-6821-3p,0,0,0,0.370160339,0.293318096,0,0.217902024,0,0,0,0,0,0,0,0.10881246,0,0.092540085,0.092540085,0.12780503,0.075376994,0,0,0.027203115,0.027203115,0.12780503,NA,NA,NA,NA,NA,NA,NA,NA,NA,NA,NA,NA,NA,NA,NA,Stable
MI0022667,hsa-mir-6822,hsa-miR-6822-3p,chr3:39138242-39138265,+,NA,hsa-miR-6822-3p,0,0,0,0,0,0,0,0,0,0,0,0,0.13472851,0,0,0,0,0,0,0,0,0,0.033682127,0.033682127,0.033682127,NA,NA,NA,NA,NA,NA,NA,NA,NA,NA,NA,NA,NA,NA,NA,Stable
MI0022667,hsa-mir-6822,hsa-miR-6822-5p,chr3:39138211-39138230,+,Single miR only,hsa-miR-6822-5p,0,0,0,0.185080169,0,0,0,0.191324066,0,0,0.169998496,0,0,0.144634933,0,0,0.046270042,0.046270042,0.047831016,0.047831016,0.042499624,0.042499624,0.036158733,0.036158733,0.047831016,NA,NA,NA,NA,NA,NA,NA,NA,NA,NA,NA,NA,NA,NA,NA,Stable
MI0022668,hsa-mir-6823,hsa-miR-6823-3p,chr3:48549961-48549981,-,NA,hsa-miR-6823-3p,0.159306926,0,0,0,0,0,0,0,0,0,0,0.166993445,0,0,0,0,0.039826731,0.039826731,0,0,0.041748361,0.041748361,0,0,0.041748361,NA,NA,NA,NA,NA,NA,NA,NA,NA,NA,NA,NA,NA,NA,NA,Stable
MI0022668,hsa-mir-6823,hsa-miR-6823-5p,chr3:48549996-48550016,-,Single miR only,hsa-miR-6823-5p,0.477920777,0,0,0,0,0,0,0,0,0,0,0.166993445,0,0,0,0,0.119480194,0.119480194,0,0,0.041748361,0.041748361,0,0,0.119480194,NA,NA,NA,NA,NA,NA,NA,NA,NA,NA,NA,NA,NA,NA,NA,Stable
MI0022669,hsa-mir-6824,hsa-miR-6824-3p,chr3:48633636-48633656,-,Single miR only,hsa-miR-6824-3p,0.637227703,0.22375582,1.156560568,0.555240508,0.146659048,0.499525326,0.762657084,0.765296263,0.18409385,0.722529466,0.169998496,1.33594756,0.13472851,0.144634933,0.21762492,1.453071952,0.64319615,0.193055483,0.54353443,0.146241786,0.603142343,0.276054343,0.487515079,0.322382528,0.64319615,NA,-0.333615714,1,0.003444237,1,-0.607793051,1,-0.330171476,1,-0.937964527,1,-0.604348813,1,NA,NA,Stable
MI0022669,hsa-mir-6824,hsa-miR-6824-5p,chr3:48633672-48633693,-,>20% RPMM,hsa-miR-6824-5p,0.159306926,0,0,0,0.293318096,0.166508442,0,0,0.18409385,0,0,0.33398689,0.26945702,0,0,0,0.039826731,0.039826731,0.114956635,0.071239301,0.129520185,0.080795975,0.067364255,0.067364255,0.129520185,NA,NA,NA,NA,NA,NA,NA,NA,NA,NA,NA,NA,NA,NA,NA,Stable
MI0022670,hsa-mir-6825,hsa-miR-6825-3p,chr3:127575267-127575288,-,NA,hsa-miR-6825-3p,0,0,0,0,0,0,0,0,0,0,0.169998496,0,0,0,0,0,0,0,0,0,0.042499624,0.042499624,0,0,0.042499624,NA,NA,NA,NA,NA,NA,NA,NA,NA,NA,NA,NA,NA,NA,NA,Stable
MI0022670,hsa-mir-6825,hsa-miR-6825-5p,chr3:127575305-127575326,-,Single miR only,hsa-miR-6825-5p,0.477920777,0.11187791,0,0.185080169,0.293318096,0.083254221,0.217902024,0,0.368187699,0.289011786,0.339996991,0.33398689,0.13472851,0.144634933,0.21762492,0.242178659,0.193719714,0.102090766,0.148618585,0.065890141,0.332795842,0.016388264,0.184791755,0.026599142,0.332795842,NA,-0.214628643,NA,1.160668885,1,-0.844370638,1,0.946040242,NA,0.101669604,1,0.316298247,NA,NA,NA,Stable
MI0022671,hsa-mir-6826,hsa-miR-6826-3p,chr3:129272222-129272243,+,NA,hsa-miR-6826-3p,0,0,0,0,0,0.083254221,0.108951012,0,0,0.144505893,0,0,0,0.289269867,0,0,0,0,0.048051308,0.028233956,0.036126473,0.036126473,0.072317467,0.072317467,0.072317467,NA,NA,NA,NA,NA,NA,NA,NA,NA,NA,NA,NA,NA,NA,NA,Stable
MI0022671,hsa-mir-6826,hsa-miR-6826-5p,chr3:129272151-129272173,+,Single miR only,hsa-miR-6826-5p,0.159306926,0.447511639,0,0,0,0,0,0,0,0,0,0,0,0,0.32643738,0,0.151704641,0.105509941,0,0,0,0,0.081609345,0.081609345,0.151704641,NA,NA,NA,NA,NA,NA,NA,NA,NA,NA,NA,NA,NA,NA,NA,Stable
MI0022672,hsa-mir-6827,hsa-miR-6827-3p,chr3:134367804-134367824,-,Single miR only,hsa-miR-6827-3p,0.318613851,1.454412828,0.433710213,0.370160339,1.759908579,1.498575978,0.980559108,1.913240659,1.472750797,1.878576611,1.019990973,1.33594756,0.40418553,0.578539734,0.5440623,2.179607927,0.644224308,0.271086525,1.538071081,0.204601961,1.426816485,0.17794225,0.926598873,0.41936726,1.538071081,0.751700386,1.268090796,0.879756494,-0.149754355,1,-0.762242413,1,1.118336441,1,0.356094028,1,-0.911996768,1,NA,NA,Stable
MI0022672,hsa-mir-6827,hsa-miR-6827-5p,chr3:134367836-134367857,-,<10% RPMM,hsa-miR-6827-5p**,0,0.11187791,0,0.185080169,0,0,0.108951012,0,0,0,0.169998496,0,0,0,0,0.242178659,0.07423952,0.045392098,0.027237753,0.027237753,0.042499624,0.042499624,0.060544665,0.060544665,0.07423952,NA,NA,NA,NA,NA,NA,NA,NA,NA,NA,NA,NA,NA,NA,NA,Stable
MI0022673,hsa-mir-6828,hsa-miR-6828-5p,chr3:170423108-170423129,+,NA,hsa-miR-6828-5p,0,0,0.144570071,0,0,0,0,0,0,0,0,0.166993445,0,0,0,0.242178659,0.036142518,0.036142518,0,0,0.041748361,0.041748361,0.060544665,0.060544665,0.060544665,NA,NA,NA,NA,NA,NA,NA,NA,NA,NA,NA,NA,NA,NA,NA,Stable
MI0022673,hsa-mir-6828,hsa-miR-6828-3p,chr3:170423143-170423162,+,Single miR only,hsa-miR-6828-3p,0,0.11187791,0,0,0,0.083254221,0,0,0,0,0,0,0.26945702,0,0.10881246,0,0.027969477,0.027969477,0.020813555,0.020813555,0,0,0.09456737,0.063688884,0.09456737,NA,NA,NA,NA,NA,NA,NA,NA,NA,NA,NA,NA,NA,NA,NA,Stable
MI0022675,hsa-mir-6830,hsa-miR-6830-3p,chr5:132217849-132217871,-,NA,hsa-miR-6830-3p,0,0,0.144570071,0,0,0,0,0,0,0,0,0,0,0,0,0,0.036142518,0.036142518,0,0,0,0,0,0,0.036142518,NA,NA,NA,NA,NA,NA,NA,NA,NA,NA,NA,NA,NA,NA,NA,Stable
MI0022675,hsa-mir-6830,hsa-miR-6830-5p,chr5:132217892-132217913,-,Single miR only,hsa-miR-6830-5p,0,0,0,0,0,0,0,0,0,0,0,0,0,0,0.21762492,0,0,0,0,0,0,0,0.05440623,0.05440623,0.05440623,NA,NA,NA,NA,NA,NA,NA,NA,NA,NA,NA,NA,NA,NA,NA,Stable
MI0022676,hsa-mir-6831,hsa-miR-6831-5p,chr5:140563727-140563750,-,Single miR only,hsa-miR-6831-5p,0,0,0,0,0,0,0,0,0,0.144505893,0,0,0,0,0,0,0,0,0,0,0.036126473,0.036126473,0,0,0.036126473,NA,NA,NA,NA,NA,NA,NA,NA,NA,NA,NA,NA,NA,NA,NA,Stable
MI0022680,hsa-mir-6835,hsa-miR-6835-5p,chr6:34240678-34240699,+,Single miR only,hsa-miR-6835-5p,0,0,0,0,0,0,0,0,0,0,0,0,0,0,0.10881246,0,0,0,0,0,0,0,0.027203115,0.027203115,0.027203115,NA,NA,NA,NA,NA,NA,NA,NA,NA,NA,NA,NA,NA,NA,NA,Stable
MI0022681,hsa-mir-6780b,hsa-miR-6780b-3p,chr6:43434600-43434620,+,NA,hsa-miR-6780b-3p,0,0.33563373,0,0,0,0,0,0,0,0,0.169998496,0,0.13472851,0,0,0,0.083908432,0.083908432,0,0,0.042499624,0.042499624,0.033682127,0.033682127,0.083908432,NA,NA,NA,NA,NA,NA,NA,NA,NA,NA,NA,NA,NA,NA,NA,Stable
MI0022681,hsa-mir-6780b,hsa-miR-6780b-5p,chr6:43434547-43434569,+,Single miR only,hsa-miR-6780b-5p,0,0,0,0,0,0,0.54475506,0,0,0.289011786,0,0,0,0,0,0.242178659,0,0,0.136188765,0.136188765,0.072252947,0.072252947,0.060544665,0.060544665,0.136188765,NA,NA,NA,NA,NA,NA,NA,NA,NA,NA,NA,NA,NA,NA,NA,Stable
MI0022682,hsa-mir-6836,hsa-miR-6836-5p,chr7:2257551-2257572,-,Single miR only,hsa-miR-6836-5p,0.159306926,0.671267459,0.144570071,0.185080169,0.439977145,0.666033768,1.198461132,0,0.18409385,0.722529466,0,0.33398689,0.53891404,0.144634933,0.10881246,0,0.290056156,0.127345847,0.576118011,0.249306054,0.310152551,0.153489467,0.198090358,0.117696147,0.576118011,NA,1.097395198,1,-0.927337158,1,-0.617053262,1,0.170058041,1,-0.446995221,1,-1.54439042,NA,NA,NA,Stable
MI0022682,hsa-mir-6836,hsa-miR-6836-3p,chr7:2257515-2257535,-,NA,hsa-miR-6836-3p,0,0,0,0.185080169,0,0,0,0,0.18409385,0.144505893,0.339996991,0.66797378,0,0.144634933,0,0.242178659,0.046270042,0.046270042,0,0,0.334142628,0.119007786,0.096703398,0.059275893,0.334142628,NA,-0.860687177,NA,3.6120035,1,-2.027318861,1,2.751316323,NA,0.723997461,NA,1.584684638,NA,NA,NA,Stable
MI0022683,hsa-mir-6837,hsa-miR-6837-3p,chr7:44051807-44051829,+,Single miR only,hsa-miR-6837-3p,0.796534628,0.447511639,0.289140142,0.925400847,1.906567627,0.333016884,0.762657084,0.765296263,0.552281549,1.445058932,0.679993982,0.66797378,0.40418553,0.578539734,0.10881246,0.968714634,0.614646814,0.148194693,0.941884465,0.33722386,0.836327061,0.204942919,0.51506309,0.17962053,0.941884465,NA,0.697774568,1,-0.119389955,1,-0.906561133,1,0.578384613,1,-0.328176519,1,-1.025951088,1,NA,NA,Stable
MI0022683,hsa-mir-6837,hsa-miR-6837-5p,chr7:44051771-44051791,+,<10% RPMM,hsa-miR-6837-5p**,0,0,0,0,0.146659048,0,0.326853036,0,0,0,0,0,0.13472851,0,0,0,0,0,0.118378021,0.077614625,0,0,0.033682127,0.033682127,0.118378021,NA,NA,NA,NA,NA,NA,NA,NA,NA,NA,NA,NA,NA,NA,NA,Stable
MI0022684,hsa-mir-6838,hsa-miR-6838-5p,chr7:44073407-44073428,-,Single miR only,hsa-miR-6838-5p,0.955841554,0.559389549,0.144570071,0,0,0.166508442,0.435804048,0.382648132,0.920469248,0,0.169998496,0,0.40418553,0.289269867,0.10881246,0,0.414950294,0.215776749,0.246240155,0.100636709,0.272616936,0.21963666,0.200566964,0.090357955,0.414950294,NA,0.155416144,1,-1.040369149,1,0.051491866,1,-0.884953005,NA,-0.83346114,1,-0.988877284,NA,NA,NA,Stable
MI0022685,hsa-mir-6839,hsa-miR-6839-5p,chr7:64679069-64679090,+,Single miR only,hsa-miR-6839-5p,0,0,0,0,0,0.333016884,0,0,0,0,0,0,0,0,0,0,0,0,0.083254221,0.083254221,0,0,0,0,0.083254221,NA,NA,NA,NA,NA,NA,NA,NA,NA,NA,NA,NA,NA,NA,NA,Stable
MI0022686,hsa-mir-6840,hsa-miR-6840-5p,chr7:100356656-100356679,+,Single miR only,hsa-miR-6840-5p,1.752376182,0.33563373,1.011990497,2.77620254,2.199885723,0.166508442,1.525314168,2.104564724,2.209126195,0.289011786,2.549977433,1.33594756,2.829298708,0,1.84981182,2.421786586,1.469050737,0.523008709,1.499068265,0.468523888,1.596015743,0.505127223,1.775224279,0.624906677,1.775224279,0.997263686,0.011610537,1,0.110075869,1,0.032861336,1,0.121686406,1,0.154547743,1,0.142937206,1,NA,NA,Stable
MI0022686,hsa-mir-6840,hsa-miR-6840-3p,chr7:100356696-100356717,+,NA,hsa-miR-6840-3p,0.159306926,0,0,0,0,0,0.108951012,0,0.18409385,0.144505893,0,0,0,0,0,0,0.039826731,0.039826731,0.027237753,0.027237753,0.082149936,0.048112759,0,0,0.082149936,NA,NA,NA,NA,NA,NA,NA,NA,NA,NA,NA,NA,NA,NA,NA,Stable
MI0022688,hsa-mir-6842,hsa-miR-6842-3p,chr8:27433413-27433434,+,Single miR only,hsa-miR-6842-3p,1.11514848,1.566290738,1.590270781,4.256843895,2.053226675,1.581830199,2.723775301,3.826481317,0.920469248,1.589564825,2.039981946,4.174836125,1.482013609,0.4339048,1.52337444,0.968714634,2.132138473,0.716615077,2.546328373,0.486799495,2.181213036,0.703207043,1.102001871,0.255943182,2.546328373,0.751700386,0.353801934,1,-0.323818528,1,-0.776292571,1,0.029983406,1,-0.746309165,1,-1.100111098,0.635474955,NA,NA,Stable
MI0022688,hsa-mir-6842,hsa-miR-6842-5p,chr8:27433375-27433396,+,<10% RPMM,hsa-miR-6842-5p**,0,0,0,0,0,0,0,0,0.18409385,0,0.169998496,0.33398689,0.26945702,0,0.10881246,0,0,0,0,0,0.172019809,0.068297156,0.09456737,0.063688884,0.172019809,NA,NA,NA,NA,NA,NA,NA,NA,NA,NA,NA,NA,NA,NA,NA,Stable
MI0022689,hsa-mir-6843,hsa-miR-6843-3p,chr8:27610601-27610621,-,Single miR only,hsa-miR-6843-3p,0,0,0.144570071,0.185080169,0,0.249762663,0,0.191324066,0,0,0,0,0.13472851,0,0.21762492,0,0.08241256,0.048294111,0.110271682,0.064773265,0,0,0.088088357,0.053598929,0.110271682,NA,NA,NA,NA,NA,NA,NA,NA,NA,NA,NA,NA,NA,NA,NA,Stable
MI0022691,hsa-mir-6845,hsa-miR-6845-3p,chr8:143837756-143837776,-,NA,hsa-miR-6845-3p,0.159306926,0,0,0,0,0,0.108951012,0,0,0,0,0,0,0,0,0,0.039826731,0.039826731,0.027237753,0.027237753,0,0,0,0,0.039826731,NA,NA,NA,NA,NA,NA,NA,NA,NA,NA,NA,NA,NA,NA,NA,Stable
MI0022691,hsa-mir-6845,hsa-miR-6845-5p,chr8:143837793-143837811,-,Single miR only,hsa-miR-6845-5p,0.318613851,0.11187791,0.144570071,0.370160339,0.146659048,0.166508442,0.54475506,0,0.18409385,0,0.169998496,0,0.67364255,0,0.21762492,0.242178659,0.236305543,0.063632668,0.214480638,0.116183848,0.088523086,0.051189751,0.283361532,0.141017245,0.283361532,NA,-0.062698053,NA,-1.506435584,1,1.523813599,1,-1.569133637,NA,-0.045320038,1,0.017378015,NA,NA,NA,Stable
MI0022692,hsa-mir-6846,hsa-miR-6846-3p,chr8:144057321-144057341,-,Single miR only,hsa-miR-6846-3p,0.318613851,0,0,0,0,0,0,0,0,0,0,0,0,0,0,0,0.079653463,0.079653463,0,0,0,0,0,0,0.079653463,NA,NA,NA,NA,NA,NA,NA,NA,NA,NA,NA,NA,NA,NA,NA,Stable
MI0022693,hsa-mir-6847,hsa-miR-6847-5p,chr8:144079879-144079901,+,Single miR only,hsa-miR-6847-5p,0,0,0.578280284,0,0,0.083254221,0.653706072,0.382648132,0.18409385,1.011541252,0.169998496,0.834967225,0.13472851,0.867809601,0.32643738,0.968714634,0.144570071,0.144570071,0.279902106,0.149248599,0.550150206,0.218425237,0.574422531,0.203381764,0.574422531,NA,0.928827039,1,1.42263764,1,-0.04352009,1,2.351464679,1,2.307944589,1,1.379117549,1,NA,NA,Stable
MI0022693,hsa-mir-6847,hsa-miR-6847-3p,chr8:144079918-144079939,+,NA,hsa-miR-6847-3p,0,0,0,0,0,0,0,0,0,0,0,0,0,0,0,0.242178659,0,0,0,0,0,0,0.060544665,0.060544665,0.060544665,NA,NA,NA,NA,NA,NA,NA,NA,NA,NA,NA,NA,NA,NA,NA,Stable
MI0022694,hsa-mir-6848,hsa-miR-6848-5p,chr8:144317288-144317310,-,Single miR only,hsa-miR-6848-5p,0,0,0,0,0,0,0,0.382648132,0,0,0,0,0,0,0,0,0,0,0.095662033,0.095662033,0,0,0,0,0.095662033,NA,NA,NA,NA,NA,NA,NA,NA,NA,NA,NA,NA,NA,NA,NA,Stable
MI0022695,hsa-mir-6849,hsa-miR-6849-5p,chr8:144400318-144400340,-,NA,hsa-miR-6849-5p,0,0,0,0.185080169,0,0,0,0,0,0,0,0,0,0,0,0,0.046270042,0.046270042,0,0,0,0,0,0,0.046270042,NA,NA,NA,NA,NA,NA,NA,NA,NA,NA,NA,NA,NA,NA,NA,Stable
MI0022695,hsa-mir-6849,hsa-miR-6849-3p,chr8:144400277-144400298,-,Single miR only,hsa-miR-6849-3p,0.159306926,0,0,0,0,0.083254221,0,0,0.18409385,0.144505893,0,0.834967225,0,0,0,0,0.039826731,0.039826731,0.020813555,0.020813555,0.290891742,0.185622992,0,0,0.290891742,NA,NA,NA,NA,NA,NA,NA,NA,NA,NA,NA,NA,NA,NA,NA,Stable
MI0022696,hsa-mir-6850,hsa-miR-6850-3p,chr8:144791935-144791954,-,NA,hsa-miR-6850-3p,0,0.11187791,0,0.185080169,0.146659048,0.083254221,0,0.382648132,0,0,0.169998496,0.166993445,0,0,0,0,0.07423952,0.045392098,0.15314035,0.082184684,0.084247985,0.048644465,0,0,0.15314035,NA,NA,NA,NA,NA,NA,NA,NA,NA,NA,NA,NA,NA,NA,NA,Stable
MI0022696,hsa-mir-6850,hsa-miR-6850-5p,chr8:144791970-144791991,-,Single miR only,hsa-miR-6850-5p,0,0.11187791,0,0.555240508,0,0,0.217902024,0.765296263,0,0.144505893,0.169998496,0,0,0,0,0,0.166779604,0.132144789,0.245799572,0.180621599,0.078626097,0.045692075,0,0,0.245799572,NA,0.464793265,NA,-0.439820677,1,-1.852284896,1,0.024972588,NA,-1.827312309,NA,-2.292105573,NA,NA,NA,Stable
MI0022697,hsa-mir-6851,hsa-miR-6851-3p,chr9:33467869-33467889,-,NA,hsa-miR-6851-3p,0,0,0.144570071,0,0.146659048,0.083254221,0.108951012,0,0,0,0.169998496,0.500980335,0,0,0,0,0.036142518,0.036142518,0.08471607,0.031095571,0.167744708,0.118084587,0,0,0.167744708,NA,NA,NA,NA,NA,NA,NA,NA,NA,NA,NA,NA,NA,NA,NA,Stable
MI0022697,hsa-mir-6851,hsa-miR-6851-5p,chr9:33467908-33467930,-,Single miR only,hsa-miR-6851-5p,0,0,0.289140142,0.185080169,0.146659048,0.333016884,0.54475506,0,0,0,0,0.166993445,0,0,0.32643738,0,0.118555078,0.071667906,0.256107748,0.117899139,0.041748361,0.041748361,0.081609345,0.081609345,0.256107748,NA,1.688380993,NA,-2.262838115,1,0.226534189,1,-0.574457122,NA,-0.347922933,NA,-2.036303926,NA,NA,NA,Stable
MI0022698,hsa-mir-6852,hsa-miR-6852-5p,chr9:35710716-35710736,-,Single miR only,hsa-miR-6852-5p,5.416435472,3.244459386,4.481672202,4.441924064,6.306339073,3.746439945,4.031187445,6.313694173,5.522815487,4.913200368,3.739966901,3.172875455,4.984954867,3.615873337,4.352498399,4.601394513,4.396122781,0.445045225,5.099415159,0.701355309,4.337214553,0.536174686,4.388680279,0.288578474,5.099415159,0.992535394,0.225006012,1,-0.237116635,1,0.03647628,1,-0.012110623,1,0.024365657,1,-0.200640355,1,NA,NA,Stable
MI0022698,hsa-mir-6852,hsa-miR-6852-3p,chr9:35710684-35710700,-,<10% RPMM,hsa-miR-6852-3p**,0,0,0,0,0.146659048,0.166508442,0,0.382648132,0.18409385,0.144505893,0,0.166993445,0.40418553,0.144634933,0,0,0,0,0.173953905,0.078853073,0.123898297,0.042087367,0.137205116,0.095299629,0.173953905,NA,2.323269167,NA,-0.331551556,1,-0.011167163,1,1.991717611,NA,1.980550448,NA,-0.34271872,NA,NA,NA,Stable
MI0022699,hsa-mir-6853,hsa-miR-6853-3p,chr9:35732974-35732995,+,Single miR only,hsa-miR-6853-3p,0.159306926,0.559389549,0.289140142,0.740320677,1.026613338,0.083254221,0.54475506,2.104564724,0.18409385,0.722529466,0.339996991,0,0.26945702,0.289269867,0.5440623,0.968714634,0.437039324,0.131008463,0.939796836,0.433392104,0.311655077,0.15357457,0.517875955,0.16276618,0.939796836,NA,1.076461472,1,-1.367194628,1,0.528711033,1,-0.290733157,1,0.237977877,1,-0.838483595,1,NA,NA,Stable
MI0022700,hsa-mir-6854,hsa-miR-6854-3p,chr9:98229149-98229169,-,NA,hsa-miR-6854-3p,0,0,0.144570071,0,0,0,0,0,0,0,0,0,0,0,0,0.484357317,0.036142518,0.036142518,0,0,0,0,0.121089329,0.121089329,0.121089329,NA,NA,NA,NA,NA,NA,NA,NA,NA,NA,NA,NA,NA,NA,NA,Stable
MI0022700,hsa-mir-6854,hsa-miR-6854-5p,chr9:98229189-98229212,-,Single miR only,hsa-miR-6854-5p,0.159306926,0,0,0.185080169,0,0.249762663,0.217902024,0,0,0,0,0,0.67364255,0,0,0,0.086096774,0.049985621,0.116916172,0.067814155,0,0,0.168410637,0.168410637,0.168410637,NA,1.39874437,NA,-2.577091788,1,1.481095213,1,-1.178347418,NA,0.302747795,NA,-1.095996575,NA,NA,NA,Stable
MI0022701,hsa-mir-6855,hsa-miR-6855-3p,chr9:129869650-129869671,+,Single miR only,hsa-miR-6855-3p,0.159306926,0.11187791,0.144570071,0.185080169,0.293318096,0.083254221,0.326853036,0.956620329,0.368187699,0.289011786,0.509995487,0,0,0,0.5440623,0,0.150208769,0.015274818,0.415011421,0.188410946,0.291798743,0.10747068,0.136015575,0.136015575,0.415011421,NA,1.344751173,1,-0.416060235,1,-1.400218379,1,0.928690938,NA,-0.47152744,1,-1.816278613,NA,NA,NA,Stable
MI0022701,hsa-mir-6855,hsa-miR-6855-5p,chr9:129869610-129869634,+,NA,hsa-miR-6855-5p,0,0,0.433710213,0,0.293318096,0,0,0.765296263,0,0,0,0,0,0.144634933,0.21762492,0,0.108427553,0.108427553,0.26465359,0.180634942,0,0,0.090564963,0.05436897,0.26465359,NA,2.08183021,NA,-3.257396866,1,1.481539967,1,-1.175566655,NA,0.305973312,NA,-1.775856899,NA,NA,NA,Stable
MI0022702,hsa-mir-6856,hsa-miR-6856-3p,chr9:130626342-130626363,+,Single miR only,hsa-miR-6856-3p,0,0,0,0,0,0.333016884,0.108951012,0,0,0.144505893,0.339996991,0.166993445,0,0,0,0,0,0,0.110491974,0.078494513,0.162874082,0.069674751,0,0,0.162874082,NA,NA,NA,NA,NA,NA,NA,NA,NA,NA,NA,NA,NA,NA,NA,Stable
MI0022703,hsa-mir-6857,hsa-miR-6857-5p,chrX:53405739-53405760,-,NA,hsa-miR-6857-5p,0,0,0.144570071,0,0,0,0,0,0,0,0,0,0,0,0,0,0.036142518,0.036142518,0,0,0,0,0,0,0.036142518,NA,NA,NA,NA,NA,NA,NA,NA,NA,NA,NA,NA,NA,NA,NA,Stable
MI0022703,hsa-mir-6857,hsa-miR-6857-3p,chrX:53405673-53405693,-,Single miR only,hsa-miR-6857-3p,0,0.33563373,0.144570071,0.185080169,0.293318096,0.249762663,0,0.191324066,0,0.578023573,0.509995487,0.166993445,0.26945702,0.4339048,0.10881246,0,0.166320992,0.069013576,0.183601206,0.064668501,0.313753126,0.137940011,0.20304357,0.094786535,0.313753126,NA,0.203795975,NA,0.719661612,1,-0.570710257,1,0.923457586,NA,0.35274733,1,0.148951355,NA,NA,NA,Stable
MI0022704,hsa-mir-6858,hsa-miR-6858-3p,chrX:154450361-154450382,+,NA,hsa-miR-6858-3p,0,0.22375582,0.578280284,0,0.146659048,0,0.980559108,0,0.18409385,0.289011786,0.849992478,0.33398689,0.40418553,0,0.5440623,0,0.200509026,0.13652206,0.281804539,0.235469363,0.414271251,0.148596247,0.237061957,0.139814235,0.414271251,NA,-0.054498265,1,1.408544684,1,-1.116088496,1,1.354046418,NA,0.237957922,1,0.292456187,NA,NA,NA,Stable
MI0022704,hsa-mir-6858,hsa-miR-6858-5p,chrX:154450320-154450341,+,Single miR only,hsa-miR-6858-5p,0,0,0,0.370160339,0.439977145,0.083254221,1.307412144,0.191324066,0,0.722529466,1.52998646,0,0.40418553,0.144634933,0.43524984,0.242178659,0.092540085,0.092540085,0.505491894,0.277541941,0.563128981,0.364514563,0.30656224,0.068590878,0.563128981,NA,2.316954251,1,0.176091912,1,-0.577206895,1,2.493046163,1,1.915839268,1,-0.401114983,NA,NA,NA,Stable
MI0022706,hsa-mir-6769b,hsa-miR-6769b-3p,chr1:206474844-206474864,+,Single miR only,hsa-miR-6769b-3p,0.159306926,1.118779099,0.433710213,1.110481016,1.026613338,1.66508442,1.307412144,2.869860988,1.472750797,2.601106077,0.509995487,0.834967225,1.077828079,1.012444534,0.43524984,1.453071952,0.705569313,0.242728549,1.717242722,0.405809829,1.354704896,0.46107772,0.994648601,0.210221007,1.717242722,0.738788498,1.376956635,0.6879642,-0.413611319,1,-0.418391824,1,0.963345316,1,0.544953492,1,-0.832003143,1,NA,NA,Stable
MI0022708,hsa-mir-6861,hsa-miR-6861-3p,chr12:112163265-112163282,-,Single miR only,hsa-miR-6861-3p,0,0,0,0,0,0,0.108951012,0.382648132,0,0,0,0,0,0,0,0,0,0,0.122899786,0.0903108,0,0,0,0,0.122899786,NA,NA,NA,NA,NA,NA,NA,NA,NA,NA,NA,NA,NA,NA,NA,Stable
MI0022709,hsa-mir-6862-1,hsa-miR-6862-3p,chr16:28390984-28391007,-,NA,hsa-miR-6862-3p,0,0,0,0,0.146659048,0,0,0.191324066,0.18409385,0.144505893,0,0,0,0,0.10881246,0.484357317,0,0,0.084495779,0.049628309,0.082149936,0.048112759,0.148292444,0.114920105,0.148292444,NA,NA,NA,NA,NA,NA,NA,NA,NA,NA,NA,NA,NA,NA,NA,Stable
MI0022709,hsa-mir-6862-1,hsa-miR-6862-5p,chr16:28391025-28391046,-,Single miR only,hsa-miR-6862-5p,0,0,0.144570071,0.185080169,0.146659048,0.083254221,0,0,0,0,0.169998496,0.166993445,0.13472851,0,0.21762492,0.242178659,0.08241256,0.048294111,0.057478317,0.03561965,0.084247985,0.048644465,0.148633022,0.054616678,0.148633022,NA,NA,NA,NA,NA,NA,NA,NA,NA,NA,NA,NA,NA,NA,NA,Stable
MI0022711,hsa-mir-6864,hsa-miR-6864-5p,chr17:4969743-4969766,-,Single miR only,hsa-miR-6864-5p,0,0.33563373,0,0,0,0,0,0,0,0,0,0,0,0,0,0,0.083908432,0.083908432,0,0,0,0,0,0,0.083908432,NA,NA,NA,NA,NA,NA,NA,NA,NA,NA,NA,NA,NA,NA,NA,Stable
MI0022712,hsa-mir-6865,hsa-miR-6865-3p,chr17:4970091-4970111,-,NA,hsa-miR-6865-3p,0,0,0,0,0,0,0,0.191324066,0,0,0.339996991,0,0,0.289269867,0.10881246,0,0,0,0.047831016,0.047831016,0.084999248,0.084999248,0.099520582,0.068251876,0.099520582,NA,NA,NA,NA,NA,NA,NA,NA,NA,NA,NA,NA,NA,NA,NA,Stable
MI0022712,hsa-mir-6865,hsa-miR-6865-5p,chr17:4970123-4970145,-,Single miR only,hsa-miR-6865-5p,0,0,0,0.185080169,0.146659048,0,0.108951012,0,0,0.43351768,0.169998496,0,0,0.144634933,0,0.726535976,0.046270042,0.046270042,0.063902515,0.037688497,0.150879044,0.102379654,0.217792727,0.17297377,0.217792727,NA,0.966841665,NA,0.920233268,1,-0.471006053,1,1.887074934,NA,1.416068881,NA,0.449227216,NA,NA,NA,Stable
MI0022713,hsa-mir-6866,hsa-miR-6866-5p,chr17:40161938-40161960,+,Single miR only,hsa-miR-6866-5p,0.477920777,1.118779099,0.867420426,1.480641355,0.733295241,1.165559094,1.525314168,1.339268461,0.552281549,1.734070718,2.039981946,1.00196067,0.53891404,0.144634933,0.65287476,1.210893293,0.986190414,0.211050118,1.190859241,0.169285338,1.332073721,0.339090217,0.636829257,0.220160854,1.332073721,NA,0.324669185,1,0.101177082,1,-1.098721927,1,0.425846267,1,-0.67287566,1,-0.997544845,1,NA,NA,Stable
MI0022713,hsa-mir-6866,hsa-miR-6866-3p,chr17:40161980-40162001,+,>20% RPMM,hsa-miR-6866-3p,0,0.447511639,0.867420426,0,0.146659048,0.083254221,0.653706072,0.573972198,0,0,0,0,0,0.144634933,0,0,0.328733016,0.208251306,0.364397885,0.145508471,0,0,0.036158733,0.036158733,0.364397885,NA,0.658994927,NA,-3.535487058,1,0.718952276,1,-2.876492131,NA,-2.157539855,NA,-2.816534782,NA,NA,NA,Stable
MI0022715,hsa-mir-6868,hsa-miR-6868-3p,chr17:76098019-76098039,-,Single miR only,hsa-miR-6868-3p,1.11514848,0.33563373,0.144570071,0.185080169,0.586636193,0.166508442,0.108951012,0,0.920469248,0.722529466,0,0,0.67364255,0.578539734,0.10881246,0,0.445108112,0.227096965,0.215523912,0.128431298,0.410749678,0.240563795,0.340248686,0.167646947,0.445108112,NA,-1.037723615,1,0.717076564,1,-0.028548601,1,-0.32064705,1,-0.349195651,1,0.688527963,1,NA,NA,Stable
MI0022715,hsa-mir-6868,hsa-miR-6868-5p,chr17:76098050-76098071,-,NA,hsa-miR-6868-5p,0,0,0,0.185080169,0.146659048,0.083254221,0,0.191324066,0,0.144505893,0.339996991,0,0,0,0,0,0.046270042,0.046270042,0.105309334,0.041517884,0.121125721,0.080516119,0,0,0.121125721,NA,NA,NA,NA,NA,NA,NA,NA,NA,NA,NA,NA,NA,NA,NA,Stable
MI0022716,hsa-mir-6869,hsa-miR-6869-5p,chr20:1392940-1392961,-,NA,hsa-miR-6869-5p,0.318613851,0.11187791,0,0,0,0.083254221,0.217902024,0,0.368187699,0,0,0,0,0,0.10881246,0,0.10762294,0.075111397,0.075289061,0.05142858,0.092046925,0.092046925,0.027203115,0.027203115,0.10762294,NA,NA,NA,NA,NA,NA,NA,NA,NA,NA,NA,NA,NA,NA,NA,Stable
MI0022716,hsa-mir-6869,hsa-miR-6869-3p,chr20:1392904-1392924,-,Single miR only,hsa-miR-6869-3p,0,0,0,0.185080169,0.146659048,0,0,0.382648132,0,0,0.169998496,0,0,0,0,0,0.046270042,0.046270042,0.132326795,0.090317471,0.042499624,0.042499624,0,0,0.132326795,NA,NA,NA,NA,NA,NA,NA,NA,NA,NA,NA,NA,NA,NA,NA,Stable
MI0022717,hsa-mir-6870,hsa-miR-6870-5p,chr20:10649672-10649690,-,NA,hsa-miR-6870-5p,0,0.11187791,0,0,0,0,0,0,0,0,0,0,0,0,0,0,0.027969477,0.027969477,0,0,0,0,0,0,0.027969477,NA,NA,NA,NA,NA,NA,NA,NA,NA,NA,NA,NA,NA,NA,NA,Stable
MI0022717,hsa-mir-6870,hsa-miR-6870-3p,chr20:10649636-10649657,-,Single miR only,hsa-miR-6870-3p,0.159306926,0.11187791,0,0.185080169,0,0.083254221,0.217902024,0.191324066,0,0.144505893,0,0.33398689,0,0,0.21762492,0,0.114066251,0.040932458,0.123120078,0.050318354,0.119623196,0.079157206,0.05440623,0.05440623,0.123120078,NA,-0.117786877,NA,-0.015778525,1,-0.741974789,1,-0.133565402,NA,-0.875540191,NA,-0.757753314,NA,NA,NA,Stable
MI0022718,hsa-mir-6871,hsa-miR-6871-3p,chr20:41169057-41169078,+,NA,hsa-miR-6871-3p,0,0.11187791,0.144570071,0,0,0,0,0,0,0,0.339996991,0,0,0,0,0,0.064111995,0.037611812,0,0,0.084999248,0.084999248,0,0,0.084999248,NA,NA,NA,NA,NA,NA,NA,NA,NA,NA,NA,NA,NA,NA,NA,Stable
MI0022718,hsa-mir-6871,hsa-miR-6871-5p,chr20:41169028-41169049,+,Single miR only,hsa-miR-6871-5p,0,0.11187791,0.144570071,0.185080169,0.146659048,0.083254221,0,0.765296263,0,0,0,0,0.13472851,0,0,0,0.110382038,0.039723067,0.248802383,0.174763652,0,0,0.033682127,0.033682127,0.248802383,NA,NA,NA,NA,NA,NA,NA,NA,NA,NA,NA,NA,NA,NA,NA,Stable
MI0022721,hsa-mir-6874,hsa-miR-6874-3p,chr7:5711840-5711862,-,NA,hsa-miR-6874-3p,0,0,0,0,0,0,0,0,0,0.144505893,0,0,0,0,0,0,0,0,0,0,0.036126473,0.036126473,0,0,0.036126473,NA,NA,NA,NA,NA,NA,NA,NA,NA,NA,NA,NA,NA,NA,NA,Stable
MI0022721,hsa-mir-6874,hsa-miR-6874-5p,chr7:5711883-5711905,-,Single miR only,hsa-miR-6874-5p,0,0,0.289140142,0,0,0,0,0,0,0,0,0,0,0,0.21762492,0,0.072285036,0.072285036,0,0,0,0,0.05440623,0.05440623,0.072285036,NA,NA,NA,NA,NA,NA,NA,NA,NA,NA,NA,NA,NA,NA,NA,Stable
MI0022722,hsa-mir-6875,hsa-miR-6875-5p,chr7:100868041-100868061,+,Single miR only,hsa-miR-6875-5p,0.955841554,0.783145369,0.433710213,1.110481016,1.466590482,0.499525326,1.852167205,1.147944395,0.920469248,1.011541252,2.379978937,0.66797378,1.077828079,1.301714401,1.6321869,1.210893293,0.820794538,0.145317952,1.241556852,0.286190382,1.244990804,0.385244472,1.305655668,0.118153677,1.305655668,0.992535394,0.523211446,1,-0.032105363,1,0.161398095,1,0.491106083,1,0.652504178,1,0.129292732,1,NA,NA,Stable
MI0022722,hsa-mir-6875,hsa-miR-6875-3p,chr7:100868080-100868101,+,>20% RPMM,hsa-miR-6875-3p,0.318613851,0.11187791,0.289140142,0,0.293318096,0.166508442,0.217902024,0,0,0,0.339996991,0.66797378,0.13472851,0,0.10881246,0.242178659,0.179907976,0.075369067,0.169432141,0.062191142,0.251992693,0.160152442,0.121429907,0.049717147,0.251992693,NA,0.099104458,NA,0.089500423,1,-0.974753866,1,0.188604881,NA,-0.786148984,NA,-0.885253443,NA,NA,NA,Stable
MI0022723,hsa-mir-6876,hsa-miR-6876-3p,chr8:25345451-25345474,+,NA,hsa-miR-6876-3p,0,0,0,0,0,0,0.217902024,0,0,0,0,0,0,0,0,0,0,0,0.054475506,0.054475506,0,0,0,0,0.054475506,NA,NA,NA,NA,NA,NA,NA,NA,NA,NA,NA,NA,NA,NA,NA,Stable
MI0022723,hsa-mir-6876,hsa-miR-6876-5p,chr8:25345407-25345428,+,Single miR only,hsa-miR-6876-5p,0,0,0,0,0.293318096,0.083254221,0.108951012,0.765296263,0.368187699,0.144505893,0.169998496,0.166993445,0,0.144634933,0,0.242178659,0,0,0.312704898,0.1579499,0.212421383,0.052232699,0.096703398,0.059275893,0.312704898,NA,3.162074952,NA,-0.20371937,1,-1.485899979,1,2.958355582,NA,1.472455603,NA,-1.689619348,NA,NA,NA,Stable
MI0022724,hsa-mir-6877,hsa-miR-6877-5p,chr9:133052001-133052022,+,Single miR only,hsa-miR-6877-5p,0.318613851,0,0,0.185080169,0.586636193,0,0.326853036,0,0,0.144505893,0,1.168954115,0.26945702,0,0,1.210893293,0.125923505,0.077643705,0.228372307,0.142114768,0.328365002,0.28225895,0.370087578,0.287374667,0.370087578,NA,1.561254548,1,-0.537868743,1,-0.277507962,1,1.023385805,NA,0.745877843,1,-0.815376705,NA,NA,NA,Stable
MI0022724,hsa-mir-6877,hsa-miR-6877-3p,chr9:133052035-133052055,+,NA,hsa-miR-6877-3p,0.318613851,0,0.289140142,0.185080169,0.439977145,0.166508442,0,0.191324066,0,0,0,0.33398689,0,0.289269867,0.10881246,0.242178659,0.198208541,0.072009823,0.199452413,0.090730731,0.083496723,0.083496723,0.160065246,0.065627851,0.199452413,NA,-0.091773026,NA,-1.402498028,1,1.26328715,1,-1.494271054,NA,-0.230983904,NA,-0.139210878,NA,NA,NA,Stable
MI0022726,hsa-mir-6879,hsa-miR-6879-3p,chr11:65018550-65018570,+,Single miR only,hsa-miR-6879-3p,0.159306926,0.447511639,0,0.185080169,0,0.083254221,0.326853036,0.191324066,0.368187699,0.144505893,0.849992478,0.33398689,0.13472851,0.144634933,0.43524984,0.484357317,0.197974684,0.092702091,0.150357831,0.07067482,0.42416824,0.150223114,0.29974265,0.092975285,0.42416824,NA,-0.736715566,1,1.520784261,1,-0.51286313,1,0.784068695,NA,0.271205565,1,1.007921131,NA,NA,NA,Stable
MI0022727,hsa-mir-6880,hsa-miR-6880-5p,chr12:124337216-124337237,-,NA,hsa-miR-6880-5p,0,0.11187791,0,0,0,0,0,0,0,0,0.169998496,0,0,0,0,0,0.027969477,0.027969477,0,0,0.042499624,0.042499624,0,0,0.042499624,NA,NA,NA,NA,NA,NA,NA,NA,NA,NA,NA,NA,NA,NA,NA,Stable
MI0022727,hsa-mir-6880,hsa-miR-6880-3p,chr12:124337181-124337201,-,Single miR only,hsa-miR-6880-3p,0.318613851,0.559389549,0.144570071,0,0.146659048,0.083254221,0.653706072,0,0.18409385,0,0,0,0,0.289269867,0.21762492,0.484357317,0.255643368,0.120387511,0.220904835,0.147358968,0.046023462,0.046023462,0.247813026,0.099997704,0.255643368,NA,-0.325426236,NA,-1.966187532,1,2.374701606,1,-2.291613768,NA,0.083087839,1,0.408514074,NA,NA,NA,Stable
MI0022728,hsa-mir-6881,hsa-miR-6881-5p,chr15:74411406-74411427,-,NA,hsa-miR-6881-5p,0,0,0,0,0,0,0,0,0.368187699,0,0,0,0,0,0,0,0,0,0,0,0.092046925,0.092046925,0,0,0.092046925,NA,NA,NA,NA,NA,NA,NA,NA,NA,NA,NA,NA,NA,NA,NA,Stable
MI0022728,hsa-mir-6881,hsa-miR-6881-3p,chr15:74411361-74411382,-,Single miR only,hsa-miR-6881-3p,0,0,0.289140142,0.370160339,0.293318096,0,0.326853036,0.191324066,0,1.156047145,0.169998496,0.166993445,0.26945702,0,0.10881246,0,0.16482512,0.096588223,0.2028738,0.073508614,0.373259771,0.263934947,0.09456737,0.063688884,0.373259771,NA,0.386917812,NA,1.222583372,1,-2.157910361,1,1.609501183,NA,-0.548409177,1,-0.935326989,NA,NA,NA,Stable
MI0022729,hsa-mir-6882,hsa-miR-6882-3p,chr15:74840642-74840665,-,NA,hsa-miR-6882-3p,0,0,0,0.185080169,0,0,0,0,0,0.144505893,0,0,0.13472851,0,0,0,0.046270042,0.046270042,0,0,0.036126473,0.036126473,0.033682127,0.033682127,0.046270042,NA,NA,NA,NA,NA,NA,NA,NA,NA,NA,NA,NA,NA,NA,NA,Stable
MI0022729,hsa-mir-6882,hsa-miR-6882-5p,chr15:74840681-74840702,-,Single miR only,hsa-miR-6882-5p,0,0.33563373,0.144570071,0,0.439977145,0.333016884,0.108951012,0.573972198,0,0.144505893,0,0,0.26945702,0.289269867,0.32643738,0,0.12005095,0.079530698,0.36397931,0.098264434,0.036126473,0.036126473,0.221291067,0.074703056,0.36397931,NA,1.877995428,NA,-3.002808331,0.932295531,2.227293575,1,-1.124812904,NA,1.102480671,NA,-0.775514756,NA,NA,NA,Stable
MI0022731,hsa-mir-6884,hsa-miR-6884-5p,chr17:40026383-40026404,-,NA,hsa-miR-6884-5p,0,0,0,0,0,0,0.217902024,0,0,0.578023573,0,0.33398689,0,0.144634933,0.10881246,0,0,0,0.054475506,0.054475506,0.228002616,0.140747327,0.063361848,0.03730563,0.228002616,NA,NA,NA,NA,NA,NA,NA,NA,NA,NA,NA,NA,NA,NA,NA,Stable
MI0022731,hsa-mir-6884,hsa-miR-6884-3p,chr17:40026334-40026356,-,Single miR only,hsa-miR-6884-3p,0,0,0.144570071,0.185080169,0,0.083254221,0,0.382648132,0,0,0,0,0,0.723174667,0,0.242178659,0.08241256,0.048294111,0.116475588,0.090868315,0,0,0.241338331,0.170454134,0.241338331,NA,-0.120258339,NA,-1.331844914,1,2.27773242,1,-1.452103253,NA,0.825629167,NA,0.945887505,NA,NA,NA,Stable
MI0022732,hsa-mir-6885,hsa-miR-6885-3p,chr19:6389638-6389658,-,NA,hsa-miR-6885-3p,0,0,0,0.370160339,0.293318096,0,0,0.191324066,0,0.144505893,0,0,0,0.289269867,0,0.242178659,0.092540085,0.092540085,0.121160541,0.072984529,0.036126473,0.036126473,0.132862131,0.07730792,0.132862131,NA,NA,NA,NA,NA,NA,NA,NA,NA,NA,NA,NA,NA,NA,NA,Stable
MI0022732,hsa-mir-6885,hsa-miR-6885-5p,chr19:6389674-6389698,-,Single miR only,hsa-miR-6885-5p,0,0,0,0,0,0,0,0.573972198,0.368187699,0,0,0,0,0,0,0,0,0,0.143493049,0.143493049,0.092046925,0.092046925,0,0,0.143493049,NA,NA,NA,NA,NA,NA,NA,NA,NA,NA,NA,NA,NA,NA,NA,Stable
MI0022733,hsa-mir-6886,hsa-miR-6886-5p,chr19:11113479-11113499,+,Single miR only,hsa-miR-6886-5p,1.11514848,0.33563373,1.156560568,0.555240508,1.319931434,0.666033768,0.217902024,0.382648132,1.288656947,1.011541252,2.039981946,0.33398689,0.40418553,0.578539734,0.76168722,0.726535976,0.790645821,0.204460111,0.646628839,0.242762818,1.168541759,0.352959706,0.617737115,0.081496186,1.168541759,NA,-0.216492456,1,0.762057275,1,-0.805572463,1,0.545564819,1,-0.260007644,1,-0.043515188,1,NA,NA,Stable
MI0022733,hsa-mir-6886,hsa-miR-6886-3p,chr19:11113511-11113531,+,>20% RPMM,hsa-miR-6886-3p,0.318613851,0.33563373,0,0.370160339,0.146659048,0,0,0,0.368187699,0,0.509995487,0,0.40418553,0.144634933,0.10881246,0,0.25610198,0.086038057,0.036664762,0.036664762,0.219545796,0.130017996,0.164408231,0.085637362,0.25610198,NA,-2.895432378,NA,2.166316139,1,-0.294625404,1,-0.729116239,NA,-1.023741643,NA,1.871690735,NA,NA,NA,Stable
MI0022735,hsa-mir-6888,hsa-miR-6888-3p,chr2:159186881-159186901,+,Single miR only,hsa-miR-6888-3p,0,0,0.144570071,0.185080169,0,0.083254221,0.108951012,0,0,0,0,0,0,0,0.10881246,0,0.08241256,0.048294111,0.048051308,0.028233956,0,0,0.027203115,0.027203115,0.08241256,NA,NA,NA,NA,NA,NA,NA,NA,NA,NA,NA,NA,NA,NA,NA,Stable
MI0022736,hsa-mir-6889,hsa-miR-6889-5p,chr22:41253023-41253045,-,NA,hsa-miR-6889-5p,0,0,0,0.370160339,0,0,0.108951012,0,0,0,0,0.166993445,0,0,0,0,0.092540085,0.092540085,0.027237753,0.027237753,0.041748361,0.041748361,0,0,0.092540085,NA,NA,NA,NA,NA,NA,NA,NA,NA,NA,NA,NA,NA,NA,NA,Stable
MI0022736,hsa-mir-6889,hsa-miR-6889-3p,chr22:41252992-41253011,-,Single miR only,hsa-miR-6889-3p,0,0,0,0.370160339,0,0.166508442,0,0.191324066,0,0.43351768,0,0.166993445,0.943099569,0,0.65287476,0,0.092540085,0.092540085,0.089458127,0.051896478,0.150127781,0.102335635,0.398993582,0.237854776,0.398993582,NA,0.122103941,NA,0.711727116,1,2.60737065,1,0.833831057,NA,3.441201706,NA,3.319097766,NA,NA,NA,Stable
MI0022737,hsa-mir-6890,hsa-miR-6890-3p,chr3:49099854-49099873,-,NA,hsa-miR-6890-3p,0.159306926,0,0,0,0,0,0,0,0,0.144505893,0,0,0,0,0.10881246,0,0.039826731,0.039826731,0,0,0.036126473,0.036126473,0.027203115,0.027203115,0.039826731,NA,NA,NA,NA,NA,NA,NA,NA,NA,NA,NA,NA,NA,NA,NA,Stable
MI0022737,hsa-mir-6890,hsa-miR-6890-5p,chr3:49099889-49099909,-,Single miR only,hsa-miR-6890-5p,0.159306926,0,0,0,0,0,0,0,0,0,0,0,0,0,0,0,0.039826731,0.039826731,0,0,0,0,0,0,0.039826731,NA,NA,NA,NA,NA,NA,NA,NA,NA,NA,NA,NA,NA,NA,NA,Stable
MI0022739,hsa-mir-6892,hsa-miR-6892-5p,chr7:143382686-143382706,+,Single miR only,hsa-miR-6892-5p,1.752376182,1.118779099,1.44570071,1.850801693,2.346544771,3.663185724,1.198461132,3.061185054,0.18409385,1.445058932,1.359987964,1.00196067,1.077828079,1.012444534,2.1762492,0.726535976,1.541914421,0.165329489,2.56734417,0.529727971,0.997775354,0.287714511,1.248264447,0.318592724,2.56734417,0.593990071,0.757068643,1,-1.435693316,0.519296076,0.429682389,1,-0.678624673,1,-0.248942284,1,-1.006010927,1,NA,NA,Stable
MI0022739,hsa-mir-6892,hsa-miR-6892-3p,chr7:143382780-143382800,+,<10% RPMM,hsa-miR-6892-3p**,0.159306926,0.11187791,0.433710213,0,0,0,0,0,0,0,0,0,0,0,0,0,0.176223762,0.092096261,0,0,0,0,0,0,0.176223762,NA,NA,NA,NA,NA,NA,NA,NA,NA,NA,NA,NA,NA,NA,NA,Stable
MI0022741,hsa-mir-6894,hsa-miR-6894-5p,chrX:53198917-53198940,-,>20% RPMM,hsa-miR-6894-5p,0.318613851,0.11187791,0.867420426,0.185080169,0.439977145,0,0.980559108,0,0.368187699,0.578023573,0.509995487,0.33398689,0.40418553,1.012444534,0.5440623,0.242178659,0.370748089,0.170998961,0.355134063,0.232843875,0.447548412,0.057819941,0.550717756,0.165807112,0.550717756,NA,-0.175271802,1,0.757620204,1,0.317422795,1,0.582348402,1,0.899771197,1,1.075042999,1,NA,NA,Stable
MI0022741,hsa-mir-6894,hsa-miR-6894-3p,chrX:53198889-53198909,-,Single miR only,hsa-miR-6894-3p,0.318613851,0.559389549,0.722850355,1.665721524,0.879954289,0.416271105,1.852167205,3.443833185,0.920469248,1.589564825,1.359987964,1.00196067,0.26945702,1.157079468,1.52337444,1.453071952,0.81664382,0.294949681,1.648056446,0.669188025,1.217995677,0.156369898,1.10074572,0.288236477,1.648056446,0.970837113,1.000404062,1,-0.196256456,1,-0.272586729,1,0.804147606,1,0.531560877,1,-0.468843185,1,NA,NA,Stable
MI0022742,hsa-mir-6895,hsa-miR-6895-3p,chrX:53195411-53195432,-,Single miR only,hsa-miR-6895-3p,0,0.11187791,0.433710213,0,0.293318096,0.166508442,0.54475506,0.382648132,0,0.144505893,0.169998496,0.166993445,0.13472851,0.723174667,0.32643738,0.726535976,0.136397031,0.102552676,0.346807433,0.079496674,0.120374458,0.040525929,0.477719133,0.14795466,0.477719133,NA,1.498290217,1,-1.580929932,1,1.982644432,1,-0.082639716,NA,1.900004716,1,0.4017145,NA,NA,NA,Stable
MI0022742,hsa-mir-6895,hsa-miR-6895-5p,chrX:53195463-53195483,-,NA,hsa-miR-6895-5p,0.159306926,0,0,0,0,0.249762663,0.326853036,0.382648132,0.18409385,0.289011786,0.169998496,0,0.13472851,0.289269867,0.5440623,0,0.039826731,0.039826731,0.239815958,0.084452705,0.160776033,0.059806713,0.242015169,0.116743039,0.242015169,NA,2.419245904,NA,-0.700516226,1,0.59508657,1,1.718729678,NA,2.313816248,NA,-0.105429656,NA,NA,NA,Stable
MI0022957,hsa-mir-7106,hsa-miR-7106-5p,chr12:113159153-113159172,-,NA,hsa-miR-7106-5p,0.477920777,0,0,0,0,0.083254221,0.108951012,0,0,0,0,0,0,0,0,0,0.119480194,0.119480194,0.048051308,0.028233956,0,0,0,0,0.119480194,NA,NA,NA,NA,NA,NA,NA,NA,NA,NA,NA,NA,NA,NA,NA,Stable
MI0022957,hsa-mir-7106,hsa-miR-7106-3p,chr12:113159113-113159135,-,Single miR only,hsa-miR-7106-3p,0.318613851,0.33563373,0.144570071,0.185080169,0,0.166508442,0.217902024,0,0.18409385,0.144505893,0,0.166993445,0,0,0.10881246,0,0.245974455,0.047702403,0.096102617,0.056467913,0.123898297,0.042087367,0.027203115,0.027203115,0.245974455,NA,-1.31835151,NA,0.358798521,1,-1.469528091,1,-0.959552989,NA,-2.42908108,NA,-1.11072957,NA,NA,NA,Stable
MI0022959,hsa-mir-7108,hsa-miR-7108-5p,chr19:2434980-2435000,-,NA,hsa-miR-7108-5p,0,0,0,0,0,0,0,0,0,0,0.169998496,0,0,0,0,0,0,0,0,0,0.042499624,0.042499624,0,0,0.042499624,NA,NA,NA,NA,NA,NA,NA,NA,NA,NA,NA,NA,NA,NA,NA,Stable
MI0022959,hsa-mir-7108,hsa-miR-7108-3p,chr19:2434914-2434933,-,Single miR only,hsa-miR-7108-3p,0.159306926,0.11187791,0,0,0.146659048,0.249762663,0.217902024,0.382648132,0,0.144505893,0,0,0.13472851,0,0,1.210893293,0.067796209,0.040321685,0.249242967,0.049415688,0.036126473,0.036126473,0.336405451,0.293220598,0.336405451,NA,1.751381283,NA,-2.312876241,1,1.83383748,1,-0.561494957,NA,1.272342522,NA,-0.479038761,NA,NA,NA,Stable
MI0022960,hsa-mir-7109,hsa-miR-7109-5p,chr22:31621506-31621526,-,NA,hsa-miR-7109-5p,0,0.11187791,0.144570071,0,0,0.083254221,0,0,0,0,0,0,0,0,0,0,0.064111995,0.037611812,0.020813555,0.020813555,0,0,0,0,0.064111995,NA,NA,NA,NA,NA,NA,NA,NA,NA,NA,NA,NA,NA,NA,NA,Stable
MI0022960,hsa-mir-7109,hsa-miR-7109-3p,chr22:31621473-31621494,-,Single miR only,hsa-miR-7109-3p,0,0,0,0,0.146659048,0,0.217902024,0,0,0,0,0,0.40418553,0.289269867,0,0,0,0,0.091140268,0.05459241,0,0,0.173363849,0.102803575,0.173363849,NA,NA,NA,NA,NA,NA,NA,NA,NA,NA,NA,NA,NA,NA,NA,Stable
MI0022961,hsa-mir-7110,hsa-miR-7110-5p,chr3:123161799-123161819,+,NA,hsa-miR-7110-5p,0,0,0,0.185080169,0,0,0,0,0,0,0,0,0,0,0,0,0.046270042,0.046270042,0,0,0,0,0,0,0.046270042,NA,NA,NA,NA,NA,NA,NA,NA,NA,NA,NA,NA,NA,NA,NA,Stable
MI0022961,hsa-mir-7110,hsa-miR-7110-3p,chr3:123161858-123161879,+,Single miR only,hsa-miR-7110-3p,0.159306926,0,0.144570071,0.370160339,0,0.083254221,0,0,0.18409385,0,0.509995487,0,0.13472851,0.144634933,0.10881246,0,0.168509334,0.076221331,0.020813555,0.020813555,0.173522334,0.120258728,0.097043976,0.033217784,0.173522334,NA,-1.991251826,NA,1.788630678,1,-0.349696953,1,-0.202621148,NA,-0.552318101,NA,1.438933726,NA,NA,NA,Stable
MI0022962,hsa-mir-7111,hsa-miR-7111-5p,chr6:35470509-35470530,+,NA,hsa-miR-7111-5p,0,0,0,0,0.293318096,0.166508442,0.108951012,0,0,0.578023573,0,0.166993445,0,0,0,0,0,0,0.142194388,0.061069574,0.186254254,0.136392654,0,0,0.186254254,NA,NA,NA,NA,NA,NA,NA,NA,NA,NA,NA,NA,NA,NA,NA,Stable
MI0022962,hsa-mir-7111,hsa-miR-7111-3p,chr6:35470558-35470579,+,Single miR only,hsa-miR-7111-3p,0.477920777,0.11187791,0,0.185080169,0,0.166508442,0.326853036,0.382648132,0,0.144505893,0.509995487,0.33398689,0,0,0.43524984,0.484357317,0.193719714,0.102090766,0.219002402,0.086182632,0.247122067,0.111148297,0.229901789,0.133111827,0.247122067,NA,-0.376443623,NA,0.047206198,1,-0.32388081,1,-0.329237425,NA,-0.653118235,1,-0.276674612,NA,NA,NA,Stable
MI0022963,hsa-mir-7112,hsa-miR-7112-3p,chr8:144262673-144262695,-,Single miR only,hsa-miR-7112-3p,0.159306926,0,0,0,0,0,0,0,0,0,0,0.166993445,0,0,0,0,0.039826731,0.039826731,0,0,0.041748361,0.041748361,0,0,0.041748361,NA,NA,NA,NA,NA,NA,NA,NA,NA,NA,NA,NA,NA,NA,NA,Stable
MI0022964,hsa-mir-7113,hsa-miR-7113-3p,chr11:68032900-68032922,+,NA,hsa-miR-7113-3p,0,0,0,0,0,0,0.217902024,0,0,0,0,0,0,0,0,0.242178659,0,0,0.054475506,0.054475506,0,0,0.060544665,0.060544665,0.060544665,NA,NA,NA,NA,NA,NA,NA,NA,NA,NA,NA,NA,NA,NA,NA,Stable
MI0022964,hsa-mir-7113,hsa-miR-7113-5p,chr11:68032865-68032885,+,Single miR only,hsa-miR-7113-5p,0.318613851,0,0.144570071,0.370160339,0,0.083254221,0,0,0.552281549,0.144505893,0.169998496,0.33398689,0.26945702,0.144634933,0.10881246,0,0.208336065,0.084566691,0.020813555,0.020813555,0.300193207,0.093932488,0.130726103,0.055534707,0.300193207,NA,-2.173151655,NA,2.764149418,1,-0.981038325,1,0.590997763,NA,-0.390040562,NA,1.783111093,NA,NA,NA,Stable
MI0022965,hsa-mir-7114,hsa-miR-7114-3p,chr9:137450026-137450046,-,Single miR only,hsa-miR-7114-3p,1.433762331,0.447511639,0.578280284,0.185080169,0.586636193,0.582779547,1.852167205,0.765296263,0.552281549,0.578023573,1.359987964,1.00196067,0.67364255,0,0.87049968,0.242178659,0.661158606,0.270197618,0.946719802,0.304803518,0.873063439,0.192280076,0.446580222,0.198426918,0.946719802,NA,0.523580795,1,-0.093646176,1,-1.115712111,1,0.429934618,1,-0.685777493,1,-1.209358288,1,NA,NA,Stable
MI0022965,hsa-mir-7114,hsa-miR-7114-5p,chr9:137450061-137450081,-,NA,hsa-miR-7114-5p,0,0,0.144570071,0,0,0,0,0,0,0,0.509995487,0.33398689,0,0,0.21762492,0,0.036142518,0.036142518,0,0,0.210995594,0.12700593,0.05440623,0.05440623,0.210995594,NA,NA,NA,NA,NA,NA,NA,NA,NA,NA,NA,NA,NA,NA,NA,Stable
MI0023431,hsa-mir-6511b-2,hsa-miR-6511b-3p,chr16:15134076-15134098,-,Single miR only,hsa-miR-6511b-3p,1.911683108,1.006901189,1.590270781,2.77620254,1.466590482,0.83254221,2.179020241,1.913240659,2.761407744,1.878576611,3.569968406,1.66993445,1.482013609,0.867809601,2.50268658,3.632679879,1.821264404,0.369304288,1.597848398,0.294413993,2.469971803,0.436342323,2.121297417,0.606193735,2.469971803,0.978328934,-0.152351284,1,0.635904416,1,-0.322478342,1,0.483553131,1,0.161074789,1,0.313426074,1,NA,NA,Stable
MI0023615,hsa-mir-7155,hsa-miR-7155-3p,chr11:64341849-64341867,-,Single miR only,hsa-miR-7155-3p,0.477920777,0.671267459,0.433710213,0.370160339,1.026613338,0.416271105,0.326853036,0.191324066,0.552281549,0.722529466,1.019990973,0.66797378,1.482013609,0.289269867,0.43524984,0.726535976,0.488264697,0.064885694,0.490265386,0.184664964,0.740693942,0.099634428,0.733267323,0.26561477,0.740693942,NA,-0.101298298,1,0.69434613,1,-0.175729477,1,0.593047832,1,0.417318355,1,0.518616653,1,NA,NA,Stable
MI0023615,hsa-mir-7155,hsa-miR-7155-5p,chr11:64341886-64341904,-,<20% RPMM,hsa-miR-7155-5p*,0,0.11187791,0,0,0,0,0.108951012,0,0.736375398,0,0.169998496,0.500980335,0.13472851,0,0.10881246,0,0.027969477,0.027969477,0.027237753,0.027237753,0.351838557,0.165067671,0.060885242,0.035547939,0.351838557,NA,-0.192611464,NA,2.883045244,1,-2.082763657,1,2.69043378,NA,0.607670123,NA,0.800281587,NA,NA,NA,Stable
MI0023622,hsa-mir-486-2,hsa-miR-486-3p,chr8:41660486-41660506,+,>20% RPMM,hsa-miR-486-3p,49.38514696,53.03012928,137.6307076,349.2462795,49.42409925,51.53436281,160.0490367,478.3101646,48.78487014,102.0211606,219.4680577,292.9065025,50.52319122,67.8337838,182.3696829,427.9296897,147.3230658,70.32657148,184.8294158,101.1793737,165.7951477,55.37493739,182.1640869,86.98731585,184.8294158,0.970837113,0.213228282,1,0.147348494,1,-0.077874914,1,0.360576776,1,0.282701863,1,0.069473581,1,NA,NA,Stable
MI0023622,hsa-mir-486-2,hsa-miR-486-5p,chr8:41660444-41660465,+,Single miR only,hsa-miR-486-5p,49.86306773,61.30909461,141.1003893,360.3510897,48.83746306,49.70276994,174.1037172,489.2156364,52.28265328,102.8881959,231.7079494,295.9123846,52.9483044,62.33765633,192.9244916,439.796444,153.1559103,71.98404153,190.4648967,103.8396195,170.6977958,56.28885317,187.0017241,90.11645184,190.4648967,0.978328934,0.163249273,1,0.172653911,1,-0.110657699,1,0.335903184,1,0.225245485,1,0.061996212,1,NA,NA,Stable
MI0024975,hsa-mir-7641-1,hsa-miR-7641,chr11:104252597-104252615,+,Single miR only,hsa-miR-7641,0,0,0,0,0,0,0,0.765296263,0,0.144505893,0,0.166993445,0,0,0.21762492,0,0,0,0.191324066,0.191324066,0.077874835,0.045194768,0.05440623,0.05440623,0.191324066,NA,NA,NA,NA,NA,NA,NA,NA,NA,NA,NA,NA,NA,NA,NA,Stable
MI0024976,hsa-mir-7641-2,hsa-miR-7641,chr14:75604211-75604229,+,Single miR only,hsa-miR-7641,0,0.22375582,0,0,0,0,0,0,0,0,0,0,0,0,0.21762492,0.726535976,0.055938955,0.055938955,0,0,0,0,0.236040224,0.171356155,0.236040224,NA,NA,NA,NA,NA,NA,NA,NA,NA,NA,NA,NA,NA,NA,NA,Stable
MI0025239,hsa-mir-7703,hsa-miR-7703,chr14:24143489-24143511,-,Single miR only,hsa-miR-7703,0,0.11187791,0,0.370160339,0.293318096,0.166508442,0.217902024,0,0.18409385,0.144505893,0,0.500980335,0.13472851,0.289269867,0.65287476,0,0.120509562,0.087295058,0.169432141,0.062191142,0.207395019,0.105555285,0.269218284,0.140878299,0.269218284,NA,0.93248543,NA,-0.039652783,1,0.694130466,1,0.892832647,NA,1.586963113,NA,0.654477683,NA,NA,NA,Stable
MI0025241,hsa-mir-7705,hsa-miR-7705,chr8:100703002-100703024,-,Single miR only,hsa-miR-7705,0.637227703,0.559389549,0.144570071,1.295561185,0.146659048,0.083254221,0.217902024,1.147944395,0.736375398,0,0,1.00196067,0.53891404,0.867809601,0.5440623,0.242178659,0.659187127,0.238090394,0.398939922,0.251178144,0.434584017,0.256697104,0.54824115,0.127770204,0.659187127,NA,-0.909253584,1,0.039769221,1,1.209766654,1,-0.869484363,1,0.340282291,1,1.249535875,1,NA,NA,Stable
MI0025242,hsa-mir-7706,hsa-miR-7706,chr15:85380639-85380662,+,Single miR only,hsa-miR-7706,61.97039408,65.6723331,55.3703372,82.36067535,69.36972981,50.78507482,64.17214609,96.23600512,74.92619678,107.2233727,80.57928687,65.79541733,62.78348563,65.80889473,64.96103861,90.09046099,66.34343493,5.748439849,70.14073896,9.538619775,82.13106843,8.901289389,70.91096999,6.424832894,82.13106843,0.978328934,0.112719648,1,0.205940892,1,-0.210181356,1,0.318660541,1,0.108479185,1,-0.004240464,1,NA,NA,Stable
MI0025511,hsa-mir-4433b,hsa-miR-4433b-5p,chr2:64340809-64340829,-,Single miR only,hsa-miR-4433b-5p,0,0,0,0,0,0,0,0,0,0,0.339996991,0,0,0,0,0,0,0,0,0,0.084999248,0.084999248,0,0,0.084999248,NA,NA,NA,NA,NA,NA,NA,NA,NA,NA,NA,NA,NA,NA,NA,Stable
MI0025513,hsa-mir-6516,hsa-miR-6516-5p,chr17:77089428-77089449,+,Single miR only,hsa-miR-6516-5p,0.637227703,0,0.289140142,0.740320677,1.759908579,1.165559094,0.980559108,0.191324066,1.288656947,0,0,1.00196067,1.077828079,0.144634933,0.65287476,0.726535976,0.41667213,0.169133383,1.024337712,0.323629969,0.572654404,0.335761528,0.650468437,0.192417917,1.024337712,NA,2.024701883,0.887557139,-1.744079287,1,0.584172754,1,0.280622596,1,0.86479535,1,-1.159906532,1,NA,NA,Stable
MI0025513,hsa-mir-6516,hsa-miR-6516-3p,chr17:77089469-77089490,+,NA,hsa-miR-6516-3p,0,0,0.578280284,1.295561185,0.293318096,0.499525326,0.217902024,0.765296263,0.18409385,0,0.509995487,0.500980335,0.67364255,0.723174667,0.43524984,1.210893293,0.468460367,0.307553032,0.444010427,0.122521998,0.298767418,0.125139708,0.760740087,0.1626804,0.760740087,NA,0.522379356,1,-0.85992926,1,1.641068057,1,-0.337549905,1,1.303518152,1,0.781138796,1,NA,NA,Stable
MI0025515,hsa-mir-7845,hsa-miR-7845-5p,chr2:207166402-207166422,+,Single miR only,hsa-miR-7845-5p,0.318613851,0.447511639,0.867420426,0.555240508,0.293318096,0.499525326,0.435804048,0,0.368187699,1.156047145,1.52998646,0.166993445,0.53891404,0.4339048,0.5440623,1.210893293,0.547196606,0.117187587,0.307161868,0.111090269,0.805303687,0.322321843,0.681943608,0.178133782,0.805303687,NA,-0.723889473,1,1.181431925,1,-0.07964965,1,0.457542452,1,0.377892802,1,1.101782275,1,NA,NA,Stable
MI0025516,hsa-mir-7846,hsa-miR-7846-3p,chr1:12167010-12167030,+,Single miR only,hsa-miR-7846-3p,0,0,0,0,0.293318096,0,0.217902024,0.382648132,0.368187699,0,0.339996991,0.166993445,0.26945702,0,0,0.242178659,0,0,0.223467063,0.081744662,0.218794534,0.085421872,0.12790892,0.074057872,0.223467063,NA,2.532381622,NA,0.098975534,1,-0.86245583,1,2.631357156,NA,1.768901326,NA,-0.763480296,NA,NA,NA,Stable
MI0025519,hsa-mir-7849,hsa-miR-7849-3p,chr4:146408646-146408667,+,Single miR only,hsa-miR-7849-3p,0,0,0,0,0,0,0,0,0,0,0,0,0,0.144634933,0,0,0,0,0,0,0,0,0.036158733,0.036158733,0.036158733,NA,NA,NA,NA,NA,NA,NA,NA,NA,NA,NA,NA,NA,NA,NA,Stable
MI0025521,hsa-mir-7851,hsa-miR-7851-3p,chr12:42323740-42323761,-,Single miR only,hsa-miR-7851-3p,0,0,0,0,0,0,0,0,0,0,0,0,0.13472851,0,0,0,0,0,0,0,0,0,0.033682127,0.033682127,0.033682127,NA,NA,NA,NA,NA,NA,NA,NA,NA,NA,NA,NA,NA,NA,NA,Stable
MI0025524,hsa-mir-7854,hsa-miR-7854-3p,chr16:81533942-81533962,+,Single miR only,hsa-miR-7854-3p,0.159306926,0,0.144570071,0.370160339,0.293318096,0.083254221,0,0,0,0.289011786,0,0.500980335,0.26945702,0.289269867,0,0.484357317,0.168509334,0.076221331,0.094143079,0.06923095,0.19749803,0.121958743,0.260771051,0.099532234,0.260771051,NA,-0.661047485,NA,0.802450769,1,0.284740844,1,0.141403285,NA,0.426144128,NA,1.087191613,NA,NA,NA,Stable
MI0025747,hsa-mir-548ba,hsa-miR-548ba,chr2:49059603-49059624,+,Single miR only,hsa-miR-548ba,0,0,0,0,0,0.166508442,0,0,0.18409385,0,0,0,0,0,0.10881246,0,0,0,0.041627111,0.041627111,0.046023462,0.046023462,0.027203115,0.027203115,0.046023462,NA,NA,NA,NA,NA,NA,NA,NA,NA,NA,NA,NA,NA,NA,NA,Stable
MI0025748,hsa-mir-7973-1,hsa-miR-7973,chr15:51314034-51314053,+,Single miR only,hsa-miR-7973,0.159306926,0,0,0,0,0.166508442,0.108951012,0.191324066,0,0,0,1.00196067,0,0,0,0,0.039826731,0.039826731,0.11669588,0.042552486,0.250490168,0.250490168,0,0,0.250490168,NA,1.280739802,NA,-0.312709569,1,-1.833931625,1,0.968030233,NA,-0.865901392,NA,-2.146641194,NA,NA,NA,Stable
MI0025749,hsa-mir-7973-2,hsa-miR-7973,chr15:51314088-51314107,-,Single miR only,hsa-miR-7973,0,0,0.433710213,0.555240508,0,0,0.54475506,0.765296263,0,0.43351768,0.339996991,0.33398689,0,0.289269867,0.21762492,0,0.24723768,0.144882334,0.327512831,0.194374602,0.27687539,0.095062632,0.126723697,0.074611259,0.327512831,NA,0.343288248,NA,0.242626278,1,-0.812260447,1,0.585914526,NA,-0.226345921,1,-0.569634169,NA,NA,NA,Stable
MI0025750,hsa-mir-7974,hsa-miR-7974,chr19:11495544-11495567,-,Single miR only,hsa-miR-7974,1.433762331,5.817651313,2.746831349,17.02737558,2.053226675,4.495727935,5.229648577,8.992231095,2.761407744,4.913200368,4.249962388,17.03333139,2.829298708,13.16177895,17.08355622,29.06143903,6.756405143,3.544729667,5.19270857,1.437006859,7.239475472,3.295469727,15.53401823,5.419329593,15.53401823,0.001949063,-0.042108632,1,0.262517959,1,1.164744734,0.101447985,0.220409327,1,1.385154061,0.016072346,1.427262693,0.00953854,DE,DE,DE
MI0025752,hsa-mir-7976,hsa-miR-7976,chr3:127587158-127587176,-,Single miR only,hsa-miR-7976,2.070990034,2.125680288,1.301130639,1.295561185,1.61324953,2.247863967,1.198461132,1.530592527,4.602346239,2.890117863,1.869983451,1.00196067,0.943099569,2.169524002,2.50268658,0.968714634,1.698340536,0.231209468,1.647541789,0.219262636,2.591102056,0.773514491,1.646006196,0.404224954,2.591102056,0.989342575,-0.011333338,1,0.546643838,1,-0.511618006,1,0.535310499,1,0.023692493,1,0.035025832,1,NA,NA,Stable
MI0025753,hsa-mir-7977,hsa-miR-7977,chr3:176515103-176515120,+,Single miR only,hsa-miR-7977,383.611077,143.5393584,104.8133015,289.2803047,166.3113607,162.0959683,98.92751892,413.4513063,221.0967133,457.216646,197.8782488,114.2235164,178.7847327,208.5635741,168.5505005,338.0814074,230.3110104,64.71558456,210.1965386,69.48193353,247.6037811,73.5431287,223.4950537,39.12682186,247.6037811,0.995288924,-0.143906179,1,0.367846314,1,-0.196226404,1,0.223940135,1,0.02771373,1,0.17161991,1,NA,NA,Stable
MI0025908,hsa-mir-8072,hsa-miR-8072,chr12:123364814-123364833,-,Single miR only,hsa-miR-8072,0.318613851,0.11187791,0.289140142,0.185080169,0.733295241,0.249762663,0.435804048,0.956620329,0.552281549,0.722529466,0.339996991,0.66797378,0.13472851,0.144634933,0.21762492,0.242178659,0.226178018,0.047663893,0.59387057,0.156637028,0.570695446,0.0846943,0.184791755,0.026599142,0.59387057,NA,1.328800367,1,0.044932578,1,-1.631265581,1,1.373732944,1,-0.257532636,1,-1.586333003,1,NA,NA,Stable
MI0025909,hsa-mir-8073,hsa-miR-8073,chr13:110340968-110340989,+,Single miR only,hsa-miR-8073,0,0,0,0.185080169,0,0,0,0,0,0,0,0,0,0,0,0,0.046270042,0.046270042,0,0,0,0,0,0,0.046270042,NA,NA,NA,NA,NA,NA,NA,NA,NA,NA,NA,NA,NA,NA,NA,Stable
MI0025913,hsa-mir-8077,hsa-miR-8077,chr19:42351174-42351195,+,Single miR only,hsa-miR-8077,0,0,0,0,0,0.083254221,0,0,0,0,0,0,0,0,0,0,0,0,0.020813555,0.020813555,0,0,0,0,0.020813555,NA,NA,NA,NA,NA,NA,NA,NA,NA,NA,NA,NA,NA,NA,NA,Stable
MI0025921,hsa-mir-8085,hsa-miR-8085,chr19:44758667-44758687,+,Single miR only,hsa-miR-8085,0,0,0,0.185080169,0,0,0,0,0,0,0,0,0,0.144634933,0,0,0.046270042,0.046270042,0,0,0,0,0.036158733,0.036158733,0.046270042,NA,NA,NA,NA,NA,NA,NA,NA,NA,NA,NA,NA,NA,NA,NA,Stable
MI0026415,hsa-mir-6862-2,hsa-miR-6862-3p,chr16:28724296-28724319,+,NA,hsa-miR-6862-3p,0,0,0.144570071,0,0,0,0,0.191324066,0,0.144505893,0,0,0,0.144634933,0.10881246,0.484357317,0.036142518,0.036142518,0.047831016,0.047831016,0.036126473,0.036126473,0.184451178,0.104591459,0.184451178,NA,NA,NA,NA,NA,NA,NA,NA,NA,NA,NA,NA,NA,NA,NA,Stable
MI0026415,hsa-mir-6862-2,hsa-miR-6862-5p,chr16:28724257-28724278,+,Single miR only,hsa-miR-6862-5p,0.318613851,0.11187791,0.144570071,0,0,0.249762663,0.108951012,0.382648132,0.18409385,0.289011786,0,0.500980335,0.13472851,0.4339048,0.21762492,0,0.143765458,0.065991117,0.185340452,0.083300146,0.243521493,0.104558112,0.196564558,0.090937365,0.243521493,NA,0.143364361,NA,0.381692944,1,-0.067277597,1,0.525057304,NA,0.457779708,NA,0.314415347,NA,NA,NA,Stable
MI0031512,hsa-mir-3648-2,hsa-miR-3648,chr21:8987026-8987046,+,Single miR only,hsa-miR-3648,0,0,0,0,0,0,0,0,0,0,0,0,0,0,0.5440623,0,0,0,0,0,0,0,0.136015575,0.136015575,0.136015575,NA,NA,NA,NA,NA,NA,NA,NA,NA,NA,NA,NA,NA,NA,NA,Stable
